company_name,cash_flow_stress,liquidity_risk,fsi,cost_pressure,operational_inefficiency,competitive_pressure,profitability,management_risk,default_flag
Maruti Global Industries,1.5086321381142096,0.4629629629629629,9326.39,0.00014602014786000174,0.00014602014786000174,0.0002920402957200035,9325.47,0,0
Carnation Inds.,4.45273631840796,0.9090909090909091,463.89,0.002543817252168604,0.002543817252168604,0.005087634504337208,470.78000000000003,0,0
Monotype India,1.0412486064659978,0.5555555555555556,431.34000000000003,0.0034873583260680036,0.0034873583260680036,0.006974716652136007,430.78,0,0
Union Qual. Pla.,5.294117647058823,0.5952380952380952,254.85,0.0049368088467614535,0.0049368088467614535,0.009873617693522907,254.41,0,0
IMEC Services,0.0,0.01890359168241966,377.26,0.0056135623666778945,0.0056135623666778945,0.011227124733355789,325.36,0,0
Mediaone Global,3.9775641025641026,0.19157088122605365,177.04,0.006013590715015936,0.006013590715015936,0.012027181430031873,173.06,0,0
Connplex Cinemas,0.46578947368421053,0.23148148148148145,204.66,0.006083465141744738,0.006083465141744738,0.012166930283489476,201.35,0,0
Ksolves India,0.07120478496154942,0.21645021645021645,232.34,0.006318716036901302,0.006318716036901302,0.012637432073802603,228.8,0,0
iStreet Network,0.0,0.48309178743961345,157.45,0.006622516556291391,0.006622516556291391,0.013245033112582781,156.38,0,1
SSMD Agrotech,1.7514450867052023,0.38314176245210724,182.94,0.00794407372100413,0.00794407372100413,0.01588814744200826,182.20999999999998,0,0
Reganto Enterprises,1.1906392694063928,0.47846889952153115,127.84,0.008461668641056016,0.008461668641056016,0.016923337282112032,126.9,0,0
Brandman Retail,6.982352941176471,0.4166666666666667,150.25,0.008562376915831834,0.008562376915831834,0.017124753831663668,149.25,0,0
Ambitious Plasto,0.8653846153846154,0.7042253521126761,115.15,0.00881057268722467,0.00881057268722467,0.01762114537444934,114.97,1,0
Stellant Secu.,0.0,0.1092896174863388,194.2,0.009287638153617534,0.009287638153617534,0.01857527630723507,186.05,0,0
Magnus Steel,1.8828828828828825,0.39525691699604737,110.82,0.009384384384384385,0.009384384384384385,0.01876876876876877,111.94,0,0
Noble Polymers,0.09638554216867469,0.10214504596527069,184.47,0.009531979792202841,0.009531979792202841,0.019063959584405682,175.74,0,1
Yuvraaj Hygiene,2.212893553223388,0.2777777777777778,155.95000000000002,0.009554748710108925,0.009554748710108925,0.01910949742021785,158.01,0,0
Mobilise App,0.021442495126705655,0.3623188405797102,156.27,0.009592326139088728,0.009592326139088728,0.019184652278177457,154.52,0,0
Krishna Fil. Ind,2.93,0.9433962264150942,101.23,0.009900990099009901,0.009900990099009901,0.019801980198019802,101.41,1,0
TPI India,9.23404255319149,0.7246376811594204,103.21000000000001,0.00998801438274071,0.00998801438274071,0.01997602876548142,103.07000000000001,1,0
Workmates Core2,1.4290429042904291,0.3389830508474576,126.11999999999999,0.010715816545220747,0.010715816545220747,0.021431633090441493,124.44,0,0
Apsis Aerocom,0.8859315589353612,0.45248868778280543,136.58,0.010758472296933835,0.010758472296933835,0.02151694459386767,135.54000000000002,0,0
Bridge Securitie,0.0,0.24038461538461536,128.5,0.010957703265395573,0.010957703265395573,0.021915406530791146,125.34,0,0
Glottis,23.96172248803828,0.24570024570024568,139.91,0.010993843447669306,0.010993843447669306,0.02198768689533861,137.09,0,1
Ravelcare,0.0,0.2770083102493075,138.85999999999999,0.011024142872891633,0.011024142872891633,0.022048285745783266,136.25,0,0
B.A.G. Converge.,0.0,0.2604166666666667,122.74,0.011033873993158999,0.011033873993158999,0.022067747986317998,119.89999999999999,0,0
Shri Kanha Stain,0.6715083798882682,0.5025125628140703,95.37,0.011153245594467991,0.011153245594467991,0.022306491188935983,94.86999999999999,0,0
Saffron Industri,0.4819672131147541,0.6024096385542168,111.37000000000002,0.011376564277588168,0.011376564277588168,0.022753128555176336,110.95,0,0
Shantidoot Infra,0.04,-0.4048582995951417,124.43999999999998,0.011477103179157582,0.011477103179157582,0.022954206358315164,127.91999999999999,0,0
Nexus Surgical,0.0,0.2898550724637681,110.91,0.011771630370806356,0.011771630370806356,0.023543260741612712,108.46000000000001,0,1
Newtrac Foods,0.11897852582704584,0.373134328358209,94.03999999999999,0.011865211200759373,0.011865211200759373,0.023730422401518746,92.54,0,0
Icodex Publish.,0.5714285714285715,0.1838235294117647,137.72,0.011937447773665991,0.011937447773665991,0.023874895547331982,133.36,0,0
TechD Cybersec.,0.02366863905325444,0.10869565217391305,133.63,0.01212709192335678,0.01212709192335678,0.02425418384671356,125.42999999999999,0,0
Family Care,0.26473799126637554,0.4694835680751174,132.71,0.012461059190031152,0.012461059190031152,0.024922118380062305,132.17000000000002,0,1
DCM,0.7926829268292682,0.5319148936170213,97.69,0.01255808112520407,0.01255808112520407,0.02511616225040814,96.84,0,0
Standard Battery,0.0,0.390625,118.16,0.012642225031605564,0.012642225031605564,0.025284450063211127,116.6,0,0
Sunsky Logistics,1.595808383233533,0.42016806722689076,114.41,0.013125082031762698,0.013125082031762698,0.026250164063525396,113.88,0,0
Swojas Foods,0.002212389380530974,0.2645502645502646,120.45,0.013453518094981838,0.013453518094981838,0.026907036189963675,117.67,0,0
Marc Loire,0.7777777777777777,0.20703933747412007,100.53999999999999,0.013559322033898305,0.013559322033898305,0.02711864406779661,96.75,0,0
Studio LSD,0.025147928994082844,0.15479876160990713,106.3,0.013559322033898305,0.013559322033898305,0.02711864406779661,100.84,0,0
Maha Rashtra Apx,0.0,0.6622516556291391,132.8,0.013696753869332967,0.013696753869332967,0.027393507738665935,132.29000000000002,0,0
Game Changers,3.2014051522248246,0.3333333333333333,98.74,0.01385809312638581,0.01385809312638581,0.02771618625277162,97.21,0,0
Australian Prem,1.2336892052194544,0.33112582781456956,99.74999999999999,0.013921759710427398,0.013921759710427398,0.027843519420854796,97.96,0,0
Ontic Finserve,0.2554744525547445,0.5747126436781609,114.18,0.014400921658986175,0.014400921658986175,0.02880184331797235,113.53,0,0
NINtec Systems,0.0812778002426203,0.31347962382445144,98.38,0.014682131845543973,0.014682131845543973,0.029364263691087945,96.22,0,0
JD Cables,2.219677251431546,0.29325513196480935,95.28,0.015019525382997898,0.015019525382997898,0.030039050765995796,93.21,0,0
Sharvaya Metals,6.2664092664092665,0.19011406844106465,102.10999999999999,0.015039855617386074,0.015039855617386074,0.030079711234772148,98.07,0,0
Dam Capital Advi,0.041121495327102804,0.29940119760479045,101.08,0.015202189115232594,0.015202189115232594,0.030404378230465188,98.75,0,0
Prime Urban,0.4307228915662651,0.5681818181818182,64.85000000000001,0.01522533495736906,0.01522533495736906,0.03045066991473812,64.33000000000001,0,0
Helloji Holidays,0.011494252873563218,0.1923076923076923,100.54,0.015323322096230461,0.015323322096230461,0.030646644192460923,96.35000000000001,0,0
PAE,1.6525974025974026,0.9615384615384615,2789.28,0.0900900900900901,0.0900900900900901,0.1801801801801802,2789.48,0,0
Mipco Seaml Ring,0.8372093023255813,0.4504504504504505,-53.44,0.0900900900900901,0.0900900900900901,0.1801801801801802,-54.419999999999995,1,0
Quantum Digital,1.9603960396039604,0.8403361344537815,45.15,0.0900900900900901,0.0900900900900901,0.1801801801801802,45.2,0,0
Modern Dairies,0.6067203028868907,0.5128205128205129,36.87,0.0900900900900901,0.0900900900900901,0.1801801801801802,36.21,0,0
Omega Ag Seeds,0.4727272727272727,0.5617977528089888,173.42999999999998,0.0900900900900901,0.0900900900900901,0.1801801801801802,172.89,0,0
Monind,23.177419354838708,1.0,-0.1000000000000012,0.0900900900900901,0.0900900900900901,0.1801801801801802,0.1399999999999988,1,1
Suryo Foods,0.0,0.8928571428571428,17.37,0.0900900900900901,0.0900900900900901,0.1801801801801802,17.49,0,0
Ansal Properties,9.474592074592074,0.6451612903225806,-30.860000000000003,0.0900900900900901,0.0900900900900901,0.1801801801801802,-31.17,1,1
Modipon,43.67307692307692,0.9174311926605504,1.3300000000000003,0.0900900900900901,0.0900900900900901,0.1801801801801802,1.4800000000000004,1,1
Cresanto Global,1.6802721088435375,0.7633587786259541,-756.5,0.0900900900900901,0.0900900900900901,0.1801801801801802,-756.5699999999999,1,0
Switching Tech.,0.0,0.6802721088435374,-65.61,0.0900900900900901,0.0900900900900901,0.1801801801801802,-65.84,1,0
Vas Infra.,37.348909657320874,0.8130081300813008,9.729999999999999,0.0900900900900901,0.0900900900900901,0.1801801801801802,9.74,0,0
Starcom Info.,2.4401709401709404,0.9345794392523364,-7.080000000000002,0.0900900900900901,0.0900900900900901,0.1801801801801802,-6.910000000000002,0,0
Guj. State Fin.,45.104294478527606,0.3424657534246575,-47.03,0.0900900900900901,0.0900900900900901,0.1801801801801802,-48.71,1,0
Quadrant Tele.,70.1164268986283,0.9803921568627451,-94.88000000000001,0.0900900900900901,0.0900900900900901,0.1801801801801802,-94.66000000000001,0,1
TCI Finance,0.3022813688212928,1.0,29.640000000000004,0.0900900900900901,0.0900900900900901,0.1801801801801802,29.880000000000003,0,1
Manipal Fin. Cor,0.46090047393364925,0.8620689655172414,-8.66,0.0900900900900901,0.0900900900900901,0.1801801801801802,-8.58,1,0
Jayabharat Cred.,26.145922746781117,1.0,-1000.14,0.0900900900900901,0.0900900900900901,0.1801801801801802,-999.9,1,1
Invigorated Bus.,7.700787401574803,0.970873786407767,7.949999999999999,0.0900900900900901,0.0900900900900901,0.1801801801801802,8.16,1,0
Popees Cares,0.0,0.819672131147541,-210.97000000000003,0.0900900900900901,0.0900900900900901,0.1801801801801802,-210.95000000000002,1,0
Amalgamated Elec,0.69,1.0,-30.959999999999997,0.0900900900900901,0.0900900900900901,0.1801801801801802,-30.72,1,0
Premium Capital,1.2666666666666666,0.8333333333333334,-39.94,0.0900900900900901,0.0900900900900901,0.1801801801801802,-39.9,1,0
Tricom Fruit,30.36866359447005,0.9345794392523364,9.93,0.0900900900900901,0.0900900900900901,0.1801801801801802,10.1,1,0
Impex Ferro Tech,217.6341463414634,0.970873786407767,5.71,0.0900900900900901,0.0900900900900901,0.1801801801801802,5.92,1,1
Yashraj Contain.,5.511879049676026,0.9433962264150942,15.53,0.0900900900900901,0.0900900900900901,0.1801801801801802,15.71,0,0
T N Telecom.,15.12,0.9523809523809523,-68.63000000000001,0.0900900900900901,0.0900900900900901,0.1801801801801802,-68.44000000000001,1,1
Shyam Telecom,0.0,0.9803921568627451,-0.030000000000000915,0.0900900900900901,0.0900900900900901,0.1801801801801802,0.1899999999999995,1,0
GTL,27.430192848533544,0.9803921568627451,4.789999999999999,0.0900900900900901,0.0900900900900901,0.1801801801801802,5.01,0,1
Shree Precoated,0.0,0.8849557522123894,-1.0799999999999998,0.0900900900900901,0.0900900900900901,0.1801801801801802,-0.9700000000000006,1,0
Mukat Pipes,2.769230769230769,0.4672897196261683,7.549999999999999,0.0900900900900901,0.0900900900900901,0.1801801801801802,6.6499999999999995,1,1
Deccan Polypacks,11.289256198347108,0.3333333333333333,921.86,0.0900900900900901,0.0900900900900901,0.1801801801801802,920.1,0,1
Omkar Overseas,0.26495726495726496,0.47846889952153115,-119.48,0.0900900900900901,0.0900900900900901,0.1801801801801802,-120.33000000000001,1,0
Ventura Textiles,7.046728971962616,0.8771929824561403,-113.81,0.0900900900900901,0.0900900900900901,0.1801801801801802,-113.71000000000001,1,1
Anirit Ventures,4.78021978021978,0.628930817610063,-365.74,0.0900900900900901,0.0900900900900901,0.1801801801801802,-366.09,1,1
Vardhman Polytex,0.4900282030620467,0.5847953216374269,10.6,0.0900900900900901,0.0900900900900901,0.1801801801801802,10.129999999999999,1,1
Eureka Industrie,1.184,0.4926108374384236,54.39,0.0900900900900901,0.0900900900900901,0.1801801801801802,53.6,0,0
Mid India Inds.,0.0,0.7575757575757576,9.15,0.0900900900900901,0.0900900900900901,0.1801801801801802,9.07,1,0
Sri Lak.Sar.Arni,2.0460000000000003,0.8620689655172414,-42.82000000000001,0.0900900900900901,0.0900900900900901,0.1801801801801802,-42.74,1,0
Manor Estates,0.18345323741007194,0.4444444444444444,41.64,0.0900900900900901,0.0900900900900901,0.1801801801801802,40.63,0,1
Modella Woollens,0.0,0.8264462809917356,-45.67,0.0900900900900901,0.0900900900900901,0.1801801801801802,-45.64,1,0
Meyer Apparel,0.22772277227722773,0.9803921568627451,-76.30000000000001,0.0900900900900901,0.0900900900900901,0.1801801801801802,-76.08000000000001,1,0
Priya,21.45081967213115,0.9803921568627451,-146.83,0.0900900900900901,0.0900900900900901,0.1801801801801802,-146.61,1,1
Rajvir Inds.,6.75260517174836,0.8695652173913044,-11.290000000000003,0.0900900900900901,0.0900900900900901,0.1801801801801802,-11.200000000000001,0,1
E-Land Apparel,11.245762711864407,0.5376344086021506,17.41,0.0900900900900901,0.0900900900900901,0.1801801801801802,16.79,0,0
NB Footwear,0.0,1.0,13.85,0.0900900900900901,0.0900900900900901,0.1801801801801802,14.09,0,0
Welterman Intl.,6.336633663366337,0.8620689655172414,-17.539999999999996,0.0900900900900901,0.0900900900900901,0.1801801801801802,-17.46,1,1
Coral Newsprints,1.592,0.9009009009009008,-11.98,0.0900900900900901,0.0900900900900901,0.1801801801801802,-11.85,1,0
Univa Foods,0.8016528925619835,1.0,-830.14,0.0900900900900901,0.0900900900900901,0.1801801801801802,-829.9,1,0
Galaxy Supermarket,8.348547717842324,0.6578947368421053,-9.34,0.0900900900900901,0.0900900900900901,0.1801801801801802,-9.62,1,1
Infomedia Press,18.42105263157895,0.30959752321981426,-18.27,0.0900900900900901,0.0900900900900901,0.1801801801801802,-20.259999999999998,1,0
Foundry Fuel,0.983050847457627,0.970873786407767,-182.42000000000002,0.0900900900900901,0.0900900900900901,0.1801801801801802,-182.21,1,0
Rajeswari Infra.,0.0,0.6711409395973155,8.78,0.0900900900900901,0.0900900900900901,0.1801801801801802,8.53,0,0
Esha Media,7.791666666666667,0.970873786407767,-234.55,0.0900900900900901,0.0900900900900901,0.1801801801801802,-234.34,1,1
Integ. Thermopl.,11.932944606413994,0.8771929824561403,-42.2,0.0900900900900901,0.0900900900900901,0.1801801801801802,-42.1,1,1
Rajas. Petro Syn,0.0,0.8620689655172414,2570.02,0.0900900900900901,0.0900900900900901,0.1801801801801802,2570.1,0,0
Shree Mfg. Co.,2.0338983050847457,0.9803921568627451,9.879999999999999,0.0900900900900901,0.0900900900900901,0.1801801801801802,10.1,1,0
Thakral Services,5.933823529411765,0.7142857142857143,2.76,0.0900900900900901,0.0900900900900901,0.1801801801801802,2.5999999999999996,1,0
Binny Mills,5.292977322604243,0.9803921568627451,2.759999999999999,0.0900900900900901,0.0900900900900901,0.1801801801801802,2.9799999999999995,0,0
Rekvina Labs,0.680672268907563,0.9259259259259258,-106.73,0.0900900900900901,0.0900900900900901,0.1801801801801802,-106.57000000000001,1,0
Axentra Corp,1.0608695652173914,0.09132420091324202,65.21,0.0900900900900901,0.0900900900900901,0.1801801801801802,55.38,0,0
Standard Shoe,0.3965517241379311,0.8695652173913044,-125.7,0.0900900900900901,0.0900900900900901,0.1801801801801802,-125.61000000000001,1,0
Harig Crankshaft,20.850704225352114,0.2610966057441253,-17.259999999999994,0.0900900900900901,0.0900900900900901,0.1801801801801802,-19.85,1,0
TECIL Chemical,7.728915662650602,0.9090909090909091,1.9799999999999989,0.0900900900900901,0.0900900900900901,0.1801801801801802,2.119999999999999,1,1
Grand Foundry,3.564705882352941,0.9900990099009901,-3390.1299999999997,0.0900900900900901,0.0900900900900901,0.1801801801801802,-3389.9,1,0
Natl. Plywood,0.7264276228419654,0.5780346820809249,11.37,0.0900900900900901,0.0900900900900901,0.1801801801801802,10.879999999999999,1,0
Miven Mach. Tool,2.0172413793103448,0.9345794392523364,-478.07,0.0900900900900901,0.0900900900900901,0.1801801801801802,-477.9,1,0
Adline Chem Lab,1.3414634146341462,0.25,-187.14000000000001,0.0900900900900901,0.0900900900900901,0.1801801801801802,-189.9,1,0
B J Duplex Board,1.3157894736842104,0.5813953488372093,14.569999999999999,0.0900900900900901,0.0900900900900901,0.1801801801801802,14.09,0,0
Future Ent. DVR,8.890070921985815,0.3424657534246575,15.769999999999998,0.0900900900900901,0.0900900900900901,0.1801801801801802,14.09,0,0
Jain Irrigat-DVR,8.890070921985815,0.3424657534246575,15.769999999999998,0.0900900900900901,0.0900900900900901,0.1801801801801802,14.09,0,0
Aananda Lakshmi,1.5138888888888888,0.8695652173913044,38.94,0.0900900900900901,0.0900900900900901,0.1801801801801802,39.03,0,0
Bluegod Enterta.,1.7142857142857142,0.111731843575419,56.11000000000001,0.0900900900900901,0.0900900900900901,0.1801801801801802,48.300000000000004,0,0
Adhbhut Infra.,2.3098591549295775,0.16722408026755853,12.84,0.0900900900900901,0.0900900900900901,0.1801801801801802,8.1,1,0
Balkrishna Paper,32.54669260700389,0.8695652173913044,-17.319999999999997,0.0900900900900901,0.0900900900900901,0.1801801801801802,-17.229999999999997,1,1
Aban Offshore,116.36578740438917,0.9803921568627451,-48.48,0.0900900900900901,0.0900900900900901,0.1801801801801802,-48.26,0,1
Arshiya,19.16068836823554,0.9259259259259258,-23.520000000000003,0.0900900900900901,0.0900900900900901,0.1801801801801802,-16.950000000000003,0,1
BIL Vyapar,67.94941634241245,0.9433962264150942,-1.0299999999999991,0.0900900900900901,0.0900900900900901,0.1801801801801802,-0.8499999999999996,1,1
Cranes Software,75.81239530988276,0.9900990099009901,-13.39,0.0900900900900901,0.0900900900900901,0.1801801801801802,-13.160000000000002,1,1
Dish TV India,0.039758625723879504,0.8849557522123894,3.8999999999999995,0.0900900900900901,0.0900900900900901,0.1801801801801802,4.01,0,0
Educomp Sol.,1541.685714285714,0.9615384615384615,-4.130000000000001,0.0900900900900901,0.0900900900900901,0.1801801801801802,-3.9299999999999997,1,1
Essar Shipping,3.0942008539773904,0.9615384615384615,8.99,0.0900900900900901,0.0900900900900901,0.1801801801801802,9.19,0,0
Golden Tobacco,2.0260869565217394,0.9523809523809523,16.44,0.0900900900900901,0.0900900900900901,0.1801801801801802,16.63,0,0
Hitech Corp.,2.6906313645621185,0.48780487804878053,14.67,0.0900900900900901,0.0900900900900901,0.1801801801801802,14.09,0,1
IDream Film,3.603603603603603,1.0,-2190.14,0.0900900900900901,0.0900900900900901,0.1801801801801802,-2189.9,1,0
IL&FS Engg.,53.63822525597269,0.8928571428571428,8.01,0.0900900900900901,0.0900900900900901,0.1801801801801802,8.129999999999999,1,0
Trans India,8.243902439024389,0.29239766081871343,16.319999999999997,0.0900900900900901,0.0900900900900901,0.1801801801801802,14.09,0,0
Muller & Phipps,0.6267605633802817,0.5813953488372093,-3.26,0.0900900900900901,0.0900900900900901,0.1801801801801802,-3.74,1,0
Satchmo Holdings,10.235294117647058,0.7194244604316546,8.56,0.0900900900900901,0.0900900900900901,0.1801801801801802,8.41,0,0
Rama Petrochem,4.111378687537629,0.8333333333333334,-88.78,0.0900900900900901,0.0900900900900901,0.1801801801801802,-88.74000000000001,1,1
Kridhan Infra,3.6178343949044582,0.9523809523809523,10.549999999999999,0.0900900900900901,0.0900900900900901,0.1801801801801802,10.74,0,0
Reliance Communi,1748.5555555555557,0.7874015748031495,-15.490000000000002,0.0900900900900901,0.0900900900900901,0.1801801801801802,-15.520000000000001,0,1
Royal India Corp,0.3114485022568732,0.2277904328018223,17.41,0.0900900900900901,0.0900900900900901,0.1801801801801802,14.09,0,0
Sea TV Network,20.420689655172414,0.8064516129032259,5.619999999999999,0.0900900900900901,0.0900900900900901,0.1801801801801802,5.619999999999999,1,1
S T C,6.84974967982303,0.7407407407407407,12.139999999999999,0.0900900900900901,0.0900900900900901,0.1801801801801802,12.03,1,0
Supreme Infra.,119.93734335839599,0.6993006993006994,-28.400000000000002,0.0900900900900901,0.0900900900900901,0.1801801801801802,-24.64,0,0
Sylph Industries,0.19039735099337748,0.14306151645207438,20.049999999999997,0.0900900900900901,0.0900900900900901,0.1801801801801802,14.09,0,0
Siti Networks,9.238209241082115,0.7692307692307692,-5.989999999999998,0.0900900900900901,0.0900900900900901,0.1801801801801802,-6.049999999999999,0,1
Zenith Steel,25.90974729241878,0.8130081300813008,10.37,0.0900900900900901,0.0900900900900901,0.1801801801801802,10.379999999999999,0,0
Delphi World,66.0,0.5181347150259067,14.209999999999999,0.0900900900900901,0.0900900900900901,0.1801801801801802,14.09,0,0
Radhagobind Comm,1.2627118644067796,0.9803921568627451,-290.12,0.0900900900900901,0.0900900900900901,0.1801801801801802,-289.9,1,0
Le Lavoir,8.890070921985815,0.3424657534246575,15.769999999999998,0.0900900900900901,0.0900900900900901,0.1801801801801802,14.09,0,0
N K Industries,0.19154228855721395,0.11025358324145534,17.740000000000002,0.0900900900900901,0.0900900900900901,0.1801801801801802,9.91,1,1
Premier,67.6576923076923,0.9523809523809523,5.549999999999999,0.0900900900900901,0.0900900900900901,0.1801801801801802,5.739999999999999,1,1
Aryavan Enterprise,0.02666666666666667,0.11890606420927467,21.49,0.0900900900900901,0.0900900900900901,0.1801801801801802,14.09,0,0
Nagarjuna Fert.,0.09167216825426766,0.7633587786259541,256.67,0.0900900900900901,0.0900900900900901,0.1801801801801802,256.6,0,0
TV Vision,4.020979020979021,0.9433962264150942,-30.109999999999996,0.0900900900900901,0.0900900900900901,0.1801801801801802,-29.93,1,0
Jalan Transol.,29.82905982905983,0.9900990099009901,-30.44,0.0900900900900901,0.0900900900900901,0.1801801801801802,-30.21,1,1
Shrenik,69.24022346368714,0.9900990099009901,5.819999999999999,0.0900900900900901,0.0900900900900901,0.1801801801801802,6.05,1,0
SMVD Poly Pack,0.0,0.024437927663734114,-28.79,0.0900900900900901,0.0900900900900901,0.1801801801801802,-68.71000000000001,0,0
Maxgrow India,0.04098939929328622,0.22026431718061673,17.63,0.0900900900900901,0.0900900900900901,0.1801801801801802,14.09,0,0
Eiko Lifescience,0.2576530612244898,0.10638297872340426,22.470000000000002,0.0900900900900901,0.0900900900900901,0.1801801801801802,14.09,0,0
Diksha Greens,6.548128342245988,0.970873786407767,-16.37,0.0900900900900901,0.0900900900900901,0.1801801801801802,-16.160000000000004,0,1
Mahip Industries,5.458333333333333,0.47846889952153115,2.9399999999999995,0.0900900900900901,0.0900900900900901,0.1801801801801802,2.09,1,1
Suumaya Corp.,0.0008156606851549756,0.8771929824561403,9.84,0.0900900900900901,0.0900900900900901,0.1801801801801802,9.94,0,0
Fidel Softech,1.81335952848723,0.1362397820163488,20.05,0.0900900900900901,0.0900900900900901,0.1801801801801802,14.09,0,0
Sofcom Systems,0.4188034188034188,0.33783783783783783,16.04,0.0900900900900901,0.0900900900900901,0.1801801801801802,14.09,0,0
ZR2 Bioenergy,0.0,0.026925148088314484,50.230000000000004,0.0900900900900901,0.0900900900900901,0.1801801801801802,14.09,0,0
Arihant Academy,0.0,0.5376344086021506,14.95,0.0900900900900901,0.0900900900900901,0.1801801801801802,14.09,0,1
Anka India,1.127659574468085,0.5025125628140703,14.96,0.0900900900900901,0.0900900900900901,0.1801801801801802,14.09,0,1
Khaitan (India),5.457446808510638,0.6802721088435374,13.53,0.0900900900900901,0.0900900900900901,0.1801801801801802,14.09,0,0
Vaxfab Enterp.,0.12056737588652482,0.4132231404958678,15.49,0.0900900900900901,0.0900900900900901,0.1801801801801802,14.09,0,0
Yudiz Solutions,0.15112540192926044,0.10593220338983052,22.51,0.0900900900900901,0.0900900900900901,0.1801801801801802,14.09,0,0
Vishnusurya Pro.,8.566552901023892,0.390625,15.23,0.0900900900900901,0.0900900900900901,0.1801801801801802,14.09,0,0
Qualitek Labs,6.2965217391304344,0.4081632653061224,15.03,0.0900900900900901,0.0900900900900901,0.1801801801801802,14.09,0,0
Fundviser Capit.,1.4412556053811658,0.4424778761061947,14.709999999999999,0.0900900900900901,0.0900900900900901,0.1801801801801802,14.09,0,0
NHC Foods,1.2403000517330576,0.35587188612099646,15.35,0.0900900900900901,0.0900900900900901,0.1801801801801802,14.09,0,0
Cosmic CRF,1.5592391304347828,0.28653295128939826,16.31,0.0900900900900901,0.0900900900900901,0.1801801801801802,14.09,0,0
Delaplex,0.0,0.13020833333333334,20.77,0.0900900900900901,0.0900900900900901,0.1801801801801802,14.09,0,0
Madhusudan Masa,1.887052341597796,0.32573289902280134,15.42,0.0900900900900901,0.0900900900900901,0.1801801801801802,14.09,0,0
Uravi Defence &,6.801587301587302,0.3472222222222222,15.459999999999999,0.0900900900900901,0.0900900900900901,0.1801801801801802,14.09,0,1
Akiko,0.21275071633237821,0.2631578947368421,16.77,0.0900900900900901,0.0900900900900901,0.1801801801801802,14.09,0,0
Skybiotech Healthcare,3.5294117647058822,0.5714285714285714,14.04,0.0900900900900901,0.0900900900900901,0.1801801801801802,14.09,0,0
Sahasra Electro.,8.17027417027417,0.25839793281653745,16.71,0.0900900900900901,0.0900900900900901,0.1801801801801802,14.09,0,0
Indef Manufactur,0.6895368782161234,0.42016806722689076,15.45,0.0900900900900901,0.0900900900900901,0.1801801801801802,14.09,0,0
PropsharePlatina,0.0,0.06720430107526881,27.97,0.0900900900900901,0.0900900900900901,0.1801801801801802,14.09,0,0
Captain Pipes,9.863905325443788,0.4184100418410042,14.77,0.0900900900900901,0.0900900900900901,0.1801801801801802,14.09,0,0
Supershakti Met.,0.009315512353179425,0.16260162601626016,19.240000000000002,0.0900900900900901,0.0900900900900901,0.1801801801801802,14.09,0,0
Shubhshree Bio.,1.0072388831437435,0.35211267605633806,15.65,0.0900900900900901,0.0900900900900901,0.1801801801801802,14.09,0,0
ROX Hi-Tech,1.5193776520509192,0.37593984962406013,15.3,0.0900900900900901,0.0900900900900901,0.1801801801801802,14.09,0,0
Arvind Port &,0.5200445434298441,0.11325028312570781,21.860000000000003,0.0900900900900901,0.0900900900900901,0.1801801801801802,14.09,0,0
Abate As Indust,5.4561403508771935,0.2770083102493075,16.65,0.0900900900900901,0.0900900900900901,0.1801801801801802,14.09,0,0
Sunrest Lifescie,4.002551020408164,0.3484320557491289,15.020000000000001,0.0900900900900901,0.0900900900900901,0.1801801801801802,14.09,0,0
Remedium Life,0.957510499115169,0.48309178743961345,4.82,0.0900900900900901,0.0900900900900901,0.1801801801801802,14.09,0,0
Shashwat Furnis.,1.0714285714285714,0.26525198938992045,16.48,0.0900900900900901,0.0900900900900901,0.1801801801801802,14.09,0,0
Monolithisch Ind,0.0,0.06944444444444445,27.490000000000002,0.0900900900900901,0.0900900900900901,0.1801801801801802,14.09,0,0
Emkay Tools,0.0,0.2531645569620253,17.04,0.0900900900900901,0.0900900900900901,0.1801801801801802,14.09,0,0
Mittal Life Styl,2.193154034229829,0.2680965147453083,16.68,0.0900900900900901,0.0900900900900901,0.1801801801801802,14.09,0,0
Avro India,8.297872340425531,0.3424657534246575,15.739999999999998,0.0900900900900901,0.0900900900900901,0.1801801801801802,14.09,0,0
Yash Trad.& Fin.,2.099290780141844,0.3891050583657587,15.1,0.0900900900900901,0.0900900900900901,0.1801801801801802,14.09,0,0
Rajkamal Synth.,0.08865248226950354,0.1584786053882726,19.38,0.0900900900900901,0.0900900900900901,0.1801801801801802,14.09,0,1
Marble City,41.638297872340424,0.25641025641025644,15.370000000000001,0.0900900900900901,0.0900900900900901,0.1801801801801802,14.09,0,0
Current Infra.,12.619047619047619,0.17667844522968199,18.37,0.0900900900900901,0.0900900900900901,0.1801801801801802,14.09,0,0
STL Networks,293.16666666666663,0.425531914893617,14.48,0.0900900900900901,0.0900900900900901,0.1801801801801802,14.09,0,0
Kody Technolab,0.39999999999999997,0.2645502645502646,16.839999999999996,0.0900900900900901,0.0900900900900901,0.1801801801801802,14.09,0,0
Ecoline Exim,7.73076923076923,0.26881720430107525,16.520000000000003,0.0900900900900901,0.0900900900900901,0.1801801801801802,14.09,0,0
Ganesha Ecoverse,7.056537102473498,0.10362694300518134,22.17,0.0900900900900901,0.0900900900900901,0.1801801801801802,14.09,0,0
Solvex Edibles,5.3699906803355075,0.4016064257028112,14.13,0.0900900900900901,0.0900900900900901,0.1801801801801802,14.09,0,0
Prime Industries,1.2766599597585513,0.36363636363636365,15.24,0.0900900900900901,0.0900900900900901,0.1801801801801802,14.09,0,0
Ducol Organics,14.765957446808509,0.36900369003690037,15.350000000000001,0.0900900900900901,0.0900900900900901,0.1801801801801802,14.09,0,0
Auro Labs.,15.58156028368794,0.6211180124223603,13.69,0.0900900900900901,0.0900900900900901,0.1801801801801802,14.09,0,0
Greenhitech Ven.,1.173758865248227,0.2092050209205021,17.839999999999996,0.0900900900900901,0.0900900900900901,0.1801801801801802,14.09,0,0
HP Telecom,1.9813084112149535,0.3508771929824561,15.36,0.0900900900900901,0.0900900900900901,0.1801801801801802,14.09,0,0
Valencia Nutrit.,1.063359234907352,0.02937720329024677,46.650000000000006,0.0900900900900901,0.0900900900900901,0.1801801801801802,14.09,0,0
Goldstar Power,4.620567375886524,0.2976190476190476,16.29,0.0900900900900901,0.0900900900900901,0.1801801801801802,14.09,0,0
Super Iron,14.40387481371088,0.30959752321981426,15.76,0.0900900900900901,0.0900900900900901,0.1801801801801802,14.09,0,0
KSR Footwear,11.460992907801417,0.40485829959514175,15.12,0.0900900900900901,0.0900900900900901,0.1801801801801802,14.09,0,0
Simandhar Impex,8.890070921985815,0.3424657534246575,15.769999999999998,0.0900900900900901,0.0900900900900901,0.1801801801801802,14.09,0,0
Fractal Industries,3.903328050713154,0.37453183520599254,14.719999999999999,0.0900900900900901,0.0900900900900901,0.1801801801801802,14.09,0,0
Panth Infinity,8.890070921985815,0.3424657534246575,15.769999999999998,0.0900900900900901,0.0900900900900901,0.1801801801801802,14.09,0,0
Constronics,0.9213524439544285,0.3424657534246575,15.769999999999998,0.0900900900900901,0.0900900900900901,0.1801801801801802,14.09,0,0
V R Woodart,8.890070921985815,0.3424657534246575,15.769999999999998,0.0900900900900901,0.0900900900900901,0.1801801801801802,14.09,0,0
Filtron Engineer,8.890070921985815,0.3424657534246575,15.769999999999998,0.0900900900900901,0.0900900900900901,0.1801801801801802,14.09,0,0
Acetech E-Commerce,0.20388349514563106,0.19047619047619047,18.32,0.0900900900900901,0.0900900900900901,0.1801801801801802,14.09,0,0
DCM Shriram Fine Chemicals,8.890070921985815,0.3424657534246575,15.769999999999998,0.0900900900900901,0.0900900900900901,0.1801801801801802,14.09,0,0
DCM Shriram Intl,8.890070921985815,0.3424657534246575,15.769999999999998,0.0900900900900901,0.0900900900900901,0.1801801801801802,14.09,0,0
SHRI NIWAS L& F.,1086.8971962616822,0.8849557522123894,-55863.549999999996,-1.796506477573581e-05,-1.796506477573581e-05,-3.593012955147162e-05,-55863.439999999995,1,1
MPL Plastics,2.3375,0.8547008547008548,-4819.99,-0.00020837674515524068,-0.00020837674515524068,-0.00041675349031048136,-4819.92,1,0
Pasupati Fincap,0.5615384615384615,0.5524861878453039,-3237.89,-0.0003705075954057058,-0.0003705075954057058,-0.0007410151908114116,-3238.46,1,1
Sharp India,13.314606741573034,0.9900990099009901,-2301.7999999999997,-0.0005899983480046255,-0.0005899983480046255,-0.001179996696009251,-2301.57,1,0
CMX Holdings,5.322834645669291,0.6369426751592357,-1512.8300000000002,-0.0008006405124099279,-0.0008006405124099279,-0.0016012810248198558,-1513.16,1,1
EMA India,0.0,0.15698587127158556,-1177.1399999999999,-0.000965847627878226,-0.000965847627878226,-0.001931695255756452,-1182.51,1,1
Unitech Internat,25.30909090909091,0.5747126436781609,-553.3000000000001,-0.0018670998338281147,-0.0018670998338281147,-0.0037341996676562295,-553.8000000000001,1,1
India Radiators,0.0,0.8695652173913044,-459.29,-0.0022048285745783266,-0.0022048285745783266,-0.004409657149156653,-459.2,1,0
Reliance Home,4.0310310310310316,0.9523809523809523,-458.26,-0.0023190556805268896,-0.0023190556805268896,-0.004638111361053779,-458.07,0,0
MEP Infrast.,32.100591715976336,0.6756756756756757,-456.75,-0.0024986881887009323,-0.0024986881887009323,-0.0049973763774018645,-456.31,0,1
Svarnim Trade Ud,0.2293577981651376,0.7751937984496123,-654.5,-0.002506265664160401,-0.002506265664160401,-0.005012531328320802,-654.55,1,0
Risa Internatio.,5.982758620689656,0.9900990099009901,-409.58,-0.0030294768093550245,-0.0030294768093550245,-0.006058953618710049,-409.34999999999997,1,1
Epsom Properties,1.3703703703703702,0.1,-585.64,-0.003709336399718091,-0.003709336399718091,-0.007418672799436182,-594.4,1,0
Heera Ispat,0.5517241379310345,0.9259259259259258,-365.64,-0.004257130693912303,-0.004257130693912303,-0.008514261387824606,-365.48,1,0
Jagjanani Text.,0.0,0.8771929824561403,-294.3,-0.004304222442215813,-0.004304222442215813,-0.008608444884431627,-294.2,1,1
Intl. Data Mgt.,3.833333333333333,0.9803921568627451,-344.65999999999997,-0.005025125628140704,-0.005025125628140704,-0.010050251256281407,-344.44,1,1
SAB Events,1.5826771653543306,0.819672131147541,-240.79000000000002,-0.005025125628140704,-0.005025125628140704,-0.010050251256281407,-240.77,1,0
Span Divergent,2.5664335664335662,0.6578947368421053,-194.13,-0.005382421012971635,-0.005382421012971635,-0.01076484202594327,-194.41,0,0
Roselabs Finance,3.7424242424242427,0.5,-208.14,-0.005722133211261159,-0.005722133211261159,-0.011444266422522317,-208.89999999999998,1,0
RSC Internl.,0.061224489795918366,0.3194888178913738,-209.81,-0.005997361161089121,-0.005997361161089121,-0.011994722322178242,-211.44,1,0
Tacent Projects,0.3,0.5263157894736842,-161.37,-0.006289308176100629,-0.006289308176100629,-0.012578616352201259,-162.03,1,1
SER Industries,0.0,0.4,-257.25,-0.006391818472355385,-0.006391818472355385,-0.01278363694471077,-258.75,1,0
Sir Shadi Lal,1.4199299460820969,0.5952380952380952,-169.10000000000002,-0.006543217954590067,-0.006543217954590067,-0.013086435909180134,-169.54000000000002,1,0
Pratiksha Chem.,0.0,0.6172839506172839,-209.04000000000002,-0.006667111140742716,-0.006667111140742716,-0.013334222281485432,-209.66000000000003,1,1
Tarai Foods,2.2857142857142856,0.7874015748031495,-156.39000000000001,-0.006711409395973154,-0.006711409395973154,-0.013422818791946308,-156.42,1,0
Ace Engitech,0.0,0.6578947368421053,-218.52,-0.006817097279978185,-0.006817097279978185,-0.01363419455995637,-218.8,1,0
Lexoraa Ind,0.0,0.14814814814814814,-252.79000000000002,-0.007733952049497292,-0.007733952049497292,-0.015467904098994584,-258.3,1,1
Satani Bearings,0.025,0.023820867079561697,-172.05,-0.007957348611442667,-0.007957348611442667,-0.015914697222885334,-213.03,1,0
PFL Infotech,0.0,0.970873786407767,-187.16000000000003,-0.008064516129032258,-0.008064516129032258,-0.016129032258064516,-186.95,1,0
Madhur Inds,0.0022026431718061676,0.04631773969430292,-194.19,-0.008147303242626691,-0.008147303242626691,-0.016294606485253382,-214.78,1,1
Aadi Industries,8.068376068376068,0.7874015748031495,-217.49,-0.0081913499344692,-0.0081913499344692,-0.0163826998689384,-217.51999999999998,1,1
Tejassvi Aaharam,4.365269461077845,0.5882352941176471,-239.42000000000002,-0.0081913499344692,-0.0081913499344692,-0.0163826998689384,-239.88,1,1
Winny Immigratio,0.5506493506493506,0.3891050583657587,-186.13,-0.008665511265164644,-0.008665511265164644,-0.01733102253032929,-187.2,1,0
Glittek Granites,0.648148148148148,0.1150747986191024,-223.14,-0.008746610688358261,-0.008746610688358261,-0.017493221376716522,-230.76999999999998,1,0
TMT (I),5.346153846153846,0.5952380952380952,-175.63,-0.009405568096313018,-0.009405568096313018,-0.018811136192626036,-176.07,1,1
AI Champ.Inds.,2.5549564496059727,0.3891050583657587,-132.76000000000002,-0.009413536665725312,-0.009413536665725312,-0.018827073331450624,-134.09,1,0
Callista Indus.,0.9259259259259258,0.4166666666666667,-187.53,-0.00969649956365752,-0.00969649956365752,-0.01939299912731504,-188.69,1,0
BEML Land Assets,0.0,0.4329004329004329,-137.43,-0.010101010101010102,-0.010101010101010102,-0.020202020202020204,-138.5,1,0
Siddha Ventures,0.0,0.010017028949213663,-81.78,-0.011196954428395476,-0.011196954428395476,-0.02239390885679095,-180.61,0,0
Chrome Silicon,6.438566552901023,0.6535947712418301,-124.67,-0.011684973124561814,-0.011684973124561814,-0.023369946249123627,-123.3,0,1
Rama Paper Mills,6.652005174644243,0.9174311926605504,-105.55,-0.012149192078726764,-0.012149192078726764,-0.02429838415745353,-105.4,0,1
G-Tec Janix,0.5898876404494382,0.33444816053511706,-133.41,-0.012717792191275595,-0.012717792191275595,-0.02543558438255119,-134.78,1,0
Nilachal Refract,19.53953488372093,0.6711409395973155,-148.12,-0.013022528975126969,-0.013022528975126969,-0.026045057950253938,-148.37,1,1
Silveroak Comm,7.233532934131737,0.6493506493506493,-115.19999999999999,-0.013102725366876311,-0.013102725366876311,-0.026205450733752623,-115.5,1,1
Future Lifestyle,2.3520120400946842,0.5952380952380952,-107.42999999999999,-0.013958682300390842,-0.013958682300390842,-0.027917364600781685,-107.87,0,0
Sri Chakra Cem.,1.8273989136994568,0.7407407407407407,-103.58999999999999,-0.014553922282055015,-0.014553922282055015,-0.02910784456411003,-103.69999999999999,1,0
Peoples Invest,0.0,0.3424657534246575,-131.42000000000002,-0.015227653418608192,-0.015227653418608192,-0.030455306837216384,-133.34,1,0
Saptak Chem &,2.4056603773584904,0.9174311926605504,-128.89000000000001,-0.015227653418608192,-0.015227653418608192,-0.030455306837216384,-128.74,1,1
Incon Engineers,0.6293706293706294,0.9090909090909091,-112.53,-0.01583531274742676,-0.01583531274742676,-0.03167062549485352,-112.39000000000001,1,0
Tarapur Trans,0.0,0.6134969325153374,-129.05,-0.016090104585679808,-0.016090104585679808,-0.032180209171359615,-129.68,0,0
Blu.Coast Hotel.,11.638157894736842,0.8695652173913044,-120.16,-0.016231131309852296,-0.016231131309852296,-0.03246226261970459,-120.07,1,1
Harmony Capital,0.03546099290780142,0.28328611898017,-94.32,-0.01763979537837361,-0.01763979537837361,-0.03527959075674722,-96.78,1,0
VXL Instruments,2.6203703703703702,0.6369426751592357,-64.16,-0.01809954751131222,-0.01809954751131222,-0.03619909502262444,-64.49,1,0
Unipro Technolgy,1.2251308900523559,0.4132231404958678,-63.910000000000004,-0.01818181818181818,-0.01818181818181818,-0.03636363636363636,-65.09,1,0
SC Agrotech,0.04739336492890995,0.47846889952153115,-99.02,-0.01889287738522577,-0.01889287738522577,-0.03778575477045154,-100.08,1,1
Kobo Biotech,116.40833333333333,0.8130081300813008,-59.63,-0.01926782273603083,-0.01926782273603083,-0.03853564547206166,-59.62,1,1
Williamson Magor,12.139978094194964,0.4672897196261683,-88.46,-0.01927153594141453,-0.01927153594141453,-0.03854307188282906,-89.36,0,1
Integ. Hitech,0.48333333333333334,0.9523809523809523,-102.64999999999999,-0.01937984496124031,-0.01937984496124031,-0.03875968992248062,-102.46000000000001,1,0
Trustwave,0.9405405405405405,0.013513513513513514,-27.319999999999997,-0.019829466587348802,-0.019829466587348802,-0.039658933174697604,-100.08,1,0
Hasti Finance,0.0,1.0,-96.72,-0.020177562550443905,-0.020177562550443905,-0.04035512510088781,-96.72,1,0
Beeyu Overseas,0.0,0.04688232536333802,-31.03,-0.02040816326530612,-0.02040816326530612,-0.04081632653061224,-51.36,1,0
GCM Commodity,0.0,0.47619047619047616,-74.57,-0.020550760378133994,-0.020550760378133994,-0.04110152075626799,-75.67,0,0
Innovative Tyres,7.588652482269503,0.7194244604316546,-82.49999999999999,-0.0206058108386565,-0.0206058108386565,-0.041211621677313,-82.65,1,1
NDTV,3.1927495356676068,0.6535947712418301,-81.66,-0.021362956633198035,-0.021362956633198035,-0.04272591326639607,-81.95,1,0
Satiate Agri,2.045186640471513,0.5555555555555556,-86.92,-0.022197558268590458,-0.022197558268590458,-0.044395116537180916,-87.47999999999999,1,0
Lypsa Gems,0.0,0.4347826086956522,-65.28999999999999,-0.022686025408348458,-0.022686025408348458,-0.045372050816696916,-66.59,1,1
Khyati Multimed.,0.0,0.7407407407407407,-72.35,-0.02316423442205235,-0.02316423442205235,-0.0463284688441047,-72.7,1,0
Net Avenue,0.616,0.3717472118959108,-66.27,-0.023293733985557886,-0.023293733985557886,-0.04658746797111577,-67.8,1,1
Regency Ceramics,6.253112033195021,0.5235602094240838,-40.47,-0.02354603249352484,-0.02354603249352484,-0.04709206498704968,-41.14,1,1
SGN Telecoms,0.0,0.05485463521667581,-32.059999999999995,-0.023601604909133822,-0.023601604909133822,-0.047203209818267644,-49.29,1,0
Brawn Biotech,0.0,0.46511627906976744,-51.290000000000006,-0.024084778420038533,-0.024084778420038533,-0.048169556840077066,-52.440000000000005,1,0
Sikozy Realtors,0.36752136752136755,0.5235602094240838,-75.0,-0.024588148512417012,-0.024588148512417012,-0.049176297024834024,-75.67,1,1
Ceenik Exports,1.082592121982211,0.6451612903225806,-72.41999999999999,-0.02485707183693761,-0.02485707183693761,-0.04971414367387522,-71.4,1,1
Spectra Industri,8.467455621301776,0.970873786407767,-71.14,-0.025094102885821833,-0.025094102885821833,-0.050188205771643665,-70.93,0,1
Gayatri BioOrga.,24.058064516129033,0.9523809523809523,-85.97,-0.025176233635448138,-0.025176233635448138,-0.050352467270896276,-85.78,1,1
Ecoboard Inds.,7.752252252252253,0.7407407407407407,-60.489999999999995,-0.025523226135783564,-0.025523226135783564,-0.05104645227156713,-58.870000000000005,1,1
Waaree Tech.,7.135036496350365,0.6802721088435374,-65.13,-0.02574002574002574,-0.02574002574002574,-0.05148005148005148,-65.36,1,1
ANS Industries,0.7196261682242991,0.9174311926605504,-69.12,-0.02575991756826378,-0.02575991756826378,-0.05151983513652756,-68.65,1,0
Venlon Enterpris,3.9532374100719427,0.7462686567164178,-64.14,-0.026588673225206062,-0.026588673225206062,-0.053177346450412125,-61.099999999999994,1,0
Gravity (India),1.7050359712230214,0.47846889952153115,-67.39,-0.026881720430107524,-0.026881720430107524,-0.05376344086021505,-67.82000000000001,1,0
Iykot Hitech,0.0,0.1111111111111111,-61.79,-0.02727768685215494,-0.02727768685215494,-0.05455537370430988,-69.78999999999999,1,0
Varvee Global,0.9870038637161925,0.5747126436781609,-65.49,-0.027540622418066648,-0.027540622418066648,-0.055081244836133296,-65.96000000000001,0,0
Supreme Engg.,65.84285714285716,0.8849557522123894,-72.71999999999998,-0.027647221454243847,-0.027647221454243847,-0.055294442908487694,-72.61,1,1
Mantra Capital,4.834230355220668,0.41493775933609955,-71.27000000000001,-0.027886224205242612,-0.027886224205242612,-0.055772448410485224,-71.37,1,0
Rishabh Sp. Yarn,0.52,0.8547008547008548,-71.25999999999999,-0.02803476310625175,-0.02803476310625175,-0.0560695262125035,-64.0,1,0
Pan India Corpor,0.0,0.2724795640326976,-59.24,-0.028288543140028287,-0.028288543140028287,-0.056577086280056574,-61.91,1,0
HCL Infosystems,12.153372132831223,0.7575757575757576,-41.120000000000005,-0.029291154071470416,-0.029291154071470416,-0.05858230814294083,-41.2,1,1
Simplex Papers,10.817391304347826,0.9009009009009008,-44.7,-0.02960331557134399,-0.02960331557134399,-0.05920663114268798,-44.57,1,1
Ankit Met.Power,20.100236492632348,0.7518796992481203,-42.290000000000006,-0.03012048192771084,-0.03012048192771084,-0.06024096385542168,-42.38,0,1
Nihar Info Glob.,1.8942307692307692,0.4629629629629629,-60.57,-0.030275507114744173,-0.030275507114744173,-0.060551014229488345,-61.41,1,0
Oswal Overseas,5.84757505773672,0.8771929824561403,-45.04,-0.03076923076923077,-0.03076923076923077,-0.06153846153846154,-44.94,0,0
Finelistings Tec,0.17634408602150536,0.16556291390728478,-60.42000000000001,-0.03168567807351077,-0.03168567807351077,-0.06337135614702154,-65.33000000000001,1,0
SRM Energy Ltd,4.559322033898305,0.9900990099009901,-61.25000000000001,-0.03190810465858328,-0.03190810465858328,-0.06381620931716656,-61.02,1,1
Tomorrow Tech.,0.0,0.3424657534246575,-62.60999999999999,-0.031948881789137386,-0.031948881789137386,-0.06389776357827477,-64.53,1,0
Suvidhaa Info.,0.20398009950248755,0.5319148936170213,-50.63999999999999,-0.032175032175032175,-0.032175032175032175,-0.06435006435006435,-51.48,1,0
SVP Global,15.767441860465116,0.6451612903225806,-53.730000000000004,-0.03275466754012447,-0.03275466754012447,-0.06550933508024893,-54.040000000000006,1,1
Inditrade Cap.,3.7763529667463596,0.2645502645502646,-60.239999999999995,-0.03302509907529722,-0.03302509907529722,-0.06605019815059444,-60.58,1,0
Grandma Trading,0.11851851851851851,0.5405405405405405,-60.87,-0.033311125916055964,-0.033311125916055964,-0.06662225183211193,-61.480000000000004,1,0
Shahi Shipping,1.9045092838196285,0.5263157894736842,-57.529999999999994,-0.033366700033366704,-0.033366700033366704,-0.06673340006673341,-54.03,0,0
Pan Electronics,12.596666666666666,0.23255813953488372,-57.89,-0.03363605785401951,-0.03363605785401951,-0.06727211570803902,-60.95,1,0
Charms Industrie,0.38461538461538464,0.7751937984496123,-53.510000000000005,-0.034129692832764506,-0.034129692832764506,-0.06825938566552901,-53.56,1,0
Jindal Leasefin,1.2141119221411194,0.9803921568627451,-53.46,-0.034234851078397806,-0.034234851078397806,-0.06846970215679561,-52.730000000000004,1,0
Sh. Rajas. Synt.,2.986138613861386,0.78125,-48.71,-0.03424657534246575,-0.03424657534246575,-0.0684931506849315,-48.75,1,0
Krebs Biochem,24.912260967379076,0.9174311926605504,-45.830000000000005,-0.034376074252320386,-0.034376074252320386,-0.06875214850464077,-45.68,1,1
Panyam Cement,32.3717409587889,0.5649717514124294,-71.96,-0.034411562284927734,-0.034411562284927734,-0.06882312456985547,-72.49,1,1
Duke Offshore,0.29850746268656714,0.6944444444444444,-58.36,-0.03443526170798898,-0.03443526170798898,-0.06887052341597796,-58.7,1,0
Arigato Universe,0.0,0.36363636363636365,-50.900000000000006,-0.034940600978336823,-0.034940600978336823,-0.06988120195667365,-52.650000000000006,1,0
Ahimsa Industrie,0.003846153846153846,0.02677376171352075,-21.599999999999998,-0.036127167630057806,-0.036127167630057806,-0.07225433526011561,-57.95,1,0
Quintegra Soln.,12.528301886792452,1.0,-35.480000000000004,-0.03627130939426913,-0.03627130939426913,-0.07254261878853827,-35.24,1,0
Hindoo. Mills,0.1434108527131783,0.37735849056603776,-47.18,-0.03645643456069996,-0.03645643456069996,-0.07291286912139992,-48.81,0,0
Capricorn System,0.0,0.6493506493506493,-53.540000000000006,-0.036683785766691124,-0.036683785766691124,-0.07336757153338225,-54.08,1,0
Vikalp Securitie,0.0,0.08525149190110827,-39.11,-0.037064492216456635,-0.037064492216456635,-0.07412898443291327,-49.84,1,0
Vineet Laborator,3.4251401120896716,0.5128205128205129,-50.91,-0.03710575139146568,-0.03710575139146568,-0.07421150278293136,-48.849999999999994,0,0
Madhucon Project,39.59715418707721,0.7194244604316546,-40.78,-0.03765060240963856,-0.03765060240963856,-0.07530120481927711,-40.93,0,1
Zee Media,1.6605206073752714,0.6493506493506493,-39.67,-0.038299502106472615,-0.038299502106472615,-0.07659900421294523,-39.66,0,0
Mudunuru,1.9583333333333333,0.37037037037037035,-52.150000000000006,-0.03844675124951941,-0.03844675124951941,-0.07689350249903883,-48.790000000000006,1,0
Onelife Capital,0.5568027210884354,0.5263157894736842,-38.919999999999995,-0.03897116134060795,-0.03897116134060795,-0.0779423226812159,-38.53,0,0
Tips Films,0.9055555555555556,0.5376344086021506,-54.47,-0.0390015600624025,-0.0390015600624025,-0.078003120124805,-50.8,1,0
LCC Infotech,1.4487179487179485,0.373134328358209,-47.370000000000005,-0.03927729772191673,-0.03927729772191673,-0.07855459544383346,-44.14,1,0
Sh. Ganesh Elas.,0.1234567901234568,0.1440922190201729,-44.38,-0.03930817610062893,-0.03930817610062893,-0.07861635220125786,-50.19,1,0
Droneacharya Aer,0.36609336609336607,0.15552099533437014,-39.5,-0.039541320680110716,-0.039541320680110716,-0.07908264136022143,-44.879999999999995,1,0
Kesar Enterprise,1.4313099041533548,0.9523809523809523,-38.82,-0.03971405877680699,-0.03971405877680699,-0.07942811755361398,-38.769999999999996,1,1
Morarjee Text.,124.85432098765433,0.9523809523809523,-65.61,-0.03980891719745223,-0.03980891719745223,-0.07961783439490445,-65.42,0,1
Shah Alloys,14.404718693284938,0.8333333333333334,-34.52,-0.04040404040404041,-0.04040404040404041,-0.08080808080808081,-34.480000000000004,1,1
Shanti Overseas,1.370716510903427,0.3424657534246575,-37.49,-0.04116920543433512,-0.04116920543433512,-0.08233841086867023,-39.03,1,0
Ortin Global,0.6595744680851064,0.3246753246753247,-40.4,-0.0414765657403567,-0.0414765657403567,-0.0829531314807134,-41.76,1,0
Oxygenta Pharma,20.230555555555554,0.7042253521126761,-37.59,-0.041788549937317176,-0.041788549937317176,-0.08357709987463435,-37.769999999999996,0,0
Alliance Integ.,28.9518779342723,0.8547008547008548,-46.220000000000006,-0.042247570764681025,-0.042247570764681025,-0.08449514152936205,-46.150000000000006,0,1
Solve Plastic,2.659313725490196,0.4484304932735426,-45.1,-0.042247570764681025,-0.042247570764681025,-0.08449514152936205,-45.290000000000006,1,0
Hipolin,0.24162679425837322,0.5263157894736842,-46.300000000000004,-0.04230118443316413,-0.04230118443316413,-0.08460236886632826,-47.06,1,0
Fraser & Company,0.5517241379310345,0.41493775933609955,-35.64,-0.04231908590774439,-0.04231908590774439,-0.08463817181548879,-36.86,1,0
Keerthi Indus,9.843694493783305,0.6134969325153374,-38.96,-0.042498937526561836,-0.042498937526561836,-0.08499787505312367,-37.910000000000004,0,1
Grill Splendour,0.7239819004524888,0.45454545454545453,-41.88,-0.042498937526561836,-0.042498937526561836,-0.08499787505312367,-42.94,1,0
Shree Ram Prote.,11.798076923076923,0.38167938931297707,-48.12,-0.04357298474945534,-0.04357298474945534,-0.08714596949891068,-47.769999999999996,0,0
Max India Ltd,1.5843701399688959,0.33003300330033003,-41.449999999999996,-0.04418912947414936,-0.04418912947414936,-0.08837825894829872,-43.04,1,0
Hanman Fit,0.0,0.8064516129032259,-42.44,-0.04452359750667854,-0.04452359750667854,-0.08904719501335707,-42.68,1,0
Shriram AMC,0.0,0.591715976331361,-44.92,-0.04512635379061372,-0.04512635379061372,-0.09025270758122744,-45.61,1,0
V R Films & Stud,2.127272727272727,0.390625,-39.19,-0.04526935264825713,-0.04526935264825713,-0.09053870529651425,-39.79,0,0
Vadivarhe Speci.,3.849079754601227,0.5988023952095809,-44.02,-0.04616805170821791,-0.04616805170821791,-0.09233610341643582,-44.45,1,0
Banas Finance,0.46774193548387094,0.0049838026414154,161.67000000000002,-0.04625346901017576,-0.04625346901017576,-0.09250693802035152,-37.980000000000004,1,0
Yunik Managing,0.0,0.373134328358209,-34.07,-0.047125353440150806,-0.047125353440150806,-0.09425070688030161,-35.75,1,0
Kati patang Life,5.858407079646018,0.13661202185792348,-31.089999999999996,-0.04743833017077799,-0.04743833017077799,-0.09487666034155598,-36.83,1,0
Shivamshree Busi,0.3995433789954338,0.3968253968253968,-30.44,-0.04757373929590866,-0.04757373929590866,-0.09514747859181732,-31.73,0,0
Omnipotent,0.08823529411764706,0.3424657534246575,-39.76,-0.04819277108433735,-0.04819277108433735,-0.0963855421686747,-41.67,1,0
Natl. Oxygen,21.423728813559325,0.6578947368421053,-42.77,-0.04868549172346641,-0.04868549172346641,-0.09737098344693282,-43.05,1,1
Suncity Synth.,0.06756756756756756,0.625,-32.84,-0.04901960784313726,-0.04901960784313726,-0.09803921568627452,-33.2,0,0
Wherrelz IT,0.0,0.1841620626151013,-37.629999999999995,-0.0496031746031746,-0.0496031746031746,-0.0992063492063492,-42.06,1,0
Astron Paper,15.422535211267604,0.6134969325153374,-42.91,-0.051733057423693746,-0.051733057423693746,-0.10346611484738749,-42.599999999999994,0,1
Avasara Finance,0.0,0.48780487804878053,-35.379999999999995,-0.05213764337851929,-0.05213764337851929,-0.10427528675703858,-36.43,1,1
Cinevista,6.454802259887006,0.3846153846153846,-38.28999999999999,-0.052882072977260705,-0.052882072977260705,-0.10576414595452141,-39.45,0,0
Fynx Capital,4.040214477211796,0.3067484662576687,-36.45,-0.055991041433370664,-0.055991041433370664,-0.11198208286674133,-37.83,1,0
Cambridge Tech.,1.500940910801656,0.34602076124567477,-38.49,-0.056211354693648116,-0.056211354693648116,-0.11242270938729623,-39.2,0,0
NRB Indl Bearing,6.423343224530169,0.5988023952095809,-41.940000000000005,-0.05659309564233163,-0.05659309564233163,-0.11318619128466326,-42.370000000000005,1,1
Daikaffil Chem,0.0,0.373134328358209,-30.259999999999998,-0.05691519635742743,-0.05691519635742743,-0.11383039271485486,-31.939999999999998,1,0
Kuberan Global,0.03389830508474576,0.05714285714285714,-20.36,-0.05807200929152149,-0.05807200929152149,-0.11614401858304298,-36.84,1,0
IL&FS Transport,766.0513580246914,0.9345794392523364,-24.889999999999997,-0.05837711617046118,-0.05837711617046118,-0.11675423234092236,-24.72,1,1
Eurotex Industri,13.475471698113209,0.7751937984496123,-26.68,-0.05858230814294083,-0.05858230814294083,-0.11716461628588166,-26.73,1,1
Blue Chip India,1.4705882352941175,0.9009009009009008,-20.069999999999997,-0.05913660555884092,-0.05913660555884092,-0.11827321111768184,-19.94,1,0
Crescentis Capital,0.0,0.012433171702101205,45.14,-0.05938242280285036,-0.05938242280285036,-0.11876484560570072,-34.29,1,0
SecureKloud Tech,2.1211023938845304,0.7194244604316546,-38.660000000000004,-0.060422960725075525,-0.060422960725075525,-0.12084592145015105,-38.81,1,0
Pharmaids Pharma,1.342895263509006,0.5524861878453039,-29.71,-0.06086427267194157,-0.06086427267194157,-0.12172854534388314,-30.13,1,0
Adarsh Plant,3.4649681528662426,0.5181347150259067,-47.28,-0.06093845216331505,-0.06093845216331505,-0.1218769043266301,-30.66,1,0
Libord Securitie,0.0,0.023809523809523808,7.059999999999999,-0.062150403977625855,-0.062150403977625855,-0.12430080795525171,-33.94,1,0
Aerpace Indus,3.5528455284552845,0.7575757575757576,-33.92,-0.06253908692933084,-0.06253908692933084,-0.12507817385866168,-33.739999999999995,1,0
Cadsys (India),23.4760147601476,0.18181818181818182,-39.22,-0.06285355122564425,-0.06285355122564425,-0.1257071024512885,-34.879999999999995,1,0
Asian Petroprod.,1.5087719298245612,0.45454545454545453,-21.18,-0.06447453255963893,-0.06447453255963893,-0.12894906511927787,-21.8,1,0
Phaarmasia,0.0,0.5681818181818182,-21.71,-0.06464124111182935,-0.06464124111182935,-0.1292824822236587,-22.47,1,0
Umiya Tubes,0.06837606837606838,0.17793594306049823,-26.93,-0.0646830530401035,-0.0646830530401035,-0.129366106080207,-31.53,0,0
Tierra Agrotech,0.5825433148087611,0.4,-22.26,-0.0651890482398957,-0.0651890482398957,-0.1303780964797914,-23.59,1,1
Galada Power,4.081818181818182,0.7352941176470589,-31.06,-0.0662251655629139,-0.0662251655629139,-0.1324503311258278,-31.18,1,1
Gogia Capital,0.0,0.0449034575662326,-9.680000000000001,-0.06635700066357,-0.06635700066357,-0.13271400132714,-30.950000000000003,1,0
Cupid Breweries,0.7744360902255639,0.4184100418410042,-27.85,-0.06635700066357,-0.06635700066357,-0.13271400132714,-29.23,1,0
Naturite Agro,0.9794696321642429,0.46511627906976744,-26.6,-0.06635700066357,-0.06635700066357,-0.13271400132714,-26.740000000000002,1,0
Pearl Polymers,0.0,0.125,-22.04,-0.06697923643670463,-0.06697923643670463,-0.13395847287340926,-29.04,1,0
Relic Tech.,1.7372262773722627,0.1706484641638225,-26.59,-0.06724949562878278,-0.06724949562878278,-0.13449899125756556,-31.29,1,0
K G Denim,88.92753623188406,0.49019607843137253,-39.48,-0.06734006734006734,-0.06734006734006734,-0.13468013468013468,-30.98,1,1
Srestha Finvest,0.879816513761468,0.06561679790026247,-18.759999999999998,-0.0673854447439353,-0.0673854447439353,-0.1347708894878706,-32.71,1,1
Manugraph India,4.511278195488722,0.5235602094240838,-25.040000000000003,-0.06835269993164729,-0.06835269993164729,-0.13670539986329458,-25.85,1,1
Cybele Industrie,3.925975773889637,0.11848341232227487,-25.7,-0.06854009595613433,-0.06854009595613433,-0.13708019191226867,-32.61,1,0
Cerebra Integr.,7.948176583493281,0.4807692307692307,-25.04,-0.06939625260235947,-0.06939625260235947,-0.13879250520471895,-25.83,0,1
GTT Data,1.4603921568627451,0.41493775933609955,-31.35,-0.06968641114982578,-0.06968641114982578,-0.13937282229965156,-32.55,1,0
Clenon Enterpri,5.720588235294119,0.06097560975609757,-18.34,-0.0708215297450425,-0.0708215297450425,-0.141643059490085,-32.47,1,0
Rap Corp,1.8792613636363638,0.017985611510791366,33.56,-0.07122507122507123,-0.07122507122507123,-0.14245014245014245,-20.799999999999997,1,0
Global Infratech,0.06277141729174893,0.00047664442326024784,2067.71,-0.07320644216691069,-0.07320644216691069,-0.14641288433382138,-29.21,0,0
TCI Industries,0.6881355932203389,0.5780346820809249,-27.740000000000002,-0.07336757153338225,-0.07336757153338225,-0.1467351430667645,-28.33,1,0
Khandwala Sec.,0.5697211155378487,0.390625,-23.060000000000002,-0.07401924500370097,-0.07401924500370097,-0.14803849000740193,-24.52,0,1
Fourth Gen.,2.6216216216216215,0.625,-33.64,-0.07407407407407407,-0.07407407407407407,-0.14814814814814814,-34.0,1,0
Visagar Polytex,5.894230769230769,-0.029895366218236172,-95.47,-0.07451564828614009,-0.07451564828614009,-0.14903129657228018,-34.37,1,0
Ramasigns Indus.,9.174311926605505,0.4016064257028112,-22.67,-0.07518796992481203,-0.07518796992481203,-0.15037593984962405,-23.020000000000003,1,0
VK Global,0.0,0.021621621621621623,16.759999999999998,-0.0755287009063444,-0.0755287009063444,-0.1510574018126888,-28.490000000000002,1,0
Alan Scott Ente.,4.373134328358209,0.36496350364963503,-27.13,-0.07570022710068129,-0.07570022710068129,-0.15140045420136258,-27.42,1,0
GCM Securit.,5.062992125984252,0.7246376811594204,-24.650000000000002,-0.07621951219512195,-0.07621951219512195,-0.1524390243902439,-24.59,1,0
T. Spiritual,0.0,0.8264462809917356,-27.57,-0.07698229407236336,-0.07698229407236336,-0.15396458814472672,-27.78,1,0
Bloom Dekor,10.201612903225806,0.4739336492890995,-16.97,-0.07757951900698215,-0.07757951900698215,-0.1551590380139643,-17.84,1,0
Global Longlife,0.0,0.00046146746654360867,2138.72,-0.07880220646178093,-0.07880220646178093,-0.15760441292356187,-27.28,0,0
Piccadily Sugar,1.0647655872402126,0.7462686567164178,-18.939999999999998,-0.07898894154818326,-0.07898894154818326,-0.1579778830963665,-17.56,0,0
Purohit Const.,0.27619047619047615,0.18248175182481752,-20.86,-0.07936507936507936,-0.07936507936507936,-0.15873015873015872,-25.17,1,0
Winsome Yarns,28.167004048582996,0.9615384615384615,-22.26,-0.07993605115907275,-0.07993605115907275,-0.1598721023181455,-22.060000000000002,0,0
Aksh Optifibre,4.962779156327544,0.6134969325153374,-22.639999999999997,-0.08032128514056225,-0.08032128514056225,-0.1606425702811245,-23.03,1,1
Ortel Commu.,61.94609164420485,0.8771929824561403,-19.23,-0.08051529790660225,-0.08051529790660225,-0.1610305958132045,-19.13,0,1
Prashant India,14.578947368421053,0.9615384615384615,-22.830000000000002,-0.08110300081103,-0.08110300081103,-0.16220600162206,-22.630000000000003,1,1
Supra Trends,2.143603133159269,0.11778563015312131,-18.240000000000002,-0.08176614881439084,-0.08176614881439084,-0.1635322976287817,-25.12,1,1
Celebrity Fash.,13.705159705159705,0.5376344086021506,-30.58,-0.08210180623973727,-0.08210180623973727,-0.16420361247947454,-25.79,0,1
Purple Finance,1.0757633346002786,0.22883295194508008,-24.200000000000003,-0.08216926869350863,-0.08216926869350863,-0.16433853738701726,-26.79,1,0
Benara Bearings,21.329931972789115,0.6896551724137931,-45.79,-0.08264462809917356,-0.08264462809917356,-0.1652892561983471,-46.0,1,1
Restile Ceramics,18.372549019607842,0.9615384615384615,-25.56,-0.08347245409015025,-0.08347245409015025,-0.1669449081803005,-25.36,1,1
Xelpmoc Design,0.04770017035775128,0.10741138560687433,-16.15,-0.08368200836820085,-0.08368200836820085,-0.1673640167364017,-24.46,1,0
Sparkle GoldRock,0.8928571428571429,0.4807692307692307,-19.68,-0.08382229673093043,-0.08382229673093043,-0.16764459346186086,-20.22,1,0
Gallops Enterp.,0.0,0.047619047619047616,-5.1,-0.0846740050804403,-0.0846740050804403,-0.1693480101608806,-25.1,1,0
Shalimar Paints,3.1806743834927027,0.5050505050505051,-24.18,-0.0847457627118644,-0.0847457627118644,-0.1694915254237288,-24.490000000000002,1,0
MPIL Corporation,0.10555555555555556,0.5747126436781609,-22.89,-0.08481764206955048,-0.08481764206955048,-0.16963528413910095,-23.619999999999997,1,0
Raj Television,3.9724473257698545,0.4566210045662101,-22.98,-0.08547008547008547,-0.08547008547008547,-0.17094017094017094,-23.97,1,0
SEL Mfg. Co,14.238088235294118,0.970873786407767,-30.09,-0.08605851979345956,-0.08605851979345956,-0.17211703958691912,-29.880000000000003,0,1
ISL Consulting,0.0,0.005012531328320802,173.91,-0.08718395815170009,-0.08718395815170009,-0.17436791630340018,-24.59,1,0
Parmax Pharma,5.872448979591836,0.5524861878453039,-17.869999999999997,-0.08733624454148473,-0.08733624454148473,-0.17467248908296945,-18.439999999999998,1,0
Aimco Pesticides,4.554347826086957,0.5319148936170213,-16.68,-0.08756567425569177,-0.08756567425569177,-0.17513134851138354,-16.87,0,1
Shashijit Infra.,2.0376470588235294,0.43859649122807015,-20.96,-0.08865248226950355,-0.08865248226950355,-0.1773049645390071,-21.67,1,0
Arcee Industries,0.1764705882352941,0.3717472118959108,-13.23,-0.09033423667570009,-0.09033423667570009,-0.18066847335140018,-14.86,1,0
Golden Legand Ls,0.16236162361623616,0.6493506493506493,-17.69,-0.09337068160597571,-0.09337068160597571,-0.18674136321195142,-18.21,1,1
I Power Solution,0.03636363636363636,0.17543859649122806,-19.180000000000003,-0.09407337723424271,-0.09407337723424271,-0.18814675446848542,-23.87,1,0
Vanta Bioscience,8.964809384164223,0.5555555555555556,-27.889999999999997,-0.0945179584120983,-0.0945179584120983,-0.1890359168241966,-27.1,1,1
Thrive Future Habitats,0.0,0.2597402597402597,-17.04,-0.09578544061302682,-0.09578544061302682,-0.19157088122605365,-19.89,1,0
Compuage Info.,3.254834870574234,0.6060606060606061,-29.27,-0.09718172983479106,-0.09718172983479106,-0.19436345966958213,-24.21,1,0
Kairosoft AI,0.11176470588235295,0.0947867298578199,-12.04,-0.09900990099009901,-0.09900990099009901,-0.19801980198019803,-21.59,1,0
Loyal Textile,2.2213719962411065,0.5617977528089888,-23.85,-0.09900990099009901,-0.09900990099009901,-0.19801980198019803,-23.259999999999998,0,0
Ind-Agiv Commer.,0.0,0.41152263374485604,-15.12,-0.09900990099009901,-0.09900990099009901,-0.19801980198019803,-16.31,1,0
Delta Manufact.,14.864077669902914,0.6172839506172839,-28.52,-0.0992063492063492,-0.0992063492063492,-0.1984126984126984,-26.05,1,1
Digikore Studios,1.7901396160558463,0.39525691699604737,-20.71,-0.09940357852882703,-0.09940357852882703,-0.19880715705765406,-21.240000000000002,1,0
Orosil Smiths,0.00980392156862745,0.7194244604316546,11.260000000000002,-0.10050251256281408,-0.10050251256281408,-0.20100502512562815,10.870000000000001,0,0
Kalpa Commer.,0.03676470588235295,0.1342281879194631,-15.46,-0.1006036217303823,-0.1006036217303823,-0.2012072434607646,-21.91,1,0
Sturdy Industrie,50.11931818181818,0.9009009009009008,-18.919999999999998,-0.10101010101010101,-0.10101010101010101,-0.20202020202020202,-18.79,0,1
Spel Semiconduct,10.03370786516854,0.6211180124223603,-28.77,-0.10152284263959391,-0.10152284263959391,-0.20304568527918782,-16.92,1,1
Future Enterp.,5.031188229590124,0.9803921568627451,-20.959999999999997,-0.1016260162601626,-0.1016260162601626,-0.2032520325203252,-20.740000000000002,0,1
Rollatainers,2.3621052631578947,0.9900990099009901,-13.610000000000001,-0.10183299389002036,-0.10183299389002036,-0.20366598778004072,-13.38,1,0
Revati Media,1.4573643410852712,0.25,-20.75,-0.10214504596527069,-0.10214504596527069,-0.20429009193054137,-21.28,1,0
Kshitij Polyline,1.1671858774662511,0.19305019305019305,-17.21,-0.10245901639344263,-0.10245901639344263,-0.20491803278688525,-21.2,1,0
Yuranus Infrast.,1.098901098901099,0.37878787878787884,-18.52,-0.10277492291880781,-0.10277492291880781,-0.20554984583761562,-19.41,1,0
Cura Tech.,0.6656394453004623,0.7936507936507936,-17.7,-0.10319917440660475,-0.10319917440660475,-0.2063983488132095,-17.41,0,0
Tradewell Hold,4.768421052631579,0.4,-18.330000000000002,-0.10330578512396695,-0.10330578512396695,-0.2066115702479339,-18.03,0,0
Waterbase,3.682422451994092,0.42016806722689076,-17.029999999999998,-0.10395010395010396,-0.10395010395010396,-0.2079002079002079,-18.07,1,0
Bijoy Hans,0.0,0.017340038148083926,34.21,-0.10416666666666667,-0.10416666666666667,-0.20833333333333334,-22.46,1,1
Vivo Collaborat.,0.0,0.09285051067780874,-10.56,-0.10460251046025104,-0.10460251046025104,-0.20920502092050208,-20.33,1,0
M M Rubber,3.2326283987915407,0.5434782608695653,-21.48,-0.10471204188481674,-0.10471204188481674,-0.20942408376963348,-21.57,1,0
Omkar Spl.Chem.,119.3174603174603,0.8695652173913044,-26.529999999999998,-0.10493179433368312,-0.10493179433368312,-0.20986358866736624,-26.439999999999998,1,0
Andhra Cements,15.379190751445089,0.7246376811594204,-35.94,-0.10504201680672269,-0.10504201680672269,-0.21008403361344538,-24.1,0,1
Drone Destinatio,3.070080862533693,0.25839793281653745,-16.979999999999997,-0.10504201680672269,-0.10504201680672269,-0.21008403361344538,-19.29,1,0
Neueon Corporation,0.042679003396401606,0.17793594306049823,-13.24,-0.10672358591248667,-0.10672358591248667,-0.21344717182497333,-17.799999999999997,1,1
Ace Integrated,0.09649122807017543,0.03635041802980734,9.06,-0.1075268817204301,-0.1075268817204301,-0.2150537634408602,-17.44,1,1
Tapi Fruit,2.153153153153153,0.5586592178770949,-20.1,-0.10775862068965518,-0.10775862068965518,-0.21551724137931036,-20.240000000000002,0,0
Indo-City Info.,0.0,0.009845426799251749,80.03,-0.10845986984815617,-0.10845986984815617,-0.21691973969631234,-20.54,1,0
Aanchal Ispat,0.0,0.4854368932038835,-10.120000000000001,-0.10857763300760043,-0.10857763300760043,-0.21715526601520085,-11.180000000000001,1,0
Norris Medicines,14.218543046357615,0.6369426751592357,-18.66,-0.10952902519167579,-0.10952902519167579,-0.21905805038335158,-18.990000000000002,1,1
Northlink Fiscal,0.4850299401197605,0.2066115702479339,-17.75,-0.10989010989010989,-0.10989010989010989,-0.21978021978021978,-21.42,1,0
Jagsonpal Services,0.0,0.2061855670103093,-15.620000000000001,-0.11037527593818984,-0.11037527593818984,-0.22075055187637968,-19.47,1,0
BNR Udyog,0.0,0.05120327700972862,3.4300000000000033,-0.11061946902654868,-0.11061946902654868,-0.22123893805309736,-15.099999999999998,1,0
Innocorp,3.268292682926829,0.4347826086956522,-22.95,-0.1111111111111111,-0.1111111111111111,-0.2222222222222222,-22.380000000000003,1,0
Brooks Lab.,2.15702479338843,0.3663003663003663,-17.6,-0.11198208286674133,-0.11198208286674133,-0.22396416573348266,-19.259999999999998,0,0
Gem Spinners,0.0,0.37878787878787884,-18.09,-0.11210762331838565,-0.11210762331838565,-0.2242152466367713,-19.490000000000002,1,0
Olympic Cards,5.727710843373494,0.48780487804878053,-18.289999999999996,-0.1122334455667789,-0.1122334455667789,-0.2244668911335578,-19.1,0,1
Accord Synergy,0.22049689440993786,0.19157088122605365,-13.96,-0.1122334455667789,-0.1122334455667789,-0.2244668911335578,-18.130000000000003,1,0
Paul Merchants,0.026779547733095686,0.07183908045977011,-3.17,-0.11312217194570136,-0.11312217194570136,-0.22624434389140272,-16.08,0,1
MPS Pharmaa,4.78343949044586,0.8,-30.43,-0.11376564277588169,-0.11376564277588169,-0.22753128555176338,-19.13,1,0
Spencer's Retail,44.31970840926842,0.8130081300813008,-27.49,-0.1146788990825688,-0.1146788990825688,-0.2293577981651376,-27.480000000000004,0,1
Lloyds Luxuries,0.0,0.3717472118959108,-17.439999999999998,-0.1152073732718894,-0.1152073732718894,-0.2304147465437788,-19.13,1,0
Trinity League,0.0,0.015748031496062992,42.699999999999996,-0.11534025374855825,-0.11534025374855825,-0.2306805074971165,-19.8,1,0
Indergiri Fin.,0.9825072886297376,0.9433962264150942,-32.57,-0.11547344110854503,-0.11547344110854503,-0.23094688221709006,-20.490000000000002,1,0
Praxis Home,5.621270621270622,0.4184100418410042,-21.660000000000004,-0.11587485515643105,-0.11587485515643105,-0.2317497103128621,-19.950000000000003,1,1
Next Mediaworks,25.762237762237767,0.5,-91.43999999999998,-0.11976047904191617,-0.11976047904191617,-0.23952095808383234,-92.19999999999999,1,1
Shemaroo Entert.,3.9051871306631645,0.373134328358209,-17.36,-0.12033694344163658,-0.12033694344163658,-0.24067388688327315,-18.259999999999998,0,0
Bharat Immunolog,6.253994953742641,0.7518796992481203,-18.44,-0.12091898428053205,-0.12091898428053205,-0.2418379685610641,-17.83,0,1
Steelco Gujarat,18.19551282051282,0.5208333333333334,-24.88,-0.12091898428053205,-0.12091898428053205,-0.2418379685610641,-21.67,0,1
Innovassynth Technologies,2.809248554913295,0.9900990099009901,-19.040000000000003,-0.12224938875305624,-0.12224938875305624,-0.24449877750611249,-18.89,1,0
HB Stockholdings,2.1897163120567376,0.15384615384615385,-14.750000000000002,-0.12285012285012284,-0.12285012285012284,-0.24570024570024568,-20.12,1,1
Anjani Portland,43.30654205607477,0.6578947368421053,-19.18,-0.12391573729863692,-0.12391573729863692,-0.24783147459727384,-17.439999999999998,0,1
Ashiana Ispat,5.8486646884272995,0.5154639175257733,-16.599999999999998,-0.12468827930174564,-0.12468827930174564,-0.24937655860349128,-17.299999999999997,0,1
Kerala Ayurveda,14.502572898799313,0.6802721088435374,-34.69,-0.12484394506866417,-0.12484394506866417,-0.24968789013732834,-19.67,0,1
Aplab,9.27681660899654,0.4464285714285714,-8.63,-0.1278772378516624,-0.1278772378516624,-0.2557544757033248,-8.450000000000001,0,0
Rajasthan Cylind,0.1627906976744186,0.4273504273504274,-12.139999999999999,-0.1283697047496791,-0.1283697047496791,-0.2567394094993582,-13.459999999999999,1,0
Wardwizard Foods,11.397260273972604,0.4098360655737705,-17.62,-0.12853470437017997,-0.12853470437017997,-0.25706940874035994,-18.64,1,0
India Homes,11.613480055020634,0.6666666666666666,-16.08,-0.1288659793814433,-0.1288659793814433,-0.2577319587628866,-12.7,1,1
Steelman Telecom,10.423487544483987,0.5154639175257733,-17.28,-0.1314060446780552,-0.1314060446780552,-0.2628120893561104,-15.48,1,0
Inspire Films,14.694444444444443,0.30303030303030304,-17.59,-0.13175230566534915,-0.13175230566534915,-0.2635046113306983,-19.3,1,0
Noida Tollbridg.,2.661910669975186,0.628930817610063,-13.620000000000001,-0.1324503311258278,-0.1324503311258278,-0.2649006622516556,-13.97,0,0
Vista Pharma.,1.0651629072681703,0.4694835680751174,-15.45,-0.13280212483399736,-0.13280212483399736,-0.26560424966799473,-16.39,1,0
Landmark Prop.,0.0,0.18083182640144665,-12.71,-0.13315579227696406,-0.13315579227696406,-0.2663115845539281,-17.240000000000002,1,0
Shentracon Chem.,1.3176470588235294,0.26666666666666666,-14.46,-0.13351134846461948,-0.13351134846461948,-0.26702269692923897,-16.97,1,0
Oil Country,0.7900920927278501,0.2169197396963124,-12.69,-0.1349527665317139,-0.1349527665317139,-0.2699055330634278,-16.19,0,0
Walchan. Inds.,11.676293622142,0.45248868778280543,-18.289999999999996,-0.1364256480218281,-0.1364256480218281,-0.2728512960436562,-18.939999999999998,0,1
Orchasp Ltd,0.0,0.41152263374485604,-12.36,-0.13774104683195593,-0.13774104683195593,-0.27548209366391185,-13.79,1,0
Zodiac Cloth. Co,7.569813829787234,0.49504950495049505,-17.8,-0.1392757660167131,-0.1392757660167131,-0.2785515320334262,-18.2,1,1
Organic Coatings,4.396825396825397,0.5555555555555556,-23.26,-0.13986013986013984,-0.13986013986013984,-0.2797202797202797,-19.54,1,1
Advance Meter.,3.8693877551020406,0.2631578947368421,-14.030000000000001,-0.1402524544179523,-0.1402524544179523,-0.2805049088359046,-16.62,1,0
Nakoda Group,5.710743801652892,0.3278688524590164,-15.299999999999999,-0.1406469760900141,-0.1406469760900141,-0.2812939521800282,-16.93,1,0
The Ravalgaon,0.23769100169779286,0.78125,-14.679999999999998,-0.14084507042253522,-0.14084507042253522,-0.28169014084507044,-14.86,1,0
Bodhtree Consul.,0.09811320754716982,0.09380863039399624,-6.6,-0.14084507042253522,-0.14084507042253522,-0.28169014084507044,-16.25,1,0
Vivimed Labs.,139.6509090909091,0.5617977528089888,-10.979999999999999,-0.14084507042253522,-0.14084507042253522,-0.28169014084507044,-11.52,1,1
Dhanlaxmi Fabric,0.0,0.19762845849802374,-12.100000000000001,-0.14144271570014144,-0.14144271570014144,-0.2828854314002829,-16.16,1,0
Ekam Leasing,1.1036585365853657,0.3846153846153846,-15.800000000000002,-0.14388489208633093,-0.14388489208633093,-0.28776978417266186,-17.16,1,0
Sparc Electrex,0.038560411311053984,0.15698587127158556,-9.83,-0.14450867052023122,-0.14450867052023122,-0.28901734104046245,-15.19,1,0
Kabra Drugs,0.08231173380035026,0.3484320557491289,-13.29,-0.14662756598240467,-0.14662756598240467,-0.29325513196480935,-15.14,1,0
Standard Inds.,1.5,0.2710027100271003,-13.370000000000001,-0.14684287812041116,-0.14684287812041116,-0.2936857562408223,-16.04,1,0
Shamrock Indl.,0.0,0.21321961620469085,-11.76,-0.14749262536873156,-0.14749262536873156,-0.2949852507374631,-15.45,1,0
Mefcom Capital,1.3094462540716612,0.2717391304347826,-14.43,-0.14836795252225518,-0.14836795252225518,-0.29673590504451036,-16.59,1,0
Skyline Ventures,1.0841121495327102,0.22522522522522526,-11.46,-0.14925373134328357,-0.14925373134328357,-0.29850746268656714,-14.58,1,0
Sayaji Industr,7.968677494199537,0.6451612903225806,-18.05,-0.1510574018126888,-0.1510574018126888,-0.3021148036253776,-15.100000000000001,1,1
Banka Bioloo,17.32085561497326,0.45248868778280543,-18.24,-0.151285930408472,-0.151285930408472,-0.302571860816944,-18.39,1,0
Yash Innoventure,2.4346793349168645,0.4273504273504274,-18.640000000000004,-0.1519756838905775,-0.1519756838905775,-0.303951367781155,-18.54,1,0
Jetmall Spices,0.0,0.0011723329425556857,837.3900000000001,-0.1524390243902439,-0.1524390243902439,-0.3048780487804878,-14.61,1,0
Baron Infotech,1.0891089108910892,0.8695652173913044,-17.11,-0.15267175572519084,-0.15267175572519084,-0.3053435114503817,-17.02,1,0
Alchemist Corp.,0.0,0.23094688221709006,-11.75,-0.15503875968992248,-0.15503875968992248,-0.31007751937984496,-15.08,1,1
Puretrop Fruits,0.053514180024660914,0.1394700139470014,5.840000000000002,-0.15748031496062992,-0.15748031496062992,-0.31496062992125984,-0.3099999999999996,0,0
Aditya Ispat,3.7138810198300285,0.5319148936170213,-21.74,-0.15772870662460567,-0.15772870662460567,-0.31545741324921134,-18.17,0,0
Globus Power,0.0,0.7142857142857143,-12.39,-0.1589825119236884,-0.1589825119236884,-0.3179650238473768,-12.79,0,0
Golech.Glob.Fin.,0.0,0.006309148264984227,143.44,-0.1592356687898089,-0.1592356687898089,-0.3184713375796178,-14.06,1,1
Bombay Wire,0.0,0.02121790791427965,22.57,-0.16260162601626016,-0.16260162601626016,-0.3252032520325203,-23.560000000000002,1,0
Sampre Nutrition,15.339449541284402,0.3367003367003367,-14.36,-0.1631321370309951,-0.1631321370309951,-0.3262642740619902,-16.16,1,0
ACE EduTremd Ltd,0.0,0.4464285714285714,-11.14,-0.16339869281045752,-0.16339869281045752,-0.32679738562091504,-12.379999999999999,1,0
JK Agri Genetics,0.06320541760722348,0.42372881355932196,-10.68,-0.16420361247947454,-0.16420361247947454,-0.3284072249589491,-12.04,0,0
Bohra Industries,0.8194444444444444,0.07575757575757576,-0.9700000000000002,-0.1663893510815308,-0.1663893510815308,-0.3327787021630616,-13.149999999999999,1,0
HB Leasing &Fin.,0.016077170418006433,0.13333333333333333,-6.489999999999999,-0.16863406408094436,-0.16863406408094436,-0.3372681281618887,-12.98,1,1
Ganesh Holdings,0.0,0.5,-12.79,-0.16863406408094436,-0.16863406408094436,-0.3372681281618887,-13.79,1,0
Jattashankar Ind,0.003968253968253968,0.0005373455131649651,1846.4399999999998,-0.16863406408094436,-0.16863406408094436,-0.3372681281618887,-13.559999999999999,1,0
Chambal Brewer,0.0,0.01904761904761905,37.76,-0.1694915254237288,-0.1694915254237288,-0.3389830508474576,-13.74,1,0
CLC Industries,2.7894505494505495,0.53475935828877,-25.18,-0.17123287671232876,-0.17123287671232876,-0.3424657534246575,-15.8,1,0
Andrew Yule & Co,9.989211618257261,0.5780346820809249,-10.12,-0.17152658662092624,-0.17152658662092624,-0.34305317324185247,-10.52,1,1
Oscar Global,0.0,0.011494252873563218,72.73,-0.17211703958691912,-0.17211703958691912,-0.34423407917383825,-13.27,1,0
Pro CLB,0.0,0.02032520325203252,35.010000000000005,-0.17482517482517484,-0.17482517482517484,-0.3496503496503497,-13.19,1,0
Suryavanshi Spg.,7.858333333333333,0.7874015748031495,-33.77,-0.17543859649122806,-0.17543859649122806,-0.3508771929824561,-33.800000000000004,1,1
Bhagawati Oxygen,0.4166666666666667,0.4484304932735426,-9.62,-0.17605633802816903,-0.17605633802816903,-0.35211267605633806,-10.69,1,1
Salem Erode Inv.,0.2949438202247191,0.42194092827004215,-16.599999999999998,-0.1763668430335097,-0.1763668430335097,-0.3527336860670194,-17.91,0,0
Yash Mgmt & Sat.,0.6223506743737958,0.15015015015015015,-7.8100000000000005,-0.18214936247723132,-0.18214936247723132,-0.36429872495446264,-13.32,0,1
Subex,2.7627906976744185,0.2801120448179272,-11.04,-0.1838235294117647,-0.1838235294117647,-0.3676470588235294,-13.52,0,0
Shreyas Interm.,3.293617021276596,0.19193857965451055,-8.48,-0.18726591760299627,-0.18726591760299627,-0.37453183520599254,-12.2,1,0
Tasty Dairy,4.614018691588785,0.8403361344537815,-24.099999999999998,-0.18726591760299627,-0.18726591760299627,-0.37453183520599254,-24.05,0,1
Eastern Treads,23.732876712328768,0.6493506493506493,-14.78,-0.18832391713747648,-0.18832391713747648,-0.37664783427495296,-15.079999999999998,1,1
A B M Internatl.,6.394618834080718,0.4424778761061947,-9.649999999999999,-0.19047619047619047,-0.19047619047619047,-0.38095238095238093,-9.82,1,1
Hi-Klass Trading,3.654618473895582,0.3424657534246575,-10.32,-0.19047619047619047,-0.19047619047619047,-0.38095238095238093,-11.49,1,0
Flex Foods,91.63963963963964,0.5494505494505495,-29.15,-0.19305019305019305,-0.19305019305019305,-0.3861003861003861,-14.51,1,1
Cemantic Infra,1.7006802721088436,0.4629629629629629,-11.139999999999999,-0.19455252918287938,-0.19455252918287938,-0.38910505836575876,-11.28,1,0
Rapicut Carbides,1.3224489795918368,0.32894736842105265,-11.860000000000001,-0.19569471624266144,-0.19569471624266144,-0.3913894324853229,-13.57,1,0
Lynx Machinery,5.363636363636364,0.02627430373095113,18.790000000000003,-0.1972386587771203,-0.1972386587771203,-0.3944773175542406,-18.03,1,0
Ashoka Refinerie,0.11904761904761904,0.2,-8.13,-0.19762845849802374,-0.19762845849802374,-0.3952569169960475,-12.07,1,0
Akshar Spintex,0.15996074582924436,0.1314060446780552,-4.619999999999999,-0.1996007984031936,-0.1996007984031936,-0.3992015968063872,-11.17,1,0
GKB Ophthalmics,3.309255079006772,0.4,-10.709999999999999,-0.2,-0.2,-0.4,-11.93,1,0
PBM Polytex,0.5370650529500756,0.16556291390728478,-5.33,-0.2004008016032064,-0.2004008016032064,-0.4008016032064128,-10.34,1,0
Tusaldah,0.4513274336283186,0.29069767441860467,-9.57,-0.2012072434607646,-0.2012072434607646,-0.4024144869215292,-11.379999999999999,1,0
Turner Industrie,0.39,0.9259259259259258,-15.29,-0.20242914979757085,-0.20242914979757085,-0.4048582995951417,-11.82,1,0
Boston Commerce,0.8533094812164579,0.5376344086021506,-10.15,-0.20449897750511248,-0.20449897750511248,-0.40899795501022496,-10.21,1,0
ACI Infocom,0.0,0.021953896816684963,32.98,-0.20449897750511248,-0.20449897750511248,-0.40899795501022496,-11.57,1,0
K-Lifestyle,288.72566371681415,0.9009009009009008,-31.419999999999998,-0.2061855670103093,-0.2061855670103093,-0.4123711340206186,-31.29,1,1
Vallabh Steels,45.42156862745098,0.9259259259259258,-11.360000000000001,-0.2114164904862579,-0.2114164904862579,-0.4228329809725158,-11.2,1,1
Indian Acrylics,18.363377609108163,0.5464480874316939,-452.7,-0.21231422505307856,-0.21231422505307856,-0.42462845010615713,-13.64,1,1
Ahasolar Technol,0.08363636363636363,0.37735849056603776,-9.299999999999999,-0.21231422505307856,-0.21231422505307856,-0.42462845010615713,-10.93,1,1
Elango Industrie,0.0,0.22935779816513766,-6.970000000000001,-0.21413276231263384,-0.21413276231263384,-0.4282655246252677,-10.33,1,0
Shyam Century,0.44488188976377946,0.03581661891117478,16.069999999999997,-0.21413276231263384,-0.21413276231263384,-0.4282655246252677,-10.84,1,0
Krishna Vent.,0.0,0.08058017727639001,1.4900000000000002,-0.2150537634408602,-0.2150537634408602,-0.4301075268817204,-9.92,1,0
Innokaiz India,6.788135593220338,0.3115264797507788,-8.590000000000002,-0.21645021645021645,-0.21645021645021645,-0.4329004329004329,-10.42,1,0
Sanmitra Commerc,0.44881889763779526,0.2506265664160401,-7.94,-0.2183406113537118,-0.2183406113537118,-0.4366812227074236,-10.57,1,0
Rasandik Engg.,4.320353982300885,0.6211180124223603,-6.6899999999999995,-0.2192982456140351,-0.2192982456140351,-0.4385964912280702,-7.039999999999999,0,1
Cistro Telelink,0.009259259259259259,0.3424657534246575,-9.17,-0.21978021978021978,-0.21978021978021978,-0.43956043956043955,-11.09,1,1
Photon Capital,0.01360544217687075,0.005797101449275362,157.29,-0.21978021978021978,-0.21978021978021978,-0.43956043956043955,-14.21,1,0
Kandagiri Spinng,15.107692307692307,0.7194244604316546,-11.49,-0.22026431718061673,-0.22026431718061673,-0.44052863436123346,-11.64,1,1
Visa Steel,52.59758854559156,0.9615384615384615,-11.69,-0.2242152466367713,-0.2242152466367713,-0.4484304932735426,-11.49,0,1
MSR India,5.052287581699346,0.8849557522123894,-9.73,-0.2252252252252252,-0.2252252252252252,-0.4504504504504504,-9.620000000000001,1,1
Nectar Lifesci.,2.6920910584369864,0.8064516129032259,-11.13,-0.2293577981651376,-0.2293577981651376,-0.4587155963302752,-10.73,0,1
Panther Indl. Pr,7.2745098039215685,0.5988023952095809,-16.67,-0.23752969121140144,-0.23752969121140144,-0.4750593824228029,-10.34,1,1
Hind.Organ.Chem.,0.36745730550284633,0.22026431718061673,-8.73,-0.23809523809523808,-0.23809523809523808,-0.47619047619047616,-12.04,0,0
JHS Sven.Lab.,1.7135922330097089,0.2949852507374631,-12.13,-0.2386634844868735,-0.2386634844868735,-0.477326968973747,-14.46,1,0
Indian Terrain,5.390810276679843,0.36764705882352944,-12.979999999999999,-0.23980815347721823,-0.23980815347721823,-0.47961630695443647,-14.1,0,0
Chennai Meena,3.353312302839117,0.591715976331361,-10.74,-0.24154589371980678,-0.24154589371980678,-0.48309178743961356,-11.19,0,0
CDG Petchem,0.7007299270072993,0.07674597083653109,-14.540000000000001,-0.24390243902439027,-0.24390243902439027,-0.48780487804878053,-13.58,1,0
Filmcity Media,0.0,0.1941747572815534,-5.33,-0.24570024570024568,-0.24570024570024568,-0.49140049140049136,-9.48,1,0
Global Offshore,5.984630163304515,0.5102040816326531,-10.35,-0.24570024570024568,-0.24570024570024568,-0.49140049140049136,-10.84,0,1
Tijaria Polypipe,11.753246753246755,0.4854368932038835,-8.45,-0.2469135802469136,-0.2469135802469136,-0.4938271604938272,-9.27,1,1
JPT Securities,0.7745098039215687,0.8547008547008548,-7.82,-0.25125628140703515,-0.25125628140703515,-0.5025125628140703,-7.75,1,1
Oriental Trimex,0.03895222584147665,0.20202020202020202,-5.83,-0.25510204081632654,-0.25510204081632654,-0.5102040816326531,-9.75,1,0
Music Broadcast,7.563316297558206,0.35211267605633806,-8.49,-0.2564102564102564,-0.2564102564102564,-0.5128205128205128,-10.06,0,0
Universal Office,0.0,0.007462686567164179,123.3,-0.25706940874035994,-0.25706940874035994,-0.5141388174807199,-9.7,1,0
Inducto Steel,2.1390831390831395,0.4807692307692307,-11.69,-0.25706940874035994,-0.25706940874035994,-0.5141388174807199,-12.05,1,0
Lippi Systems,0.6925566343042072,0.24449877750611249,-5.02,-0.2577319587628866,-0.2577319587628866,-0.5154639175257733,-8.01,0,0
Alkali Metals,2.81055900621118,0.49504950495049505,-7.83,-0.25839793281653745,-0.25839793281653745,-0.5167958656330749,-8.42,0,0
Dhoot Indl.Fin,0.011076923076923076,0.04975124378109452,9.45,-0.25839793281653745,-0.25839793281653745,-0.5167958656330749,-9.65,1,0
Patspin India,33.43852459016394,0.9523809523809523,-16.54,-0.25906735751295334,-0.25906735751295334,-0.5181347150259067,-16.35,1,1
Globesecure Tech,0.26256983240223464,0.2857142857142857,-8.49,-0.25974025974025977,-0.25974025974025977,-0.5194805194805195,-10.84,1,0
Vikram Aroma,0.15573770491803277,0.5405405405405405,-8.559999999999999,-0.2610966057441253,-0.2610966057441253,-0.5221932114882506,-9.379999999999999,1,0
Bluechip Tex Ind,0.8,0.23923444976076558,-5.44,-0.26525198938992045,-0.26525198938992045,-0.5305039787798409,-8.51,0,0
Colorchips New,0.0,0.6024096385542168,-8.62,-0.26595744680851063,-0.26595744680851063,-0.5319148936170213,-9.28,1,0
Khoobsurat Ltd,0.0,0.12626262626262627,-2.71,-0.26666666666666666,-0.26666666666666666,-0.5333333333333333,-9.629999999999999,1,0
Sinnar Bidi Udy.,0.0,0.0573394495412844,9.540000000000003,-0.2688172043010753,-0.2688172043010753,-0.5376344086021506,-6.9,1,0
Kesoram Inds.,5.200573813249869,0.5988023952095809,260.7300000000001,-0.2695417789757412,-0.2695417789757412,-0.5390835579514824,260.64000000000004,0,0
Encash Entert.,0.0,0.021039343572480537,37.519999999999996,-0.27027027027027023,-0.27027027027027023,-0.5405405405405405,-9.01,1,0
Stanrose Mafat.,2.1153846153846154,0.38759689922480617,-7.91,-0.27100271002710025,-0.27100271002710025,-0.5420054200542005,-9.43,1,0
Kothari Products,2.530614260319968,0.19267822736030826,-5.9799999999999995,-0.27173913043478265,-0.27173913043478265,-0.5434782608695653,-9.94,0,0
Decipher Labs,0.03974121996303142,0.1798561151079137,0.7499999999999996,-0.2724795640326976,-0.2724795640326976,-0.5449591280653951,-3.79,1,0
Millen. Online,1.4485981308411215,0.02631578947368421,28.12,-0.27700831024930744,-0.27700831024930744,-0.5540166204986149,-8.5,1,0
Kallam Textiles,184.695,0.8,-16.79,-0.2857142857142857,-0.2857142857142857,-0.5714285714285714,-12.39,1,1
Williamson Fin.,17.67817014446228,0.7142857142857143,-7.010000000000001,-0.28653295128939826,-0.28653295128939826,-0.5730659025787965,-7.17,0,1
Dhunseri Tea,93.1450980392157,0.5494505494505495,-9.079999999999998,-0.2898550724637681,-0.2898550724637681,-0.5797101449275363,-9.469999999999999,1,1
Vistar Amar,0.0,0.18867924528301888,-3.95,-0.2958579881656805,-0.2958579881656805,-0.591715976331361,-8.25,1,0
Bharat Parenter.,4.625840707964602,0.31545741324921134,-10.06,-0.2958579881656805,-0.2958579881656805,-0.591715976331361,-11.84,1,1
Alphageo (India),0.0,0.13351134846461948,-1.15,-0.3012048192771084,-0.3012048192771084,-0.6024096385542168,-7.640000000000001,1,0
Prakash Woollen,6.117139334155364,0.47619047619047616,-10.719999999999999,-0.3076923076923077,-0.3076923076923077,-0.6153846153846154,-10.8,0,0
CMI,48.00377833753148,0.819672131147541,-7.800000000000001,-0.30864197530864196,-0.30864197530864196,-0.6172839506172839,-7.78,1,1
Cityman,10.81679389312977,0.002688172043010753,362.46,-0.3144654088050315,-0.3144654088050315,-0.628930817610063,-8.3,1,0
Prajay Engineers,8.093780848963474,0.27624309392265195,-5.34,-0.3144654088050315,-0.3144654088050315,-0.628930817610063,-7.619999999999999,0,0
ANG Lifesciences,71.33333333333333,0.49019607843137253,-9.739999999999998,-0.3144654088050315,-0.3144654088050315,-0.628930817610063,-9.26,1,1
GSL Securities,0.0,0.14492753623188406,-1.0299999999999994,-0.31545741324921134,-0.31545741324921134,-0.6309148264984227,-6.93,1,0
Oxford Industrie,1.1257861635220128,0.4098360655737705,-6.720000000000001,-0.31545741324921134,-0.31545741324921134,-0.6309148264984227,-7.92,1,0
Kanco Tea,24.738095238095237,0.48309178743961345,-10.490000000000002,-0.3205128205128205,-0.3205128205128205,-0.641025641025641,-10.850000000000001,1,1
Malu Paper,30.215767634854767,0.6802721088435374,-11.020000000000001,-0.32154340836012857,-0.32154340836012857,-0.6430868167202571,-11.25,0,1
South Asian Ent.,0.0,0.03418803418803419,21.48,-0.3257328990228013,-0.3257328990228013,-0.6514657980456026,-6.7700000000000005,1,0
Abhishek Infra.,1.2178217821782178,0.2638522427440633,-4.33,-0.3278688524590164,-0.3278688524590164,-0.6557377049180328,-6.79,1,0
Polytex India,0.26168224299065423,0.9090909090909091,-7.819999999999999,-0.32894736842105265,-0.32894736842105265,-0.6578947368421053,-7.8,1,0
N2N Technologies,0.46428571428571436,0.6329113924050632,13.82,-0.32894736842105265,-0.32894736842105265,-0.6578947368421053,13.330000000000002,0,0
Kiran Syntex,0.14814814814814814,0.46511627906976744,-6.3100000000000005,-0.3496503496503497,-0.3496503496503497,-0.6993006993006994,-7.38,1,0
MT Educare,73.43715846994535,0.6622516556291391,-14.72,-0.3546099290780142,-0.3546099290780142,-0.7092198581560284,-14.99,1,1
KMF Builders,0.0,0.018621973929236497,45.03,-0.3597122302158274,-0.3597122302158274,-0.7194244604316548,-7.67,1,0
Kamanwala Housin,0.2333333333333333,0.04887585532746823,10.760000000000002,-0.36101083032490977,-0.36101083032490977,-0.7220216606498195,-8.69,1,1
Ind Bank Housing,96.26865671641791,0.025025025025025023,31.45,-0.36496350364963503,-0.36496350364963503,-0.7299270072992701,-7.27,1,0
Vardhman Concr.,12.8130081300813,0.8620689655172414,-11.01,-0.3663003663003663,-0.3663003663003663,-0.7326007326007326,-10.93,1,1
Dindigul Farm,1.4564408041697692,0.26525198938992045,-10.73,-0.3663003663003663,-0.3663003663003663,-0.7326007326007326,-12.96,1,0
Deepak Spinners,1.7220299884659747,0.38759689922480617,-5.11,-0.37453183520599254,-0.37453183520599254,-0.7490636704119851,-6.5600000000000005,0,0
Toyam Sports,0.0,0.10341261633919338,1.5399999999999996,-0.3787878787878788,-0.3787878787878788,-0.7575757575757576,-7.130000000000001,1,0
Dharan Infra-EPC,3.863841807909605,0.10764262648008613,1.0299999999999991,-0.3831417624521073,-0.3831417624521073,-0.7662835249042146,-7.1899999999999995,0,0
Athena Construc.,4.838028169014085,0.24570024570024568,-5.24,-0.3846153846153846,-0.3846153846153846,-0.7692307692307692,-7.1899999999999995,1,0
Lovable Lingerie,0.41307578008915297,0.14970059880239522,1.4199999999999995,-0.38759689922480617,-0.38759689922480617,-0.7751937984496123,-4.24,0,0
Hindustan Agrig.,0.0,0.003336113427856547,291.72,-0.3952569169960475,-0.3952569169960475,-0.790513833992095,-7.029999999999999,1,0
Delta Industrial,0.5953757225433526,0.02564102564102564,31.330000000000002,-0.3968253968253968,-0.3968253968253968,-0.7936507936507936,-6.45,1,0
Swadha Nature,0.16911764705882354,0.3424657534246575,-4.56,-0.39840637450199207,-0.39840637450199207,-0.7968127490039841,-6.119999999999999,1,1
Jayatma Industri,4.23721881390593,0.31545741324921134,-9.91,-0.4,-0.4,-0.8,-9.99,0,0
Indsil Hydro,0.0,0.06618133686300463,6.1899999999999995,-0.4016064257028112,-0.4016064257028112,-0.8032128514056224,-7.92,1,0
Eco Hotels,6.826923076923077,0.7936507936507936,-7.8100000000000005,-0.4048582995951417,-0.4048582995951417,-0.8097165991902834,-7.67,1,1
Vivanta Indust.,3.036050156739812,0.4587155963302753,-4.92,-0.4115226337448559,-0.4115226337448559,-0.8230452674897119,-4.95,1,0
Prag Bosimi Syn.,72.96380090497738,0.04784688995215311,11.29,-0.4132231404958678,-0.4132231404958678,-0.8264462809917356,-8.370000000000001,1,0
Micropro Softwar,0.0,0.10504201680672269,1.6899999999999995,-0.42016806722689076,-0.42016806722689076,-0.8403361344537815,-6.83,1,0
FratelliVineyard,17.76875,0.40485829959514175,-7.840000000000001,-0.425531914893617,-0.425531914893617,-0.851063829787234,-8.34,1,0
DCM Financial,26.67307692307692,0.9345794392523364,-8.76,-0.4310344827586207,-0.4310344827586207,-0.8620689655172414,-8.59,1,1
Rich Universe,1.6238532110091741,0.49019607843137253,-4.01,-0.4347826086956522,-0.4347826086956522,-0.8695652173913044,-4.8,1,0
COSYN,0.0,0.2724795640326976,-5.22,-0.4347826086956522,-0.4347826086956522,-0.8695652173913044,-7.89,1,0
Hind.Urban Infra,11.883660130718953,0.3215434083601286,-5.51,-0.4366812227074236,-0.4366812227074236,-0.8733624454148472,-7.39,1,0
Shikhar Cons.,0.8990825688073394,0.625,-6.3100000000000005,-0.44052863436123346,-0.44052863436123346,-0.8810572687224669,-6.35,1,0
Agio Paper,11.326241134751774,0.970873786407767,-9.62,-0.4464285714285714,-0.4464285714285714,-0.8928571428571428,-9.41,1,1
Vikas Wsp,306.67,0.5291005291005291,-4.54,-0.45248868778280543,-0.45248868778280543,-0.9049773755656109,-5.03,1,1
SAB Industries,8.837689133425036,0.39840637450199207,-5.32,-0.4566210045662101,-0.4566210045662101,-0.9132420091324202,-6.68,0,0
Bombay Talkies,0.0,0.08264462809917356,4.91,-0.4672897196261682,-0.4672897196261682,-0.9345794392523364,-6.1899999999999995,1,0
Kakatiya Cement,0.6063760572543917,0.21052631578947367,-3.81,-0.47393364928909953,-0.47393364928909953,-0.9478672985781991,-7.51,0,0
Jackson Invest,0.0,0.022366360993066426,37.55,-0.47619047619047616,-0.47619047619047616,-0.9523809523809523,-6.16,1,0
Team24 Consumer,0.0,0.05858230814294083,8.7,-0.47846889952153115,-0.47846889952153115,-0.9569377990430623,-7.37,1,0
Shiva Mills,1.2594059405940594,0.23923444976076558,-3.28,-0.4807692307692307,-0.4807692307692307,-0.9615384615384615,-6.390000000000001,0,0
Garware Synth,5.1923076923076925,0.8620689655172414,-4.87,-0.48780487804878053,-0.48780487804878053,-0.9756097560975611,-4.79,1,1
Rudra Ecovation,0.049221183800623056,0.5263157894736842,-5.77,-0.4926108374384237,-0.4926108374384237,-0.9852216748768474,-6.66,0,0
Link Pharma Chem,2.195121951219512,0.45248868778280543,-6.59,-0.5,-0.5,-1.0,-7.18,0,0
Shiva Cement,27.876869565217394,0.6329113924050632,-50.48,-0.5076142131979695,-0.5076142131979695,-1.015228426395939,-11.440000000000001,1,1
Prima Industries,1.401015228426396,0.18181818181818182,-1.0900000000000003,-0.5128205128205128,-0.5128205128205128,-1.0256410256410255,-5.45,1,0
Gita Renewable,0.0,0.7142857142857143,-5.34,-0.5181347150259067,-0.5181347150259067,-1.0362694300518134,-5.74,1,0
Raj Packaging,1.6461538461538463,0.19193857965451055,-2.87,-0.5263157894736842,-0.5263157894736842,-1.0526315789473684,-6.75,1,0
B P Capital,0.9910714285714286,0.4132231404958678,-3.58,-0.53475935828877,-0.53475935828877,-1.06951871657754,-4.75,1,0
MPDL Ltd,4.881370826010544,0.4098360655737705,-4.640000000000001,-0.53475935828877,-0.53475935828877,-1.06951871657754,-5.49,1,0
Golden Carpets,4.66,0.1597444089456869,0.44999999999999996,-0.5405405405405405,-0.5405405405405405,-1.081081081081081,-4.57,1,0
Sutlej Textiles,12.31478442488438,0.45248868778280543,-6.109999999999999,-0.5434782608695653,-0.5434782608695653,-1.0869565217391306,-6.34,0,1
Ruparel Food,0.006944444444444445,0.17006802721088435,-0.77,-0.5464480874316939,-0.5464480874316939,-1.0928961748633879,-5.65,1,0
Punjab Commun.,0.0,0.39525691699604737,-2.38,-0.5494505494505495,-0.5494505494505495,-1.098901098901099,-3.91,1,0
Libord Finance,0.0,0.03669724770642202,20.95,-0.5524861878453039,-0.5524861878453039,-1.1049723756906078,-5.300000000000001,1,0
Vivanza Biosci.,2.8971428571428572,0.47619047619047616,-7.6000000000000005,-0.5649717514124294,-0.5649717514124294,-1.1299435028248588,-6.5,1,0
Nova Iron &Steel,6.773446019629225,0.7194244604316546,-5.48,-0.5681818181818182,-0.5681818181818182,-1.1363636363636365,-5.63,0,1
Tulive Developer,0.0,0.0018066847335140017,546.98,-0.5747126436781609,-0.5747126436781609,-1.1494252873563218,-5.52,1,0
RCC Cements,1.169811320754717,0.5847953216374269,-4.08,-0.5847953216374269,-0.5847953216374269,-1.1695906432748537,-4.39,1,1
Senthil Infotek,0.0,0.00390625,249.63,-0.591715976331361,-0.591715976331361,-1.183431952662722,-5.37,1,0
SJ Corp,0.0,0.005319148936170213,182.14000000000001,-0.5988023952095809,-0.5988023952095809,-1.1976047904191618,-4.859999999999999,1,0
Eastcoast Steel,1.9999999999999996,0.17006802721088435,0.5899999999999999,-0.6060606060606061,-0.6060606060606061,-1.2121212121212122,-4.06,1,0
S K Internation.,0.0,0.00980392156862745,95.71,-0.6060606060606061,-0.6060606060606061,-1.2121212121212122,-5.29,1,0
Facor Alloys,2.619521912350598,0.6756756756756757,0.22000000000000008,-0.6134969325153374,-0.6134969325153374,-1.2269938650306749,-0.1299999999999999,1,1
Affordable Robo.,9.644542772861357,0.39840637450199207,-6.71,-0.6134969325153374,-0.6134969325153374,-1.2269938650306749,-7.58,1,0
Orient Paper,19.218867924528304,0.625,-4.17,-0.625,-0.625,-1.25,-4.609999999999999,1,1
Velan Hotels,36.10344827586207,0.4166666666666667,-22.630000000000003,-0.625,-0.625,-1.25,-23.790000000000003,1,0
BirlaNu Ltd,12.53147189794199,0.5263157894736842,-5.71,-0.6329113924050632,-0.6329113924050632,-1.2658227848101264,-5.73,0,1
Palash Securi.,6.909710391822828,0.23640661938534277,-2.1899999999999995,-0.6535947712418302,-0.6535947712418302,-1.3071895424836604,-5.35,1,0
Palred Technolog,4.030261348005502,0.4,-10.790000000000001,-0.6578947368421053,-0.6578947368421053,-1.3157894736842106,-10.99,0,0
Athena Global,8.0311027332705,0.8333333333333334,-8.94,-0.6666666666666666,-0.6666666666666666,-1.3333333333333333,-8.55,0,1
Kaya Ltd,125.59276018099548,0.5649717514124294,28.93,-0.6666666666666666,-0.6666666666666666,-1.3333333333333333,28.4,0,0
Naturo Indiabull,2.541841004184101,0.36900369003690037,-2.52,-0.6666666666666666,-0.6666666666666666,-1.3333333333333333,-3.91,0,1
Indian Infotech,0.0,0.010435145570280706,89.78,-0.6711409395973154,-0.6711409395973154,-1.3422818791946307,-5.050000000000001,1,0
Sh. Steel Wire,0.0,0.046061722708429294,16.560000000000002,-0.6802721088435373,-0.6802721088435373,-1.3605442176870746,-4.15,1,0
Nivaka Fashions,0.8434343434343434,0.2976190476190476,-4.0200000000000005,-0.6802721088435373,-0.6802721088435373,-1.3605442176870746,-6.18,1,0
Octal Credit Cap,0.0,0.3424657534246575,-2.93,-0.689655172413793,-0.689655172413793,-1.379310344827586,-4.85,1,0
Sh. Rajiv. Oil,0.25,0.3424657534246575,-3.0300000000000002,-0.6944444444444444,-0.6944444444444444,-1.3888888888888888,-4.87,1,0
Munoth Fin.Serv.,0.4363636363636363,0.5882352941176471,-4.48,-0.7092198581560283,-0.7092198581560283,-1.4184397163120566,-5.130000000000001,1,1
Kush Industries,7.973214285714285,0.8695652173913044,-4.8100000000000005,-0.7142857142857143,-0.7142857142857143,-1.4285714285714286,-4.72,1,1
Peeti Securities,0.0,0.07930214115781127,7.059999999999999,-0.7194244604316546,-0.7194244604316546,-1.4388489208633093,-4.550000000000001,1,0
UTL Industries,0.0660377358490566,0.045167118337850046,16.480000000000004,-0.7246376811594204,-0.7246376811594204,-1.4492753623188408,-4.64,1,0
Aviva Industries,0.93,0.49019607843137253,-3.77,-0.7407407407407407,-0.7407407407407407,-1.4814814814814814,-4.51,1,0
OnMobile Global,3.2009646302250805,0.43103448275862066,-4.76,-0.746268656716418,-0.746268656716418,-1.492537313432836,-5.96,1,0
Kanoria Chem.,20.878188775510203,0.5291005291005291,-7.800000000000001,-0.7518796992481203,-0.7518796992481203,-1.5037593984962405,-8.07,0,1
KK Shah Hospital,0.0,0.27322404371584696,-1.83,-0.7518796992481203,-0.7518796992481203,-1.5037593984962405,-4.49,0,0
Goa Carbon,7.111596577462224,0.4329004329004329,-7.24,-0.7812500000000001,-0.7812500000000001,-1.5625000000000002,-6.470000000000001,1,1
Aion-Tech Soluti,7.5455229495861555,0.4926108374384236,-4.369999999999999,-0.7812500000000001,-0.7812500000000001,-1.5625000000000002,-5.06,1,1
A F Enterprises,6.106796116504854,0.4166666666666667,-1.58,-0.8064516129032256,-0.8064516129032256,-1.6129032258064513,-2.81,1,1
RKD Agri,0.9940828402366864,0.06464124111182934,9.61,-0.8196721311475409,-0.8196721311475409,-1.6393442622950818,-4.470000000000001,1,0
Vijay Textiles,54.94683544303797,0.35842293906810035,-11.67,-0.8333333333333333,-0.8333333333333333,-1.6666666666666665,-6.42,0,0
Sundaram Multi.,2.681875792141952,0.2976190476190476,-4.31,-0.8333333333333333,-0.8333333333333333,-1.6666666666666665,-6.36,0,1
Sarvottam Finve.,0.09248554913294799,0.17761989342806395,0.10999999999999967,-0.8474576271186439,-0.8474576271186439,-1.6949152542372878,-4.51,1,0
Martin Burn,0.00856269113149847,0.34602076124567477,-2.33,-0.8547008547008548,-0.8547008547008548,-1.7094017094017095,-4.22,0,0
Kreon Finnancial,8.793313069908814,0.1251564455569462,-2.5299999999999994,-0.8547008547008548,-0.8547008547008548,-1.7094017094017095,-8.73,1,0
Medi Caps,0.0,0.07062146892655367,9.18,-0.8928571428571428,-0.8928571428571428,-1.7857142857142856,-3.9800000000000004,0,0
Reliable Ventur.,0.0,0.07412898443291327,8.47,-0.900900900900901,-0.900900900900901,-1.801801801801802,-4.02,1,0
Omansh Enterpri.,1.2992700729927007,0.14285714285714285,-2.4999999999999996,-0.900900900900901,-0.900900900900901,-1.801801801801802,-7.67,1,0
Patidar Buildcon,1.481203007518797,0.5434782608695653,-5.579999999999999,-0.9090909090909091,-0.9090909090909091,-1.8181818181818181,-6.119999999999999,1,0
Darjeeling Industriies,0.0,0.47846889952153115,-3.5,-0.9090909090909091,-0.9090909090909091,-1.8181818181818181,-4.59,0,0
Karnavati Financ,9.18827160493827,0.6535947712418301,-14.54,-0.9174311926605506,-0.9174311926605506,-1.8348623853211012,-8.76,0,1
Niyogin Fintech,1.7767816091954025,0.4329004329004329,-4.42,-0.9433962264150942,-0.9433962264150942,-1.8867924528301885,-5.25,1,1
Encode Packaging,0.0423728813559322,0.3424657534246575,-2.1399999999999997,-0.9523809523809526,-0.9523809523809526,-1.904761904761905,-4.029999999999999,1,0
Munoth Commun.,1.0833333333333335,0.7142857142857143,-6.459999999999999,-0.9708737864077672,-0.9708737864077672,-1.9417475728155345,-6.779999999999999,1,0
G G Dandekar,1.6390041493775933,0.08012820512820512,9.49,-0.9708737864077672,-0.9708737864077672,-1.9417475728155345,-1.9199999999999997,1,0
JP Associates,31.27421665174575,0.40485829959514175,-4.85,-0.9708737864077672,-0.9708737864077672,-1.9417475728155345,-6.08,0,0
Samtel (India),0.09420289855072465,0.4016064257028112,-2.7600000000000002,-0.9900990099009903,-0.9900990099009903,-1.9801980198019806,-4.15,1,0
Starlog Enterp.,0.024041213508872353,0.2695417789757412,-1.3099999999999998,-1.0,-1.0,-2.0,-4.01,1,0
Sreechem Resins,0.22843822843822842,0.19455252918287938,-0.6500000000000004,-1.0101010101010102,-1.0101010101010102,-2.0202020202020203,-4.72,0,0
Bang Overseas,12.642857142857142,0.36764705882352944,-1.9300000000000002,-1.0204081632653061,-1.0204081632653061,-2.0408163265306123,-3.3,1,1
Welcast Steels,0.0,0.21551724137931033,0.3600000000000001,-1.0309278350515465,-1.0309278350515465,-2.061855670103093,-3.2800000000000002,1,0
Kaiser Corporat.,3.3881578947368425,0.49751243781094534,-10.879999999999999,-1.0309278350515465,-1.0309278350515465,-2.061855670103093,-7.2299999999999995,1,0
Global Surfaces,6.569345330437479,0.4065040650406504,-6.609999999999999,-1.0309278350515465,-1.0309278350515465,-2.061855670103093,-7.359999999999999,1,0
Prima Agro,2.8375634517766497,0.1485884101040119,0.9300000000000005,-1.0526315789473684,-1.0526315789473684,-2.1052631578947367,-4.45,1,1
Trescon,0.4307640974307641,0.30120481927710846,-1.7700000000000002,-1.0752688172043012,-1.0752688172043012,-2.1505376344086025,-3.7800000000000002,1,1
Emami Realty Ltd,25.003664921465965,0.425531914893617,-6.52,-1.0869565217391306,-1.0869565217391306,-2.173913043478261,-7.63,1,0
Milestone Furn.,0.4629629629629629,0.012843565373747753,73.04,-1.098901098901099,-1.098901098901099,-2.197802197802198,-3.8,1,0
Galaxy Agrico,1.1570247933884297,0.26666666666666666,-1.2599999999999998,-1.1235955056179776,-1.1235955056179776,-2.247191011235955,-3.63,1,0
Progrex Ventures,0.0,0.017283097131005877,53.339999999999996,-1.1235955056179776,-1.1235955056179776,-2.247191011235955,-3.5199999999999996,1,1
GFL,0.0,0.013972334777141262,65.88999999999999,-1.1235955056179776,-1.1235955056179776,-2.247191011235955,-4.68,1,0
Classic Filament,0.2035928143712575,0.49504950495049505,-2.37,-1.176470588235294,-1.176470588235294,-2.352941176470588,-3.33,1,0
Mcleod Russel,26.018521040446682,0.8849557522123894,-37.910000000000004,-1.176470588235294,-1.176470588235294,-2.352941176470588,-7.9399999999999995,0,1
Gala Global,1.4013474494706448,0.35842293906810035,-4.87,-1.2195121951219512,-1.2195121951219512,-2.4390243902439024,-5.84,0,0
Samsrita Labs,1.3495934959349594,0.47846889952153115,-2.6199999999999997,-1.25,-1.25,-2.5,-3.6,1,0
LGB Forge,1.5554216867469879,0.37593984962406013,-6.48,-1.2658227848101264,-1.2658227848101264,-2.531645569620253,-6.74,0,0
Mukta Arts,3.9105757452021233,0.5813953488372093,-8.82,-1.2658227848101264,-1.2658227848101264,-2.531645569620253,-9.3,0,0
Adroit Info.,10.509345794392525,0.2604166666666667,-2.08,-1.2658227848101264,-1.2658227848101264,-2.531645569620253,-4.63,1,0
Global Cap.Mkt.,0.014018691588785048,0.4,-1.85,-1.2987012987012987,-1.2987012987012987,-2.5974025974025974,-3.35,1,0
Bharatiya Glob.,3.3495145631067964,0.24752475247524752,-2.59,-1.2987012987012987,-1.2987012987012987,-2.5974025974025974,-5.59,1,0
Lexus Granito,13.004842615012107,0.37878787878787884,-7.6,-1.2987012987012987,-1.2987012987012987,-2.5974025974025974,-5.91,1,0
Transgene Biotek,7.499999999999999,0.9259259259259258,-3.93,-1.3333333333333333,-1.3333333333333333,-2.6666666666666665,-2.2199999999999998,1,0
Soma Textiles,0.043103448275862065,0.02413127413127413,37.699999999999996,-1.3513513513513513,-1.3513513513513513,-2.7027027027027026,-2.74,1,0
Tahmar Enterp.,2.0573684210526317,0.5154639175257733,-3.65,-1.36986301369863,-1.36986301369863,-2.73972602739726,-4.13,1,1
Prit Nandy Comm.,0.25565217391304346,0.09624639076034648,6.700000000000002,-1.3888888888888888,-1.3888888888888888,-2.7777777777777777,-2.67,0,0
Inland Printers,1.1271186440677967,0.9615384615384615,-7.4,-1.4285714285714286,-1.4285714285714286,-2.857142857142857,-6.61,1,0
Sanwaria Consum.,781.8000000000001,0.7874015748031495,-2.9000000000000004,-1.5384615384615388,-1.5384615384615388,-3.0769230769230775,-2.9299999999999997,1,1
Veejay Lak. Eng.,9.659374999999999,0.5128205128205129,-9.04,-1.5625000000000002,-1.5625000000000002,-3.1250000000000004,-7.279999999999999,1,1
Nikki Glob.Fin.,0.504950495049505,0.8264462809917356,-2.18,-1.5625000000000002,-1.5625000000000002,-3.1250000000000004,-1.97,1,0
Shricon Indus.,0.0,0.10277492291880781,5.460000000000001,-1.5625000000000002,-1.5625000000000002,-3.1250000000000004,-3.2699999999999996,1,0
Padmalaya Tele.,0.45378151260504207,0.1597444089456869,2.27,-1.6129032258064513,-1.6129032258064513,-3.2258064516129026,-2.96,1,0
Tulasee Bio-Eth.,7.54,0.08481764206955048,-6.080000000000003,-1.6393442622950818,-1.6393442622950818,-3.2786885245901636,-3.16,1,0
Antarctica,3.3951367781155013,0.4566210045662101,-1.9700000000000002,-1.6949152542372878,-1.6949152542372878,-3.3898305084745757,-2.5100000000000002,1,0
Ramgopal Polytex,0.0,0.040832993058391186,20.31,-1.6949152542372878,-1.6949152542372878,-3.3898305084745757,-3.18,1,0
VIRAT LEASING,0.0,0.819672131147541,-3.2,-1.6949152542372878,-1.6949152542372878,-3.3898305084745757,-3.42,1,1
Skyline Millars,0.0,0.01594387755102041,58.410000000000004,-1.7241379310344827,-1.7241379310344827,-3.4482758620689653,-3.31,1,0
Andhra Petrochem,1.3660142040533518,0.06101281269066504,11.47,-1.7543859649122806,-1.7543859649122806,-3.508771929824561,-3.7700000000000005,1,0
Space Incubatric,0.46913580246913583,0.05367686527106817,14.429999999999998,-1.7543859649122806,-1.7543859649122806,-3.508771929824561,-3.14,1,0
Sybly Industries,1.3513097072419105,0.2183406113537118,-5.6,-1.8518518518518516,-1.8518518518518516,-3.7037037037037033,-3.09,1,0
Swagtam Trading,0.0,0.27548209366391185,0.11999999999999988,-1.8518518518518516,-1.8518518518518516,-3.7037037037037033,-2.51,1,0
Semac Construct,13.325203252032521,0.4329004329004329,-3.71,-1.8867924528301885,-1.8867924528301885,-3.773584905660377,-4.36,1,1
Tree House Edu.,0.0,0.16977928692699493,-5.040000000000001,-1.8867924528301885,-1.8867924528301885,-3.773584905660377,-9.93,1,0
Fruition Venture,0.991869918699187,0.5524861878453039,-3.65,-1.923076923076923,-1.923076923076923,-3.846153846153846,-4.21,1,0
Sampann Utpadan,74.34645669291339,0.29673590504451036,-3.76,-1.9607843137254901,-1.9607843137254901,-3.9215686274509802,-3.9000000000000004,1,0
Vertex Secur.,5.0,0.3663003663003663,-2.5,-1.9607843137254901,-1.9607843137254901,-3.9215686274509802,-3.3600000000000003,1,0
Lerthai Finance,0.0,0.023646252069047056,39.620000000000005,-2.0833333333333335,-2.0833333333333335,-4.166666666666667,-1.67,1,1
GTN Textiles,3.3851851851851853,0.9433962264150942,-2.3200000000000003,-2.0833333333333335,-2.0833333333333335,-4.166666666666667,-2.14,1,0
Mac Charles(I),9.251755617977528,0.4444444444444444,-26.6,-2.127659574468085,-2.127659574468085,-4.25531914893617,-11.64,1,1
Zenith Exports,0.7568238213399504,0.12391573729863692,3.130000000000001,-2.173913043478261,-2.173913043478261,-4.347826086956522,-3.9,1,0
Advance Syntex,7.395061728395062,0.6493506493506493,-2.51,-2.173913043478261,-2.173913043478261,-4.347826086956522,-2.81,0,1
GVP Infotech,0.0,0.3205128205128205,-0.6699999999999999,-2.272727272727273,-2.272727272727273,-4.545454545454546,-2.79,0,0
Ravinder Heights,0.0,0.09551098376313276,7.000000000000002,-2.272727272727273,-2.272727272727273,-4.545454545454546,-2.4699999999999998,1,0
Katare Spinning,2.651006711409396,0.5681818181818182,-2.1599999999999997,-2.3255813953488373,-2.3255813953488373,-4.651162790697675,-2.8899999999999997,1,0
Parker Agrochem,0.47619047619047616,0.37735849056603776,-3.6,-2.3809523809523814,-2.3809523809523814,-4.761904761904763,-5.109999999999999,1,0
Diana Tea Co,9.415384615384616,0.5102040816326531,-5.18,-2.5000000000000004,-2.5000000000000004,-5.000000000000001,-5.539999999999999,1,1
Gopal Iron Stl.,0.5247524752475248,0.7299270072992701,-2.34,-2.5000000000000004,-2.5000000000000004,-5.000000000000001,-2.13,1,0
Svaraj Trading,0.0,0.008620689655172414,112.16,-2.5000000000000004,-2.5000000000000004,-5.000000000000001,-2.84,1,1
Catvision Ltd,0.07542579075425791,0.32894736842105265,-0.17999999999999994,-2.7027027027027017,-2.7027027027027017,-5.4054054054054035,-2.21,0,0
Paos Industries,1.7190215642098485,0.5714285714285714,-3.9800000000000004,-2.8571428571428563,-2.8571428571428563,-5.714285714285713,-4.49,1,1
Nag. Agri Tech.,1.2465753424657533,0.45248868778280543,-2.63,-2.9411764705882346,-2.9411764705882346,-5.882352941176469,-2.46,1,0
Sastasundar Ven.,0.28126706717640637,0.390625,4.800000000000001,-3.03030303030303,-3.03030303030303,-6.06060606060606,3.25,0,0
Sical Logistics,28.882912898619704,0.4566210045662101,-244.82999999999998,-3.4482758620689653,-3.4482758620689653,-6.896551724137931,-7.11,0,0
Aditya Consumer,1.8392434988179667,0.39525691699604737,-2.6799999999999997,-3.846153846153846,-3.846153846153846,-7.692307692307692,-3.79,0,0
Silver Oak (I),3.7195121951219514,0.4464285714285714,-5.26,-3.846153846153846,-3.846153846153846,-7.692307692307692,-4.9,1,0
SRU Steels,0.0,0.17123287671232876,2.36,-4.0,-4.0,-8.0,-2.48,1,0
Aditya Spinners,5.89811320754717,0.48780487804878053,-3.0999999999999996,-5.882352941176473,-5.882352941176473,-11.764705882352946,-3.81,1,1
USG Tech,6.133802816901409,0.05339028296849973,14.57,-5.882352941176473,-5.882352941176473,-11.764705882352946,-2.69,1,0
Shanti Guru Inds,0.0,0.1092896174863388,5.91,-6.6666666666666705,-6.6666666666666705,-13.333333333333341,-2.24,1,0
Amraworld Agrico,0.0,0.9900990099009901,-2.0999999999999996,-7.692307692307699,-7.692307692307699,-15.384615384615397,-2.11,0,1
Tulsyan NEC,9.672659176029963,0.6329113924050632,-11.05,-7.692307692307699,-7.692307692307699,-15.384615384615397,-9.969999999999999,0,1
India Lease Dev.,0.0,0.11655011655011654,5.37,-8.333333333333327,-8.333333333333327,-16.666666666666654,-2.21,1,0
Surat Trade,0.16872427983539093,0.02028809089064719,47.72,-9.090909090909083,-9.090909090909083,-18.181818181818166,-0.56,1,0
Oswal Yarns,0.3858267716535433,0.09652509652509653,6.759999999999999,-9.090909090909083,-9.090909090909083,-18.181818181818166,-2.4400000000000004,1,0
Silver Pearl,0.0,0.012422360248447204,77.16,-9.090909090909083,-9.090909090909083,-18.181818181818166,-2.34,0,0
Agri-Tech India,0.0,0.010789814415192058,89.50000000000001,-9.999999999999991,-9.999999999999991,-19.999999999999982,-2.18,1,0
Alka India,0.32856399583766915,0.4424778761061947,-1.05,-9.999999999999991,-9.999999999999991,-19.999999999999982,-2.0700000000000003,1,0
GEE,5.3468834688346885,0.4347826086956522,-3.1,-11.111111111111102,-11.111111111111102,-22.222222222222204,-4.0,0,1
Madhuveer Com,0.17790530846484937,0.1347708894878706,1.6999999999999997,-12.49999999999999,-12.49999999999999,-24.99999999999998,-4.66,1,0
Jauss Polymers,0.0,0.004807692307692308,204.89000000000001,-14.285714285714272,-14.285714285714272,-28.571428571428545,-2.1100000000000003,1,0
Hind Aluminium,0.18377088305489261,0.04555808656036447,30.49,-24.99999999999998,-24.99999999999998,-49.99999999999996,9.55,0,0
APM Industries,0.11080870917573873,0.29069767441860467,1.17,-49.99999999999996,-49.99999999999996,-99.99999999999991,-1.25,0,0
Bansisons Tea,0.0,0.3921568627450981,-0.43999999999999995,-99.99999999999991,-99.99999999999991,-199.99999999999983,-1.99,1,0
Lasa Supergeneri,1.9214659685863875,0.5586592178770949,0.38,inf,inf,inf,-0.28,1,0
Guj. Credit Corp,2.6082317073170733,0.9900990099009901,-5.010000000000001,99.99999999999991,99.99999999999991,199.99999999999983,-3.66,0,0
Parsvnath Devl.,84.62307692307692,0.5681818181818182,-8.65,49.99999999999996,49.99999999999996,99.99999999999991,-9.17,0,1
Ushanti Colour,9.149671052631579,0.5847953216374269,-7.75,49.99999999999996,49.99999999999996,99.99999999999991,-7.15,0,1
Bacil Pharma,0.0,0.06825938566552901,11.709999999999999,33.33333333333331,33.33333333333331,66.66666666666661,-1.94,1,0
Uniinfo Telecom,1.4317548746518105,0.19305019305019305,1.2999999999999998,33.33333333333331,33.33333333333331,66.66666666666661,-2.7199999999999998,1,0
Geetanjali Cred.,0.058252427184466014,0.7352941176470589,-1.54,24.99999999999998,24.99999999999998,49.99999999999996,-1.88,1,0
GTN Industries,4.624223602484472,0.1801801801801802,-0.04000000000000015,19.999999999999982,19.999999999999982,39.999999999999964,-4.22,0,0
Ampvolts,0.9770520741394528,0.30959752321981426,2.09,19.999999999999982,19.999999999999982,39.999999999999964,0.31000000000000005,1,0
Vision Cinemas,0.0,0.26525198938992045,1.04,19.999999999999982,19.999999999999982,39.999999999999964,-1.73,1,0
Steel Strips Inf,0.0,0.5988023952095809,-17.88,19.999999999999982,19.999999999999982,39.999999999999964,-18.55,1,0
Valiant Laborato,23.27705627705628,0.2597402597402597,0.8300000000000002,19.999999999999982,19.999999999999982,39.999999999999964,-1.85,1,0
Sanchay Finvest,0.0035211267605633804,0.3067484662576687,-6.1899999999999995,16.666666666666654,16.666666666666654,33.33333333333331,-8.45,0,0
PS IT Infra,2.437142857142857,0.20366598778004072,1.5999999999999999,14.285714285714295,14.285714285714295,28.57142857142859,-2.0500000000000003,1,0
Systematix Sec.,0.0,0.3424657534246575,0.09999999999999998,12.500000000000007,12.500000000000007,25.000000000000014,-1.82,1,1
Udayshivakumar,7.013259668508287,0.3891050583657587,-2.41,12.500000000000007,12.500000000000007,25.000000000000014,-3.59,1,0
Nureca,0.2684262948207171,0.1091703056768559,6.1899999999999995,10.000000000000002,10.000000000000002,20.000000000000004,-1.94,1,0
MFS Intercorp,0.0,0.42372881355932196,0.30000000000000016,8.333333333333334,8.333333333333334,16.666666666666668,-1.06,1,0
Ironwood Educa,1.0633750921149594,0.4065040650406504,-2.0700000000000003,8.333333333333334,8.333333333333334,16.666666666666668,-1.94,1,0
Indo Credit Cap.,0.0,0.3424657534246575,0.5499999999999999,7.142857142857142,7.142857142857142,14.285714285714285,-1.37,1,0
Gokak Textiles,6.641848816029143,0.7633587786259541,-11.66,6.666666666666666,6.666666666666666,13.333333333333332,-11.73,0,1
IEC Education,1.6470588235294117,0.06313131313131314,13.11,6.249999999999999,6.249999999999999,12.499999999999998,-1.67,1,0
Premier Energy,4.955266955266956,0.6493506493506493,-1.5199999999999998,5.5555555555555545,5.5555555555555545,11.111111111111109,-1.1199999999999999,1,1
Kemp & Co.,0.0,0.3412969283276451,0.44999999999999996,5.000000000000001,5.000000000000001,10.000000000000002,-1.48,1,0
Sanco Industries,42.74242424242424,0.9615384615384615,-1.6300000000000001,4.761904761904763,4.761904761904763,9.523809523809526,-1.4300000000000002,1,0
Voltaire Leasing,0.0,0.08665511265164645,9.09,4.545454545454546,4.545454545454546,9.090909090909092,-1.4500000000000002,1,0
Vaarad Ventures,3.8411214953271027,0.2590673575129534,1.23,4.347826086956522,4.347826086956522,8.695652173913045,-1.44,1,0
Debock Industrie,7.316742223922666e-05,0.35587188612099646,0.3899999999999999,4.347826086956522,4.347826086956522,8.695652173913045,-1.3900000000000001,1,0
Diggi Multitrade,0.4393063583815029,0.09823182711198429,7.639999999999999,4.0,4.0,8.0,-1.46,1,0
Cosmo Ferrites,12.768518518518519,0.5988023952095809,-7.6899999999999995,3.846153846153846,3.846153846153846,7.692307692307692,-5.5,0,1
Ravi Leela Gran,14.975609756097562,0.46511627906976744,-6.879999999999999,3.846153846153846,3.846153846153846,7.692307692307692,-5.3,1,1
Kanel Indust.,0.07692307692307693,0.7042253521126761,-0.96,3.571428571428571,3.571428571428571,7.142857142857142,-1.37,1,0
Oswal Leasing,0.0,0.14285714285714285,4.57,3.571428571428571,3.571428571428571,7.142857142857142,-1.43,1,0
Kartik Invest.,0.0,0.05356186395286555,16.39,3.2258064516129026,3.2258064516129026,6.451612903225805,-1.2799999999999998,1,0
Madhusudan Sec.,0.0,0.3891050583657587,0.22000000000000008,3.2258064516129026,3.2258064516129026,6.451612903225805,-1.35,1,0
Disha Resources,0.09578544061302682,0.24213075060532688,1.0,3.1250000000000004,3.1250000000000004,6.250000000000001,-2.11,0,0
Regis Industries,0.0,0.00041220115416323167,2423.6400000000003,3.1250000000000004,3.1250000000000004,6.250000000000001,-1.36,1,0
Shalimar Prod.,0.6026490066225165,0.14245014245014245,4.68,3.0303030303030307,3.0303030303030307,6.060606060606061,-1.33,1,0
True Green,7.621966397013067,0.42372881355932196,-2.26,2.7027027027027026,2.7027027027027026,5.405405405405405,-1.71,1,1
SVC Industries,70.16,0.6060606060606061,-1.25,2.6315789473684212,2.6315789473684212,5.2631578947368425,-1.24,1,1
Omni Ax's,0.0,0.029850746268656716,31.3,2.564102564102564,2.564102564102564,5.128205128205128,-1.2,1,0
52 Weeks Enter.,3.428571428571428,0.09652509652509653,7.91,2.564102564102564,2.564102564102564,5.128205128205128,-1.21,1,1
Bharat Bhushan,0.0,0.18450184501845018,3.3200000000000003,2.4390243902439024,2.4390243902439024,4.878048780487805,-1.1,1,0
Sujala Trading &,0.0,0.9174311926605504,-1.1099999999999999,2.380952380952381,2.380952380952381,4.761904761904762,-1.2,1,0
NCL Res. & Finl.,0.0,0.27548209366391185,0.91,2.325581395348837,2.325581395348837,4.651162790697674,-1.7199999999999998,1,0
Quint Digital,0.7739327296248383,0.19569471624266144,-1.3399999999999999,2.325581395348837,2.325581395348837,4.651162790697674,-5.3100000000000005,1,0
Salora Intl.,3.572679509632224,0.4587155963302753,-1.4100000000000001,2.272727272727273,2.272727272727273,4.545454545454546,-2.21,1,0
Ludlow Jute,23.086286594761173,0.4444444444444444,-3.0700000000000003,2.272727272727273,2.272727272727273,4.545454545454546,-3.49,1,1
Virtual Global,0.0,0.15360983102918588,4.449999999999999,2.272727272727273,2.272727272727273,4.545454545454546,-1.06,1,0
Kranti Industrie,17.38022813688213,0.4273504273504274,-3.58,2.272727272727273,2.272727272727273,4.545454545454546,-3.87,1,1
Bervin Invest.,0.41043723554301836,0.24154589371980673,0.15000000000000013,2.2222222222222223,2.2222222222222223,4.444444444444445,-2.52,1,0
Step Two Corp.,0.0,0.1890359168241966,3.41,2.127659574468085,2.127659574468085,4.25531914893617,-0.88,1,0
Aryan Share,0.0,0.5813953488372093,-1.61,2.127659574468085,2.127659574468085,4.25531914893617,-2.33,1,0
KLG Capital,0.40909090909090906,0.8403361344537815,-0.9299999999999999,2.0833333333333335,2.0833333333333335,4.166666666666667,-0.88,1,1
Ace Men,0.0,0.7462686567164178,-0.63,2.0833333333333335,2.0833333333333335,4.166666666666667,-0.97,1,0
Max Heights,0.4169835234474018,0.003367003367003367,294.33,2.0408163265306123,2.0408163265306123,4.081632653061225,-1.57,1,1
Seya Industries,42.74074074074074,0.7874015748031495,-1.5699999999999998,2.0408163265306123,2.0408163265306123,4.081632653061225,-0.9,1,1
Rajasthan Securities,6.173780487804878,0.12578616352201258,5.720000000000001,1.9607843137254901,1.9607843137254901,3.9215686274509802,-0.97,0,1
Pearl Green Club,0.0,0.13157894736842105,5.77,1.9607843137254901,1.9607843137254901,3.9215686274509802,-0.8300000000000001,1,0
Caprolactam Chem,5.580246913580246,0.6666666666666666,-7.1499999999999995,1.923076923076923,1.923076923076923,3.846153846153846,-5.949999999999999,1,1
Globale Tessile,6.502923976608187,0.37878787878787884,-2.45,1.8867924528301885,1.8867924528301885,3.773584905660377,-3.0199999999999996,1,0
C C C L,0.0019166879631995909,0.3508771929824561,-5.2700000000000005,1.8181818181818181,1.8181818181818181,3.6363636363636362,-7.12,0,0
Vipul Ltd,1.8301114396179212,0.42194092827004215,-1.4699999999999998,1.7857142857142856,1.7857142857142856,3.571428571428571,-2.65,0,0
Newjaisa Tech,1.6281208935611038,0.17482517482517484,2.6999999999999997,1.7857142857142856,1.7857142857142856,3.571428571428571,-1.8399999999999999,1,0
Johnson Pharma,0.3814432989690722,0.06675567423230974,13.110000000000001,1.7543859649122806,1.7543859649122806,3.508771929824561,-0.85,1,0
KIC Metaliks,5.595588235294118,0.47846889952153115,-1.4699999999999998,1.7241379310344827,1.7241379310344827,3.4482758620689653,-1.8599999999999999,0,0
Popular Estate,5.794326241134752,0.0014271239171697277,698.69,1.7241379310344827,1.7241379310344827,3.4482758620689653,-0.83,1,0
Prism Medico,0.0,0.02980625931445604,31.83,1.6666666666666667,1.6666666666666667,3.3333333333333335,-0.72,1,0
Silverline Tech,0.3436281226942131,0.2577319587628866,1.8899999999999997,1.639344262295082,1.639344262295082,3.278688524590164,-0.76,1,0
Biogen Pharma,0.0,0.03749531308586426,24.89,1.639344262295082,1.639344262295082,3.278688524590164,-0.78,1,0
Futuristic Solu,0.4098360655737705,0.005221932114882507,189.59,1.639344262295082,1.639344262295082,3.278688524590164,-0.88,1,0
GKW,0.0020106909911235347,0.06418485237483953,13.610000000000001,1.5873015873015872,1.5873015873015872,3.1746031746031744,-0.97,1,0
Yogi Infra Proj.,0.2215561869915535,0.39840637450199207,-0.75,1.5625,1.5625,3.125,-0.44999999999999996,1,0
Emkay Taps & Cut,0.0,0.38314176245210724,0.93,1.5384615384615383,1.5384615384615383,3.0769230769230766,-0.6799999999999999,0,0
Ashram Online,4.111111111111112,0.6802721088435374,-0.74,1.4705882352941178,1.4705882352941178,2.9411764705882355,-0.8600000000000001,1,0
Jyotirgamya Ent.,0.09497206703910616,0.7936507936507936,-0.36,1.4705882352941178,1.4705882352941178,2.9411764705882355,-0.56,1,0
Laxmi Cotspin,13.605177993527509,0.35587188612099646,-3.1699999999999995,1.4492753623188408,1.4492753623188408,2.8985507246376816,-4.329999999999999,0,0
Olympic Oil Ind.,107.22,0.5181347150259067,0.32000000000000006,1.4285714285714286,1.4285714285714286,2.857142857142857,-0.37,1,1
Docmode Health,0.9700520833333334,0.5524861878453039,-6.2299999999999995,1.4084507042253522,1.4084507042253522,2.8169014084507045,-6.14,0,0
Azad India,0.012490392006149117,0.0511770726714432,18.299999999999997,1.3888888888888888,1.3888888888888888,2.7777777777777777,-0.23000000000000004,1,0
Mahan Industries,1.1843003412969284,0.056947608200455586,14.989999999999998,1.3513513513513513,1.3513513513513513,2.7027027027027026,-0.91,1,0
Interworld Digi.,0.9734513274336285,0.22727272727272727,2.88,1.3513513513513513,1.3513513513513513,2.7027027027027026,-0.51,1,0
Fortune Interntl,0.30714285714285716,0.014184397163120567,79.29999999999998,1.3513513513513513,1.3513513513513513,2.7027027027027026,9.81,0,0
Alexander Stamps,0.1485148514851485,0.04393673110720562,21.28,1.3157894736842106,1.3157894736842106,2.6315789473684212,-0.47,1,1
Quick Heal Tech,0.0,0.19120458891013384,4.5200000000000005,1.3157894736842106,1.3157894736842106,2.6315789473684212,0.29000000000000004,1,0
Sri Nacha. Cott.,31.316546762589926,0.4347826086956522,-4.539999999999999,1.2987012987012987,1.2987012987012987,2.5974025974025974,-3.71,1,1
IND Renewable,0.4433962264150943,0.024937655860349125,38.550000000000004,1.2987012987012987,1.2987012987012987,2.5974025974025974,-0.53,1,0
Woodsvilla,0.0,0.01020408163265306,96.79,1.2658227848101264,1.2658227848101264,2.531645569620253,-0.21,1,0
Kotia Enterprise,0.0,0.17094017094017094,4.46,1.2658227848101264,1.2658227848101264,2.531645569620253,-0.39,0,0
VSF Projects,6.315698178664354,0.625,-0.56,1.25,1.25,2.5,-0.42000000000000004,1,1
Shree Hanuman Sg,38.24657534246575,0.9615384615384615,-0.71,1.25,1.25,2.5,-0.38,1,1
IGC Industries,0.4384581690757775,0.2577319587628866,2.28,1.2345679012345678,1.2345679012345678,2.4691358024691357,-0.37,1,0
Dolphin Medical,0.7830188679245282,0.2577319587628866,2.3699999999999997,1.2195121951219512,1.2195121951219512,2.4390243902439024,-0.43,1,0
Natura Hue Chem,0.22142857142857145,0.18181818181818182,4.2,1.2195121951219512,1.2195121951219512,2.4390243902439024,-0.27,1,0
Integ. Capital,0.8445945945945946,0.6329113924050632,0.07999999999999996,1.2048192771084338,1.2048192771084338,2.4096385542168677,-0.25,0,0
Trio Merc. Trad.,0.15568862275449102,0.37453183520599254,1.32,1.1904761904761905,1.1904761904761905,2.380952380952381,-0.33999999999999997,1,0
Arman Holdings,0.0,0.01240694789081886,79.13,1.1904761904761905,1.1904761904761905,2.380952380952381,-0.47,1,0
Explicit Finance,0.0,0.0547945205479452,17.12,1.1494252873563218,1.1494252873563218,2.2988505747126435,-0.13,1,0
Samtex Fashion,498.2300884955753,0.9900990099009901,-0.45999999999999996,1.1363636363636365,1.1363636363636365,2.272727272727273,-0.22999999999999998,1,1
H D I L,1761.4468085106382,0.6578947368421053,0.16000000000000003,1.1235955056179776,1.1235955056179776,2.247191011235955,-0.12,1,1
Kohinoor Foods,0.3509980448324466,0.8264462809917356,-7.79,1.1111111111111112,1.1111111111111112,2.2222222222222223,-7.76,0,0
Sri Havisha,24.870967741935484,0.5882352941176471,-7.13,1.0989010989010988,1.0989010989010988,2.1978021978021975,-5.75,1,0
Alstone Textiles,542.7480916030535,0.009888262632255514,97.78999999999999,1.0989010989010988,1.0989010989010988,2.1978021978021975,-0.18,1,0
Kapil Raj Financ,0.0392156862745098,0.0041981528127623844,237.06,1.0752688172043012,1.0752688172043012,2.1505376344086025,-0.14,1,0
Ladam Affordab.,7.058201058201058,0.5747126436781609,0.10000000000000003,1.0752688172043012,1.0752688172043012,2.1505376344086025,-0.18,1,1
Genus Prime,34.18,0.7751937984496123,0.01999999999999999,1.0638297872340425,1.0638297872340425,2.127659574468085,-0.12,1,1
Unishire Urban,2.0648414985590775,0.32679738562091504,1.24,1.0526315789473684,1.0526315789473684,2.1052631578947367,-0.13,1,0
Square Four Pro.,0.7513227513227513,0.7352941176470589,-0.11000000000000001,1.0416666666666667,1.0416666666666667,2.0833333333333335,-0.39999999999999997,1,0
Tiaan Consumer,591.0165484633569,6.734278826080515e-06,148131.71,1.0101010101010102,1.0101010101010102,2.0202020202020203,-0.02,1,1
Kashyap TeleMed.,0.0,0.12330456226880396,7.11,1.0,1.0,2.0,0.0,1,0
FGP,0.0,0.03473428273706148,26.97,1.0,1.0,2.0,-0.82,1,0
Golkonda Alumin.,2427.1844660194174,0.3424657534246575,-295.7,1.0,1.0,2.0,0.0,1,0
Worldwide Alumi.,0.0,0.2840909090909091,2.52,1.0,1.0,2.0,0.0,1,0
Sharp Investment,0.0,0.4504504504504505,1.22,1.0,1.0,2.0,0.0,1,0
Siddhes. Garment,0.0,0.015384615384615385,64.0,1.0,1.0,2.0,0.0,1,0
Ghushine Fintrra,0.3225806451612903,0.2808988764044944,2.46,1.0,1.0,2.0,0.0,1,0
Transpact Enter.,0.04285714285714286,0.2531645569620253,4.3,1.0,1.0,2.0,1.47,1,0
GSS Infotech,1.2200932598558711,0.22624434389140272,2.78,0.9803921568627451,0.9803921568627451,1.9607843137254901,-0.23,1,0
Available Fin.,0.0,0.05128205128205128,27.68,0.970873786407767,0.970873786407767,1.941747572815534,9.18,0,0
Superior Finleas,19.085106382978722,0.0070921985815602835,131.35,0.9615384615384615,0.9615384615384615,1.923076923076923,0.06,1,0
MASK INVESTMENTS,0.6696428571428571,0.38759689922480617,1.6300000000000001,0.9615384615384615,0.9615384615384615,1.923076923076923,0.06,1,0
E & E Enterprises,0.0,0.3424657534246575,1.99,0.9523809523809523,0.9523809523809523,1.9047619047619047,0.07,1,0
Hexa Tradex,0.844614729672201,0.8620689655172414,-0.29,0.9523809523809523,0.9523809523809523,1.9047619047619047,-0.45,0,0
Mohit Industries,11.660211267605636,0.5076142131979695,-0.24000000000000005,0.9523809523809523,0.9523809523809523,1.9047619047619047,-0.8099999999999999,1,1
R O Jewels,10.38532110091743,0.34602076124567477,1.13,0.9523809523809523,0.9523809523809523,1.9047619047619047,0.09,1,0
Uniphos Enter.,0.20161290322580644,0.09940357852882703,9.13,0.9433962264150942,0.9433962264150942,1.8867924528301885,0.06999999999999999,1,0
Computer Point,0.0,0.0035612535612535613,279.5,0.9433962264150942,0.9433962264150942,1.8867924528301885,-0.3,1,0
Thinkink Picture,0.002902433578923867,0.09267840593141799,9.79,0.9433962264150942,0.9433962264150942,1.8867924528301885,0.0,1,0
Alfavision Overs,93.55862068965517,0.040048057669203045,20.89,0.9345794392523364,0.9345794392523364,1.8691588785046729,0.14,1,1
R G F Capital,0.0,0.31347962382445144,2.26,0.9345794392523364,0.9345794392523364,1.8691588785046729,0.07,1,0
Gajanan Sec.Serv,0.0,0.12180267965895249,7.48,0.9259259259259258,0.9259259259259258,1.8518518518518516,0.27,1,0
Vikas Proppant,2.892261904761905,0.5050505050505051,0.8700000000000001,0.9174311926605504,0.9174311926605504,1.8348623853211008,0.15,1,0
Svam Software,4.377358490566038,0.046511627906976744,20.460000000000004,0.9090909090909091,0.9090909090909091,1.8181818181818181,0.2,1,0
Polycon Intl.,25.865671641791042,0.2949852507374631,-15.27,0.9009009009009008,0.9009009009009008,1.8018018018018016,-4.87,1,0
Omnitex Industri,0.0,0.36363636363636365,16.9,0.9009009009009008,0.9009009009009008,1.8018018018018016,15.149999999999999,0,0
VL E-Governance,0.0,0.2949852507374631,2.61,0.9009009009009008,0.9009009009009008,1.8018018018018016,0.22,1,0
Indifra Ltd,0.0,0.016837851490149856,58.55,0.9009009009009008,0.9009009009009008,1.8018018018018016,0.16,1,0
P.M. Telelinnks,0.0,0.19305019305019305,4.3,0.8928571428571428,0.8928571428571428,1.7857142857142856,0.12,1,0
Madhav Marbles,3.4105960264900665,0.22624434389140272,2.3,0.8928571428571428,0.8928571428571428,1.7857142857142856,-1.04,0,0
Croissance Ltd,0.0,0.5524861878453039,0.9400000000000001,0.8849557522123894,0.8849557522123894,1.7699115044247788,0.13,1,0
Jaihind Synth,0.9904761904761905,0.05361930294906166,17.83,0.8849557522123894,0.8849557522123894,1.7699115044247788,0.25,1,0
Gleam Up Jwel Limiteed,4.769911504424779,0.38167938931297707,1.25,0.8849557522123894,0.8849557522123894,1.7699115044247788,0.17,1,0
Mahalaxmi Fab.,4.940402476780186,0.4716981132075471,-0.7,0.8849557522123894,0.8849557522123894,1.7699115044247788,-1.1600000000000001,1,1
Vintage Secur.,0.0,0.5,1.2600000000000002,0.8771929824561403,0.8771929824561403,1.7543859649122806,0.26,1,0
Vels Film,1.4134855511951478,0.4347826086956522,-2.7,0.8771929824561403,0.8771929824561403,1.7543859649122806,-2.59,1,0
Krishna Capital,0.0,0.3424657534246575,2.24,0.8620689655172414,0.8620689655172414,1.7241379310344829,0.32,1,1
Jayshree Chem.,0.42045454545454547,0.3003003003003003,2.22,0.8474576271186441,0.8474576271186441,1.6949152542372883,-0.04000000000000001,1,0
Subhash Silk,0.22424242424242424,0.6172839506172839,-0.79,0.8474576271186441,0.8474576271186441,1.6949152542372883,-1.37,1,0
Sunshine Capital,0.0,0.05546311702717693,17.380000000000003,0.8474576271186441,0.8474576271186441,1.6949152542372883,0.35,1,0
Amerise BioScie,0.0,0.9900990099009901,0.34,0.8403361344537815,0.8403361344537815,1.680672268907563,0.33,0,0
National Perox.,0.7183528215556685,0.22573363431151244,3.2800000000000002,0.8333333333333334,0.8333333333333334,1.6666666666666667,-0.10999999999999999,0,0
Mah. Corporation,0.0,0.04177109440267335,23.330000000000002,0.8264462809917356,0.8264462809917356,1.6528925619834711,0.39,0,0
BKV Industries,0.0,0.4484304932735426,1.45,0.819672131147541,0.819672131147541,1.639344262295082,0.22,1,0
RLF,2.4863013698630136,0.591715976331361,-0.29000000000000015,0.819672131147541,0.819672131147541,1.639344262295082,-0.8500000000000001,1,1
Source Industrie,0.17094017094017097,0.016286644951140065,60.79,0.819672131147541,0.819672131147541,1.639344262295082,0.44,1,0
Vikas Lifecare,0.34363799283154123,0.36101083032490977,1.23,0.8064516129032259,0.8064516129032259,1.6129032258064517,-0.4,1,0
Retro Green,0.0409711684370258,0.021505376344086023,45.910000000000004,0.8064516129032259,0.8064516129032259,1.6129032258064517,0.42,0,0
Perfect-Octave,3.2870370370370368,0.9523809523809523,-0.04999999999999999,0.8,0.8,1.6,0.33,1,0
Sirohia & Sons,0.0,0.021486892995272885,45.93,0.8,0.8,1.6,0.39,1,0
CHD Chemicals,1.6178861788617886,0.10493179433368312,7.419999999999999,0.8,0.8,1.6,-0.65,0,0
Shoora Designs,0.06526172671651936,0.06108735491753208,16.06,0.8,0.8,1.6,0.74,1,0
ASL Industries,0.0,0.002837684449489217,351.91999999999996,0.7936507936507936,0.7936507936507936,1.5873015873015872,0.52,1,0
Munjal Showa,0.0,0.20964360587002098,4.609999999999999,0.7874015748031495,0.7874015748031495,1.574803149606299,0.84,0,0
Spectrum Foods,0.025844930417495034,0.14792899408284024,6.200000000000001,0.7874015748031495,0.7874015748031495,1.574803149606299,0.46,1,0
Surana Solar,0.0557768924302789,0.303951367781155,2.93,0.7874015748031495,0.7874015748031495,1.574803149606299,0.64,1,0
Natural Biocon,0.0782608695652174,0.48780487804878053,1.45,0.7874015748031495,0.7874015748031495,1.574803149606299,0.41000000000000003,1,0
First Fintec,0.16513761467889906,0.13297872340425532,6.05,0.78125,0.78125,1.5625,-0.44999999999999996,1,0
Lak. Prec. Screw,8.34934357989113,0.5434782608695653,-18.43,0.78125,0.78125,1.5625,-8.110000000000001,0,1
V B Industries,0.0,0.2824858757062147,2.7300000000000004,0.78125,0.78125,1.5625,0.19000000000000003,1,0
Patron Exim,2.128712871287129,0.20366598778004072,4.300000000000001,0.78125,0.78125,1.5625,0.44000000000000006,1,0
Jolly Plastic,0.0,0.3424657534246575,2.5,0.7751937984496123,0.7751937984496123,1.5503875968992247,0.58,1,0
Ashtasidhhi Ind,0.0,0.24096385542168672,3.63,0.7751937984496123,0.7751937984496123,1.5503875968992247,0.48,1,0
Cressanda Railwa,0.12341197822141563,0.3597122302158273,2.19,0.7751937984496123,0.7751937984496123,1.5503875968992247,0.41,0,0
Typhoon Fin Ser,0.12328767123287672,0.5714285714285714,1.1099999999999999,0.7751937984496123,0.7751937984496123,1.5503875968992247,0.42,1,0
Hind.Appliances,24.324324324324326,0.45454545454545453,-0.6500000000000001,0.7692307692307692,0.7692307692307692,1.5384615384615383,0.6,1,1
Ishaan Infrastru,0.0,0.04868549172346641,19.01,0.7692307692307692,0.7692307692307692,1.5384615384615383,-0.53,1,0
Evexia Lifecare,374.7239263803681,0.36363636363636365,-0.010000000000000231,0.7692307692307692,0.7692307692307692,1.5384615384615383,0.4,1,0
SVS Ventures,0.004878048780487806,0.015019525382997898,66.11,0.7692307692307692,0.7692307692307692,1.5384615384615383,0.53,1,0
Wagend Infra,0.7675675675675675,0.11363636363636363,8.18,0.7575757575757576,0.7575757575757576,1.5151515151515151,0.53,1,1
Apoorva Leasing,0.0034891835310537334,0.050125313283208024,19.56,0.7575757575757576,0.7575757575757576,1.5151515151515151,0.61,0,0
Diensten Tech,16.381909547738694,0.35335689045936397,-3.9200000000000004,0.7575757575757576,0.7575757575757576,1.5151515151515151,-4.04,1,0
Ravikumar Distll,29.45138888888889,0.4739336492890995,0.5300000000000002,0.7518796992481203,0.7518796992481203,1.5037593984962405,0.43000000000000005,1,1
VCU Data Managem,0.0,0.052083333333333336,18.79,0.7518796992481203,0.7518796992481203,1.5037593984962405,0.5900000000000001,1,0
BGIL Films & Tec,1.2532467532467533,0.1582278481012658,5.0,0.7462686567164178,0.7462686567164178,1.4925373134328357,-0.22000000000000003,1,0
Ramchandra Leas.,0.0,0.23201856148491876,3.9499999999999997,0.7462686567164178,0.7462686567164178,1.4925373134328357,0.64,1,0
OTCO Intl,3.779761904761904,0.43859649122807015,-0.6399999999999997,0.7462686567164178,0.7462686567164178,1.4925373134328357,0.67,1,0
Panafic Industri,0.8031674208144796,0.7246376811594204,0.62,0.7462686567164178,0.7462686567164178,1.4925373134328357,0.5900000000000001,1,0
G K Consultants,0.0,0.0071301247771836,139.85999999999999,0.7407407407407407,0.7407407407407407,1.4814814814814814,0.61,1,0
NBI Indl. Fin.,0.0,0.6711409395973155,1.1,0.7407407407407407,0.7407407407407407,1.4814814814814814,0.61,0,0
Sungold Media,0.0,0.018691588785046728,53.11,0.7407407407407407,0.7407407407407407,1.4814814814814814,0.61,1,0
Evoq Remedies,0.0,0.1277139208173691,7.39,0.7407407407407407,0.7407407407407407,1.4814814814814814,0.5599999999999999,1,0
Lesha Industries,0.0030272452068617556,0.05678591709256105,17.47,0.7352941176470589,0.7352941176470589,1.4705882352941178,0.86,1,0
West Leisure,0.0,0.4366812227074236,1.4500000000000002,0.7352941176470589,0.7352941176470589,1.4705882352941178,0.15999999999999998,1,0
Mitshi India,0.13559322033898305,0.0648508430609598,15.049999999999999,0.7352941176470589,0.7352941176470589,1.4705882352941178,0.69,1,0
Devine Impex,0.0,0.004803766152663688,207.76,0.7299270072992701,0.7299270072992701,1.4598540145985401,0.59,1,0
Setubandhan Inf.,108.97959183673468,0.6944444444444444,0.6100000000000001,0.7194244604316546,0.7194244604316546,1.4388489208633093,0.41000000000000003,1,1
Veer Energy,0.0,0.08968609865470852,10.790000000000001,0.7194244604316546,0.7194244604316546,1.4388489208633093,0.64,1,0
S & T Corporatio,0.0,0.004347826086956522,229.77999999999997,0.7194244604316546,0.7194244604316546,1.4388489208633093,0.78,1,0
Minolta Finance,37.72222222222222,0.7874015748031495,-3.7299999999999995,0.7142857142857143,0.7142857142857143,1.4285714285714286,0.43000000000000005,1,0
Looks Health,0.0,0.625,1.13,0.7142857142857143,0.7142857142857143,1.4285714285714286,0.53,1,0
Tirth Plastic,0.27433628318584075,0.22522522522522526,4.08,0.7142857142857143,0.7142857142857143,1.4285714285714286,0.76,1,0
SSPDL Ltd,3.907758620689655,0.591715976331361,-1.68,0.7142857142857143,0.7142857142857143,1.4285714285714286,-2.13,0,0
Diamant Infra.,6.568807339449541,0.3125,2.3600000000000003,0.7092198581560284,0.7092198581560284,1.4184397163120568,0.81,1,0
Excel Realty,0.12427745664739884,0.01738223535546671,57.34,0.7042253521126761,0.7042253521126761,1.4084507042253522,0.81,1,0
Oswal Green Tech,0.04597390913180387,0.025913449080072554,38.36000000000001,0.6993006993006994,0.6993006993006994,1.3986013986013988,0.77,0,0
Rajapalayam Mill,9.967335390946502,0.5586592178770949,1.18,0.6993006993006994,0.6993006993006994,1.3986013986013988,0.89,0,1
Sh. Krish. Infr.,0.0,0.13333333333333333,7.1899999999999995,0.6993006993006994,0.6993006993006994,1.3986013986013988,0.69,0,0
Kinetic Engg.,3.2047872340425534,0.37593984962406013,-0.6500000000000001,0.6993006993006994,0.6993006993006994,1.3986013986013988,-1.6500000000000001,1,0
Stellar Capital,0.0678513731825525,0.8849557522123894,0.8,0.6896551724137931,0.6896551724137931,1.3793103448275863,0.68,0,1
Sunraj Diamond,11.635036496350363,0.4926108374384236,-14.59,0.684931506849315,0.684931506849315,1.36986301369863,0.65,1,1
Kaizen Agro,0.0,0.07204610951008646,13.680000000000001,0.6802721088435374,0.6802721088435374,1.3605442176870748,0.8,1,0
Scintilla Comm,0.7685185185185184,0.10526315789473684,9.17,0.6802721088435374,0.6802721088435374,1.3605442176870748,0.75,1,0
Elgi Rubber Co,33.59515951595159,0.4807692307692307,-4.430000000000001,0.6802721088435374,0.6802721088435374,1.3605442176870748,-3.6800000000000006,1,1
Vishwaraj Sugar,6.888823987538941,0.5319148936170213,-4.67,0.6711409395973155,0.6711409395973155,1.342281879194631,-4.09,0,1
Padmanabh Inds.,0.9453125,0.35587188612099646,2.4400000000000004,0.6666666666666666,0.6666666666666666,1.3333333333333333,0.87,1,0
CLIO Infotech,12.640287769784171,0.0019267822736030828,517.21,0.6666666666666666,0.6666666666666666,1.3333333333333333,0.88,1,1
Neelkanth,0.40217391304347827,0.1303780964797914,7.18,0.6666666666666666,0.6666666666666666,1.3333333333333333,0.59,1,0
Mihika Industrie,0.007659167065581618,0.011764705882352941,84.72,0.6666666666666666,0.6666666666666666,1.3333333333333333,0.73,0,1
Shukra Jewellery,0.0,0.14124293785310735,7.25,0.6622516556291391,0.6622516556291391,1.3245033112582782,1.17,1,0
ESI,32.245,0.28169014084507044,4.8,0.6622516556291391,0.6622516556291391,1.3245033112582782,3.2800000000000002,1,0
Lancer Containe.,0.16221263442591283,0.30303030303030304,2.1299999999999994,0.6622516556291391,0.6622516556291391,1.3245033112582782,-0.06999999999999995,0,1
Phoenix Township,5.0449654729404205,0.15748031496062992,5.199999999999999,0.6622516556291391,0.6622516556291391,1.3245033112582782,0.71,1,0
KMG Milk Food,2.582222222222222,0.07485029940119761,8.209999999999999,0.6535947712418301,0.6535947712418301,1.3071895424836601,-3.91,1,0
Easun Capital Ma,0.0,0.25,3.55,0.6451612903225806,0.6451612903225806,1.2903225806451613,0.55,1,0
P B A Infra.,168.3625,0.7874015748031495,1.3299999999999998,0.6369426751592357,0.6369426751592357,1.2738853503184715,1.2999999999999998,1,1
Mukta Agricultur,0.0,0.002857142857142857,350.18,0.6369426751592357,0.6369426751592357,1.2738853503184715,1.18,1,1
Nibe Ordnance,0.3234244946492271,0.5494505494505495,1.58,0.6369426751592357,0.6369426751592357,1.2738853503184715,0.7799999999999999,0,0
Rajnish Wellness,0.0,0.10319917440660475,9.45,0.628930817610063,0.628930817610063,1.257861635220126,0.76,1,0
Winsome Brew.,2.6089385474860336,0.3424657534246575,2.5300000000000002,0.625,0.625,1.25,0.88,1,0
Pankaj Polymers,1.5471698113207546,0.303951367781155,1.85,0.6211180124223603,0.6211180124223603,1.2422360248447206,-0.31000000000000005,1,0
Asia Pack,0.0,0.049236829148202856,20.61,0.6172839506172839,0.6172839506172839,1.2345679012345678,1.3,1,0
Shree Ganesh Bio,0.12756467439785904,0.1023541453428864,9.78,0.6172839506172839,0.6172839506172839,1.2345679012345678,1.03,1,1
Filatex Fash.,15.419642857142858,0.3484320557491289,2.86,0.6134969325153374,0.6134969325153374,1.2269938650306749,1.01,0,0
Sun Retail,4.246268656716418,0.20703933747412007,4.43,0.6097560975609756,0.6097560975609756,1.2195121951219512,0.94,1,1
Landmarc Leisur.,2.0056179775280896,0.27932960893854747,3.6900000000000004,0.6024096385542168,0.6024096385542168,1.2048192771084336,1.24,1,0
Margo Finance,0.0,0.027777777777777776,35.86,0.5952380952380952,0.5952380952380952,1.1904761904761905,0.8600000000000001,1,0
Dalmia Industria,0.0,0.5405405405405405,1.77,0.5952380952380952,0.5952380952380952,1.1904761904761905,0.92,1,0
Sibar Auto Parts,0.21327014218009477,0.5263157894736842,0.58,0.591715976331361,0.591715976331361,1.183431952662722,-0.27,1,0
Surana Telecom,1.4555555555555555,0.33222591362126247,2.9799999999999995,0.591715976331361,0.591715976331361,1.183431952662722,1.01,0,0
PVP Ventures,9.135832521908473,0.35335689045936397,1.1800000000000002,0.5882352941176471,0.5882352941176471,1.1764705882352942,0.19999999999999996,0,0
Jocil,0.47898423817863395,0.24509803921568626,4.11,0.5847953216374269,0.5847953216374269,1.1695906432748537,1.06,0,0
Hercules Investments,0.0,0.016129032258064516,62.37,0.5813953488372093,0.5813953488372093,1.1627906976744187,1.37,0,0
Futuristic Sec.,0.0,0.010638297872340425,94.44,0.5813953488372093,0.5813953488372093,1.1627906976744187,1.44,1,0
Creative Eye,2.9056603773584904,0.2531645569620253,0.8,0.5813953488372093,0.5813953488372093,1.1627906976744187,-1.82,1,0
KCD Industries,0.11089174070417901,0.4184100418410042,2.41,0.5813953488372093,0.5813953488372093,1.1627906976744187,1.1,1,0
Sanblue Corp.,0.0,0.031007751937984496,32.51,0.5780346820809249,0.5780346820809249,1.1560693641618498,1.26,1,0
Rajkot Inv.Trust,10.460176991150444,0.030229746070133012,28.55,0.5747126436781609,0.5747126436781609,1.1494252873563218,1.28,1,0
Nirav Commercial,0.0,0.1303780964797914,7.39,0.5714285714285714,0.5714285714285714,1.1428571428571428,0.72,1,0
Everest Inds.,3.3864956702838978,0.43103448275862066,1.01,0.5714285714285714,0.5714285714285714,1.1428571428571428,0.22999999999999998,1,0
K Z Leasing,3.4494949494949494,0.7518796992481203,0.04999999999999999,0.5649717514124294,0.5649717514124294,1.1299435028248588,0.09999999999999998,1,0
AG Ventures,3.2266226622662266,0.17543859649122806,5.409999999999999,0.5649717514124294,0.5649717514124294,1.1299435028248588,0.8200000000000001,0,1
Caprihans India,7.578083989501313,0.5154639175257733,-4.21,0.5617977528089888,0.5617977528089888,1.1235955056179776,-3.3899999999999997,0,0
Haria Exports,0.0,0.14285714285714285,7.5600000000000005,0.5617977528089888,0.5617977528089888,1.1235955056179776,1.56,1,0
HB Portfolio,0.07296137339055794,0.1652892561983471,5.84,0.5555555555555556,0.5555555555555556,1.1111111111111112,0.79,0,0
EKI Energy,0.018340210912425495,0.08920606601248884,8.760000000000002,0.5555555555555556,0.5555555555555556,1.1111111111111112,-1.45,0,0
Amit Internation,0.0,0.41152263374485604,2.89,0.5524861878453039,0.5524861878453039,1.1049723756906078,1.46,1,0
Modern Malleable,0.14030612244897958,0.3401360544217687,3.69,0.5524861878453039,0.5524861878453039,1.1049723756906078,1.76,1,0
Integra Capital,0.0,0.006944444444444444,144.42,0.5494505494505495,0.5494505494505495,1.098901098901099,1.42,1,0
Jet Solar,0.1069364161849711,0.06230529595015576,16.12,0.5494505494505495,0.5494505494505495,1.098901098901099,1.0899999999999999,1,0
Symbiox Investme,0.0,0.0018779342723004694,532.9200000000001,0.5494505494505495,0.5494505494505495,1.098901098901099,1.42,0,0
Welspun Investme,0.0,0.7246376811594204,1.77,0.5464480874316939,0.5464480874316939,1.0928961748633879,1.3900000000000001,1,0
Fortis Malar,0.0,0.075642965204236,13.56,0.5464480874316939,0.5464480874316939,1.0928961748633879,1.3399999999999999,1,0
Sarda Proteins,0.14414414414414414,0.4926108374384236,2.19,0.5434782608695653,0.5434782608695653,1.0869565217391306,1.23,1,1
Sambandam Spg.,6.998313659359191,0.47846889952153115,-2.4699999999999998,0.5434782608695653,0.5434782608695653,1.0869565217391306,-2.1,0,1
Mega Nirman,0.0,0.0206782464846981,48.5,0.5434782608695653,0.5434782608695653,1.0869565217391306,1.14,1,0
Lakshmi Mills,4.677995795374912,0.6578947368421053,0.7699999999999999,0.5376344086021506,0.5376344086021506,1.0752688172043012,0.39999999999999997,0,1
Likhami Consult.,0.0,0.008894423196655697,112.92,0.5376344086021506,0.5376344086021506,1.0752688172043012,1.49,1,1
Anik Industries,0.15871696858899784,0.1402524544179523,7.5200000000000005,0.5376344086021506,0.5376344086021506,1.0752688172043012,1.44,1,0
Eraaya Lifespace,6.076327583865273,0.5586592178770949,-31.330000000000002,0.5376344086021506,0.5376344086021506,1.0752688172043012,-14.370000000000001,1,1
Rajdarshan Inds,0.0,0.05122950819672131,20.43,0.53475935828877,0.53475935828877,1.06951871657754,1.9100000000000001,1,0
Rish.Digh.Steel,0.09090909090909091,0.015006002400960384,67.05,0.53475935828877,0.53475935828877,1.06951871657754,1.42,1,0
Citizen Infoline,0.0,0.5555555555555556,2.3200000000000003,0.53475935828877,0.53475935828877,1.06951871657754,1.52,1,1
Shiva Global,7.951807228915662,0.19267822736030826,1.7300000000000004,0.53475935828877,0.53475935828877,1.06951871657754,-2.09,0,0
U. H. Zaveri,3.5375,0.022701475595913737,44.14999999999999,0.53475935828877,0.53475935828877,1.06951871657754,1.53,1,0
DE Nora India,0.0,0.2570694087403599,5.41,0.5319148936170213,0.5319148936170213,1.0638297872340425,2.52,0,0
Ucal,19.30621396540679,0.5319148936170213,-1.9700000000000002,0.5263157894736842,0.5263157894736842,1.0526315789473684,-1.98,0,1
Chandrima Mercan,0.04865002547121752,0.050454086781029264,20.49,0.5263157894736842,0.5263157894736842,1.0526315789473684,1.69,1,0
Tridev Infra.,0.0,0.3424657534246575,2.83,0.5235602094240838,0.5235602094240838,1.0471204188481675,0.91,1,1
Raconteur Global,12.418079096045197,0.36764705882352944,2.16,0.5235602094240838,0.5235602094240838,1.0471204188481675,1.6800000000000002,1,0
Shri Vasuprada,10.827956989247312,0.5464480874316939,-0.8200000000000001,0.5208333333333334,0.5208333333333334,1.0416666666666667,-1.0699999999999998,0,0
Perfect Infraeng,1.0895104895104895,0.14285714285714285,8.8,0.5208333333333334,0.5208333333333334,1.0416666666666667,3.04,1,0
Shreeshay Engi.,0.0,0.27027027027027023,3.98,0.5208333333333334,0.5208333333333334,1.0416666666666667,1.28,0,0
Tranway21 Tech.,3.2960526315789473,0.22624434389140272,3.2399999999999998,0.5208333333333334,0.5208333333333334,1.0416666666666667,0.13,1,0
Parle Industries,0.24045801526717556,0.23148148148148145,4.73,0.5128205128205129,0.5128205128205129,1.0256410256410258,1.43,1,0
Lee & Nee Soft.,0.07526881720430109,0.10298661174047373,10.22,0.5128205128205129,0.5128205128205129,1.0256410256410258,1.51,1,0
Navkar Urban.,3.0301507537688446,0.2506265664160401,4.13,0.5102040816326531,0.5102040816326531,1.0204081632653061,1.18,1,0
Novelix Pharma.,0.0,0.39525691699604737,2.95,0.5102040816326531,0.5102040816326531,1.0204081632653061,1.42,1,0
Saianand Commer.,0.3958691910499139,0.08561643835616438,12.45,0.5076142131979695,0.5076142131979695,1.015228426395939,1.83,1,0
Sh. Bajrang All.,3.291565287915653,0.47846889952153115,9.21,0.5076142131979695,0.5076142131979695,1.015228426395939,8.35,0,0
Odigma Consultan,0.0,0.23094688221709006,4.8,0.5076142131979695,0.5076142131979695,1.015228426395939,1.47,0,0
Decillion Financ,0.0,0.9259259259259258,1.58,0.5050505050505051,0.5050505050505051,1.0101010101010102,1.5,1,0
Shyama Computro.,0.0,0.3424657534246575,3.71,0.5,0.5,1.0,1.79,1,0
Mirza Internatio,0.7790697674418605,0.2881844380403458,2.83,0.5,0.5,1.0,0.4,0,0
Coffee Day Enter,5.816801259586572,0.2840909090909091,1.8000000000000003,0.49751243781094534,0.49751243781094534,0.9950248756218907,-0.28,0,1
Guj. Lease Fin.,7.246376811594203,0.06605019815059444,15.87,0.49504950495049505,0.49504950495049505,0.9900990099009901,1.97,1,0
Integra Switch,0.0,0.052029136316337155,20.18,0.4926108374384236,0.4926108374384236,0.9852216748768472,1.96,1,0
Sanathnagar Ent.,9.746376811594203,0.8064516129032259,-73.12,0.4926108374384236,0.4926108374384236,0.9852216748768472,-73.12,1,1
Vivid Mercantile,0.7961432506887053,0.1122334455667789,9.7,0.4926108374384236,0.4926108374384236,0.9852216748768472,1.8900000000000001,1,0
Trustedgecapital,0.0,0.37593984962406013,3.45,0.48780487804878053,0.48780487804878053,0.9756097560975611,1.79,1,0
Parampara Dairy,5.976744186046512,0.5102040816326531,1.7299999999999995,0.48780487804878053,0.48780487804878053,0.9756097560975611,1.6400000000000001,1,1
Naperol Invest.,0.0,0.08576329331046312,12.64,0.4854368932038835,0.4854368932038835,0.970873786407767,1.98,1,0
Super Sales Ind.,3.170276574475175,0.3921568627450981,2.15,0.48309178743961345,0.48309178743961345,0.9661835748792269,0.78,0,0
STL Global,2.2982998454404946,0.3236245954692557,1.5899999999999999,0.4807692307692307,0.4807692307692307,0.9615384615384615,0.06000000000000005,0,0
Victoria Mills,0.0,0.027056277056277056,37.59,0.47619047619047616,0.47619047619047616,0.9523809523809523,1.6300000000000001,1,0
GCM Capital,0.3539823008849558,0.038654812524159254,25.290000000000003,0.47619047619047616,0.47619047619047616,0.9523809523809523,0.44000000000000006,1,0
Bilcare,7.815094778462612,0.4629629629629629,-2.75,0.47619047619047616,0.47619047619047616,0.9523809523809523,-2.4299999999999997,0,1
SKIL Infrastr,43.33518312985572,1.0,-8.709999999999999,0.47619047619047616,0.47619047619047616,0.9523809523809523,1.3800000000000001,0,1
Ganges Securitie,0.0,0.22883295194508008,5.359999999999999,0.47619047619047616,0.47619047619047616,0.9523809523809523,1.9900000000000002,0,0
BITS,0.0,0.2531645569620253,5.16,0.4716981132075471,0.4716981132075471,0.9433962264150942,2.21,0,0
Tarini Internat.,8.053892215568862,0.3968253968253968,6.14,0.4694835680751174,0.4694835680751174,0.9389671361502347,5.109999999999999,1,0
Moxsh Overseas,4.678832116788321,0.49019607843137253,-1.85,0.4694835680751174,0.4694835680751174,0.9389671361502347,-2.02,1,1
Sumeru Industrie,0.00980392156862745,0.010282776349614395,98.26,0.46511627906976744,0.46511627906976744,0.9302325581395349,2.01,1,0
Shristi Infra,4.085423283320557,0.49019607843137253,-0.5100000000000002,0.4629629629629629,0.4629629629629629,0.9259259259259258,-1.3100000000000003,0,1
Veerkrupa Jewel,1.1406844106463878,0.3412969283276451,3.4800000000000004,0.4608294930875576,0.4608294930875576,0.9216589861751152,2.2199999999999998,1,0
Graviss Hospital,2.8390243902439027,0.5988023952095809,5.760000000000001,0.4587155963302753,0.4587155963302753,0.9174311926605506,5.15,0,0
The Peria Karamalai Tea,8.059245960502693,0.39525691699604737,2.59,0.45454545454545453,0.45454545454545453,0.9090909090909091,1.27,1,0
Kanani Industrie,0.04819277108433735,0.22935779816513766,5.38,0.45248868778280543,0.45248868778280543,0.9049773755656109,2.02,0,0
Atharv Enter,0.18333333333333335,0.5952380952380952,2.4200000000000004,0.4504504504504505,0.4504504504504505,0.900900900900901,1.77,0,0
MILGREY FIN.&INV,3.4391447368421053,0.14124293785310735,7.030000000000001,0.4504504504504505,0.4504504504504505,0.900900900900901,2.14,1,0
Ashnisha Indus.,0.3723636363636364,0.08347245409015025,12.280000000000001,0.4484304932735426,0.4484304932735426,0.8968609865470852,1.38,1,0
Pagaria Energy,4.610169491525424,0.08643042350907519,11.850000000000001,0.4464285714285714,0.4464285714285714,0.8928571428571428,2.14,1,1
Nexome Cap. Mkt.,0.9432918395573997,0.267379679144385,4.6000000000000005,0.4464285714285714,0.4464285714285714,0.8928571428571428,1.9,1,0
Polysil Irrigati,10.195219123505977,0.390625,0.13000000000000006,0.4464285714285714,0.4464285714285714,0.8928571428571428,-0.97,1,0
AGS Transact,3.0527367729777577,0.4566210045662101,-3.2700000000000005,0.4424778761061947,0.4424778761061947,0.8849557522123894,-2.46,0,0
TCFC Finance,0.0,0.00532509718302359,189.13,0.44052863436123346,0.44052863436123346,0.8810572687224669,2.34,1,0
Indl. Inv. Trust,0.015661875134091396,0.02721829069134458,38.00000000000001,0.44052863436123346,0.44052863436123346,0.8810572687224669,2.26,1,0
Softrak Venture,0.0,0.05293806246691371,19.94,0.43859649122807015,0.43859649122807015,0.8771929824561403,2.05,0,0
Transwar.Fin.,6.0305206463195695,0.3076923076923077,-0.95,0.43859649122807015,0.43859649122807015,0.8771929824561403,-2.05,1,0
Newtime Infra.,4.247801758593126,0.2808988764044944,-3.1999999999999993,0.4347826086956522,0.4347826086956522,0.8695652173913044,-2.4799999999999995,0,0
STEL Holdings,0.0,0.4672897196261683,3.34,0.4347826086956522,0.4347826086956522,0.8695652173913044,2.2,0,0
Guj Apollo Inds,2.742908871454436,0.19646365422396858,5.449999999999999,0.4329004329004329,0.4329004329004329,0.8658008658008658,1.4500000000000002,1,0
India Cem. Cap.,42.803921568627445,0.11933174224343678,7.1499999999999995,0.4329004329004329,0.4329004329004329,0.8658008658008658,2.14,1,0
Motor & Gen Fin,0.18974358974358974,0.33112582781456956,3.8100000000000005,0.43103448275862066,0.43103448275862066,0.8620689655172413,1.79,1,0
Mukesh Babu Fin.,5.877523553162853,0.06305170239596469,16.169999999999998,0.4291845493562232,0.4291845493562232,0.8583690987124464,1.4500000000000002,1,0
M P Agro Inds.,0.0,0.34965034965034963,4.04,0.425531914893617,0.425531914893617,0.851063829787234,2.18,1,1
Jagatjit Inds.,64.3511811023622,0.6802721088435374,-27.11,0.425531914893617,0.425531914893617,0.851063829787234,-2.09,1,1
Gautam Gems,4.046153846153846,0.24875621890547267,4.66,0.425531914893617,0.425531914893617,0.851063829787234,1.7400000000000002,1,0
KBS India,0.0,0.11723329425556857,9.39,0.42372881355932196,0.42372881355932196,0.8474576271186439,1.86,1,0
KJMC Financial,5.97071129707113,0.3401360544217687,3.7,0.42372881355932196,0.42372881355932196,0.8474576271186439,1.85,1,0
Nyssa Corp.,0.24,0.23866348448687355,5.45,0.42372881355932196,0.42372881355932196,0.8474576271186439,2.31,1,0
Urja Global,1.2689747003994674,0.3623188405797102,3.5500000000000007,0.42372881355932196,0.42372881355932196,0.8474576271186439,1.84,1,0
Naga Dhunseri,25.91029900332226,0.3802281368821293,4.82,0.42194092827004215,0.42194092827004215,0.8438818565400843,3.37,1,0
Karma Energy Ltd,0.6541353383458646,0.1736111111111111,7.59,0.42016806722689076,0.42016806722689076,0.8403361344537815,2.87,1,0
Mapro Industries,0.0,0.05966587112171839,18.18,0.4184100418410042,0.4184100418410042,0.8368200836820084,2.42,1,0
Nanavati Venture,0.0,0.3021148036253776,4.61,0.4184100418410042,0.4184100418410042,0.8368200836820084,2.3,1,0
S I Paper Mills,4.1552434003390655,0.47846889952153115,-0.8000000000000003,0.4166666666666667,0.4166666666666667,0.8333333333333334,-1.0900000000000003,0,1
Sterling Green,7.011299435028248,0.7518796992481203,-1.38,0.4166666666666667,0.4166666666666667,0.8333333333333334,-0.5800000000000001,1,1
Zodiac-JRD MKJ,0.2376237623762376,0.033322225924691765,31.040000000000003,0.41493775933609955,0.41493775933609955,0.8298755186721991,2.03,1,0
Bartronics India,0.04829545454545455,0.5494505494505495,3.0300000000000002,0.4132231404958678,0.4132231404958678,0.8264462809917356,2.2199999999999998,1,0
SW Investments,0.0,0.1636661211129296,7.550000000000001,0.4132231404958678,0.4132231404958678,0.8264462809917356,2.44,0,1
Atvo Enterprises,0.0,0.10341261633919338,11.01,0.41152263374485604,0.41152263374485604,0.8230452674897121,2.34,1,0
Kkalpana Plastic,0.0,0.0047169811320754715,213.87,0.4098360655737705,0.4098360655737705,0.819672131147541,2.87,1,0
Mid East Port.,0.0,0.0030211480362537764,332.91999999999996,0.4065040650406504,0.4065040650406504,0.8130081300813008,2.92,1,0
Syschem (India),0.0,0.40485829959514175,3.1799999999999997,0.40485829959514175,0.40485829959514175,0.8097165991902835,1.71,1,0
Warren Tea,0.1412213740458015,0.24570024570024568,6.07,0.40485829959514175,0.40485829959514175,0.8097165991902835,3.02,1,0
S V Global Mill,0.0,0.026867275658248254,38.239999999999995,0.40322580645161293,0.40322580645161293,0.8064516129032259,2.02,0,0
T T,55.87022900763358,0.2617801047120419,0.5699999999999997,0.4016064257028112,0.4016064257028112,0.8032128514056224,-1.6700000000000002,1,0
Triveni Glass,12.235294117647058,0.8771929824561403,2.2800000000000002,0.39840637450199207,0.39840637450199207,0.7968127490039841,2.38,1,0
Shervani Indl Sy,3.6837996096291477,0.3717472118959108,4.65,0.39840637450199207,0.39840637450199207,0.7968127490039841,3.34,0,0
Deccan Cements,19.67874708775563,0.49504950495049505,1.8800000000000003,0.39525691699604737,0.39525691699604737,0.7905138339920947,1.88,1,1
SIL Investments,0.0,0.14184397163120568,8.629999999999999,0.39525691699604737,0.39525691699604737,0.7905138339920947,2.58,0,0
Mercantile Vent.,0.0,0.22883295194508008,7.5600000000000005,0.39525691699604737,0.39525691699604737,0.7905138339920947,4.19,1,0
Tarmat,1.1161417322834646,0.20746887966804978,5.96,0.3921568627450981,0.3921568627450981,0.7843137254901962,2.2,1,0
Gloster Ltd,7.530187924830068,0.4291845493562232,1.3500000000000003,0.3921568627450981,0.3921568627450981,0.7843137254901962,0.7200000000000001,1,1
Equilateral Ent.,0.06892067620286085,0.3412969283276451,4.260000000000001,0.390625,0.390625,0.78125,2.38,0,0
Repro India,2.4942236146465633,0.46511627906976744,1.98,0.390625,0.390625,0.78125,1.1800000000000002,0,0
Titan Securities,0.003184713375796178,0.05068423720223011,30.959999999999997,0.390625,0.390625,0.78125,12.23,0,0
Asian Warehous.,3.333333333333333,0.9523809523809523,1.55,0.38759689922480617,0.38759689922480617,0.7751937984496123,1.75,1,0
Amit Securities,0.0,0.17825311942959002,10.84,0.38314176245210724,0.38314176245210724,0.7662835249042145,6.23,0,0
Visagar Finan.,30.52755905511811,0.3424657534246575,2.74,0.38167938931297707,0.38167938931297707,0.7633587786259541,1.4700000000000002,1,0
ERP Soft Systems,1.0059880239520957,0.18518518518518517,6.73,0.3802281368821293,0.3802281368821293,0.7604562737642586,2.42,1,0
Sambhaav Media,0.41332116788321166,0.18281535648994515,6.299999999999999,0.37878787878787884,0.37878787878787884,0.7575757575757577,1.94,0,0
Ushakiran Fin.,0.0,0.07272727272727272,15.72,0.37735849056603776,0.37735849056603776,0.7547169811320755,2.9699999999999998,1,0
Deccan Healthcar,0.2651413189771198,0.17793594306049823,7.25,0.37735849056603776,0.37735849056603776,0.7547169811320755,2.65,1,1
R R Securities,0.23148148148148145,0.007537499057812619,134.93999999999997,0.37593984962406013,0.37593984962406013,0.7518796992481203,3.32,1,0
New Markets Advi,0.47115384615384615,0.010101010101010102,100.88,0.37453183520599254,0.37453183520599254,0.7490636704119851,3.3,1,0
SGL Resources,0.5572025845686052,0.24752475247524752,5.3,0.37453183520599254,0.37453183520599254,0.7490636704119851,2.34,1,1
Aro Granite Inds,4.357835930608645,0.4166666666666667,0.7999999999999998,0.373134328358209,0.373134328358209,0.746268656716418,0.20999999999999996,0,0
NDL Ventures,0.0,0.08517887563884156,13.299999999999999,0.3717472118959108,0.3717472118959108,0.7434944237918216,2.56,1,0
Frontline Fin.,0.21186440677966104,0.4694835680751174,3.1599999999999997,0.3717472118959108,0.3717472118959108,0.7434944237918216,2.07,1,0
Arihant's Secur.,0.0,0.046125461254612546,23.58,0.37037037037037035,0.37037037037037035,0.7407407407407407,2.9,1,0
Aravali Sec,3.385321100917431,0.8620689655172414,-6.92,0.3663003663003663,0.3663003663003663,0.7326007326007326,-6.84,1,0
Epuja Spiritech,0.0,0.026595744680851064,39.96,0.36363636363636365,0.36363636363636365,0.7272727272727273,3.3600000000000003,1,0
Paragon Finance,0.31981981981981983,0.2695417789757412,5.430000000000001,0.3623188405797102,0.3623188405797102,0.7246376811594204,2.74,1,0
Manraj Hsg.Fin.,15.166666666666666,0.021052631578947368,49.76,0.3623188405797102,0.3623188405797102,0.7246376811594204,3.5,1,0
Everest Organics,7.741379310344827,0.4807692307692307,1.5899999999999999,0.3623188405797102,0.3623188405797102,0.7246376811594204,1.19,1,1
Vaxtex Cotfab,4.896860986547085,0.3367003367003367,4.920000000000001,0.36101083032490977,0.36101083032490977,0.7220216606498195,3.58,1,0
Empower India,1.468950749464668,0.3717472118959108,4.91,0.3597122302158273,0.3597122302158273,0.7194244604316546,3.31,0,0
Dynamic Portfol,0.625,0.6060606060606061,3.24,0.35842293906810035,0.35842293906810035,0.7168458781362007,2.66,1,0
Ashima,8.029721955896452,0.2053388090349076,1.6400000000000001,0.35842293906810035,0.35842293906810035,0.7168458781362007,-1.65,1,0
Rander Corpn.,0.0,0.3663003663003663,-1.33,0.35587188612099646,0.35587188612099646,0.7117437722419929,-3.06,1,0
Avance Tech.,1.7015012388864597,0.6369426751592357,3.14,0.35587188612099646,0.35587188612099646,0.7117437722419929,2.88,1,0
Enterprise Intl.,0.0,0.1597444089456869,8.81,0.35460992907801414,0.35460992907801414,0.7092198581560283,3.55,1,0
Saurashtra Cem.,2.1037463976945245,0.4629629629629629,3.0900000000000003,0.34965034965034963,0.34965034965034963,0.6993006993006993,2.0,0,0
Misquita Engg.,0.4575,0.29154518950437314,5.7,0.34965034965034963,0.34965034965034963,0.6993006993006993,3.4000000000000004,1,0
Integ. Proteins,0.0036644951140065146,0.2242152466367713,6.47,0.3484320557491289,0.3484320557491289,0.6968641114982578,3.01,1,0
Shree Rama News.,37.01376597836775,0.53475935828877,-2.63,0.3484320557491289,0.3484320557491289,0.6968641114982578,-3.26,0,1
Bharat Gears,1.5735441264758854,0.45454545454545453,-1.0800000000000005,0.3472222222222222,0.3472222222222222,0.6944444444444444,-1.6400000000000001,0,0
Haryana Capfin,0.0,0.3424657534246575,4.89,0.3472222222222222,0.3472222222222222,0.6944444444444444,2.9699999999999998,1,0
Maral Overseas,5.108885130740211,0.5319148936170213,-3.99,0.34602076124567477,0.34602076124567477,0.6920415224913495,-1.3699999999999999,0,0
Indong Tea Co,0.7782258064516129,0.35335689045936397,3.99,0.3448275862068966,0.3448275862068966,0.6896551724137931,2.29,1,1
Shelter Infra,3.961685823754789,0.6060606060606061,0.5299999999999998,0.3436426116838488,0.3436426116838488,0.6872852233676976,2.53,1,0
Gemstone Invest.,0.0,0.008939746111210442,114.06,0.3436426116838488,0.3436426116838488,0.6872852233676976,3.2,1,0
Surani Steel Tub,0.0,0.006884207627702052,146.98,0.3436426116838488,0.3436426116838488,0.6872852233676976,2.7199999999999998,0,0
Gujarat Winding,0.0,0.060827250608272515,18.769999999999996,0.3424657534246575,0.3424657534246575,0.684931506849315,3.33,1,0
Yogi Ltd,2.0928649237472765,0.39370078740157477,2.83,0.3424657534246575,0.3424657534246575,0.684931506849315,2.44,1,0
ISF,1.181434599156118,0.1607717041800643,6.88,0.3412969283276451,0.3412969283276451,0.6825938566552902,1.8699999999999999,1,0
Natraj Proteins,1.0445719329214476,0.39370078740157477,0.5299999999999998,0.3401360544217687,0.3401360544217687,0.6802721088435374,-0.20000000000000018,0,1
Orient Press,6.663636363636363,0.4739336492890995,0.1000000000000002,0.33783783783783783,0.33783783783783783,0.6756756756756757,-0.08999999999999986,0,1
Dhansafal Fin,0.7315250484362026,0.22026431718061673,5.95,0.33783783783783783,0.33783783783783783,0.6756756756756757,2.84,1,0
Dhyaani Trade,0.04973741118319431,0.29325513196480935,4.510000000000001,0.33783783783783783,0.33783783783783783,0.6756756756756757,2.15,1,0
AVI Products,0.3333333333333333,0.10373443983402489,11.250000000000002,0.3367003367003367,0.3367003367003367,0.6734006734006734,2.71,1,0
Polymac Thermof.,1.7156862745098038,0.29673590504451036,4.39,0.3367003367003367,0.3367003367003367,0.6734006734006734,2.18,1,0
Indowind Energy,1.7718780727630286,0.18867924528301888,6.66,0.33444816053511706,0.33444816053511706,0.6688963210702341,2.42,1,0
Sungold Capital,0.0,0.6493506493506493,2.69,0.3333333333333333,0.3333333333333333,0.6666666666666666,2.15,0,0
Tokyo Finance,0.0,0.6535947712418301,4.5,0.33222591362126247,0.33222591362126247,0.6644518272425249,3.9699999999999998,1,0
Golden Crest,0.0,0.004424778761061947,228.54000000000002,0.3278688524590164,0.3278688524590164,0.6557377049180328,3.54,1,0
Rajnish Retail,0.0,0.1510574018126888,9.13,0.32573289902280134,0.32573289902280134,0.6514657980456027,3.51,1,0
Acrow India,0.0,0.13568521031207598,7.08,0.3225806451612903,0.3225806451612903,0.6451612903225806,0.7100000000000002,1,0
Decorous Investm,0.0,0.017241379310344827,60.68,0.3215434083601286,0.3215434083601286,0.6430868167202572,3.6799999999999997,1,0
Globalspace Tech,0.9707536557930259,0.29411764705882354,5.49,0.3194888178913738,0.3194888178913738,0.6389776357827476,3.25,0,1
Hit Kit Global,0.0,0.1855287569573284,8.59,0.3184713375796178,0.3184713375796178,0.6369426751592356,4.2,1,0
VLS Finance,0.00014910536779324057,0.08865248226950355,13.91,0.31746031746031744,0.31746031746031744,0.6349206349206349,3.63,0,0
7NR Retail Ltd,1.1506172839506175,0.21321961620469085,6.48,0.3164556962025316,0.3164556962025316,0.6329113924050632,2.95,0,0
Divyashakti,0.12660944206008581,0.09149130832570906,13.51,0.31446540880503143,0.31446540880503143,0.6289308176100629,3.58,1,0
Parvati Sweetner,1.032761310452418,0.16474464579901152,7.3500000000000005,0.31446540880503143,0.31446540880503143,0.6289308176100629,2.56,0,0
NPR Finance,0.06766917293233082,0.2680965147453083,6.040000000000001,0.3125,0.3125,0.625,3.3200000000000003,0,0
Quest Capital,0.0,0.04175365344467641,26.74,0.3125,0.3125,0.625,3.79,0,0
Minaxi Textiles,2.8272727272727267,0.4716981132075471,-4.359999999999999,0.3125,0.3125,0.625,-2.41,0,0
KCL Infra,0.3262672811059908,0.32573289902280134,5.000000000000001,0.3105590062111801,0.3105590062111801,0.6211180124223602,2.99,0,0
Jain Marmo Inds,0.8046875,0.23584905660377356,5.07,0.30864197530864196,0.30864197530864196,0.6172839506172839,2.0900000000000003,1,0
Envair Electrody,0.0,0.0511770726714432,15.25,0.3076923076923077,0.3076923076923077,0.6153846153846154,-3.29,1,0
Shiva Granito,0.6208092485549133,0.19157088122605365,6.32,0.3076923076923077,0.3076923076923077,0.6153846153846154,2.32,1,0
Octaware Tech.,0.7972027972027972,0.4672897196261683,4.74,0.3076923076923077,0.3076923076923077,0.6153846153846154,3.69,1,0
Achyut Healthcar,0.0,0.22371364653243844,7.46,0.3067484662576687,0.3067484662576687,0.6134969325153374,3.9899999999999998,1,0
T & I Global,0.0,0.2617801047120419,6.68,0.3058103975535168,0.3058103975535168,0.6116207951070336,3.8600000000000003,0,0
Atlas Cycles,5.454545454545455,0.684931506849315,4.540000000000001,0.3058103975535168,0.3058103975535168,0.6116207951070336,4.1,1,0
Garbi Finvest,0.0,0.8264462809917356,4.25,0.3058103975535168,0.3058103975535168,0.6116207951070336,4.04,0,0
Mizzen Ventures,0.0,0.14814814814814814,9.86,0.3058103975535168,0.3058103975535168,0.6116207951070336,4.11,1,0
Kachchh Minerals,0.5576923076923076,0.18796992481203006,6.7700000000000005,0.3048780487804878,0.3048780487804878,0.6097560975609756,3.07,1,0
RTCL,1.385057471264368,0.4807692307692307,5.2700000000000005,0.3048780487804878,0.3048780487804878,0.6097560975609756,4.24,1,0
Shilp Gravures,0.7952468007312614,0.1996007984031936,7.66,0.3048780487804878,0.3048780487804878,0.6097560975609756,3.7299999999999995,0,0
Suncare Traders,1.3341121495327104,0.1893939393939394,7.510000000000001,0.3048780487804878,0.3048780487804878,0.6097560975609756,3.37,1,0
Himalaya Food,0.0,0.38167938931297707,5.75,0.303951367781155,0.303951367781155,0.60790273556231,4.13,0,0
Sera Investments,0.10660377358490565,0.04101722723543889,26.81,0.303951367781155,0.303951367781155,0.60790273556231,3.4299999999999997,0,0
Triveni Enterpri,0.0,0.066711140760507,17.95,0.303951367781155,0.303951367781155,0.60790273556231,3.96,1,0
Jainco Projects,0.664167916041979,0.41152263374485604,2.9399999999999995,0.30303030303030304,0.30303030303030304,0.6060606060606061,2.34,1,0
Laffans Petroch,0.060000000000000005,0.43859649122807015,5.16,0.30303030303030304,0.30303030303030304,0.6060606060606061,3.8899999999999997,1,0
Kisan Mouldings,0.7764928015105027,0.43103448275862066,4.57,0.30303030303030304,0.30303030303030304,0.6060606060606061,3.41,1,1
Lak. Electrical,2.2620904836193447,0.35587188612099646,5.14,0.30303030303030304,0.30303030303030304,0.6060606060606061,3.38,0,0
Bazel Internatio,2.041108986615679,0.14792899408284024,8.53,0.30303030303030304,0.30303030303030304,0.6060606060606061,3.1599999999999997,1,0
Chothani Foods,0.36609336609336607,0.2183406113537118,6.510000000000001,0.30303030303030304,0.30303030303030304,0.6060606060606061,3.03,1,0
3P Land Hold.,0.0,0.5235602094240838,4.83,0.3021148036253776,0.3021148036253776,0.6042296072507553,3.92,1,0
DJS Stock,0.0,0.05178663904712585,22.43,0.30120481927710846,0.30120481927710846,0.6024096385542169,4.12,1,0
Simplex Realty,0.0,0.03676470588235294,29.54,0.30120481927710846,0.30120481927710846,0.6024096385542169,3.34,1,0
Vani Commercials,0.0,0.970873786407767,2.87,0.3003003003003003,0.3003003003003003,0.6006006006006006,2.84,0,0
FCS Software,0.0,0.33783783783783783,5.08,0.3003003003003003,0.3003003003003003,0.6006006006006006,3.12,0,0
Vishal Bearings,5.310880829015544,0.3921568627450981,-0.13000000000000012,0.3003003003003003,0.3003003003003003,0.6006006006006006,-0.14000000000000012,0,0
Tirupati Innovar,0.8516483516483517,0.3236245954692557,5.96,0.29940119760479045,0.29940119760479045,0.5988023952095809,3.95,1,0
Hilltone Softwar,0.2840909090909091,0.4347826086956522,2.65,0.29940119760479045,0.29940119760479045,0.5988023952095809,1.38,1,0
Axita Cotton,0.48062849763237186,0.2785515320334262,5.29,0.29850746268656714,0.29850746268656714,0.5970149253731343,3.04,0,0
G V Films,0.21639138615931425,0.4694835680751174,1.7899999999999998,0.2976190476190476,0.2976190476190476,0.5952380952380952,0.8399999999999999,1,0
Prerna Infra.,0.4576195773081201,0.08984725965858041,13.25,0.2976190476190476,0.2976190476190476,0.5952380952380952,3.32,0,0
Yarn Syndicate,0.6710963455149502,0.4926108374384236,1.7900000000000003,0.29673590504451036,0.29673590504451036,0.5934718100890207,1.0,1,0
Orient Bell,1.0984606447865235,0.37593984962406013,4.4399999999999995,0.2958579881656805,0.2958579881656805,0.591715976331361,2.9,0,0
Arco Leasing,0.0,0.5405405405405405,3.34,0.2958579881656805,0.2958579881656805,0.591715976331361,2.73,1,0
Bhilwara Spinner,7.418310970797158,0.5376344086021506,2.2100000000000004,0.2949852507374631,0.2949852507374631,0.5899705014749262,3.5300000000000002,0,1
Swati Projects,0.09406392694063928,0.037893141341417205,26.880000000000003,0.2949852507374631,0.2949852507374631,0.5899705014749262,1.56,1,0
Gian Lifecare,4.511811023622047,0.37593984962406013,3.63,0.29411764705882354,0.29411764705882354,0.5882352941176471,2.28,1,0
JMG Corporation,0.7333333333333334,0.28328611898017,5.7700000000000005,0.29325513196480935,0.29325513196480935,0.5865102639296187,3.38,1,0
Supreme Holdings,0.5136286201022147,0.14970059880239522,9.82,0.29325513196480935,0.29325513196480935,0.5865102639296187,4.15,1,0
Viji Finance,2.9768041237113403,0.2463054187192118,5.48,0.29239766081871343,0.29239766081871343,0.5847953216374269,2.9699999999999998,1,1
Kovalam Investm.,0.0,0.7246376811594204,4.800000000000001,0.29154518950437314,0.29154518950437314,0.5830903790087463,4.42,1,0
Shreevatsaa Fin.,0.0,0.007264802034144569,141.07,0.29069767441860467,0.29069767441860467,0.5813953488372093,4.42,1,0
Jayatma Enterp.,0.11538461538461538,0.03201024327784891,34.919999999999995,0.2898550724637681,0.2898550724637681,0.5797101449275363,4.7,1,0
Morarka Finance,0.0,0.8064516129032259,4.85,0.28901734104046245,0.28901734104046245,0.5780346820809249,4.609999999999999,0,0
Polo Queen Ind.,3.1,0.5208333333333334,4.420000000000001,0.28901734104046245,0.28901734104046245,0.5780346820809249,3.56,0,0
TransIndia Real,0.0,0.15625,9.3,0.28901734104046245,0.28901734104046245,0.5780346820809249,3.9,0,0
Mehta Integrat.,0.5476190476190476,0.009280742459396751,111.45,0.2881844380403458,0.2881844380403458,0.5763688760806917,4.75,1,0
Phoenix Intl.,2.857771260997067,0.4291845493562232,3.9800000000000004,0.2881844380403458,0.2881844380403458,0.5763688760806917,2.8200000000000003,0,0
Khaitan Chemical,6.295147352093951,0.4166666666666667,3.0299999999999994,0.28735632183908044,0.28735632183908044,0.5747126436781609,2.7,0,0
Mehta Securities,0.5736040609137055,0.970873786407767,3.6399999999999997,0.2857142857142857,0.2857142857142857,0.5714285714285714,3.81,1,1
NCC Blue Water,0.0,0.008032128514056224,127.97,0.2857142857142857,0.2857142857142857,0.5714285714285714,4.47,1,0
IEL,0.28938906752411575,0.015199878400972791,69.02000000000001,0.2849002849002849,0.2849002849002849,0.5698005698005698,4.25,0,0
H T Media,13.913481584433635,0.4694835680751174,3.26,0.2849002849002849,0.2849002849002849,0.5698005698005698,2.61,0,1
Shivansh Finserv,1.102941176470588,0.003943217665615142,253.19999999999996,0.2849002849002849,0.2849002849002849,0.5698005698005698,1.4599999999999997,1,0
Modulex Const.,5.5266457680250785,0.8,4.19,0.2849002849002849,0.2849002849002849,0.5698005698005698,4.0,1,1
Sar Auto Prod.,14.25185185185185,0.5405405405405405,3.46,0.2840909090909091,0.2840909090909091,0.5681818181818182,3.7,1,1
Welcure Drugs,0.5523920548805094,0.4065040650406504,4.6899999999999995,0.28328611898017,0.28328611898017,0.56657223796034,4.15,1,0
TruCap Finance,1.5762931034482757,0.14771048744460857,-2.9099999999999997,0.2824858757062147,0.2824858757062147,0.5649717514124294,-5.6499999999999995,0,0
Sanco Trans,0.9617283950617285,0.42372881355932196,4.6,0.28169014084507044,0.28169014084507044,0.5633802816901409,3.3099999999999996,0,0
Ent.Network,6.633383571966843,0.33003300330033003,4.8999999999999995,0.2808988764044944,0.2808988764044944,0.5617977528089888,3.1,0,0
Times Green Ener,1.4377880184331797,0.3802281368821293,4.87,0.2808988764044944,0.2808988764044944,0.5617977528089888,3.33,1,0
RSWM Ltd,3.556821638316292,0.4854368932038835,1.36,0.2785515320334262,0.2785515320334262,0.5571030640668524,1.46,0,0
MFL India,10.135135135135137,0.390625,-2.8,0.2777777777777778,0.2777777777777778,0.5555555555555556,-4.119999999999999,1,0
Cindrella Fin.,0.0,0.3424657534246575,7.389999999999999,0.2770083102493075,0.2770083102493075,0.554016620498615,5.47,1,0
Magenta Life,0.5766990291262136,0.2695417789757412,5.62,0.2770083102493075,0.2770083102493075,0.554016620498615,3.12,1,0
Radhe Develop.,19.688524590163933,0.4926108374384236,4.07,0.27548209366391185,0.27548209366391185,0.5509641873278237,3.59,1,0
Valiant Organics,4.107957513494689,0.53475935828877,2.9,0.27548209366391185,0.27548209366391185,0.5509641873278237,2.3499999999999996,0,1
Dangee Dums,3.2051724137931035,0.6711409395973155,0.55,0.2747252747252747,0.2747252747252747,0.5494505494505494,1.28,0,1
Hemo Organic,1.2058823529411764,0.4424778761061947,8.969999999999999,0.273972602739726,0.273972602739726,0.547945205479452,7.949999999999999,0,0
Dalal Street Inv,1.248,0.5524861878453039,4.9399999999999995,0.273972602739726,0.273972602739726,0.547945205479452,4.45,1,0
Silly Monks,0.13513513513513511,0.3891050583657587,6.0200000000000005,0.273972602739726,0.273972602739726,0.547945205479452,4.47,1,0
Mishka Exim,0.8039215686274509,0.23255813953488372,7.56,0.27322404371584696,0.27322404371584696,0.5464480874316939,4.33,1,0
Pentokey Organy,0.0,0.26595744680851063,8.02,0.2724795640326976,0.2724795640326976,0.5449591280653951,5.26,1,0
Milestone Global,0.0,0.09216589861751152,14.01,0.2724795640326976,0.2724795640326976,0.5449591280653951,4.16,1,0
Natural Capsules,4.04,0.4566210045662101,3.5599999999999996,0.2724795640326976,0.2724795640326976,0.5449591280653951,2.83,0,1
KKalpana Inds.,0.07719546742209633,0.42372881355932196,2.18,0.2717391304347826,0.2717391304347826,0.5434782608695652,0.8500000000000001,0,0
Asian Tea & Exp,2.4059196617336154,0.29850746268656714,5.01,0.2710027100271003,0.2710027100271003,0.5420054200542006,2.82,1,0
Gretex Corporate,0.24524180967238693,0.1321003963011889,10.020000000000001,0.27027027027027023,0.27027027027027023,0.5405405405405405,3.5100000000000002,1,0
S & S Power Swit,2.8628072957969866,0.4366812227074236,1.96,0.2680965147453083,0.2680965147453083,0.5361930294906166,1.13,0,1
Utique Enterp.,0.2915254237288135,0.01208313194780087,84.91,0.267379679144385,0.267379679144385,0.53475935828877,3.16,1,0
Kay Power &Paper,0.6943231441048036,0.5524861878453039,5.8,0.26666666666666666,0.26666666666666666,0.5333333333333333,5.05,1,0
Country Club Hos,2.4926470588235294,0.6329113924050632,3.98,0.26666666666666666,0.26666666666666666,0.5333333333333333,3.4699999999999998,1,0
Electro Force,0.0,0.078125,16.150000000000002,0.26525198938992045,0.26525198938992045,0.5305039787798409,4.35,0,0
Sakuma Exports,0.32264096662830843,0.1652892561983471,9.209999999999999,0.2638522427440633,0.2638522427440633,0.5277044854881267,4.22,1,0
Intec Capital,3.020351526364477,0.4273504273504274,3.4999999999999996,0.2631578947368421,0.2631578947368421,0.5263157894736842,3.05,0,0
Jeevan Scienti.,2.252032520325203,0.4184100418410042,3.7399999999999993,0.2631578947368421,0.2631578947368421,0.5263157894736842,2.88,0,0
Shukra Bullions,0.008620689655172415,0.49751243781094534,4.19,0.26246719160104987,0.26246719160104987,0.5249343832020997,3.19,1,0
Shree Salasar,2.7277999275099676,0.7936507936507936,2.9,0.26246719160104987,0.26246719160104987,0.5249343832020997,3.91,1,0
Dr Lalchand. Lab,3.3430656934306566,0.3424657534246575,6.2299999999999995,0.26246719160104987,0.26246719160104987,0.5249343832020997,4.76,1,0
Zuari Industries,1025.0349344978165,0.6060606060606061,2.05,0.2617801047120419,0.2617801047120419,0.5235602094240838,1.9,1,0
Prozone Realty,10.455328574944621,0.33003300330033003,0.32999999999999996,0.2610966057441253,0.2610966057441253,0.5221932114882506,-0.7999999999999998,0,0
Crane Infra,0.0,0.3048780487804878,7.3,0.2604166666666667,0.2604166666666667,0.5208333333333334,5.02,1,0
Thacker & Co.,0.0473186119873817,0.08097165991902834,27.909999999999997,0.2590673575129534,0.2590673575129534,0.5181347150259068,16.56,0,0
Zinema Media,0.20408163265306123,0.17857142857142858,10.209999999999999,0.2590673575129534,0.2590673575129534,0.5181347150259068,5.63,1,0
BSEL ALGO,0.0,0.36101083032490977,5.7,0.2577319587628866,0.2577319587628866,0.5154639175257733,3.9299999999999997,1,0
Indrayani Biotec,18.887596899224807,0.2747252747252747,1.16,0.2577319587628866,0.2577319587628866,0.5154639175257733,0.44999999999999973,1,0
Tanvi Foods,7.6190476190476195,0.32894736842105265,4.8999999999999995,0.2577319587628866,0.2577319587628866,0.5154639175257733,3.23,0,0
Ishan Internat.,3.5581395348837206,0.3846153846153846,4.53,0.2577319587628866,0.2577319587628866,0.5154639175257733,3.13,1,0
Vasudhagama Ent.,0.0,0.019657951641438964,54.9,0.2577319587628866,0.2577319587628866,0.5154639175257733,5.029999999999999,1,0
Ruchi Infrastr.,3.7070089649551754,0.3401360544217687,4.909999999999999,0.2570694087403599,0.2570694087403599,0.5141388174807198,3.41,0,0
Mena Mani Inds.,7.038277511961724,0.16977928692699493,8.049999999999999,0.25641025641025644,0.25641025641025644,0.5128205128205129,3.4,1,0
Modern Threads,2.8921453692848766,0.3663003663003663,5.3100000000000005,0.25641025641025644,0.25641025641025644,0.5128205128205129,3.76,1,0
Tridhya Tech,3.5663430420711975,0.5434782608695653,-0.5300000000000002,0.25641025641025644,0.25641025641025644,0.5128205128205129,0.5099999999999998,0,0
Groarc Industrie,0.2134670487106017,0.013991884706870015,75.47999999999999,0.2557544757033248,0.2557544757033248,0.5115089514066496,5.050000000000001,0,0
Rel. Indl. Infra,0.0,0.12121212121212122,12.41,0.25510204081632654,0.25510204081632654,0.5102040816326531,5.16,1,1
Virgo Global,0.1274787535410765,0.49019607843137253,3.7300000000000004,0.2544529262086514,0.2544529262086514,0.5089058524173028,2.93,0,0
Damodar Indust.,4.696614583333333,0.4347826086956522,1.0100000000000005,0.2544529262086514,0.2544529262086514,0.5089058524173028,0.9300000000000002,0,1
CL Educate,16.386520737327192,0.3472222222222222,2.51,0.2544529262086514,0.2544529262086514,0.5089058524173028,1.6600000000000001,0,0
Indag Rubber,2.154205607476636,0.1763668430335097,9.270000000000001,0.2544529262086514,0.2544529262086514,0.5089058524173028,4.640000000000001,0,0
Porwal Auto Comp,4.096551724137932,0.3205128205128205,5.12,0.25380710659898476,0.25380710659898476,0.5076142131979695,3.08,1,0
KJMC Corporate,0.6527093596059113,0.11337868480725623,12.12,0.25380710659898476,0.25380710659898476,0.5076142131979695,4.38,0,0
Usha Mart. Edu.,0.2,0.78125,5.11,0.25380710659898476,0.25380710659898476,0.5076142131979695,4.859999999999999,1,0
Hind.Bio Science,2.5436893203883497,0.029850746268656716,35.35000000000001,0.2531645569620253,0.2531645569620253,0.5063291139240506,5.9,1,0
ATV Projects,5.36058394160584,0.3115264797507788,7.8,0.25252525252525254,0.25252525252525254,0.5050505050505051,5.77,0,0
Parshva Enterpr.,0.17931034482758623,0.17271157167530224,8.999999999999998,0.25252525252525254,0.25252525252525254,0.5050505050505051,4.27,0,0
Samyak Internati,3.7368421052631575,0.4484304932735426,3.7300000000000004,0.2518891687657431,0.2518891687657431,0.5037783375314862,2.5900000000000003,1,0
Gayatri Highways,2.3200363677690645,0.4424778761061947,79.85000000000001,0.2518891687657431,0.2518891687657431,0.5037783375314862,78.83,0,0
B&B Triplewall,9.240802675585284,0.4716981132075471,0.6799999999999997,0.25125628140703515,0.25125628140703515,0.5025125628140703,1.43,0,1
Lotus Eye Hospit,1.2972972972972971,0.4166666666666667,5.38,0.2506265664160401,0.2506265664160401,0.5012531328320802,4.0600000000000005,0,1
Trejhara Solutio,1.5007727975270482,0.141643059490085,10.64,0.2506265664160401,0.2506265664160401,0.5012531328320802,4.62,0,0
Emrock Corporation,0.20408163265306123,0.09950248756218905,14.22,0.25,0.25,0.5,5.2,1,0
La Tim Metal & I,9.346153846153847,0.35335689045936397,3.51,0.25,0.25,0.5,2.3,1,0
Garware Marine,0.0,0.061162079510703356,21.18,0.2481389578163772,0.2481389578163772,0.4962779156327544,5.83,1,0
Purshottam Inves,2.4392405063291136,0.08244023083264633,13.38,0.2481389578163772,0.2481389578163772,0.4962779156327544,2.59,0,0
Omkar Pharmachem,0.0,0.14285714285714285,11.120000000000001,0.24752475247524752,0.24752475247524752,0.49504950495049505,5.12,1,0
Terai Tea Co,1.6679744973025992,0.3236245954692557,5.92,0.2469135802469136,0.2469135802469136,0.4938271604938272,4.04,0,0
KEN Fin.Serv.,0.2327586206896552,0.2777777777777778,6.46,0.24570024570024568,0.24570024570024568,0.49140049140049136,3.9,1,0
Pacific Inds,36.16438356164384,0.2710027100271003,6.95,0.24570024570024568,0.24570024570024568,0.49140049140049136,4.38,1,0
Raw Edge Indust.,1.904663212435233,0.39370078740157477,1.6599999999999997,0.24570024570024568,0.24570024570024568,0.49140049140049136,1.0299999999999998,0,0
Jamshri Realty,21.530172413793103,0.8130081300813008,-0.010000000000000009,0.24509803921568626,0.24509803921568626,0.49019607843137253,0.0,1,1
UR Sugar,0.0,0.02243158366980709,48.91,0.24509803921568626,0.24509803921568626,0.49019607843137253,5.33,1,0
Accedere,0.3254437869822486,0.20449897750511245,9.7,0.24509803921568626,0.24509803921568626,0.49019607843137253,5.9399999999999995,1,0
IP Rings,5.45806768023541,0.5102040816326531,1.5399999999999998,0.24509803921568626,0.24509803921568626,0.49019607843137253,1.6700000000000002,0,1
Nutricircle,0.2515090543259557,0.2976190476190476,8.18,0.24390243902439027,0.24390243902439027,0.48780487804878053,6.03,1,0
Chemiesynth(Vapi,4.167123287671234,0.7352941176470589,1.6000000000000003,0.24390243902439027,0.24390243902439027,0.48780487804878053,2.75,0,1
United Textiles,3.6094890510948905,0.4854368932038835,3.31,0.24330900243309006,0.24330900243309006,0.4866180048661801,3.19,1,0
Gautam Exim,0.08422174840085288,0.01584032947885316,65.85000000000001,0.24330900243309006,0.24330900243309006,0.4866180048661801,3.78,0,1
Zenith Health,0.0,0.30864197530864196,5.94,0.24271844660194175,0.24271844660194175,0.4854368932038835,3.7,1,0
Hemang Resources,1.0552147239263805,0.29850746268656714,6.38,0.24213075060532688,0.24213075060532688,0.48426150121065376,4.1,1,0
Swadeshi Polytex,0.0,0.009796238244514107,106.19999999999999,0.24213075060532688,0.24213075060532688,0.48426150121065376,5.12,1,0
Neopolitan Pizza,0.14516129032258063,0.2645502645502646,7.279999999999999,0.24213075060532688,0.24213075060532688,0.48426150121065376,4.529999999999999,1,0
Ganga Forging,3.2974559686888454,0.40485829959514175,4.63,0.24213075060532688,0.24213075060532688,0.48426150121065376,3.7399999999999998,1,1
Ugar Sugar Works,19.71178843567907,0.5813953488372093,-0.31000000000000005,0.24154589371980673,0.24154589371980673,0.48309178743961345,1.53,0,1
Veerhealth Care,3.266187050359712,0.3067484662576687,6.46,0.24154589371980673,0.24154589371980673,0.48309178743961345,4.4,1,0
SRG Fingrow Fin,0.009900990099009901,0.05571030640668524,22.419999999999998,0.24096385542168672,0.24096385542168672,0.48192771084337344,5.47,1,1
Suraj Industries,43.975524475524466,0.4464285714285714,5.849999999999999,0.24096385542168672,0.24096385542168672,0.48192771084337344,5.97,0,1
Hindustan Motors,0.0,0.3278688524590164,6.87,0.24038461538461536,0.24038461538461536,0.4807692307692307,4.82,1,0
Mudra Fin Ser,0.0,0.08992805755395684,15.73,0.24038461538461536,0.24038461538461536,0.4807692307692307,5.61,1,0
India Power Corp,1.1822166562304322,0.5319148936170213,4.3,0.23980815347721823,0.23980815347721823,0.47961630695443647,3.53,0,0
Jhaveri Credits,0.0,0.24213075060532688,9.049999999999999,0.23866348448687355,0.23866348448687355,0.4773269689737471,5.92,1,0
Kiran Print Pack,0.0,0.3846153846153846,6.720000000000001,0.23866348448687355,0.23866348448687355,0.4773269689737471,5.12,1,1
Hariyana Ship,6.1171875,0.8474576271186441,4.25,0.23809523809523808,0.23809523809523808,0.47619047619047616,4.17,1,1
Hittco Tools,3.6605504587155964,0.47619047619047616,2.68,0.23752969121140144,0.23752969121140144,0.4750593824228029,3.1,1,0
Vikas Ecotech,0.61320293398533,0.2638522427440633,7.6000000000000005,0.23752969121140144,0.23752969121140144,0.4750593824228029,4.9,1,0
Archidply Decor,6.051446945337621,0.32573289902280134,4.989999999999999,0.23752969121140144,0.23752969121140144,0.4750593824228029,3.29,0,0
Goodricke Group,2.725655644241733,0.4184100418410042,5.38,0.23696682464454974,0.23696682464454974,0.4739336492890995,4.36,0,0
Kothari Sugars,0.9101964452759588,0.2976190476190476,6.4399999999999995,0.23696682464454974,0.23696682464454974,0.4739336492890995,4.25,0,0
Natl. Gen. Inds.,0.7109375,0.11820330969267138,12.81,0.23696682464454974,0.23696682464454974,0.4739336492890995,5.37,1,0
Waa Solar,29.318918918918918,0.1923076923076923,8.99,0.23696682464454974,0.23696682464454974,0.4739336492890995,5.67,1,0
Gini Silk Mills,1.3617021276595742,0.3246753246753247,6.949999999999999,0.23640661938534277,0.23640661938534277,0.47281323877068554,4.95,0,0
Simbhaoli Sugar,25.556257901390648,0.8130081300813008,4.4399999999999995,0.23640661938534277,0.23640661938534277,0.47281323877068554,4.45,0,1
Julien Agro,0.03323517038283551,0.31746031746031744,7.0,0.23584905660377356,0.23584905660377356,0.4716981132075471,4.86,0,0
TTI Enterprise,0.015649905810752065,0.3424657534246575,8.3,0.23584905660377356,0.23584905660377356,0.4716981132075471,6.42,1,0
Abhishek Finle.,0.006024096385542168,0.07898894154818326,16.87,0.23584905660377356,0.23584905660377356,0.4716981132075471,5.21,1,1
Magson Retail,0.8169642857142858,0.45248868778280543,5.8,0.23584905660377356,0.23584905660377356,0.4716981132075471,4.74,1,1
Phyto Chem (I),5.3357400722021655,0.4566210045662101,-1.6599999999999997,0.234192037470726,0.234192037470726,0.468384074941452,-0.08999999999999986,1,0
Modi Rubber,0.6510695187165775,0.26666666666666666,8.56,0.23364485981308414,0.23364485981308414,0.4672897196261683,5.84,1,0
Advent Hotels,0.34035096827786715,0.8403361344537815,2.9099999999999997,0.23364485981308414,0.23364485981308414,0.4672897196261683,3.63,0,0
Poona Dal & Oil,0.0,0.01314060446780552,80.73,0.2331002331002331,0.2331002331002331,0.4662004662004662,5.63,0,0
Longspur Intl,1.405511811023622,0.8928571428571428,5.11,0.2331002331002331,0.2331002331002331,0.4662004662004662,5.11,1,1
Narendra Prop.,0.0,0.009398496240601503,111.14000000000001,0.23201856148491876,0.23201856148491876,0.4640371229698375,5.74,1,0
Prem. Synthetic,1.7960088691796008,0.28328611898017,7.830000000000001,0.23201856148491876,0.23201856148491876,0.4640371229698375,5.6,1,0
Laddu Gopal,0.10923881464264962,0.9009009009009008,5.78,0.23201856148491876,0.23201856148491876,0.4640371229698375,5.7,1,0
Modern Shares,0.0,0.2159827213822894,8.29,0.23148148148148145,0.23148148148148145,0.4629629629629629,4.66,1,0
Acme Resources,5.457013574660634,0.04212299915754002,28.33,0.23148148148148145,0.23148148148148145,0.4629629629629629,5.68,1,0
Akash InfraProj.,8.172511848341232,0.36101083032490977,4.46,0.23148148148148145,0.23148148148148145,0.4629629629629629,3.7199999999999998,0,0
Indian Wood Prod,5.440816326530613,0.41493775933609955,5.4799999999999995,0.23148148148148145,0.23148148148148145,0.4629629629629629,4.29,0,0
Chemfab Alka.,2.672940601319971,0.4926108374384236,5.81,0.23148148148148145,0.23148148148148145,0.4629629629629629,5.07,0,1
Diamines & Chem.,1.6295681063122927,0.19685039370078738,8.959999999999999,0.23094688221709006,0.23094688221709006,0.4618937644341801,4.94,1,1
S.M. Gold,9.181818181818182,0.35460992907801414,5.630000000000001,0.23094688221709006,0.23094688221709006,0.4618937644341801,4.5,1,0
Shivam Autotech,4.311774461028192,0.7246376811594204,-197.23000000000002,0.2298850574712644,0.2298850574712644,0.4597701149425288,-5.5600000000000005,0,1
CCL Internationa,5.479087452471483,0.2604166666666667,6.81,0.2298850574712644,0.2298850574712644,0.4597701149425288,4.2700000000000005,1,0
Smartlink Hold.,0.423943661971831,0.23529411764705882,9.16,0.2298850574712644,0.2298850574712644,0.4597701149425288,5.93,1,1
Kemistar Corp.,7.130081300813008,0.5076142131979695,5.72,0.2298850574712644,0.2298850574712644,0.4597701149425288,5.220000000000001,1,1
Genpharmasec,2.7593984962406015,0.4694835680751174,5.9399999999999995,0.2298850574712644,0.2298850574712644,0.4597701149425288,4.98,0,0
Flora Corporatio,0.0,0.4854368932038835,4.85,0.22935779816513766,0.22935779816513766,0.4587155963302753,3.79,1,0
Manbro Indust.,0.0,0.5681818181818182,6.8100000000000005,0.22883295194508008,0.22883295194508008,0.45766590389016015,6.050000000000001,1,0
Neil Industries,1.5922865013774106,0.19342359767891684,9.3,0.22883295194508008,0.22883295194508008,0.45766590389016015,5.23,1,0
Nagpur Power,1.8055281342546887,0.2577319587628866,6.76,0.22883295194508008,0.22883295194508008,0.45766590389016015,4.08,1,0
Hathway Bhawani,0.0,0.49019607843137253,5.96,0.22831050228310504,0.22831050228310504,0.4566210045662101,4.92,1,0
Aatmaj Health,2.5645161290322585,0.05955926146515784,20.02,0.2277904328018223,0.2277904328018223,0.4555808656036446,4.45,0,0
Jai Mata Glass,0.0,0.02727024815925825,34.68,0.22727272727272727,0.22727272727272727,0.45454545454545453,-0.9899999999999998,1,0
Megri Soft,0.0,0.10764262648008613,14.18,0.22727272727272727,0.22727272727272727,0.45454545454545453,5.890000000000001,1,1
Shiva Suitings,0.0,0.35842293906810035,7.5600000000000005,0.22675736961451246,0.22675736961451246,0.4535147392290249,5.77,1,0
Aeroflex Neu,3.3387850467289724,0.30120481927710846,5.65,0.22624434389140272,0.22624434389140272,0.45248868778280543,3.6,0,0
DHP India,3.587301587301587,0.05678591709256105,22.68,0.22573363431151244,0.22573363431151244,0.4514672686230249,6.11,1,0
Sahara Maritime,0.15,0.15337423312883436,10.599999999999998,0.22522522522522526,0.22522522522522526,0.4504504504504505,5.13,1,0
AKG Exim,3.796380090497738,-0.8928571428571428,2.25,0.2247191011235955,0.2247191011235955,0.449438202247191,4.53,1,0
AksharChem (I),2.0815187046342825,0.47619047619047616,5.4799999999999995,0.2242152466367713,0.2242152466367713,0.4484304932735426,4.66,0,1
Seasons Textiles,4.622596153846154,0.3472222222222222,4.260000000000001,0.22371364653243844,0.22371364653243844,0.4474272930648769,2.93,0,0
Thirani Projects,1.4774774774774773,0.6896551724137931,9.309999999999999,0.2232142857142857,0.2232142857142857,0.4464285714285714,8.99,0,1
Inventure Grow.,0.8281738142573133,0.24875621890547267,6.870000000000001,0.2232142857142857,0.2232142857142857,0.4464285714285714,3.95,1,0
Sunil Agro Foods,4.183788878416588,0.49504950495049505,0.54,0.2222222222222222,0.2222222222222222,0.4444444444444444,2.2800000000000002,0,1
Visaka Industrie,3.640851803563668,0.41152263374485604,4.27,0.2222222222222222,0.2222222222222222,0.4444444444444444,3.37,0,0
Compucom Soft.,1.226225165562914,0.3125,6.15,0.22075055187637974,0.22075055187637974,0.44150110375275947,4.279999999999999,0,0
Andhra Sugars,0.05745341614906832,0.17667844522968199,10.16,0.22026431718061673,0.22026431718061673,0.44052863436123346,5.5,0,0
Archidply Inds.,7.837027914614121,0.4716981132075471,0.8,0.22026431718061673,0.22026431718061673,0.44052863436123346,1.46,1,1
Machhar Industri,1.0588235294117647,0.2008032128514056,8.479999999999999,0.21978021978021978,0.21978021978021978,0.43956043956043955,4.63,1,0
JHS Svend.Retail,1.7692307692307694,0.2518891687657431,4.36,0.21978021978021978,0.21978021978021978,0.43956043956043955,1.64,1,0
Dhatre Udyog,0.0,0.047596382674916705,25.94,0.21929824561403508,0.21929824561403508,0.43859649122807015,5.93,1,0
Darshan Orna,1.889763779527559,0.20242914979757087,9.87,0.2183406113537118,0.2183406113537118,0.4366812227074236,6.17,1,0
SPA CAPT SER,5.231382978723405,0.12422360248447203,10.94,0.2183406113537118,0.2183406113537118,0.4366812227074236,5.03,1,0
Earthstahl &All.,12.228915662650602,0.5319148936170213,4.7,0.2183406113537118,0.2183406113537118,0.4366812227074236,4.41,1,1
Precision Metal.,3.3333333333333335,0.3846153846153846,5.1,0.2173913043478261,0.2173913043478261,0.4347826086956522,3.99,1,0
Elegant Marbles,0.0,0.1579778830963665,11.77,0.21645021645021645,0.21645021645021645,0.4329004329004329,6.4399999999999995,1,0
Anjani Finance,0.8873239436619719,0.023299161230195712,47.63,0.21645021645021645,0.21645021645021645,0.4329004329004329,5.79,1,0
Sh. Karthik Pap.,10.748837209302327,0.6451612903225806,-2.7,0.2150537634408602,0.2150537634408602,0.4301075268817204,4.45,1,1
Kokuyo Camlin,0.21065898451566437,0.29325513196480935,7.25,0.2150537634408602,0.2150537634408602,0.4301075268817204,4.88,0,0
Shantai Indust.,0.10353535353535354,0.0945179584120983,15.989999999999998,0.2136752136752137,0.2136752136752137,0.4273504273504274,6.46,1,0
Magnum Ventures,6.5185546875,0.28901734104046245,6.640000000000001,0.2136752136752137,0.2136752136752137,0.4273504273504274,4.57,0,0
Multipurpose Trd,0.08,0.2222222222222222,10.41,0.2136752136752137,0.2136752136752137,0.4273504273504274,6.93,1,0
Yamini Invest,2.076827757125155,0.018060321473722232,59.61999999999999,0.21321961620469085,0.21321961620469085,0.4264392324093817,5.49,0,1
Capfin India,0.0,0.23094688221709006,10.49,0.2127659574468085,0.2127659574468085,0.425531914893617,7.16,1,0
Nahar Spinning,8.079277364505845,0.3424657534246575,5.5,0.21231422505307856,0.21231422505307856,0.42462845010615713,4.08,0,0
Metroglobal,0.254654255319149,0.049554013875123884,25.749999999999996,0.21186440677966098,0.21186440677966098,0.42372881355932196,6.58,0,1
Befound Movement,1.5445544554455446,0.5128205128205129,6.91,0.21097046413502107,0.21097046413502107,0.42194092827004215,6.2,1,0
Jay Shree Tea,7.143874971270972,0.53475935828877,7.28,0.21097046413502107,0.21097046413502107,0.42194092827004215,7.130000000000001,1,0
Adinath Textiles,0.004608294930875576,0.47619047619047616,6.77,0.21052631578947367,0.21052631578947367,0.42105263157894735,5.67,1,1
Odyssey Corpn.,0.336239103362391,0.10256410256410256,15.29,0.21008403361344538,0.21008403361344538,0.42016806722689076,6.6,1,0
Vibrant Glo. Cap,0.7893870835047306,0.2949852507374631,5.68,0.21008403361344538,0.21008403361344538,0.42016806722689076,3.53,0,1
AFLOAT Enterpris,0.017497812773403325,0.06747638326585695,19.74,0.21008403361344538,0.21008403361344538,0.42016806722689076,5.93,1,0
Neelkanth Rock,0.0,0.0037267543696194987,273.92999999999995,0.20964360587002098,0.20964360587002098,0.41928721174004197,6.6,1,0
Trans Freight,0.0,0.06349206349206349,21.779999999999998,0.20964360587002098,0.20964360587002098,0.41928721174004197,7.029999999999999,1,1
Cont. Controls,0.14423076923076922,0.08658008658008658,17.490000000000002,0.2092050209205021,0.2092050209205021,0.4184100418410042,7.01,1,0
Nahar Capital,4.966666666666667,0.41152263374485604,8.12,0.2092050209205021,0.2092050209205021,0.4184100418410042,6.6899999999999995,1,0
Digidrive Dist.,0.12430632630410657,0.18181818181818182,10.99,0.20876826722338204,0.20876826722338204,0.4175365344467641,6.49,1,1
Ashirwad Steels,0.0,0.3424657534246575,8.54,0.20746887966804978,0.20746887966804978,0.41493775933609955,6.619999999999999,1,0
Kuber Udyog,2.4568965517241383,0.3048780487804878,5.799999999999999,0.20703933747412007,0.20703933747412007,0.41407867494824013,4.25,1,0
Ashoka Metcast,4.247592847317744,0.23809523809523808,9.030000000000001,0.20703933747412007,0.20703933747412007,0.41407867494824013,6.109999999999999,1,0
Gratex Industrie,0.03305785123966942,0.1485884101040119,11.74,0.2061855670103093,0.2061855670103093,0.4123711340206186,6.02,1,0
Exxaro Tiles,3.634417455743104,0.3861003861003861,5.17,0.2061855670103093,0.2061855670103093,0.4123711340206186,3.9,0,0
Saboo Sodium,1.5234200743494424,0.02281021897810219,46.68000000000001,0.20576131687242802,0.20576131687242802,0.41152263374485604,4.25,1,0
Nahar Indl. Ent.,6.54462242562929,0.37037037037037035,5.68,0.20576131687242802,0.20576131687242802,0.41152263374485604,4.49,0,0
Mystic Electron.,0.0,0.0010626992561105207,947.46,0.2053388090349076,0.2053388090349076,0.4106776180698152,7.46,1,0
Bhanderi Infra.,5.29404309252218,0.4016064257028112,6.37,0.2053388090349076,0.2053388090349076,0.4106776180698152,6.45,1,0
Bombay Oxygen,0.0,0.2,11.3,0.20449897750511245,0.20449897750511245,0.4089979550102249,7.300000000000001,1,0
Energy Devl.Co.,6.236830648672181,0.6944444444444444,-19.2,0.20449897750511245,0.20449897750511245,0.4089979550102249,-10.77,0,1
Norben Tea,4.38265306122449,0.5208333333333334,3.72,0.2040816326530612,0.2040816326530612,0.4081632653061224,3.23,1,0
Shakti Press,3.7900874635568513,0.35714285714285715,5.2,0.2040816326530612,0.2040816326530612,0.4081632653061224,4.1,0,0
B.C. Power,0.06911447084233262,0.1592356687898089,10.85,0.2040816326530612,0.2040816326530612,0.4081632653061224,5.58,1,0
Superhouse Ltd,10.60392156862745,0.3921568627450981,5.699999999999999,0.2040816326530612,0.2040816326530612,0.4081632653061224,4.56,0,0
Cindrella Hotels,1.2155963302752295,0.27548209366391185,7.59,0.20366598778004072,0.20366598778004072,0.40733197556008144,5.19,1,0
Universal Arts,0.0,0.0027472527472527475,368.87,0.20283975659229211,0.20283975659229211,0.40567951318458423,5.87,1,0
Centenial Surgic,0.598229109020476,0.33003300330033003,3.8399999999999994,0.20242914979757087,0.20242914979757087,0.40485829959514175,2.16,0,1
Sunil Healthcare,4.7923322683706076,0.49504950495049505,3.2800000000000002,0.20161290322580647,0.20161290322580647,0.40322580645161293,3.14,0,1
Guj. Raffia Inds,0.2505747126436782,0.32894736842105265,7.9300000000000015,0.20120724346076457,0.20120724346076457,0.40241448692152915,5.99,0,0
Dhampur Bio,4.304204641188635,0.4694835680751174,5.1899999999999995,0.20120724346076457,0.20120724346076457,0.40241448692152915,4.640000000000001,0,1
United Interacti,0.0,0.020242914979757085,55.209999999999994,0.2008032128514056,0.2008032128514056,0.4016064257028112,6.8100000000000005,1,1
Teamo Production,0.0,0.10504201680672269,14.959999999999999,0.2004008016032064,0.2004008016032064,0.4008016032064128,6.44,1,0
Ceeta Industries,2.820175438596491,0.4098360655737705,7.569999999999999,0.2,0.2,0.4,6.359999999999999,1,0
Panjon,0.6647940074906367,0.26666666666666666,8.68,0.2,0.2,0.4,6.140000000000001,1,0
Signature Green,0.0,0.02520161290322581,45.75,0.1996007984031936,0.1996007984031936,0.3992015968063872,7.07,1,0
Arunjyoti Bio,9.848979591836734,0.4854368932038835,1.1800000000000002,0.19880715705765406,0.19880715705765406,0.3976143141153081,0.8300000000000001,1,1
Vantage Knowledg,0.0,0.06523157208088715,20.830000000000002,0.19880715705765406,0.19880715705765406,0.3976143141153081,6.5,0,0
Sahara Housing,0.9114974318451206,0.0429000429000429,26.659999999999997,0.1984126984126984,0.1984126984126984,0.3968253968253968,4.79,0,0
Gujarat Cotex,0.3920704845814978,0.4347826086956522,6.38,0.1984126984126984,0.1984126984126984,0.3968253968253968,5.2,1,0
Ishan Dyes,6.998413957176844,0.47619047619047616,5.05,0.1984126984126984,0.1984126984126984,0.3968253968253968,4.58,0,1
Bikewo Green,0.09066121336059987,0.0992063492063492,14.92,0.1984126984126984,0.1984126984126984,0.3968253968253968,5.87,1,0
Abirami Fin.,0.0,0.03147623544224111,37.629999999999995,0.19801980198019803,0.19801980198019803,0.39603960396039606,6.859999999999999,1,0
Majestic Auto,0.16391977760127086,0.19267822736030826,9.22,0.19801980198019803,0.19801980198019803,0.39603960396039606,5.05,0,0
Kiran Vyapar,5.180917698470503,0.17953321364452424,10.92,0.19801980198019803,0.19801980198019803,0.39603960396039606,6.51,1,1
Archies,5.027681660899654,0.3717472118959108,7.1499999999999995,0.19762845849802374,0.19762845849802374,0.3952569169960475,5.789999999999999,0,0
Manaksia Steels,14.309590973201692,0.3968253968253968,7.02,0.19762845849802374,0.19762845849802374,0.3952569169960475,6.129999999999999,0,0
Shangar Decor,0.034512143161482746,0.1692047377326565,10.72,0.19762845849802374,0.19762845849802374,0.3952569169960475,5.819999999999999,1,0
Inani Marbles,4.126654064272211,0.34965034965034963,6.28,0.1972386587771203,0.1972386587771203,0.3944773175542406,4.83,0,0
Aashka Hospitals,1.237487733071639,0.4366812227074236,7.2,0.1972386587771203,0.1972386587771203,0.3944773175542406,6.04,0,0
Beryl Securities,1.87551867219917,0.2518891687657431,8.86,0.19646365422396858,0.19646365422396858,0.39292730844793716,6.35,1,0
White Organic,0.07861060329067641,0.5154639175257733,7.84,0.19646365422396858,0.19646365422396858,0.39292730844793716,6.91,1,0
Gujarat Hy-Spin,2.1405152224824358,0.4291845493562232,5.22,0.19646365422396858,0.19646365422396858,0.39292730844793716,4.38,0,0
Madhusudan Inds.,0.0,0.015966789078716268,70.67,0.19607843137254904,0.19607843137254904,0.3921568627450981,9.04,0,0
Biofil Chemicals,0.006849315068493151,0.4098360655737705,6.7,0.1953125,0.1953125,0.390625,5.26,1,0
CitiPort Fin.,0.0,0.022222222222222223,48.79,0.19342359767891684,0.19342359767891684,0.3868471953578337,4.79,1,0
Trigyn Techno.,0.12859592303295866,0.16,10.799999999999999,0.19342359767891684,0.19342359767891684,0.3868471953578337,5.56,0,0
JMD Ventures,0.0,0.0580046403712297,23.45,0.19267822736030826,0.19267822736030826,0.3853564547206165,7.210000000000001,1,0
Ras Resorts,0.9824561403508771,0.6451612903225806,5.7,0.19267822736030826,0.19267822736030826,0.3853564547206165,5.2700000000000005,1,0
Sanginita Chemi.,6.161214953271029,0.3389830508474576,6.330000000000001,0.19267822736030826,0.19267822736030826,0.3853564547206165,4.8500000000000005,0,0
Quality Foils,23.42808219178082,0.4484304932735426,3.750000000000001,0.19267822736030826,0.19267822736030826,0.3853564547206165,4.73,1,1
Asian Star Co.,2.2204744825202023,0.24752475247524752,8.58,0.1923076923076923,0.1923076923076923,0.3846153846153846,5.86,0,0
Murae Organisor,0.6566966077105905,0.2610966057441253,7.960000000000001,0.1923076923076923,0.1923076923076923,0.3846153846153846,6.15,1,0
Vilin Bio Med,0.3770491803278689,0.11376564277588169,12.7,0.1923076923076923,0.1923076923076923,0.3846153846153846,4.93,1,0
Ram Info,0.7364864864864865,0.36496350364963503,7.2,0.19193857965451055,0.19193857965451055,0.3838771593090211,5.52,1,0
Southern Latex,0.0,0.006329113924050633,164.6,0.19193857965451055,0.19193857965451055,0.3838771593090211,7.6,1,0
Super Spinning,6.636655948553055,0.7633587786259541,2.03,0.19193857965451055,0.19193857965451055,0.3838771593090211,2.09,0,1
RDB Real Estate,4.007606745604593,0.4347826086956522,2.57,0.19193857965451055,0.19193857965451055,0.3838771593090211,4.37,0,0
Gajanand Inter.,0.568075117370892,0.1855287569573284,9.219999999999999,0.19157088122605365,0.19157088122605365,0.3831417624521073,5.06,1,0
Hardwyn India,2.421875,0.36363636363636365,8.430000000000001,0.19120458891013384,0.19120458891013384,0.3824091778202677,6.700000000000001,1,0
Tainwala Chem.,0.0,0.12422360248447203,14.38,0.19083969465648853,0.19083969465648853,0.38167938931297707,7.33,1,0
Continental Seed,0.32602979842243646,0.2747252747252747,8.62,0.19083969465648853,0.19083969465648853,0.38167938931297707,6.11,1,1
Snowman Logistic,4.9147847034025895,0.4504504504504505,5.39,0.19047619047619047,0.19047619047619047,0.38095238095238093,4.97,0,1
Makers Labs.,1.56496062992126,0.27624309392265195,8.88,0.19047619047619047,0.19047619047619047,0.38095238095238093,6.37,1,0
Quadpro ITeS,0.622093023255814,0.14792899408284024,12.979999999999999,0.19047619047619047,0.19047619047619047,0.38095238095238093,7.27,1,0
Country Condo,0.004273504273504274,0.27932960893854747,8.53,0.19011406844106465,0.19011406844106465,0.3802281368821293,5.949999999999999,1,1
Peninsula Land,10.02575488454707,0.5128205128205129,0.010000000000000231,0.19011406844106465,0.19011406844106465,0.3802281368821293,1.25,1,1
Sri KPR Inds.,0.11572700296735905,0.05720823798627002,23.81,0.19011406844106465,0.19011406844106465,0.3802281368821293,7.34,1,0
Amin Tannery,8.587878787878788,0.4672897196261683,3.6799999999999993,0.19011406844106465,0.19011406844106465,0.3802281368821293,4.72,0,1
Add-Shop E-Reta.,1.1961852861035422,0.10504201680672269,15.06,0.19011406844106465,0.19011406844106465,0.3802281368821293,6.66,1,0
KCK Industries,0.15026833631484796,0.17391304347826086,9.45,0.19011406844106465,0.19011406844106465,0.3802281368821293,4.79,0,0
Swastik Pipe,5.277084172372131,0.390625,3.66,0.19011406844106465,0.19011406844106465,0.3802281368821293,2.7699999999999996,0,0
Garnet Intl.,0.26370757180156656,0.22123893805309736,11.76,0.18975332068311196,0.18975332068311196,0.3795066413662239,8.26,0,0
Lak. Fin. & Indl,0.0,0.2976190476190476,12.55,0.1893939393939394,0.1893939393939394,0.3787878787878788,10.190000000000001,0,0
Munoth Capital,0.06542056074766356,0.8547008547008548,7.53,0.1890359168241966,0.1890359168241966,0.3780718336483932,7.37,1,0
Dai-ichi Karkari,0.7237149532710281,0.34965034965034963,9.48,0.1890359168241966,0.1890359168241966,0.3780718336483932,7.6899999999999995,0,0
Zenith Fibres,0.0056179775280898875,0.07336757153338225,19.85,0.18867924528301888,0.18867924528301888,0.37735849056603776,7.22,1,0
TGB Banquets,1.6125108601216334,0.2617801047120419,8.6,0.18867924528301888,0.18867924528301888,0.37735849056603776,6.02,0,1
RTS Power Corpn.,2.023838630806846,0.2724795640326976,8.29,0.18867924528301888,0.18867924528301888,0.37735849056603776,5.84,0,0
Ashiana Agro Ind,0.0,0.03529827038475115,35.11,0.18832391713747648,0.18832391713747648,0.37664783427495296,7.779999999999999,1,0
Vikram Kamats,28.833333333333332,0.5102040816326531,4.83,0.18832391713747648,0.18832391713747648,0.37664783427495296,5.119999999999999,1,1
Prismx Global,0.009082652134423252,0.012961762799740763,82.25,0.18796992481203006,0.18796992481203006,0.37593984962406013,6.1000000000000005,0,0
Gourmet Gateway,2.8121584699453552,0.6756756756756757,2.37,0.18796992481203006,0.18796992481203006,0.37593984962406013,3.2,0,0
Bluspring Enter.,10.517301038062284,0.4329004329004329,3.08,0.18796992481203006,0.18796992481203006,0.37593984962406013,2.12,1,1
S P Capital Fin.,51.0593220338983,0.7575757575757576,1.8999999999999995,0.18761726078799248,0.18761726078799248,0.37523452157598497,5.2,1,1
Padmanabh Alloys,1.9577464788732395,0.39525691699604737,6.609999999999999,0.18726591760299627,0.18726591760299627,0.37453183520599254,5.56,1,0
Koura Fine Diamo,0.7246376811594204,0.08771929824561403,16.15,0.1869158878504673,0.1869158878504673,0.3738317757009346,5.819999999999999,1,0
United Credit,0.23611111111111113,0.15082956259426847,13.290000000000001,0.18656716417910446,0.18656716417910446,0.3731343283582089,7.67,1,0
Chaman Metallics,8.405599697313658,0.5208333333333334,3.3200000000000003,0.186219739292365,0.186219739292365,0.37243947858473,6.99,1,0
Vivaa Tradecom,3.560344827586207,0.4166666666666667,6.569999999999999,0.186219739292365,0.186219739292365,0.37243947858473,5.36,1,0
Roni Households,1.5220883534136544,0.22727272727272727,9.84,0.1858736059479554,0.1858736059479554,0.3717472118959108,6.67,1,0
Guru Krupa Gems,0.43790849673202614,0.12239902080783353,14.04,0.1855287569573284,0.1855287569573284,0.3710575139146568,7.01,1,0
Softtech Enginee,1.5666436464088396,0.3184713375796178,6.85,0.1855287569573284,0.1855287569573284,0.3710575139146568,4.9799999999999995,0,0
Heranba Inds,5.011632453567938,0.4694835680751174,5.05,0.1855287569573284,0.1855287569573284,0.3710575139146568,4.529999999999999,0,1
Bhilwara Tech,0.0,0.0791139240506329,20.12,0.18518518518518517,0.18518518518518517,0.37037037037037035,8.48,0,0
Jiwanram Sheo,11.398034398034397,0.26595744680851063,8.5,0.18518518518518517,0.18518518518518517,0.37037037037037035,6.45,0,0
California Soft.,0.19155844155844154,0.11376564277588169,15.100000000000001,0.18484288354898337,0.18484288354898337,0.36968576709796674,7.33,1,0
Ekansh Concept,1.2020626432391137,0.42194092827004215,4.16,0.18484288354898337,0.18484288354898337,0.36968576709796674,3.41,0,0
Om Infra,16.41470588235294,0.4098360655737705,7.3999999999999995,0.18484288354898337,0.18484288354898337,0.36968576709796674,6.11,0,0
Plaza Wires,2.82190635451505,0.2808988764044944,8.39,0.18484288354898337,0.18484288354898337,0.36968576709796674,6.1,0,0
Rajshree Sugars,3.996426018584703,0.49019607843137253,5.16,0.18450184501845018,0.18450184501845018,0.36900369003690037,5.5,0,0
Money Masters,8.006289308176102,0.8771929824561403,5.459999999999999,0.18450184501845018,0.18450184501845018,0.36900369003690037,6.13,1,1
Advance Lifes.,31.325757575757574,0.18281535648994515,8.02,0.1841620626151013,0.1841620626151013,0.3683241252302026,4.89,1,0
Bharat Agri Fert,8.693473193473194,0.45454545454545453,4.82,0.18348623853211007,0.18348623853211007,0.36697247706422015,5.17,1,1
Guj. Petrosynth.,0.0375,0.12285012285012284,14.36,0.18348623853211007,0.18348623853211007,0.36697247706422015,7.220000000000001,1,0
Fine Line Cir.,2.2560553633217992,0.37453183520599254,6.51,0.18348623853211007,0.18348623853211007,0.36697247706422015,5.57,0,0
Uma Exports,4.785037150909556,0.4184100418410042,5.53,0.18348623853211007,0.18348623853211007,0.36697247706422015,5.1000000000000005,1,0
SMT Engineering,2.107164916615195,0.35211267605633806,8.13,0.18315018315018314,0.18315018315018314,0.3663003663003663,7.24,1,1
AA Plus Trade,0.0306553911205074,0.0949667616334283,16.62,0.18315018315018314,0.18315018315018314,0.3663003663003663,7.109999999999999,1,0
Valson Industrie,1.8938193343898573,0.36101083032490977,6.9,0.18281535648994515,0.18281535648994515,0.3656307129798903,5.56,0,0
Nam Securities,0.09569377990430623,0.13003901170351104,14.150000000000002,0.18248175182481752,0.18248175182481752,0.36496350364963503,7.48,1,0
Bannari Amm Spg.,18.852225020990765,0.4672897196261683,5.33,0.18214936247723132,0.18214936247723132,0.36429872495446264,5.15,0,1
Salasar Exterior,8.999999999999998,0.28169014084507044,8.55,0.18214936247723132,0.18214936247723132,0.36429872495446264,6.68,1,0
Ajcon Global,4.443396226415094,0.14556040756914118,11.4,0.1811594202898551,0.1811594202898551,0.3623188405797102,5.8999999999999995,1,0
Cyber Media Ind,9.128205128205128,0.49751243781094534,1.8199999999999996,0.1811594202898551,0.1811594202898551,0.3623188405797102,1.0499999999999994,1,1
T N Steel Tubes,6.1465517241379315,0.2469135802469136,7.13,0.18083182640144665,0.18083182640144665,0.3616636528028933,4.82,1,0
Tokyo Plast Intl,5.766561514195584,0.4807692307692307,6.340000000000001,0.18083182640144665,0.18083182640144665,0.3616636528028933,5.8500000000000005,0,1
Sharika Enterpr.,6.939516129032259,0.4587155963302753,4.92,0.18083182640144665,0.18083182640144665,0.3616636528028933,4.67,1,1
GHCL Textiles,0.3476342240745281,0.19305019305019305,12.02,0.18083182640144665,0.18083182640144665,0.3616636528028933,7.880000000000001,0,0
United Leasing,4.008196721311475,0.2785515320334262,7.25,0.18050541516245489,0.18050541516245489,0.36101083032490977,5.38,1,0
SPL Industries,0.0,0.0968054211035818,16.59,0.1801801801801802,0.1801801801801802,0.3603603603603604,7.26,0,0
Cubical Finan,0.0,0.020703933747412008,54.36,0.1798561151079137,0.1798561151079137,0.3597122302158274,7.06,1,0
J J Finance Corp,0.0,0.10683760683760685,15.55,0.17953321364452424,0.17953321364452424,0.3590664272890485,7.19,1,0
AMD Industries,2.015015742310487,0.35714285714285715,6.1499999999999995,0.17953321364452424,0.17953321364452424,0.3590664272890485,4.88,0,0
United Foodbrands,4.250527399022382,0.6711409395973155,0.4500000000000006,0.17953321364452424,0.17953321364452424,0.3590664272890485,2.4800000000000004,0,0
Abhinav Capital,0.0,0.0013568521031207597,741.73,0.17921146953405018,0.17921146953405018,0.35842293906810035,5.73,1,0
The Byke Hospi.,9.726156751652503,0.24271844660194175,8.700000000000001,0.17921146953405018,0.17921146953405018,0.35842293906810035,6.03,0,1
Pro Fin Capital,23.998144712430427,0.7407407407407407,2.7300000000000004,0.17921146953405018,0.17921146953405018,0.35842293906810035,5.37,1,1
Indian Link Ch.,0.0,0.11389521640091115,15.37,0.17921146953405018,0.17921146953405018,0.35842293906810035,7.59,1,0
Sai Capital,0.3213083213083213,0.05376344086021505,25.020000000000003,0.17889087656529518,0.17889087656529518,0.35778175313059035,7.48,1,0
Aakash Explor.,2.8418201516793067,0.5780346820809249,6.33,0.17857142857142858,0.17857142857142858,0.35714285714285715,6.029999999999999,0,0
AKI India,7.081743869209809,0.2801120448179272,7.970000000000001,0.17857142857142858,0.17857142857142858,0.35714285714285715,5.66,1,1
Coastal Corporat,70.76400679117148,0.4926108374384236,4.74,0.17825311942959002,0.17825311942959002,0.35650623885918004,5.25,0,1
Atlantaa,5.302567785957982,0.42372881355932196,12.610000000000001,0.17793594306049823,0.17793594306049823,0.35587188612099646,12.780000000000001,0,0
Libas Consumer,1.2566897918731417,0.18867924528301888,11.28,0.17793594306049823,0.17793594306049823,0.35587188612099646,7.13,0,1
Rita Finance and,0.5101449275362319,0.7874015748031495,8.22,0.17793594306049823,0.17793594306049823,0.35587188612099646,8.06,1,0
SBL Infratech,0.17307692307692307,0.4444444444444444,7.920000000000001,0.17793594306049823,0.17793594306049823,0.35587188612099646,6.720000000000001,1,0
Samor Reality,0.9797507788161994,0.07347538574577517,16.44,0.17793594306049823,0.17793594306049823,0.35587188612099646,4.19,1,0
IndiaNivesh,11.702015775635408,0.10482180293501049,5.999999999999999,0.17761989342806395,0.17761989342806395,0.3552397868561279,-2.3,1,1
KCP Sugar &Inds.,1.2521008403361344,0.10649627263045792,14.26,0.17761989342806395,0.17761989342806395,0.3552397868561279,6.0,0,0
Shreeji Translog,3.369422092172641,0.36764705882352944,6.04,0.17761989342806395,0.17761989342806395,0.3552397868561279,5.109999999999999,0,1
Refex Renewables,17.41955048162683,0.7352941176470589,-2.5200000000000005,0.1773049645390071,0.1773049645390071,0.3546099290780142,-2.6400000000000006,0,1
Manali Petrochem,7.766383191595798,0.2277904328018223,10.23,0.17667844522968199,0.17667844522968199,0.35335689045936397,6.98,1,0
Mayur Leather,2.2514285714285713,0.2840909090909091,6.450000000000001,0.17667844522968199,0.17667844522968199,0.35335689045936397,5.53,1,0
Lead Financial S,0.0,0.05263157894736842,24.189999999999998,0.1763668430335097,0.1763668430335097,0.3527336860670194,6.1899999999999995,1,0
OK Play India,4.275347575449305,0.3968253968253968,4.89,0.17605633802816903,0.17605633802816903,0.35211267605633806,4.1499999999999995,0,0
BAMPSL Sec.,0.0,0.010477787091366304,102.58,0.17574692442882248,0.17574692442882248,0.35149384885764495,8.14,1,0
Ansal Housing,2.2983099012862698,0.4672897196261683,3.1399999999999997,0.17543859649122806,0.17543859649122806,0.3508771929824561,4.33,0,0
Euro Leder Fash,2.385321100917431,0.5050505050505051,5.25,0.17482517482517484,0.17482517482517484,0.3496503496503497,5.1499999999999995,0,0
Integra Essentia,0.430116832540026,0.3205128205128205,8.35,0.17482517482517484,0.17482517482517484,0.3496503496503497,6.46,1,0
Frontline Corp.,54.90196078431372,0.6493506493506493,4.43,0.17452006980802792,0.17452006980802792,0.34904013961605584,7.28,1,0
Concord Drugs,3.579326923076923,0.37735849056603776,6.470000000000001,0.17452006980802792,0.17452006980802792,0.34904013961605584,5.25,0,0
Genus Paper & Bo,10.58389101338432,0.4444444444444444,5.4,0.17452006980802792,0.17452006980802792,0.34904013961605584,5.0,0,1
Deem Roll-Tech,7.798004987531172,0.37878787878787884,8.200000000000001,0.17421602787456444,0.17421602787456444,0.3484320557491289,6.93,1,0
Mathew Easow Res,5.5115089514066495,0.5076142131979695,4.4399999999999995,0.1736111111111111,0.1736111111111111,0.3472222222222222,4.9799999999999995,0,1
Purple Agrotech Industries,1.699074074074074,0.1402524544179523,11.66,0.1736111111111111,0.1736111111111111,0.3472222222222222,6.24,0,0
Cell Point,39.60355029585799,0.48780487804878053,5.1899999999999995,0.1733102253032929,0.1733102253032929,0.3466204506065858,5.039999999999999,1,1
Virat Industries,0.0,0.03844675124951941,32.650000000000006,0.17271157167530224,0.17271157167530224,0.3454231433506045,7.640000000000001,1,0
Homesfy Realty,0.038461538461538464,0.16447368421052633,12.55,0.1724137931034483,0.1724137931034483,0.3448275862068966,7.47,0,1
Mayur Floorings,1.327731092436975,0.48309178743961345,6.369999999999999,0.17211703958691912,0.17211703958691912,0.34423407917383825,6.08,1,0
Inter Globe Fin,0.2298636926889715,0.15479876160990713,12.87,0.17211703958691912,0.17211703958691912,0.34423407917383825,7.4399999999999995,1,1
C P S Shapers,2.946478873239437,0.3508771929824561,6.579999999999999,0.17211703958691912,0.17211703958691912,0.34423407917383825,5.43,1,0
Best Eastern Hot,1.8862275449101797,0.6535947712418301,4.16,0.1718213058419244,0.1718213058419244,0.3436426116838488,5.0,1,0
Emerald Leisures,7.448058761804828,0.7936507936507936,-9.08,0.1718213058419244,0.1718213058419244,0.3436426116838488,-9.1,1,1
Sailani Tours N,0.9795081967213115,0.2881844380403458,8.67,0.1718213058419244,0.1718213058419244,0.3436426116838488,6.5200000000000005,1,0
PCS Technology,0.0,0.01690045631232043,65.87,0.17094017094017094,0.17094017094017094,0.3418803418803419,7.699999999999999,1,0
Popular Vehicles,7.320289855072463,0.4566210045662101,3.5299999999999994,0.17094017094017094,0.17094017094017094,0.3418803418803419,4.1,0,1
Lokesh Mach.,7.328617069831127,0.390625,5.8500000000000005,0.17035775127768313,0.17035775127768313,0.34071550255536626,5.0,0,0
G K P Printing,1.0338164251207729,0.2881844380403458,9.66,0.17035775127768313,0.17035775127768313,0.34071550255536626,7.28,1,0
Riddhi Siddhi Gl,7.754607508532423,0.23364485981308414,7.2,0.17006802721088435,0.17006802721088435,0.3401360544217687,4.06,1,0
Lake Shore,0.0,0.01765536723163842,64.13,0.16977928692699493,0.16977928692699493,0.33955857385398985,8.49,1,0
Vaishali Pharma,0.819327731092437,0.29673590504451036,7.93,0.16863406408094436,0.16863406408094436,0.3372681281618887,5.79,1,0
Spectrum Talent,0.6473962930273609,0.2958579881656805,9.98,0.16863406408094436,0.16863406408094436,0.3372681281618887,7.869999999999999,1,0
3i Infotech,1.1894017094017093,0.4291845493562232,10.22,0.16835016835016833,0.16835016835016833,0.33670033670033667,9.0,0,1
Sam Industries,4.588673621460506,0.5405405405405405,7.76,0.16778523489932887,0.16778523489932887,0.33557046979865773,7.32,0,0
Charter. Capital,0.0,0.08375209380234507,19.09,0.16750418760469013,0.16750418760469013,0.33500837520938026,8.15,1,0
Vapi Enterprise,0.23152709359605908,0.022558087074216106,51.98,0.16750418760469013,0.16750418760469013,0.33500837520938026,8.66,1,0
Parshwanath Corp,0.0,0.1510574018126888,14.600000000000001,0.16722408026755853,0.16722408026755853,0.33444816053511706,8.98,0,1
Petro Carbon,19.211152416356878,0.4444444444444444,7.300000000000001,0.16722408026755853,0.16722408026755853,0.33444816053511706,7.540000000000001,0,0
Esaar (India),6.887096774193548,0.8403361344537815,-1.0900000000000003,0.16666666666666666,0.16666666666666666,0.3333333333333333,2.92,1,1
Sover. Diamonds,0.0,0.05336179295624333,22.77,0.16666666666666666,0.16666666666666666,0.3333333333333333,5.03,0,1
Panchmahal Steel,7.920661157024794,0.29069767441860467,8.53,0.16666666666666666,0.16666666666666666,0.3333333333333333,6.4,1,0
Milton Industri.,4.781914893617022,0.2770083102493075,8.860000000000001,0.1663893510815308,0.1663893510815308,0.3327787021630616,6.62,1,0
Bonlon Industrie,1.1273920174958996,0.35587188612099646,8.4,0.16583747927031509,0.16583747927031509,0.33167495854063017,7.09,0,0
Baroda Rayon,4.481310567604983,0.23148148148148145,11.77,0.16556291390728478,0.16556291390728478,0.33112582781456956,8.95,0,0
Digjam,2.9529352226720644,0.641025641025641,-4.65,0.16556291390728478,0.16556291390728478,0.33112582781456956,7.42,1,0
Lords Chloro,14.425762045231073,0.4587155963302753,7.26,0.1652892561983471,0.1652892561983471,0.3305785123966942,6.81,0,0
Swelect Energy,5.077351437943398,0.36363636363636365,6.379999999999999,0.16501650165016502,0.16501650165016502,0.33003300330033003,5.38,0,0
Sintercom India,12.045340050377833,0.37878787878787884,6.61,0.16447368421052633,0.16447368421052633,0.32894736842105265,5.44,1,0
B-Right Real,7.096153846153846,0.303951367781155,7.779999999999999,0.16447368421052633,0.16447368421052633,0.32894736842105265,6.5600000000000005,1,0
Ashish Polyplast,0.11801242236024846,0.2717391304347826,9.83,0.16420361247947454,0.16420361247947454,0.3284072249589491,7.18,1,0
Sawaca Enterpri.,0.0193029490616622,0.1394700139470014,-5.61,0.16339869281045752,0.16339869281045752,0.32679738562091504,-11.77,1,0
Robust Hotels,2.7201445347786812,0.1529051987767584,12.78,0.16339869281045752,0.16339869281045752,0.32679738562091504,7.45,0,1
Service Care Ltd,0.38953488372093026,0.3597122302158273,10.15,0.16339869281045752,0.16339869281045752,0.32679738562091504,8.4,0,0
BCL Enterprises,0.5952380952380952,0.10940919037199125,17.849999999999998,0.1631321370309951,0.1631321370309951,0.3262642740619902,9.76,0,0
Birla Cable,0.9899470899470899,0.30959752321981426,8.1,0.16286644951140067,0.16286644951140067,0.32573289902280134,6.279999999999999,0,0
Chordia Food,0.12658227848101267,0.15384615384615385,13.88,0.16260162601626016,0.16260162601626016,0.3252032520325203,8.39,1,0
Palm Jewels,0.7834394904458598,0.2008032128514056,11.94,0.16260162601626016,0.16260162601626016,0.3252032520325203,8.11,1,0
Ashirwad Cap.,0.8765822784810127,0.7092198581560284,9.469999999999999,0.16233766233766234,0.16233766233766234,0.3246753246753247,9.2,0,0
Aris Interna.,0.14893617021276595,0.011494252873563218,95.89,0.16233766233766234,0.16233766233766234,0.3246753246753247,10.219999999999999,0,0
Mercury EV-Tech,0.159937541824671,0.22883295194508008,11.67,0.16233766233766234,0.16233766233766234,0.3246753246753247,8.33,1,0
Starsource Multitrade,0.015625,0.4807692307692307,9.65,0.1620745542949757,0.1620745542949757,0.3241491085899514,8.58,1,0
Nutech Global,7.953846153846153,0.4484304932735426,3.03,0.1620745542949757,0.1620745542949757,0.3241491085899514,3.57,1,1
Ponni Sug.Erode,0.0,0.14727540500736377,14.219999999999999,0.16181229773462785,0.16181229773462785,0.3236245954692557,8.43,0,0
Hiliks Technolog,0.0,0.25,11.08,0.16181229773462785,0.16181229773462785,0.3236245954692557,8.08,1,0
DCM Nouvelle,2.55855321672102,0.36900369003690037,6.89,0.16181229773462785,0.16181229773462785,0.3236245954692557,5.71,0,0
Paramount Cosmet,4.345833333333333,0.38759689922480617,6.330000000000001,0.16155088852988692,0.16155088852988692,0.32310177705977383,5.260000000000001,1,0
Bengal Tea & Fab,0.37455985915492956,0.08244023083264633,57.75,0.1607717041800643,0.1607717041800643,0.3215434083601286,46.66,0,0
Hindprakash Indu,7.038961038961039,0.3717472118959108,7.34,0.16051364365971107,0.16051364365971107,0.32102728731942215,6.380000000000001,1,0
Murudesh.Ceramic,4.363453140745717,0.4132231404958678,8.090000000000002,0.16025641025641024,0.16025641025641024,0.3205128205128205,7.0200000000000005,0,0
Shri Keshav,8.101274312541918,0.6211180124223603,1.8399999999999999,0.16,0.16,0.32,3.6399999999999997,0,1
Sarup Industries,11.911585365853659,0.3333333333333333,8.0,0.16,0.16,0.32,6.24,1,0
Cineline India,2.097892176732874,0.5555555555555556,7.5200000000000005,0.16,0.16,0.32,7.43,0,0
Vashu Bhagnani,0.23837130915464472,0.20790020790020788,12.33,0.1597444089456869,0.1597444089456869,0.3194888178913738,8.64,1,0
Greencrest Finan,6.537087912087912,0.15220700152207,11.270000000000001,0.1592356687898089,0.1592356687898089,0.3184713375796178,6.53,0,0
Inani Securities,0.0,0.20746887966804978,11.280000000000001,0.1592356687898089,0.1592356687898089,0.3184713375796178,7.460000000000001,1,0
Ginni Filaments,3.654929577464789,0.26525198938992045,9.08,0.1592356687898089,0.1592356687898089,0.3184713375796178,6.5,0,0
Deep Diamond,0.3025210084033613,0.24096385542168672,12.08,0.1592356687898089,0.1592356687898089,0.3184713375796178,8.940000000000001,1,0
KG Petrochem,3.0429230223483503,0.4184100418410042,7.71,0.1589825119236884,0.1589825119236884,0.3179650238473768,6.79,0,0
Venmax Drugs,0.945288753799392,0.2717391304347826,12.18,0.1589825119236884,0.1589825119236884,0.3179650238473768,9.86,0,0
W S Inds.,1.0760856561789687,0.46511627906976744,1.2799999999999994,0.15873015873015872,0.15873015873015872,0.31746031746031744,0.5699999999999994,1,0
G G Engineering,0.06027027027027027,0.18832391713747648,12.709999999999999,0.1582278481012658,0.1582278481012658,0.3164556962025316,8.41,0,0
Hind.Composites,0.11309138042773818,0.30303030303030304,11.43,0.1579778830963665,0.1579778830963665,0.315955766192733,9.129999999999999,0,0
Super Fine Knit.,3.3304597701149423,0.12210012210012208,13.719999999999999,0.15772870662460567,0.15772870662460567,0.31545741324921134,7.01,0,0
MIRC Electronics,1.5230046948356806,0.40485829959514175,6.09,0.15748031496062992,0.15748031496062992,0.31496062992125984,4.93,0,0
Mahaveer Infoway,0.0818181818181818,0.3508771929824561,8.26,0.15748031496062992,0.15748031496062992,0.31496062992125984,6.43,1,1
Veritas (India),8.481790845305714,0.390625,9.65,0.15748031496062992,0.15748031496062992,0.31496062992125984,8.18,0,0
Hindustan Media,2.14652489626556,0.3861003861003861,10.2,0.15723270440251572,0.15723270440251572,0.31446540880503143,8.66,0,0
Standard Surfact,25.898496240601503,0.44052863436123346,5.880000000000001,0.15698587127158556,0.15698587127158556,0.3139717425431711,6.94,1,0
Jainex Aamcol,9.10762331838565,0.5617977528089888,5.289999999999999,0.15673981191222572,0.15673981191222572,0.31347962382445144,7.029999999999999,1,0
Asit C Mehta Fin,13.383989145183175,0.3401360544217687,1.5699999999999994,0.15600624024961,0.15600624024961,0.31201248049922,3.99,1,0
Paras Petrofils,0.0,0.001152073732718894,876.99,0.1557632398753894,0.1557632398753894,0.3115264797507788,9.99,0,1
Bimetal Bearings,0.05641370047011417,0.3021148036253776,11.54,0.1557632398753894,0.1557632398753894,0.3115264797507788,9.23,0,0
Pratik Panels,0.13397129186602874,0.17482517482517484,15.5,0.15552099533437014,0.15552099533437014,0.3110419906687403,10.82,0,0
Virinchi,3.4697575900211817,0.37037037037037035,6.5600000000000005,0.15527950310559005,0.15527950310559005,0.3105590062111801,5.5,0,1
Octavius Plant.,3.4863945578231292,0.36900369003690037,9.53,0.15527950310559005,0.15527950310559005,0.3105590062111801,8.88,1,0
Kothari Ferment.,3.62991452991453,0.4926108374384236,6.299999999999999,0.15479876160990713,0.15479876160990713,0.30959752321981426,6.08,0,0
U. Y. Fincorp,0.4882571075401731,0.17857142857142858,13.540000000000001,0.15479876160990713,0.15479876160990713,0.30959752321981426,8.95,0,0
Sandu Pharma.,0.23076923076923078,0.3236245954692557,10.42,0.1545595054095827,0.1545595054095827,0.3091190108191654,8.34,1,0
Dhanlaxmi Bank,3167.502590673575,0.20576131687242802,-3.030000000000001,0.1545595054095827,0.1545595054095827,0.3091190108191654,5.859999999999999,1,0
DigiSpice Tech.,1.0,0.46511627906976744,7.51,0.1545595054095827,0.1545595054095827,0.3091190108191654,6.42,0,0
Dwarikesh Sugar,2.8304150453955903,0.2145922746781116,10.530000000000001,0.15432098765432098,0.15432098765432098,0.30864197530864196,7.1000000000000005,0,0
Marinetrans Indi,4.605128205128206,0.267379679144385,9.030000000000001,0.15432098765432098,0.15432098765432098,0.30864197530864196,6.630000000000001,1,0
Thakkers Develp.,1.0387182910547397,0.06301197227473221,23.14,0.15408320493066255,0.15408320493066255,0.3081664098613251,8.370000000000001,1,0
Polymechplast Ma,2.4098360655737703,0.43103448275862066,8.76,0.15360983102918588,0.15360983102918588,0.30721966205837176,7.619999999999999,1,0
Addi Industries,0.0,0.016249593760155997,70.16000000000001,0.15360983102918588,0.15360983102918588,0.30721966205837176,9.620000000000001,0,0
Bodal Chemicals,7.5475692629377935,0.4672897196261683,7.07,0.15360983102918588,0.15360983102918588,0.30721966205837176,6.699999999999999,0,0
Shivalik Rasayan,9.8421568627451,0.3412969283276451,10.13,0.15360983102918588,0.15360983102918588,0.30721966205837176,8.37,1,0
Kanishk Steel,12.172995780590718,0.4366812227074236,7.119999999999999,0.15337423312883436,0.15337423312883436,0.3067484662576687,6.09,1,0
Ruby Mills,10.866502192982457,0.23866348448687355,11.780000000000001,0.1529051987767584,0.1529051987767584,0.3058103975535168,9.2,1,0
T N Newsprint,3.2779957953749124,0.5847953216374269,5.3,0.1529051987767584,0.1529051987767584,0.3058103975535168,5.49,0,0
Scoobee Garments,10.082851637764932,0.8,-8.62,0.15267175572519084,0.15267175572519084,0.3053435114503817,6.17,1,1
Saj Hotels,3.5957820738137083,0.12376237623762376,15.979999999999999,0.15267175572519084,0.15267175572519084,0.3053435114503817,9.07,0,0
Super Crop Safe,10.531328320802006,0.29154518950437314,9.02,0.15220700152207,0.15220700152207,0.30441400304414,7.970000000000001,1,1
Sicagen India,4.759431224608241,0.32894736842105265,9.52,0.15220700152207,0.15220700152207,0.30441400304414,7.800000000000001,0,0
Vivid Global,0.9182389937106917,0.3861003861003861,8.280000000000001,0.1519756838905775,0.1519756838905775,0.303951367781155,6.88,0,0
PPAP Automotive,3.496709907877421,0.5586592178770949,6.92,0.1519756838905775,0.1519756838905775,0.303951367781155,6.78,0,0
HLV,1.095046082949309,0.39370078740157477,11.26,0.151285930408472,0.151285930408472,0.302571860816944,9.8,0,0
Chowgule Steam,0.0,0.2717391304347826,10.72,0.151285930408472,0.151285930408472,0.302571860816944,8.040000000000001,1,0
Fabino Enter,1.5714285714285714,0.3921568627450981,7.08,0.151285930408472,0.151285930408472,0.302571860816944,5.970000000000001,1,0
Kinetic Trust,23.031496062992126,0.29411764705882354,2.039999999999999,0.1510574018126888,0.1510574018126888,0.3021148036253776,6.640000000000001,1,0
N R Agarwal Inds,4.112585398904635,0.45248868778280543,6.98,0.1510574018126888,0.1510574018126888,0.3021148036253776,6.7,0,0
NIIT,0.2254125412541254,0.14705882352941177,15.47,0.1510574018126888,0.1510574018126888,0.3021148036253776,9.68,0,0
Z F Steering,2.697639751552795,0.37735849056603776,9.08,0.1510574018126888,0.1510574018126888,0.3021148036253776,7.66,0,0
Lime Chemicals,4.123966942148761,0.684931506849315,5.440000000000001,0.15082956259426847,0.15082956259426847,0.30165912518853694,7.75,1,0
Aartech Solonics,2.142857142857143,0.23529411764705882,14.71,0.15060240963855423,0.15060240963855423,0.30120481927710846,11.620000000000001,0,0
J A Finance,6.71563981042654,0.303951367781155,7.09,0.15037593984962405,0.15037593984962405,0.3007518796992481,5.49,1,0
Orissa Bengal,3.5807453416149064,0.33444816053511706,8.49,0.15037593984962405,0.15037593984962405,0.3007518796992481,7.130000000000001,1,0
Prec. Electronic,42.166666666666664,0.47846889952153115,0.7400000000000011,0.15015015015015015,0.15015015015015015,0.3003003003003003,4.71,1,1
MBL Infrast,20.169970476592155,0.7462686567164178,1.3299999999999996,0.14992503748125938,0.14992503748125938,0.29985007496251875,1.9699999999999998,0,1
Dynamic Industri,3.866004962779157,0.37593984962406013,9.09,0.14970059880239522,0.14970059880239522,0.29940119760479045,7.75,0,0
Zenlabs Ethica,2.022774327122153,0.42372881355932196,6.790000000000001,0.14947683109118085,0.14947683109118085,0.2989536621823617,6.36,0,0
N G Industries,0.37722419928825623,0.4854368932038835,5.8100000000000005,0.14947683109118085,0.14947683109118085,0.2989536621823617,4.78,1,0
Universal Auto.,9.696160267111852,0.4132231404958678,8.08,0.14947683109118085,0.14947683109118085,0.2989536621823617,7.42,0,1
Sonal Mercantile,136.02777777777777,0.8130081300813008,10.300000000000002,0.14947683109118085,0.14947683109118085,0.2989536621823617,10.850000000000001,0,0
Dev Labtech,0.07610241820768136,0.08163265306122448,20.490000000000002,0.14925373134328357,0.14925373134328357,0.29850746268656714,9.26,1,0
Ramsons Projects,0.0,0.036153289949385395,37.03,0.14903129657228018,0.14903129657228018,0.29806259314456035,10.370000000000001,0,0
COSCO (India),8.492207792207791,0.35842293906810035,6.789999999999999,0.14903129657228018,0.14903129657228018,0.29806259314456035,6.32,0,0
Supertex Inds.,8.796153846153846,0.42194092827004215,5.5,0.1485884101040119,0.1485884101040119,0.2971768202080238,5.630000000000001,0,1
Gretex Industrie,0.1417004048582996,0.22271714922048996,13.83,0.14836795252225518,0.14836795252225518,0.29673590504451036,10.36,0,0
Nagreeka Exports,10.141342756183745,0.4366812227074236,6.829999999999999,0.14792899408284024,0.14792899408284024,0.2958579881656805,6.6499999999999995,0,0
S. V. J. Enterp.,1.96234309623431,0.22624434389140272,11.479999999999999,0.14792899408284024,0.14792899408284024,0.2958579881656805,8.36,1,0
Chart.Logistics,6.018735362997658,0.33003300330033003,9.239999999999998,0.14792899408284024,0.14792899408284024,0.2958579881656805,7.59,0,0
Amarnath Sec.,0.6190476190476191,0.9803921568627451,9.24,0.14771048744460857,0.14771048744460857,0.29542097488921715,9.39,1,0
Credent Global,1.1432806324110674,0.42372881355932196,9.479999999999999,0.14771048744460857,0.14771048744460857,0.29542097488921715,8.27,0,0
Kiduja India,1.3202924055773655,1.0,-1.61,0.14727540500736377,0.14727540500736377,0.29455081001472755,-1.37,0,0
Innovative Ideal,17.54621848739496,0.9615384615384615,8.98,0.14727540500736377,0.14727540500736377,0.29455081001472755,9.18,1,0
Shivagrico Impl.,3.285123966942149,0.4926108374384236,5.6899999999999995,0.14684287812041116,0.14684287812041116,0.2936857562408223,6.6499999999999995,0,0
Dhanvantri Jeev.,0.0,0.4807692307692307,10.32,0.14662756598240467,0.14662756598240467,0.29325513196480935,9.24,1,0
Santosh Fin Fab,2.5702479338842976,0.4132231404958678,6.16,0.14641288433382138,0.14641288433382138,0.29282576866764276,5.83,1,0
Lakshmi Engg.,1.935323383084577,0.4694835680751174,8.88,0.14619883040935672,0.14619883040935672,0.29239766081871343,8.28,0,1
Sarthak Metals,0.0,0.016194331983805668,69.95,0.14619883040935672,0.14619883040935672,0.29239766081871343,9.2,1,0
Elegant Floricul,0.0,0.4694835680751174,11.25,0.14598540145985403,0.14598540145985403,0.29197080291970806,10.12,0,0
Vertexplus Tech.,3.142857142857143,0.3115264797507788,10.76,0.14598540145985403,0.14598540145985403,0.29197080291970806,8.77,1,0
C J Gelatine,15.082191780821917,0.3424657534246575,2.2399999999999993,0.14577259475218657,0.14577259475218657,0.29154518950437314,6.1000000000000005,1,1
Apt Packaging,5.408163265306123,0.36363636363636365,8.680000000000001,0.14577259475218657,0.14577259475218657,0.29154518950437314,7.44,1,0
Dhampur Sugar,2.4189597897763897,0.36764705882352944,9.27,0.14577259475218657,0.14577259475218657,0.29154518950437314,7.98,0,1
Vakrangee,0.1936978683966636,0.3472222222222222,9.82,0.14577259475218657,0.14577259475218657,0.29154518950437314,7.960000000000001,1,1
Alfred Herbert,0.005494505494505495,0.31545741324921134,12.93,0.14577259475218657,0.14577259475218657,0.29154518950437314,10.760000000000002,0,0
Sh. Dinesh Mills,0.365016501650165,0.10030090270812436,16.419999999999998,0.14556040756914118,0.14556040756914118,0.29112081513828236,7.48,0,0
Sadhana Nitro,4.685050798258346,0.39840637450199207,7.66,0.14534883720930233,0.14534883720930233,0.29069767441860467,7.17,0,0
Corporate Merch,1.2015013828526273,0.6211180124223603,-3.0200000000000014,0.14534883720930233,0.14534883720930233,0.29069767441860467,9.61,1,0
MRC Agrotech,2.5345345345345343,0.38314176245210724,10.48,0.14513788098693758,0.14513788098693758,0.29027576197387517,9.14,0,0
GTPL Hathway,0.828428233943435,0.6097560975609756,7.790000000000001,0.14492753623188406,0.14492753623188406,0.2898550724637681,7.48,0,0
Rathi Bars,21.770202020202017,0.3717472118959108,8.1,0.1447178002894356,0.1447178002894356,0.2894356005788712,7.29,1,0
Patel Integrated,6.957446808510639,0.26595744680851063,12.440000000000001,0.1447178002894356,0.1447178002894356,0.2894356005788712,9.79,1,0
Sayaji Hotels,5.5729488499828355,0.49504950495049505,6.55,0.1447178002894356,0.1447178002894356,0.2894356005788712,6.65,0,0
Sabar Flex India,3.908809891808346,0.29239766081871343,8.69,0.1447178002894356,0.1447178002894356,0.2894356005788712,6.94,1,0
Bharat Textiles,7.148148148148148,0.46511627906976744,3.7299999999999986,0.14450867052023122,0.14450867052023122,0.28901734104046245,7.66,1,0
Kaira Can,2.7260273972602738,0.3125,11.260000000000002,0.1440922190201729,0.1440922190201729,0.2881844380403458,9.13,1,0
Konark Synth,8.476190476190476,0.48309178743961345,-160.54999999999998,0.1440922190201729,0.1440922190201729,0.2881844380403458,3.6700000000000004,1,1
Mercury Trade Li,0.0,0.3076923076923077,11.18,0.14367816091954022,0.14367816091954022,0.28735632183908044,8.93,1,0
Pion. Embroider.,2.6564344746162925,0.4587155963302753,7.75,0.14367816091954022,0.14367816091954022,0.28735632183908044,7.16,0,0
Dhunseri Invest.,8.088186356073212,0.1610305958132045,14.120000000000001,0.14367816091954022,0.14367816091954022,0.28735632183908044,9.11,0,0
ECS Biztech,3.61764705882353,0.8771929824561403,6.46,0.14367816091954022,0.14367816091954022,0.28735632183908044,6.56,1,0
Minal Industries,1.6580516898608348,0.15060240963855423,16.23,0.14347202295552366,0.14347202295552366,0.28694404591104733,10.75,0,1
Century Enka,0.3062168755783629,0.16,14.600000000000001,0.14326647564469913,0.14326647564469913,0.28653295128939826,9.38,0,0
Shree Securities,0.0,0.8130081300813008,12.84,0.14326647564469913,0.14326647564469913,0.28653295128939826,12.61,0,0
Yug Decor,2.032171581769437,0.40322580645161293,6.45,0.14326647564469913,0.14326647564469913,0.28653295128939826,6.29,1,0
Shanthala FMCG,0.375,0.17513134851138354,14.72,0.14326647564469913,0.14326647564469913,0.28653295128939826,10.030000000000001,0,0
Cella Space,0.42832618025751074,0.014388489208633094,75.8,0.14306151645207438,0.14306151645207438,0.28612303290414876,7.61,1,0
3C IT Solutions,0.11306532663316583,0.3125,7.7700000000000005,0.14306151645207438,0.14306151645207438,0.28612303290414876,5.61,1,0
Tai Industries,0.004504504504504505,0.3663003663003663,9.42,0.14285714285714285,0.14285714285714285,0.2857142857142857,7.6899999999999995,1,0
Chandra Bhagat,3.208206686930091,0.4016064257028112,7.5,0.14285714285714285,0.14285714285714285,0.2857142857142857,6.7,1,0
Comfort Intech,1.1615913555992141,0.303951367781155,12.82,0.14265335235378032,0.14265335235378032,0.28530670470756064,10.649999999999999,0,0
Kriti Industries,2.890710382513661,0.41152263374485604,6.069999999999999,0.14245014245014245,0.14245014245014245,0.2849002849002849,5.1,0,0
Sacheta Metals,8.88888888888889,0.303951367781155,10.76,0.14224751066856328,0.14224751066856328,0.28449502133712656,8.870000000000001,1,0
Ahlada Engineers,2.554489376285127,0.32573289902280134,9.510000000000002,0.14224751066856328,0.14224751066856328,0.28449502133712656,7.71,0,0
Anjani Synth.,1.2951777886020457,0.33222591362126247,9.82,0.14204545454545456,0.14204545454545456,0.2840909090909091,8.11,0,1
Team India Guar.,0.0,0.0012232415902140672,827.5799999999999,0.14184397163120568,0.14184397163120568,0.28368794326241137,11.08,0,0
Hampton Sky,2.439798683701123,0.2469135802469136,14.419999999999998,0.14144271570014144,0.14144271570014144,0.2828854314002829,11.83,0,0
SEPC,2.730581978877987,0.25510204081632654,10.32,0.14124293785310735,0.14124293785310735,0.2824858757062147,7.59,1,0
Howard Hotels,1.3713355048859937,0.5319148936170213,8.62,0.14104372355430184,0.14104372355430184,0.2820874471086037,8.15,0,0
Saakshi Medtech,5.945273631840796,0.29940119760479045,11.799999999999999,0.14104372355430184,0.14104372355430184,0.2820874471086037,9.69,0,0
Lyons Corporate,4.128440366972478,0.8,6.71,0.14084507042253522,0.14084507042253522,0.28169014084507044,7.35,1,0
Anna Infrastruct,0.0,0.08149959250203749,21.78,0.1400560224089636,0.1400560224089636,0.2801120448179272,10.51,0,0
Greenchef Appli.,2.5741379310344827,0.4716981132075471,8.49,0.1400560224089636,0.1400560224089636,0.2801120448179272,8.14,0,0
Polson,2.075824175824176,0.3802281368821293,10.07,0.13966480446927373,0.13966480446927373,0.27932960893854747,8.73,0,0
Orient Ceratech,2.1416171767930563,0.26246719160104987,11.219999999999999,0.1394700139470014,0.1394700139470014,0.2789400278940028,8.57,0,0
Prime Property,0.0,0.23255813953488372,12.469999999999999,0.1394700139470014,0.1394700139470014,0.2789400278940028,9.17,0,0
Nidan Laborator.,3.8109756097560976,0.45454545454545453,9.56,0.1394700139470014,0.1394700139470014,0.2789400278940028,8.54,0,1
Arrowhead Sepera,1.1921487603305785,0.29239766081871343,9.77,0.1394700139470014,0.1394700139470014,0.2789400278940028,7.6899999999999995,1,0
Wires & Fabriks,6.60196292257361,0.45248868778280543,5.809999999999999,0.1392757660167131,0.1392757660167131,0.2785515320334262,7.01,0,0
Neeraj Paper Mkt,0.378969654199012,0.3194888178913738,8.520000000000001,0.13908205841446453,0.13908205841446453,0.27816411682892905,6.58,0,0
Kanungo Financi.,7.26984126984127,0.021290185224611454,51.76,0.1388888888888889,0.1388888888888889,0.2777777777777778,7.21,1,0
VIP Clothing,1.9718456725755997,0.3597122302158273,9.41,0.13869625520110956,0.13869625520110956,0.27739251040221913,8.03,1,0
Intrasoft Tech.,0.13634732687477574,0.4854368932038835,11.23,0.13869625520110956,0.13869625520110956,0.27739251040221913,10.219999999999999,0,0
Rotographics (I),0.0,0.8849557522123894,10.149999999999999,0.13850415512465375,0.13850415512465375,0.2770083102493075,10.02,1,0
Milkfood,6.345355731225297,0.4464285714285714,7.9,0.13812154696132597,0.13812154696132597,0.27624309392265195,7.42,0,0
Quicktouch Tech,6.223844282238443,0.17035775127768313,14.7,0.13793103448275862,0.13793103448275862,0.27586206896551724,9.97,1,0
Gulshan Polyols,10.616916588566074,0.4608294930875576,8.66,0.136986301369863,0.136986301369863,0.273972602739726,8.2,0,0
Hardcast.& Waud,0.0,0.29069767441860467,11.52,0.13679890560875513,0.13679890560875513,0.27359781121751026,9.08,1,0
TCM,1.8664259927797833,0.4347826086956522,8.84,0.13661202185792348,0.13661202185792348,0.27322404371584696,8.290000000000001,1,0
Kaushalya Infra.,0.0,0.3194888178913738,15.4,0.1364256480218281,0.1364256480218281,0.2728512960436562,13.27,0,0
Capital India,51.721359940872134,0.4132231404958678,6.18,0.1362397820163488,0.1362397820163488,0.2724795640326976,5.8,0,0
Aarey Drugs,4.493805309734513,0.35842293906810035,9.18,0.13550135501355015,0.13550135501355015,0.2710027100271003,7.73,0,0
Pansari Develop.,5.8117443868739205,0.4694835680751174,8.79,0.13550135501355015,0.13550135501355015,0.2710027100271003,8.41,1,0
Scan Steels,12.730913642052565,0.36764705882352944,10.84,0.13531799729364005,0.13531799729364005,0.2706359945872801,9.36,0,0
Assam Entrade,2.0476190476190474,0.08605851979345956,21.4,0.13531799729364005,0.13531799729364005,0.2706359945872801,10.809999999999999,0,0
Nouveau Global,4.232323232323233,0.0573394495412844,0.020000000000003126,0.13513513513513511,0.13513513513513511,0.27027027027027023,10.61,0,0
GSB Finance,0.0,0.22075055187637974,14.94,0.1347708894878706,0.1347708894878706,0.2695417789757412,11.41,0,0
DIC India,0.09342165372316126,0.29239766081871343,11.959999999999999,0.1347708894878706,0.1347708894878706,0.2695417789757412,9.55,0,0
Sarthak Global,2.6,0.16835016835016833,7.400000000000001,0.13458950201884254,0.13458950201884254,0.2691790040376851,6.59,0,0
Gconnect Logitec,0.013029315960912053,0.05530973451327434,27.419999999999998,0.13458950201884254,0.13458950201884254,0.2691790040376851,10.34,1,0
Ganga Papers,4.751756440281031,0.4694835680751174,8.1,0.13440860215053763,0.13440860215053763,0.26881720430107525,8.27,0,0
Asia Capital,0.0,0.004032258064516129,258.08,0.13440860215053763,0.13440860215053763,0.26881720430107525,11.08,0,0
Albert David,1.406929347826087,0.23809523809523808,12.91,0.1342281879194631,0.1342281879194631,0.2684563758389262,9.82,1,0
Kuwer Industries,7.5322245322245305,0.4016064257028112,6.660000000000002,0.1342281879194631,0.1342281879194631,0.2684563758389262,7.2,1,1
Ester Industries,6.522661012456931,0.4,7.850000000000001,0.1342281879194631,0.1342281879194631,0.2684563758389262,7.28,0,1
Nahar Poly,1.6581092801387685,0.2777777777777778,13.719999999999999,0.13404825737265416,0.13404825737265416,0.2680965147453083,11.23,0,0
BAG Films,0.0,0.3623188405797102,10.91,0.13386880856760375,0.13386880856760375,0.2677376171352075,9.15,0,0
Nath Industries,5.6408026755852845,0.4273504273504274,9.57,0.13351134846461948,0.13351134846461948,0.26702269692923897,8.55,0,0
Innovative Tech,3.190108191653787,0.4739336492890995,6.61,0.13333333333333333,0.13333333333333333,0.26666666666666666,6.08,0,0
IL&FS Inv.Manag.,0.0,0.06770480704129993,26.1,0.13315579227696406,0.13315579227696406,0.2663115845539281,12.33,0,0
Basant Agro Tech,2.8924036533749167,0.37453183520599254,8.489999999999998,0.13297872340425532,0.13297872340425532,0.26595744680851063,7.539999999999999,0,0
Amforge Inds.,0.3317757009345795,0.78125,9.59,0.13280212483399734,0.13280212483399734,0.2656042496679947,9.36,1,0
Candour Techtex,3.8917018284106892,0.425531914893617,8.18,0.13280212483399734,0.13280212483399734,0.2656042496679947,7.48,0,0
Pace E-Commerce,4.563706563706564,0.3597122302158273,11.88,0.13280212483399734,0.13280212483399734,0.2656042496679947,10.25,1,0
V B Desai Fin.,0.0,0.11299435028248588,18.9,0.13262599469496023,0.13262599469496023,0.26525198938992045,11.05,0,0
Key Corp,0.0,0.6993006993006994,13.51,0.13262599469496023,0.13262599469496023,0.26525198938992045,13.08,0,0
Kesar Terminals,5.905936777178103,0.3058103975535168,9.120000000000001,0.13262599469496023,0.13262599469496023,0.26525198938992045,8.23,0,0
Dhunseri Vent.,1.4095642316716317,0.11261261261261263,17.79,0.13245033112582782,0.13245033112582782,0.26490066225165565,10.08,1,1
Superior Indus.,1.5431034482758619,0.4694835680751174,13.379999999999999,0.1322751322751323,0.1322751322751323,0.2645502645502646,12.3,0,0
Cravatex,0.0,0.17889087656529518,14.780000000000001,0.1321003963011889,0.1321003963011889,0.2642007926023778,10.190000000000001,0,0
Kamdhenu Venture,15.955445544554454,0.29325513196480935,11.280000000000001,0.1321003963011889,0.1321003963011889,0.2642007926023778,9.06,1,1
BLB,0.08097165991902835,0.05595970900951315,27.369999999999997,0.13192612137203166,0.13192612137203166,0.2638522427440633,10.5,1,1
Emami Paper,18.010272443054934,0.5025125628140703,7.6000000000000005,0.13192612137203166,0.13192612137203166,0.2638522427440633,8.0,0,0
Praveg,3.201252236135957,0.38759689922480617,11.36,0.13175230566534915,0.13175230566534915,0.2635046113306983,10.02,0,0
Anupam Finserv,0.002969561989606533,0.1272264631043257,16.7,0.1314060446780552,0.1314060446780552,0.2628120893561104,9.84,1,0
Triliance Poly,0.2966101694915254,0.07651109410864575,25.58,0.1314060446780552,0.1314060446780552,0.2628120893561104,13.58,0,1
Shardul Sec.,5.00324851109908,0.15673981191222572,16.34,0.1314060446780552,0.1314060446780552,0.2628120893561104,11.21,0,0
Varyaa Creations,0.12243902439024389,0.15723270440251572,14.340000000000002,0.1314060446780552,0.1314060446780552,0.2628120893561104,9.08,1,0
Titan Intech,0.09297052154195011,0.037425149700598806,37.38999999999999,0.13123359580052493,0.13123359580052493,0.26246719160104987,11.690000000000001,0,0
VJTF Eduservices,0.015477214101461736,0.5524861878453039,10.49,0.13123359580052493,0.13123359580052493,0.26246719160104987,9.69,1,0
N D Metal Inds.,0.2463054187192118,0.05063291139240506,27.29,0.1310615989515072,0.1310615989515072,0.2621231979030144,8.7,1,0
Naksh Precious,0.14,0.03915426781519186,37.93,0.1310615989515072,0.1310615989515072,0.2621231979030144,13.43,0,0
Art Nirman Ltd,1.3761276891047882,0.26595744680851063,12.12,0.1310615989515072,0.1310615989515072,0.2621231979030144,9.89,1,0
BIGBLOC Const.,14.173476702508962,0.4739336492890995,7.16,0.1310615989515072,0.1310615989515072,0.2621231979030144,7.56,0,0
Rainbow Foundat.,7.091633954857704,0.4716981132075471,1.9499999999999993,0.13089005235602094,0.13089005235602094,0.2617801047120419,7.819999999999999,1,1
Soni Medicare,4.493927125506073,0.4807692307692307,-116.52,0.13089005235602094,0.13089005235602094,0.2617801047120419,5.7299999999999995,1,1
Dipna Pharmachem,1.353287536800785,0.37878787878787884,8.78,0.13089005235602094,0.13089005235602094,0.2617801047120419,7.369999999999999,1,0
Primo Chemicals,2.47256610117683,0.628930817610063,7.300000000000001,0.13071895424836602,0.13071895424836602,0.26143790849673204,7.12,0,0
Global Vectra,6.430422022062544,0.684931506849315,-133.82999999999998,0.13054830287206265,0.13054830287206265,0.2610966057441253,6.59,0,0
Richfield Fin,2.0248618784530388,0.19801980198019803,6.310000000000001,0.13054830287206265,0.13054830287206265,0.2610966057441253,7.23,1,0
North Eastn.Car.,5.37544964028777,0.27548209366391185,11.870000000000001,0.1303780964797914,0.1303780964797914,0.2607561929595828,9.77,1,0
Vardhman Acrylic,0.0,0.2638522427440633,12.93,0.13020833333333334,0.13020833333333334,0.2604166666666667,10.14,0,0
Vital Chemtech,9.245810055865922,0.39525691699604737,10.04,0.13020833333333334,0.13020833333333334,0.2604166666666667,9.219999999999999,0,0
Hamps Bio,1.3501805054151625,0.2747252747252747,12.24,0.13020833333333334,0.13020833333333334,0.2604166666666667,10.04,1,0
Real Eco-Energy,0.0,0.11534025374855825,20.330000000000002,0.13003901170351104,0.13003901170351104,0.2600780234070221,12.66,0,0
Abhinav Leasing,3.0106257378984655,0.8130081300813008,3.7600000000000007,0.13003901170351104,0.13003901170351104,0.2600780234070221,7.29,0,0
Chemcrux Enterp.,4.355064027939465,0.32573289902280134,11.39,0.13003901170351104,0.13003901170351104,0.2600780234070221,9.82,0,0
Olympia Industri,24.449101796407184,0.4016064257028112,8.36,0.12987012987012986,0.12987012987012986,0.2597402597402597,7.62,1,0
Davangere Sugar,35.863554757630155,0.2949852507374631,10.22,0.12987012987012986,0.12987012987012986,0.2597402597402597,8.23,1,0
NCL Industries,2.6543551862111423,0.49504950495049505,9.280000000000001,0.1297016861219196,0.1297016861219196,0.2594033722438392,8.55,0,0
Colinz Labs,0.2693877551020408,0.18181818181818182,15.459999999999997,0.1295336787564767,0.1295336787564767,0.2590673575129534,11.03,0,0
RDB Infrastruc.,0.304954304954305,0.2092050209205021,12.82,0.12903225806451613,0.12903225806451613,0.25806451612903225,9.15,1,0
IFB Agro Inds.,1.188135127712167,0.2604166666666667,13.2,0.12903225806451613,0.12903225806451613,0.25806451612903225,10.49,0,0
Rama Steel Tubes,2.4131103421760858,0.3205128205128205,10.760000000000002,0.12903225806451613,0.12903225806451613,0.25806451612903225,8.91,0,0
Proventus Agro.,9.17605633802817,0.24038461538461536,13.34,0.1288659793814433,0.1288659793814433,0.2577319587628866,10.37,1,0
Baba Food,56.50364963503649,0.42372881355932196,10.91,0.1288659793814433,0.1288659793814433,0.2577319587628866,10.75,0,0
Medicamen Biotec,8.479338842975206,0.26595744680851063,12.64,0.1287001287001287,0.1287001287001287,0.2574002574002574,9.99,1,0
Shubham Polyspin,2.578461538461539,0.4444444444444444,10.020000000000001,0.12853470437017994,0.12853470437017994,0.2570694087403599,9.280000000000001,0,0
Variman Global,1.721293199554069,0.29673590504451036,9.32,0.12853470437017994,0.12853470437017994,0.2570694087403599,7.59,1,0
ACS Tech,2.682910981156595,0.35211267605633806,11.620000000000001,0.12836970474967907,0.12836970474967907,0.25673940949935814,10.19,0,0
Gillanders Arbut,16.89080459770115,0.5025125628140703,10.4,0.12820512820512822,0.12820512820512822,0.25641025641025644,9.99,0,0
Rel. Chemotex,21.33869602032176,0.5154639175257733,6.79,0.12804097311139565,0.12804097311139565,0.2560819462227913,7.6499999999999995,0,0
Veefin Solutions,58.98941798941798,0.38314176245210724,12.999999999999998,0.12804097311139565,0.12804097311139565,0.2560819462227913,11.61,0,0
ABC India,6.037313432835822,0.36764705882352944,10.17,0.1278772378516624,0.1278772378516624,0.2557544757033248,8.75,1,1
Transworld Shipp,1.7301867892286842,0.37593984962406013,11.77,0.1277139208173691,0.1277139208173691,0.2554278416347382,10.49,0,0
Mahindra EPC,6.786641929499073,0.32573289902280134,11.339999999999998,0.12738853503184713,0.12738853503184713,0.25477707006369427,9.48,1,0
Comrade Applian.,5.996402877697843,0.4629629629629629,6.81,0.12738853503184713,0.12738853503184713,0.25477707006369427,7.779999999999999,0,0
Avi Ansh,16.81920903954802,0.33783783783783783,10.709999999999999,0.12738853503184713,0.12738853503184713,0.25477707006369427,9.44,1,0
Swadeshi Inds,0.0,0.3623188405797102,13.76,0.1272264631043257,0.1272264631043257,0.2544529262086514,12.0,0,0
Vedant Asset,0.0,0.07037297677691766,23.450000000000003,0.12706480304955528,0.12706480304955528,0.25412960609911056,10.24,1,0
Shyamkamal Inv,5.6571428571428575,0.8,9.72,0.12690355329949238,0.12690355329949238,0.25380710659898476,11.07,0,0
Desh Rakshak,1.6461538461538463,0.31545741324921134,11.69,0.1267427122940431,0.1267427122940431,0.2534854245880862,9.69,1,0
Singer India,0.03627942879197221,0.2717391304347826,12.58,0.1267427122940431,0.1267427122940431,0.2534854245880862,9.91,1,0
Dollex Agrotech,6.433116136450748,0.2004008016032064,12.450000000000001,0.12658227848101264,0.12658227848101264,0.2531645569620253,9.89,1,0
Ajooni Biotech,0.5501600853788688,0.23809523809523808,14.73,0.1264222503160556,0.1264222503160556,0.2528445006321112,11.64,0,0
Tarsons Products,3.4356994099271088,0.4926108374384236,10.19,0.1264222503160556,0.1264222503160556,0.2528445006321112,9.79,0,0
Birla Precision,5.5183908045977015,0.3508771929824561,10.68,0.12626262626262627,0.12626262626262627,0.25252525252525254,9.1,0,0
Clara Industries,0.1951219512195122,0.052603892688058915,29.070000000000004,0.12626262626262627,0.12626262626262627,0.25252525252525254,11.08,0,0
HCKK Ventures,0.04672897196261682,0.008695652173913044,125.92999999999999,0.12610340479192939,0.12610340479192939,0.25220680958385877,11.94,0,1
Galactico Corpo.,0.7759590792838874,0.2849002849002849,12.149999999999999,0.12594458438287154,0.12594458438287154,0.2518891687657431,10.05,0,0
Agni Green,4.692640692640692,0.2004008016032064,11.89,0.12594458438287154,0.12594458438287154,0.2518891687657431,8.24,1,0
Eyantra Ventures,7.634146341463415,0.42016806722689076,11.079999999999998,0.12578616352201258,0.12578616352201258,0.25157232704402516,10.27,1,0
Lords Ishwar,1.4408602150537633,0.23923444976076558,11.969999999999999,0.12562814070351758,0.12562814070351758,0.25125628140703515,9.95,1,0
Nath Bio-Genes,8.333153928955868,0.30959752321981426,13.059999999999999,0.12562814070351758,0.12562814070351758,0.25125628140703515,11.059999999999999,0,0
Mangalam Industr,0.0,0.5714285714285714,11.879999999999999,0.12547051442910917,0.12547051442910917,0.25094102885821834,11.129999999999999,0,0
T N Petro Prod.,1.5594412331406553,0.3508771929824561,12.19,0.12547051442910917,0.12547051442910917,0.25094102885821834,10.67,0,0
Elin Electronics,0.8664036076662909,0.30959752321981426,12.42,0.12547051442910917,0.12547051442910917,0.25094102885821834,10.219999999999999,0,0
Kovil. Lak. Rol.,2.4206782072563433,0.4608294930875576,7.33,0.12531328320802004,0.12531328320802004,0.2506265664160401,7.6000000000000005,0,0
East WestFreight,11.907094594594595,0.3333333333333333,8.260000000000002,0.12531328320802004,0.12531328320802004,0.2506265664160401,7.380000000000001,1,0
Gamco Ltd,5.475168132436627,0.08403361344537814,18.730000000000004,0.12531328320802004,0.12531328320802004,0.2506265664160401,9.84,1,1
Mandeep Auto,0.23746701846965698,0.1718213058419244,16.18,0.12531328320802004,0.12531328320802004,0.2506265664160401,11.41,0,0
Kalana Ispat,0.42218543046357615,0.14347202295552366,16.51,0.12531328320802004,0.12531328320802004,0.2506265664160401,10.600000000000001,0,0
Stanpacks(India),2.1114206128133706,0.4098360655737705,8.1,0.125,0.125,0.25,7.73,0,0
Suryalak. Cott.,29.820776255707766,0.4329004329004329,7.760000000000001,0.125,0.125,0.25,7.41,0,0
Chemcon Special.,0.006262042389210019,0.09871668311944717,20.590000000000003,0.12484394506866417,0.12484394506866417,0.24968789013732834,11.46,0,0
Cargosol Logist.,4.766561514195583,0.4504504504504505,7.129999999999999,0.12484394506866417,0.12484394506866417,0.24968789013732834,7.24,0,0
Binayaka Tex Pr,2.883539362394275,0.48309178743961345,8.95,0.12468827930174564,0.12468827930174564,0.24937655860349128,8.34,0,0
SPP Polymer,0.9704524469067405,0.35714285714285715,10.099999999999998,0.12468827930174564,0.12468827930174564,0.24937655860349128,8.51,1,0
Mega Corp.,1.8070953436807096,0.8,6.510000000000001,0.12453300124533,0.12453300124533,0.24906600249066,7.4,1,0
H. S. India,4.806666666666667,0.14970059880239522,15.04,0.12437810945273634,0.12437810945273634,0.24875621890547267,9.81,0,0
Indian CardCloth,0.2718340611353712,0.12594458438287154,19.45,0.12437810945273634,0.12437810945273634,0.24875621890547267,12.52,0,0
S.A.L Steel,8.993656547349344,0.49019607843137253,1.3099999999999996,0.12422360248447203,0.12422360248447203,0.24844720496894407,6.32,1,0
Indo Euro Indch.,0.0,0.20876826722338204,14.469999999999999,0.12422360248447203,0.12422360248447203,0.24844720496894407,10.68,1,0
Confidence Fut.,1.983624285493589,0.19342359767891684,13.13,0.12422360248447203,0.12422360248447203,0.24844720496894407,9.74,1,0
Diligent Indust.,2.125768585802124,0.23752969121140144,11.879999999999999,0.1240694789081886,0.1240694789081886,0.2481389578163772,9.24,1,0
Spenta Intl.,5.744966442953019,0.3802281368821293,9.909999999999998,0.1240694789081886,0.1240694789081886,0.2481389578163772,9.17,0,0
Amrapali Inds.,20.709809264305175,0.5988023952095809,4.370000000000001,0.12391573729863692,0.12391573729863692,0.24783147459727384,8.2,1,0
Sancode Tech.,0.3874643874643875,0.28328611898017,19.990000000000002,0.12391573729863692,0.12391573729863692,0.24783147459727384,17.71,0,0
Uma Converter,7.672060409924488,0.37037037037037035,9.43,0.12360939431396786,0.12360939431396786,0.24721878862793573,8.65,0,0
Worth Investment,3.238095238095238,0.038461538461538464,34.74,0.1234567901234568,0.1234567901234568,0.2469135802469136,10.14,1,0
Rapid Invest.,0.0,0.9803921568627451,9.65,0.12330456226880396,0.12330456226880396,0.24660912453760792,9.63,1,0
Kesar Petroprod.,4.374293785310734,0.3968253968253968,12.479999999999999,0.12330456226880396,0.12330456226880396,0.24660912453760792,11.36,0,0
Sahyadri Industr,0.6378210967389324,0.2710027100271003,13.25,0.1231527093596059,0.1231527093596059,0.2463054187192118,10.65,0,0
Kabra Extrusion,3.261285909712722,0.38759689922480617,11.61,0.1231527093596059,0.1231527093596059,0.2463054187192118,10.35,0,0
Ambani Orgochem,5.132825719120135,0.4854368932038835,7.129999999999999,0.1231527093596059,0.1231527093596059,0.2463054187192118,7.13,0,0
Stovec Inds.,0.0,0.20576131687242802,15.21,0.12285012285012284,0.12285012285012284,0.24570024570024568,11.35,0,0
Shri Krishna,2.6823943661971836,0.35842293906810035,10.99,0.12285012285012284,0.12285012285012284,0.24570024570024568,9.629999999999999,0,0
Stratmont Indus.,0.7688524590163935,0.3921568627450981,10.370000000000001,0.12269938650306748,0.12269938650306748,0.24539877300613497,9.43,1,0
Salguti Industri,22.676646706586826,0.37037037037037035,5.000000000000001,0.12269938650306748,0.12269938650306748,0.24539877300613497,7.44,1,0
Uniroyal Ind,2.4407514450867054,0.42372881355932196,8.620000000000001,0.12269938650306748,0.12269938650306748,0.24539877300613497,8.15,0,0
Rachana Infra.,11.516778523489933,0.17094017094017094,15.08,0.12269938650306748,0.12269938650306748,0.24539877300613497,10.4,1,0
Agribio Spirits,2.396959459459459,0.0648508430609598,27.120000000000005,0.12239902080783353,0.12239902080783353,0.24479804161566707,12.92,0,0
East Buildtech,0.007042253521126761,0.03728560775540641,37.81,0.12224938875305624,0.12224938875305624,0.24449877750611249,11.989999999999998,0,0
Sharpline Broadc,3.1418539325842696,0.3663003663003663,10.06,0.12195121951219513,0.12195121951219513,0.24390243902439027,9.64,1,0
Calcom Vision,5.07920792079208,0.4608294930875576,9.190000000000001,0.12180267965895249,0.12180267965895249,0.24360535931790497,8.73,0,0
Bhagawati Gas,0.9638888888888889,0.29673590504451036,10.03,0.12165450121654503,0.12165450121654503,0.24330900243309006,7.91,1,0
Duroply Indust.,20.083969465648856,0.425531914893617,10.510000000000002,0.12150668286755771,0.12150668286755771,0.24301336573511542,9.68,1,0
IFL Enterprises,0.05028328611898017,0.2724795640326976,14.37,0.12091898428053205,0.12091898428053205,0.2418379685610641,11.71,0,0
Phosphate Co,6.195,0.4484304932735426,10.86,0.12077294685990336,0.12077294685990336,0.24154589371980673,10.06,1,0
PTL Enterprises,0.33782307972333453,0.8849557522123894,10.73,0.12062726176115804,0.12062726176115804,0.24125452352231608,10.61,0,0
Suryaamba Spinni,2.098196392785571,0.37037037037037035,9.44,0.12062726176115804,0.12062726176115804,0.24125452352231608,8.23,0,0
Eldeco Housing,13.239294710327457,0.34965034965034963,11.75,0.12062726176115804,0.12062726176115804,0.24125452352231608,10.16,1,0
Guj. Craft Inds,9.655270655270655,0.4291845493562232,9.389999999999999,0.1203369434416366,0.1203369434416366,0.2406738868832732,9.12,0,0
Sreeleathers,0.08489564909798372,0.4694835680751174,13.32,0.1203369434416366,0.1203369434416366,0.2406738868832732,12.19,0,0
Vijay Solvex,2.297598627787307,0.22573363431151244,15.25,0.12019230769230768,0.12019230769230768,0.24038461538461536,11.97,0,0
Enkei Wheels,5.58993288590604,0.5050505050505051,8.450000000000001,0.11990407673860912,0.11990407673860912,0.23980815347721823,8.57,0,0
Samkrg Pistons,3.020483193277311,0.35335689045936397,11.010000000000002,0.11976047904191617,0.11976047904191617,0.23952095808383234,9.469999999999999,0,0
Fedders Holding,0.26293647454774927,0.14556040756914118,19.02,0.1194743130227001,0.1194743130227001,0.2389486260454002,13.24,0,0
Starteck Fin.,9.668659866338375,0.8064516129032259,8.98,0.1194743130227001,0.1194743130227001,0.2389486260454002,9.82,0,0
Yasons Chemex,3.782608695652174,0.2898550724637681,12.35,0.1194743130227001,0.1194743130227001,0.2389486260454002,10.21,1,0
Garment Mantra,1.4971857410881801,0.34965034965034963,11.25,0.11933174224343678,0.11933174224343678,0.23866348448687355,9.75,0,0
Mega Flex Plast.,0.1830065359477124,0.16556291390728478,17.459999999999997,0.11933174224343678,0.11933174224343678,0.23866348448687355,12.43,0,0
Pentagon Rubber,4.224669603524229,0.26246719160104987,13.94,0.11933174224343678,0.11933174224343678,0.23866348448687355,12.01,0,0
Banswara Syntex,6.442086422909742,0.42016806722689076,9.799999999999999,0.11918951132300357,0.11918951132300357,0.23837902264600713,9.32,0,0
UFO Moviez,1.8320281910728269,0.36363636363636365,10.459999999999999,0.11918951132300357,0.11918951132300357,0.23837902264600713,9.01,0,0
Vinayak Polycon,0.984894259818731,0.34602076124567477,10.94,0.11904761904761904,0.11904761904761904,0.23809523809523808,9.690000000000001,0,0
Sangam Finserv,1.0010063737001007,0.0946969696969697,20.91,0.11904761904761904,0.11904761904761904,0.23809523809523808,11.56,0,0
SwarnsaritaJewel,6.213787761425252,0.2770083102493075,11.87,0.11904761904761904,0.11904761904761904,0.23809523809523808,9.82,0,0
Salona Cotspin,3.6628050664195237,0.4716981132075471,6.620000000000001,0.11890606420927467,0.11890606420927467,0.23781212841854935,8.28,0,0
Capital Trade Lk,7.263074484944533,0.7299270072992701,6.98,0.11876484560570072,0.11876484560570072,0.23752969121140144,8.45,0,0
Orient Tradelink,4.554545454545454,0.3105590062111801,12.13,0.11876484560570072,0.11876484560570072,0.23752969121140144,10.06,1,0
Sh. Ajit Pulp,30.433184855233854,0.43103448275862066,9.389999999999999,0.11862396204033215,0.11862396204033215,0.2372479240806643,9.12,0,0
Baba Arts,0.0,0.09784735812133072,21.68,0.11848341232227487,0.11848341232227487,0.23696682464454974,12.46,0,0
ARC Finance,0.35655539429124333,0.08912655971479501,21.360000000000003,0.11848341232227487,0.11848341232227487,0.23696682464454974,11.290000000000001,1,0
Fervent Synerg.,0.001865671641791045,0.0008537886872998933,1185.16,0.11806375442739081,0.11806375442739081,0.23612750885478162,14.91,0,0
Smiths & Founder,0.3256578947368421,0.3067484662576687,14.319999999999999,0.11806375442739081,0.11806375442739081,0.23612750885478162,12.11,0,0
Rodium Realty,16.826347305389223,0.37878787878787884,6.010000000000001,0.11806375442739081,0.11806375442739081,0.23612750885478162,9.66,0,0
Ranjeet Mechatr.,2.381868131868132,0.26525198938992045,11.83,0.11806375442739081,0.11806375442739081,0.23612750885478162,9.459999999999999,0,0
Ambassador Intra,2.306122448979592,0.28901734104046245,13.28,0.11792452830188678,0.11792452830188678,0.23584905660377356,11.290000000000001,1,0
Mangalam Organic,39.81334841628959,0.47846889952153115,9.7,0.11792452830188678,0.11792452830188678,0.23584905660377356,9.75,1,0
Royale Manor,9.743119266055045,0.40322580645161293,13.18,0.11778563015312131,0.11778563015312131,0.23557126030624262,11.870000000000001,0,0
Ambica Agarbat.,34.59504132231405,0.25380710659898476,9.9,0.11778563015312131,0.11778563015312131,0.23557126030624262,7.71,1,0
Beekay Steel Ind,2.0129132580623352,0.36101083032490977,13.59,0.11737089201877934,0.11737089201877934,0.2347417840375587,12.1,0,0
IBL Finance,0.7937353505220541,0.05558643690939411,26.529999999999998,0.11723329425556857,0.11723329425556857,0.23446658851113714,10.16,1,0
Daulat Securitie,0.0,0.09718172983479106,23.56,0.117096018735363,0.117096018735363,0.234192037470726,14.27,0,0
Tilak Ventures,0.0,0.00774233508826262,141.24,0.11695906432748537,0.11695906432748537,0.23391812865497075,13.08,0,0
Generic Engineer,6.950617283950617,0.3436426116838488,11.0,0.11695906432748537,0.11695906432748537,0.23391812865497075,9.32,0,1
XT Global Infot.,2.8988700564971754,0.2680965147453083,14.09,0.11695906432748537,0.11695906432748537,0.23391812865497075,11.629999999999999,0,0
Sanmit Infra,3.1826568265682655,0.26595744680851063,12.62,0.11682242990654207,0.11682242990654207,0.23364485981308414,10.33,0,0
Jetking Infotrai,0.9867549668874173,0.35460992907801414,14.69,0.11682242990654207,0.11682242990654207,0.23364485981308414,12.899999999999999,0,1
Sagardeep Alloys,2.8085539714867616,0.35842293906810035,11.879999999999999,0.11682242990654207,0.11682242990654207,0.23364485981308414,10.54,0,0
Aelea Commoditi.,0.12702960840496658,0.4291845493562232,10.76,0.11682242990654207,0.11682242990654207,0.23364485981308414,9.44,0,0
Sandesh,0.0,0.0474158368895211,33.2,0.11668611435239207,0.11668611435239207,0.23337222870478413,13.11,0,0
Indl.& Prud.Inv.,0.0,0.3472222222222222,16.75,0.11668611435239207,0.11668611435239207,0.23337222870478413,14.870000000000001,0,0
Mafia Trends,1.2335526315789473,0.3246753246753247,11.93,0.11641443538998836,0.11641443538998836,0.23282887077997672,10.3,1,0
Incap,0.48553054662379425,0.4166666666666667,11.71,0.11614401858304298,0.11614401858304298,0.23228803716608595,10.4,1,0
Indo Cotspin,1.1590909090909092,0.26881720430107525,14.9,0.11600928074245938,0.11600928074245938,0.23201856148491876,12.46,0,0
Gabriel Pet,0.241650913673598,0.1364256480218281,18.53,0.11600928074245938,0.11600928074245938,0.23201856148491876,12.34,0,0
Remi Edelstahl,1.249801429706116,0.3484320557491289,12.1,0.11587485515643106,0.11587485515643106,0.23174971031286212,10.9,0,0
Shah Metacorp,1.3524247491638797,0.26246719160104987,16.009999999999998,0.11587485515643106,0.11587485515643106,0.23174971031286212,13.41,0,0
R R Fin. Cons.,9.251256281407036,0.303951367781155,13.94,0.11587485515643106,0.11587485515643106,0.23174971031286212,12.0,0,0
Grovy India,1.1435506241331483,0.3508771929824561,13.260000000000002,0.11587485515643106,0.11587485515643106,0.23174971031286212,12.16,0,0
Amco India,2.2985971943887775,0.3436426116838488,12.86,0.11574074074074073,0.11574074074074073,0.23148148148148145,11.25,1,0
Galada Finance,2.815950920245399,0.26881720430107525,11.02,0.11574074074074073,0.11574074074074073,0.23148148148148145,9.86,1,0
Omega Interactiv,0.0,0.13245033112582782,18.009999999999998,0.11560693641618497,0.11560693641618497,0.23121387283236994,11.46,1,0
Pruden. Sugar,2.2659625540086417,0.19379844961240308,14.71,0.11547344110854503,0.11547344110854503,0.23094688221709006,10.96,1,0
Rana Sugars,4.3404140414041406,0.45454545454545453,10.54,0.11534025374855825,0.11534025374855825,0.2306805074971165,9.77,0,0
BCPL Railway,10.812407680945348,0.35587188612099646,11.51,0.11534025374855825,0.11534025374855825,0.2306805074971165,10.46,1,0
Bandaram Pharma,3.691399662731872,0.30120481927710846,11.07,0.11534025374855825,0.11534025374855825,0.2306805074971165,10.46,1,0
Solid Stone Co,3.869306930693069,0.3401360544217687,10.25,0.1152073732718894,0.1152073732718894,0.2304147465437788,9.18,0,1
Saumya Cons,0.516949152542373,0.0053404539385847796,201.54,0.1150747986191024,0.1150747986191024,0.2301495972382048,15.29,0,0
Sona Machinery,0.05030487804878049,0.3125,14.01,0.1149425287356322,0.1149425287356322,0.2298850574712644,11.82,0,0
United Drilling,3.2206823027718547,0.26525198938992045,14.690000000000001,0.11481056257175659,0.11481056257175659,0.22962112514351318,12.030000000000001,0,0
Econo Trade Indi,1.8418674698795183,0.033178500331785,39.75,0.11481056257175659,0.11481056257175659,0.22962112514351318,10.870000000000001,0,0
Bhatia Colour,1.139064475347661,0.23148148148148145,14.18,0.1145475372279496,0.1145475372279496,0.2290950744558992,10.950000000000001,1,0
Rite Zone,1.3980582524271843,0.22573363431151244,15.38,0.1145475372279496,0.1145475372279496,0.2290950744558992,12.04,0,0
Suryalata Spg.,1.620382585751979,0.2949852507374631,13.920000000000002,0.11441647597254004,0.11441647597254004,0.22883295194508008,11.71,0,0
Indo Farm Equip.,3.3346296296296294,0.27322404371584696,13.41,0.11441647597254004,0.11441647597254004,0.22883295194508008,11.08,0,0
Sundaram Brake,34.47787610619469,0.4291845493562232,11.07,0.11428571428571428,0.11428571428571428,0.22857142857142856,10.15,1,0
Star Paper Mills,0.28345959595959597,0.13071895424836602,19.27,0.11415525114155252,0.11415525114155252,0.22831050228310504,12.629999999999999,0,0
Banaras Beads,2.5996649916247905,0.25641025641025644,15.28,0.11415525114155252,0.11415525114155252,0.22831050228310504,12.649999999999999,0,0
Informed Techn.,0.15486725663716813,0.01409443269908386,82.33000000000001,0.11415525114155252,0.11415525114155252,0.22831050228310504,12.399999999999999,0,0
Vascon Engineers,47.89913043478261,0.3448275862068966,12.85,0.11415525114155252,0.11415525114155252,0.22831050228310504,11.19,0,0
Airo Lam,4.795167490389895,0.4273504273504274,9.760000000000002,0.11389521640091115,0.11389521640091115,0.2277904328018223,9.51,0,0
Rama Phosphates,2.5207823960880194,0.33222591362126247,11.729999999999999,0.11350737797956868,0.11350737797956868,0.22701475595913737,9.98,0,0
Leading Lea. Fin,1.1903077930582842,0.028768699654775607,40.160000000000004,0.11337868480725623,0.11337868480725623,0.22675736961451246,8.84,1,0
Mysore Petro,0.02270011947431302,0.13908205841446453,15.0,0.11337868480725623,0.11337868480725623,0.22675736961451246,8.81,1,0
BPL,10.394088669950738,0.5747126436781609,3.5999999999999996,0.11299435028248588,0.11299435028248588,0.22598870056497175,3.2799999999999994,0,1
Pasupati Spinng.,9.83240223463687,0.49019607843137253,8.899999999999999,0.11299435028248588,0.11299435028248588,0.22598870056497175,9.52,0,0
On Door Concepts,1.5486577181208054,0.25839793281653745,17.01,0.11286681715575622,0.11286681715575622,0.22573363431151244,14.23,0,0
Jay Bharat Maru.,3.074212706492988,0.5780346820809249,9.48,0.11273957158962794,0.11273957158962794,0.22547914317925588,9.78,0,0
Mohite Industrie,3.613031508106455,0.22935779816513766,12.270000000000001,0.11273957158962794,0.11273957158962794,0.22547914317925588,9.94,0,0
Axel Polymers,6.828326180257511,0.43859649122807015,7.33,0.11261261261261263,0.11261261261261263,0.22522522522522526,8.14,1,0
Oriental Aromat.,11.291300651742704,0.38759689922480617,12.090000000000002,0.11248593925759279,0.11248593925759279,0.22497187851518557,11.11,1,0
Southern Infocon,0.0,0.4716981132075471,9.93,0.11235955056179775,0.11235955056179775,0.2247191011235955,8.81,1,0
Tracxn Technolo.,0.0,0.29154518950437314,3.84,0.11235955056179775,0.11235955056179775,0.2247191011235955,1.4100000000000001,0,0
Ramdevbaba Sol.,199.35632183908046,0.43103448275862066,10.72,0.11235955056179775,0.11235955056179775,0.2247191011235955,11.59,1,1
Hilton Met.Forg.,18.080428954423592,0.34602076124567477,12.29,0.11210762331838565,0.11210762331838565,0.2242152466367713,10.969999999999999,0,0
Accel,5.221595487510072,0.5291005291005291,8.530000000000001,0.11198208286674133,0.11198208286674133,0.22396416573348266,8.6,0,0
Amanaya Ventures,0.0,0.053163211057947905,31.24,0.11198208286674133,0.11198208286674133,0.22396416573348266,13.43,0,0
Diligent Media,111.01017811704834,0.02880184331797235,46.169999999999995,0.11185682326621922,0.11185682326621922,0.22371364653243844,12.690000000000001,0,0
Hind.Tin Works,1.6033539276257722,0.3424657534246575,13.209999999999999,0.111731843575419,0.111731843575419,0.223463687150838,11.71,0,0
Auri Grow India,0.20870379036031822,0.27548209366391185,14.62,0.111731843575419,0.111731843575419,0.223463687150838,12.129999999999999,0,1
Bloom Industries,0.5323076923076924,0.5813953488372093,10.09,0.11160714285714285,0.11160714285714285,0.2232142857142857,9.879999999999999,0,0
Nitiraj Engineer,0.0013157894736842107,0.13717421124828533,19.23,0.11160714285714285,0.11160714285714285,0.2232142857142857,12.940000000000001,0,0
Teesta Agro Ind.,0.21493624772313294,0.273972602739726,14.32,0.11148272017837237,0.11148272017837237,0.22296544035674473,11.69,0,0
Speciality Rest.,1.9482549521627817,0.28169014084507044,13.5,0.11148272017837237,0.11148272017837237,0.22296544035674473,11.379999999999999,0,0
Smruthi Organic,0.8460837887067394,0.303951367781155,13.24,0.11135857461024498,0.11135857461024498,0.22271714922048996,11.08,0,1
Shubhlaxmi Jewel,4.54074074074074,0.31545741324921134,11.98,0.11135857461024498,0.11135857461024498,0.22271714922048996,10.3,1,0
Gayatri Projects,12.997337363270004,0.6578947368421053,12.71,0.11123470522803114,0.11123470522803114,0.22246941045606228,12.43,0,0
Covance Softsol,0.0,0.14792899408284024,16.619999999999997,0.11098779134295228,0.11098779134295228,0.22197558268590456,10.86,0,0
Haryana Leather,0.43697478991596644,0.23584905660377356,15.889999999999999,0.11086474501108648,0.11086474501108648,0.22172949002217296,12.66,0,0
Marvel Decor,3.5377697841726623,0.3115264797507788,14.52,0.11086474501108648,0.11086474501108648,0.22172949002217296,12.61,0,0
Last Mile Enter.,0.20541441486943784,0.3067484662576687,14.39,0.11086474501108648,0.11086474501108648,0.22172949002217296,12.239999999999998,0,0
Mangalam Drugs,2.169104204753199,0.5154639175257733,10.149999999999999,0.1107419712070875,0.1107419712070875,0.221483942414175,9.95,0,0
A G Universal,4.6457883369330455,0.38759689922480617,10.32,0.1107419712070875,0.1107419712070875,0.221483942414175,9.86,1,0
Emmbi Industries,6.365354938271605,0.4347826086956522,10.16,0.11061946902654868,0.11061946902654868,0.22123893805309736,9.7,0,1
Inter State Oil,2.9281376518218623,0.4504504504504505,10.129999999999999,0.11061946902654868,0.11061946902654868,0.22123893805309736,10.37,0,0
Austin Engg Co,0.08072916666666667,0.24570024570024568,15.04,0.11061946902654868,0.11061946902654868,0.22123893805309736,11.979999999999999,0,0
Bombay Cycle,0.15151515151515152,0.19762845849802374,18.16,0.11049723756906077,0.11049723756906077,0.22099447513812154,14.120000000000001,0,0
Deep Polymers,1.591582974653276,0.25641025641025644,14.450000000000001,0.11037527593818984,0.11037527593818984,0.22075055187637968,11.91,0,0
Retina Paints,0.895674300254453,0.2645502645502646,13.47,0.11037527593818984,0.11037527593818984,0.22075055187637968,11.0,1,0
Kabsons Industri,0.07323943661971831,0.48309178743961345,14.5,0.11025358324145534,0.11025358324145534,0.2205071664829107,13.45,0,1
Flexituff Vent.,0.840802550159385,0.6802721088435374,8.61,0.11025358324145534,0.11025358324145534,0.2205071664829107,8.38,1,0
Bhageria Indust.,1.4581105169340465,0.27027027027027023,15.27,0.11025358324145534,0.11025358324145534,0.2205071664829107,12.7,0,0
Presstonic Engi.,4.021377672209026,0.3623188405797102,11.139999999999999,0.11013215859030837,0.11013215859030837,0.22026431718061673,10.03,1,0
Crimson Metal,12.382352941176471,0.8130081300813008,5.77,0.10976948408342481,0.10976948408342481,0.21953896816684962,8.51,1,0
Rajnandini Metal,0.2425531914893617,0.3597122302158273,8.22,0.10976948408342481,0.10976948408342481,0.21953896816684962,6.72,0,0
Benchmark Comp.,0.3435582822085889,0.32679738562091504,14.129999999999999,0.10976948408342481,0.10976948408342481,0.21953896816684962,12.129999999999999,0,1
Yash Chemex,7.913793103448276,0.3115264797507788,13.480000000000002,0.10952902519167579,0.10952902519167579,0.21905805038335158,11.620000000000001,1,0
Danube Industrie,0.8204318062137969,0.36101083032490977,11.940000000000001,0.10940919037199125,0.10940919037199125,0.2188183807439825,10.620000000000001,1,0
Vibhor Steel,5.259209100758396,0.4329004329004329,11.110000000000001,0.10940919037199125,0.10940919037199125,0.2188183807439825,10.81,0,0
Walchand People,0.17073170731707316,0.25510204081632654,16.569999999999997,0.1092896174863388,0.1092896174863388,0.2185792349726776,13.66,0,0
Kanoria Energy,4.369937369519833,0.4484304932735426,9.5,0.1092896174863388,0.1092896174863388,0.2185792349726776,9.39,0,0
Regency Fincorp,8.397094430992736,0.6756756756756757,10.700000000000001,0.1092896174863388,0.1092896174863388,0.2185792349726776,10.98,0,1
Clinitech Lab,0.09042553191489362,0.1669449081803005,17.290000000000003,0.1092896174863388,0.1092896174863388,0.2185792349726776,12.32,0,0
Zim Laboratories,2.88208778173191,0.41493775933609955,11.739999999999998,0.1091703056768559,0.1091703056768559,0.2183406113537118,10.81,0,0
Ladderup Finance,2.0805604203152366,0.2222222222222222,15.409999999999998,0.1088139281828074,0.1088139281828074,0.2176278563656148,12.219999999999999,0,0
Accuracy Shippi.,84.25,0.4132231404958678,10.1,0.1088139281828074,0.1088139281828074,0.2176278563656148,9.76,1,0
HB Estate Devel.,7.491458975077008,0.5952380952380952,9.549999999999999,0.10869565217391305,0.10869565217391305,0.2173913043478261,10.36,0,0
Crystal Business,0.03333333333333333,0.3194888178913738,13.95,0.10869565217391305,0.10869565217391305,0.2173913043478261,11.829999999999998,1,0
Maruti Infra.,5.034912718204489,0.3436426116838488,12.48,0.10857763300760043,0.10857763300760043,0.21715526601520085,11.290000000000001,0,1
Vishvprabha Ven.,7.453744493392072,0.49504950495049505,6.51,0.10857763300760043,0.10857763300760043,0.21715526601520085,7.640000000000001,1,0
IKIO Tech,1.637725381414702,0.2242152466367713,16.43,0.10845986984815617,0.10845986984815617,0.21691973969631234,13.07,0,0
Panabyte Tech,1.2384937238493725,0.38759689922480617,9.97,0.10834236186348863,0.10834236186348863,0.21668472372697725,8.88,1,0
Vamshi Rubber,14.26618705035971,0.4716981132075471,9.66,0.10822510822510822,0.10822510822510822,0.21645021645021645,9.84,1,1
S I Cap. & Fin.,2.1631944444444446,0.36764705882352944,10.37,0.1079913606911447,0.1079913606911447,0.2159827213822894,9.719999999999999,1,0
Neelamalai Agro,0.0,0.18832391713747648,20.58,0.1079913606911447,0.1079913606911447,0.2159827213822894,16.27,0,0
Kenvi Jewels,2.269406392694064,0.28653295128939826,13.28,0.1079913606911447,0.1079913606911447,0.2159827213822894,11.42,0,0
IRM Energy,0.862647804054054,0.3003003003003003,13.88,0.1079913606911447,0.1079913606911447,0.2159827213822894,11.629999999999999,0,0
Batliboi,27.755351681957187,0.4081632653061224,12.44,0.10787486515641856,0.10787486515641856,0.21574973031283712,11.39,0,0
Adeshwar Meditex,1.2708333333333333,0.273972602739726,13.67,0.10787486515641856,0.10787486515641856,0.21574973031283712,11.18,0,0
Sahaj Fashions,4.357831325301205,0.3484320557491289,10.26,0.10787486515641856,0.10787486515641856,0.21574973031283712,9.459999999999999,1,0
Bhagyanagar Ind,2.5512350377084343,0.373134328358209,11.010000000000002,0.10775862068965518,0.10775862068965518,0.21551724137931036,10.959999999999999,1,0
K&R Rail Engine.,0.0,0.1589825119236884,15.68,0.10764262648008613,0.10764262648008613,0.21528525296017226,10.389999999999999,1,0
Prime Capital Ma,5.647058823529411,0.06561679790026247,27.09,0.10764262648008613,0.10764262648008613,0.21528525296017226,13.389999999999999,0,0
Adcon Capital,0.0,0.9803921568627451,14.0,0.1075268817204301,0.1075268817204301,0.2150537634408602,13.98,0,0
Nimbus Projects,1.8133147495285724,0.4566210045662101,11.830000000000002,0.1075268817204301,0.1075268817204301,0.2150537634408602,11.41,1,1
Sita Enterprises,0.0,0.2597402597402597,18.59,0.10741138560687433,0.10741138560687433,0.21482277121374865,15.74,0,0
Marg Techno-Proj,4.682879377431907,0.40485829959514175,9.149999999999999,0.1072961373390558,0.1072961373390558,0.2145922746781116,9.55,1,0
Bhavik Enterpris,0.0,0.3184713375796178,14.14,0.10718113612004287,0.10718113612004287,0.21436227224008575,12.0,1,0
Bafna Pharma.,1.400172860847018,0.37453183520599254,13.89,0.10706638115631692,0.10706638115631692,0.21413276231263384,12.58,0,0
Kirl. Electric,2.8403155603917303,0.7299270072992701,6.92,0.10695187165775401,0.10695187165775401,0.21390374331550802,7.38,0,0
Krypton Industri,3.209048361934477,0.33557046979865773,10.33,0.10683760683760685,0.10683760683760685,0.2136752136752137,9.03,0,0
Safa Systems,6.349618320610688,0.4098360655737705,12.78,0.10649627263045792,0.10649627263045792,0.21299254526091585,12.41,0,0
GeeCee Vent.,0.0,0.33783783783783783,15.29,0.10638297872340426,0.10638297872340426,0.2127659574468085,13.33,0,0
Gokul Refoils,18.749861649142225,0.42372881355932196,10.64,0.10638297872340426,0.10638297872340426,0.2127659574468085,10.24,0,0
India Home Loans,3.4616541353383457,0.1607717041800643,12.780000000000001,0.10615711252653928,0.10615711252653928,0.21231422505307856,8.67,0,0
Advik Capital,1.3147244164373835,0.4065040650406504,12.1,0.10615711252653928,0.10615711252653928,0.21231422505307856,11.48,1,0
Kavveri Defence,3.618181818181818,0.6172839506172839,15.12,0.10604453870625663,0.10604453870625663,0.21208907741251326,14.57,0,0
Kamadgiri Fash.,0.8970271434726411,0.39525691699604737,10.9,0.1053740779768177,0.1053740779768177,0.2107481559536354,9.95,0,0
Photoquip India,5.6521739130434785,0.2570694087403599,11.940000000000001,0.1053740779768177,0.1053740779768177,0.2107481559536354,10.17,1,0
Madhav Copper,9.561611374407581,0.3802281368821293,15.959999999999999,0.10526315789473684,0.10526315789473684,0.21052631578947367,15.2,0,0
Aarti Surfactant,9.735584843492585,0.42372881355932196,11.940000000000001,0.10526315789473684,0.10526315789473684,0.21052631578947367,11.08,0,0
Indian Phosphate,6.348090277777778,0.37593984962406013,12.42,0.10515247108307045,0.10515247108307045,0.2103049421661409,11.18,0,0
Innomet Advanced,0.610683102208526,0.23148148148148145,15.49,0.10515247108307045,0.10515247108307045,0.2103049421661409,12.44,1,0
W I Plywoods,6.881944444444445,0.3412969283276451,13.63,0.10504201680672269,0.10504201680672269,0.21008403361344538,12.14,0,0
Supra Pacific,2.446193786115066,0.13003901170351104,11.95,0.10493179433368312,0.10493179433368312,0.20986358866736624,9.03,1,0
Super Tannery,1.3470951266226856,0.49019607843137253,11.48,0.10482180293501049,0.10482180293501049,0.20964360587002098,11.03,0,0
Inflame Applian.,17.969924812030072,0.39370078740157477,11.98,0.10471204188481674,0.10471204188481674,0.20942408376963348,11.24,1,0
3B Films,6.288231592196349,0.3333333333333333,11.85,0.10471204188481674,0.10471204188481674,0.20942408376963348,11.83,0,0
Alpine Housing,2.012480499219969,0.35211267605633806,13.84,0.1044932079414838,0.1044932079414838,0.2089864158829676,12.15,0,0
Priti Internati.,0.0,0.13245033112582782,20.729999999999997,0.10438413361169102,0.10438413361169102,0.20876826722338204,14.18,0,0
Maris Spinners,4.514800514800515,0.5681818181818182,4.67,0.10427528675703858,0.10427528675703858,0.20855057351407716,7.63,0,0
Mitcon Consult.,4.815448658649398,0.3663003663003663,11.82,0.10427528675703858,0.10427528675703858,0.20855057351407716,10.78,0,0
Poddar Pigments,0.0,0.1733102253032929,19.08,0.10416666666666667,0.10416666666666667,0.20833333333333334,14.309999999999999,0,0
RRIL,3.4102564102564106,0.2032520325203252,17.75,0.10405827263267431,0.10405827263267431,0.20811654526534862,13.899999999999999,0,0
Graphisads,6.682539682539684,0.3205128205128205,15.169999999999998,0.10405827263267431,0.10405827263267431,0.20811654526534862,13.53,0,0
Aik Pipes & Poly,3.9020979020979025,0.24330900243309006,15.44,0.10395010395010396,0.10395010395010396,0.2079002079002079,12.579999999999998,1,1
Ambo Agritec,0.8087157732356344,0.3236245954692557,12.61,0.10384215991692626,0.10384215991692626,0.20768431983385252,10.9,1,0
Market Creators,6.69298245614035,0.37453183520599254,10.11,0.10373443983402489,0.10373443983402489,0.20746887966804978,9.17,1,0
Pradhin,0.3317959066013261,0.08756567425569177,24.41,0.10373443983402489,0.10373443983402489,0.20746887966804978,14.370000000000001,0,0
Vipul Organics,37.160493827160494,0.4098360655737705,12.22,0.10373443983402489,0.10373443983402489,0.20746887966804978,11.48,1,0
Coromandel Engg.,7.73384030418251,0.47846889952153115,8.71,0.10362694300518134,0.10362694300518134,0.20725388601036268,9.190000000000001,1,0
Moneyboxx Fin.,2.8282868525896414,0.8130081300813008,6.590000000000002,0.10362694300518134,0.10362694300518134,0.20725388601036268,8.8,1,0
Apollo Sindoori,3.679802955665025,0.39525691699604737,12.059999999999999,0.10319917440660475,0.10319917440660475,0.2063983488132095,11.07,0,0
Vedavaag Systems,1.8524590163934425,0.15384615384615385,18.969999999999995,0.10319917440660475,0.10319917440660475,0.2063983488132095,13.48,0,0
G-Tech Info.,0.0,0.6896551724137931,11.48,0.10309278350515465,0.10309278350515465,0.2061855670103093,11.03,1,0
Sellwin Traders,0.3997185080928923,0.34965034965034963,14.56,0.10309278350515465,0.10309278350515465,0.2061855670103093,12.78,0,0
MIC Electronics,0.9230924099053754,0.3448275862068966,14.63,0.10298661174047373,0.10298661174047373,0.20597322348094746,12.93,0,0
Sh. Krishna Pap.,11.13888888888889,0.47619047619047616,10.15,0.10288065843621398,0.10288065843621398,0.20576131687242796,9.940000000000001,0,0
Sh. Digvijay Cem,1.0512462318947136,0.45248868778280543,13.620000000000001,0.10277492291880781,0.10277492291880781,0.20554984583761562,12.8,0,0
Jaipan Industrie,4.579439252336448,0.25252525252525254,12.39,0.10277492291880781,0.10277492291880781,0.20554984583761562,10.08,1,0
Ganon Products,3.217741935483871,0.2631578947368421,10.6,0.10277492291880781,0.10277492291880781,0.20554984583761562,8.870000000000001,1,0
GIC Housing Fin,479.8904255319149,0.23364485981308414,9.09,0.10277492291880781,0.10277492291880781,0.20554984583761562,10.33,1,0
Competent Auto,5.766773162939297,0.45454545454545453,11.809999999999999,0.1026694045174538,0.1026694045174538,0.2053388090349076,11.73,0,0
Triton Valves,9.797496318114876,0.4587155963302753,10.7,0.10256410256410256,0.10256410256410256,0.20512820512820512,10.61,1,1
Synoptics Techno,17.727272727272727,0.3067484662576687,14.51,0.10256410256410256,0.10256410256410256,0.20512820512820512,12.68,1,0
Triumph Intl.,22.498031496062993,0.0643915003219575,25.279999999999998,0.10245901639344263,0.10245901639344263,0.20491803278688525,10.99,1,0
Angel Fibers,3.9802631578947367,0.5235602094240838,10.32,0.10245901639344263,0.10245901639344263,0.20491803278688525,10.84,0,0
Almondz Global,4.856046065259117,0.27027027027027023,16.45,0.1023541453428864,0.1023541453428864,0.2047082906857728,13.95,0,0
Auto Pins (I),3.059171597633136,0.4329004329004329,10.959999999999999,0.10224948875255624,0.10224948875255624,0.20449897750511248,10.25,1,1
Yaan Enterprises,0.5405405405405406,0.05920663114268798,32.379999999999995,0.10224948875255624,0.10224948875255624,0.20449897750511248,16.66,0,0
Sumedha Fiscal,0.0,0.06406149903907751,30.08,0.1019367991845056,0.1019367991845056,0.2038735983690112,15.47,0,0
Pioneer Invest,2.7634660421545667,0.4694835680751174,11.370000000000001,0.10183299389002036,0.10183299389002036,0.20366598778004072,10.67,1,0
Chandra Pr. Intl,10.012698412698413,0.4566210045662101,10.3,0.1017293997965412,0.1017293997965412,0.2034587995930824,10.48,1,0
Aspinwall & Co,2.250137892995036,0.36764705882352944,15.33,0.1016260162601626,0.1016260162601626,0.2032520325203252,14.05,0,0
Bhartiya Intl.,11.121854304635763,0.41152263374485604,10.620000000000001,0.10152284263959391,0.10152284263959391,0.20304568527918782,10.23,0,0
Zodiac Vent.,4.912442396313364,0.4484304932735426,11.71,0.10121457489878542,0.10121457489878542,0.20242914979757085,10.98,0,0
Pil Italica Life,0.6786971830985916,0.2724795640326976,16.27,0.10101010101010101,0.10101010101010101,0.20202020202020202,13.79,0,1
Texmo Pipes,2.9864168618266977,0.31347962382445144,15.950000000000003,0.10080645161290323,0.10080645161290323,0.20161290322580647,14.05,0,0
Crayons Advertis,3.046620046620047,0.3448275862068966,15.959999999999999,0.10070493454179255,0.10070493454179255,0.2014098690835851,14.28,0,0
Mercury Labs,1.2,0.22573363431151244,16.62,0.1006036217303823,0.1006036217303823,0.2012072434607646,13.3,0,0
Indus Finance,1.7283609576427257,0.1364256480218281,18.0,0.10050251256281408,0.10050251256281408,0.20100502512562815,12.489999999999998,0,0
Hira Automobile,9.06659619450317,0.41152263374485604,5.23,0.10050251256281408,0.10050251256281408,0.20100502512562815,9.729999999999999,0,0
Barak Valley,2.859288537549407,0.4444444444444444,12.19,0.10050251256281408,0.10050251256281408,0.20100502512562815,11.229999999999999,0,0
Megastar Foods,16.365004703668863,0.48780487804878053,10.149999999999999,0.10050251256281408,0.10050251256281408,0.20100502512562815,10.889999999999999,1,0
B & A,22.67624020887728,0.39525691699604737,14.150000000000002,0.1004016064257028,0.1004016064257028,0.2008032128514056,13.150000000000002,0,0
Omax Autos,2.0332669889110035,0.4016064257028112,12.01,0.1,0.1,0.2,10.75,0,0
Tuni Text. Mills,13.106280193236712,0.42372881355932196,9.83,0.0998003992015968,0.0998003992015968,0.1996007984031936,10.309999999999999,1,0
Std. Capital Mkt,1.9862399178322208,0.9900990099009901,7.52,0.0998003992015968,0.0998003992015968,0.1996007984031936,11.58,1,0
Bhandari Hosiery,3.8444360333080994,0.3194888178913738,13.45,0.09960159362549802,0.09960159362549802,0.19920318725099603,11.969999999999999,1,0
Himatsing. Seide,10.846736966924999,0.41152263374485604,9.569999999999999,0.09960159362549802,0.09960159362549802,0.19920318725099603,9.36,0,0
Vivo Bio Tech,4.406079501169135,0.29411764705882354,13.54,0.09960159362549802,0.09960159362549802,0.19920318725099603,11.719999999999999,0,1
Containerway Int,0.3212747631352283,0.040832993058391186,36.32,0.09940357852882703,0.09940357852882703,0.19880715705765406,13.24,0,0
Camex,0.776566757493188,0.2004008016032064,16.080000000000002,0.09930486593843098,0.09930486593843098,0.19860973187686196,12.22,0,0
Divyadhan Recy.,0.7492187499999999,0.4132231404958678,14.88,0.09930486593843098,0.09930486593843098,0.19860973187686196,13.73,0,0
Tirupati Sarjan,2.5171830985915493,0.38759689922480617,12.66,0.0992063492063492,0.0992063492063492,0.1984126984126984,11.57,0,0
Madhya Prad. Tod,0.29320987654320985,0.12077294685990336,22.84,0.0992063492063492,0.0992063492063492,0.1984126984126984,15.58,0,0
Billwin Indust.,0.21231766612641817,0.15625,19.39,0.09910802775024777,0.09910802775024777,0.19821605550049554,14.08,0,0
Lambodhara Text.,1.4339143064633262,0.2304147465437788,15.43,0.09900990099009901,0.09900990099009901,0.19801980198019803,12.41,0,0
Transchem,0.0,0.005880969183721478,184.84999999999997,0.09891196834817013,0.09891196834817013,0.19782393669634027,15.809999999999999,0,1
Triton Corp.,1.4251207729468598,0.7692307692307692,6.57,0.09891196834817013,0.09891196834817013,0.19782393669634027,10.95,1,0
Mish Designs,0.45,0.1838235294117647,18.1,0.09891196834817013,0.09891196834817013,0.19782393669634027,13.809999999999999,0,0
Ambalal Sarabhai,2.502685284640172,0.47846889952153115,13.219999999999999,0.09881422924901187,0.09881422924901187,0.19762845849802374,12.45,1,0
Shree Pacetronix,5.0,0.3225806451612903,14.25,0.09881422924901187,0.09881422924901187,0.19762845849802374,12.469999999999999,1,0
Viceroy Hotels,1.5688982287601319,0.29239766081871343,35.53,0.09852216748768472,0.09852216748768472,0.19704433497536944,33.32,0,0
Asahi Songwon,2.385947046843177,0.4484304932735426,12.809999999999999,0.09832841691248771,0.09832841691248771,0.19665683382497542,12.129999999999999,0,0
Paragon Fine,0.4287856071964018,0.12106537530266344,22.049999999999997,0.09832841691248771,0.09832841691248771,0.19665683382497542,14.82,0,0
Avadh Sugar,3.8331827568404746,0.4424778761061947,12.95,0.09813542688910697,0.09813542688910697,0.19627085377821393,12.25,0,0
Choksi Laborator,2.258998435054773,0.5747126436781609,11.149999999999999,0.09803921568627452,0.09803921568627452,0.19607843137254904,11.59,0,1
Veer Global Inf.,1.017241379310345,0.25641025641025644,15.11,0.09803921568627452,0.09803921568627452,0.19607843137254904,12.399999999999999,1,0
Arnold Holdings,4.8409810126582276,0.3225806451612903,13.950000000000001,0.0979431929480901,0.0979431929480901,0.1958863858961802,12.790000000000001,1,0
Sabrimala Indus.,0.0,0.2949852507374631,15.5,0.09765625,0.09765625,0.1953125,13.11,1,0
Anand Rayons,1.3172526573998364,0.15723270440251572,18.4,0.09765625,0.09765625,0.1953125,13.25,0,0
Konstelec Engg.,5.176991150442478,0.38759689922480617,12.06,0.09765625,0.09765625,0.1953125,11.3,1,0
Coastal Roadways,0.014705882352941178,0.11904761904761904,22.26,0.0975609756097561,0.0975609756097561,0.1951219512195122,14.86,0,0
Containe Tech.,1.756335282651072,0.30959752321981426,14.229999999999999,0.0975609756097561,0.0975609756097561,0.1951219512195122,12.56,1,0
Nandan Denim,2.301655043197669,0.38314176245210724,13.25,0.09737098344693282,0.09737098344693282,0.19474196689386564,11.99,0,0
Texel Industries,4.862258953168044,0.4672897196261683,10.16,0.09737098344693282,0.09737098344693282,0.19474196689386564,9.43,1,0
Keynote Finan.,0.18461538461538463,0.1838235294117647,23.689999999999998,0.09737098344693282,0.09737098344693282,0.19474196689386564,19.259999999999998,0,0
Raghuvansh Agro.,6.968000000000001,0.07434944237918216,27.94,0.09737098344693282,0.09737098344693282,0.19474196689386564,15.71,0,0
NTC Industries,24.570032573289907,0.2604166666666667,16.349999999999998,0.09727626459143969,0.09727626459143969,0.19455252918287938,13.85,0,0
Sulabh Engineers,1.0,0.3663003663003663,18.23,0.09727626459143969,0.09727626459143969,0.19455252918287938,16.549999999999997,0,0
Sar Televenture,0.014739351902026663,0.29850746268656714,19.33,0.09727626459143969,0.09727626459143969,0.19455252918287938,16.98,0,0
Mac Hotels,0.14556962025316453,0.42194092827004215,12.919999999999998,0.09718172983479106,0.09718172983479106,0.19436345966958213,11.61,1,0
Virat Crane Inds,4.115511551155116,0.3021148036253776,16.810000000000002,0.0970873786407767,0.0970873786407767,0.1941747572815534,14.700000000000001,0,0
Shiva Texyarn,7.237796373779638,0.4672897196261683,13.870000000000001,0.09699321047526673,0.09699321047526673,0.19398642095053345,13.46,0,0
Rexnord Electr.,5.398039215686275,0.30959752321981426,15.920000000000002,0.09689922480620154,0.09689922480620154,0.19379844961240308,13.98,0,1
Raja Bahadur Int,19.750556792873052,0.3215434083601286,-13.31,0.09689922480620154,0.09689922480620154,0.19379844961240308,8.9,0,0
Him Teknoforg.,31.471057884231534,0.4132231404958678,12.33,0.0968054211035818,0.0968054211035818,0.1936108422071636,11.61,0,0
Objectone Inform,0.5636672325976231,0.22727272727272727,16.54,0.09671179883945842,0.09671179883945842,0.19342359767891684,13.36,0,0
Khadim India,3.7443190148072136,0.42372881355932196,9.879999999999999,0.09671179883945842,0.09671179883945842,0.19342359767891684,10.06,0,0
Konndor Indust.,0.0,0.006122573930080206,178.14000000000001,0.09643201542912247,0.09643201542912247,0.19286403085824494,15.809999999999999,0,0
Hisar Met.Inds.,4.814919071076706,0.3401360544217687,12.09,0.09643201542912247,0.09643201542912247,0.19286403085824494,11.219999999999999,0,0
KIFS Financial,1.5903768506056528,0.33783783783783783,9.659999999999998,0.09643201542912247,0.09643201542912247,0.19286403085824494,11.69,0,0
Pavna Industries,9.598630136986301,0.35842293906810035,13.63,0.09633911368015413,0.09633911368015413,0.19267822736030826,12.190000000000001,0,0
Yamuna Syndicate,0.0,0.05319148936170213,36.480000000000004,0.09624639076034648,0.09624639076034648,0.19249278152069296,18.68,0,0
Dharani Finance,0.017857142857142856,0.25,21.07,0.09615384615384615,0.09615384615384615,0.1923076923076923,18.07,0,0
PG Foils,4.807586586036283,0.27322404371584696,17.48,0.09615384615384615,0.09615384615384615,0.1923076923076923,15.08,0,0
Zenotech Lab.,0.0,0.24038461538461536,16.69,0.09615384615384615,0.09615384615384615,0.1923076923076923,13.530000000000001,0,0
BFL Asset Finves,0.5271317829457365,0.023607176581680833,57.06999999999999,0.09615384615384615,0.09615384615384615,0.1923076923076923,15.77,0,0
Mansi Fin.(Chen),1.962840627580512,0.25380710659898476,16.38,0.09596928982725528,0.09596928982725528,0.19193857965451055,14.030000000000001,0,0
Grameva,1.3599999999999999,0.45248868778280543,12.040000000000001,0.09596928982725528,0.09596928982725528,0.19193857965451055,11.93,1,0
Jyoti,12.55847953216374,0.5617977528089888,15.389999999999999,0.09596928982725528,0.09596928982725528,0.19193857965451055,14.85,0,0
Universal Starch,3.3710771840542835,0.5376344086021506,10.579999999999998,0.09587727708533078,0.09587727708533078,0.19175455417066156,10.86,0,0
Natl. Plastic,2.4643493761140816,0.33003300330033003,15.01,0.09587727708533078,0.09587727708533078,0.19175455417066156,13.6,0,0
Sukhjit Starch,5.952741020793951,0.4132231404958678,13.67,0.09587727708533078,0.09587727708533078,0.19175455417066156,12.99,0,0
Kanchi Karpooram,2.0014556040756912,0.1272264631043257,22.91,0.09578544061302682,0.09578544061302682,0.19157088122605365,16.11,0,0
The Invest.Trust,4.175925925925926,0.373134328358209,13.62,0.09578544061302682,0.09578544061302682,0.19157088122605365,12.67,0,0
Tyroon Tea Co.,0.8931860036832412,0.23809523809523808,18.11,0.09569377990430622,0.09569377990430622,0.19138755980861244,15.02,0,0
S Chand & Compan,1.3662404599068292,0.28653295128939826,16.380000000000003,0.09569377990430622,0.09569377990430622,0.19138755980861244,14.04,0,0
Broach Lifecare,0.0,0.1234567901234568,23.04,0.09569377990430622,0.09569377990430622,0.19138755980861244,15.94,0,0
Glance Finance,0.13819875776397514,0.3921568627450981,15.570000000000002,0.09560229445506692,0.09560229445506692,0.19120458891013384,14.05,0,0
Oasis Securities,0.0,0.13458950201884254,23.07,0.09560229445506692,0.09560229445506692,0.19120458891013384,16.64,0,0
Maks Energy,13.804878048780488,0.35460992907801414,12.36,0.09532888465204957,0.09532888465204957,0.19065776930409914,11.54,1,0
CWD,16.701333333333334,0.4132231404958678,14.15,0.09514747859181732,0.09514747859181732,0.19029495718363465,13.32,0,0
Tirupati Foam,5.214580467675378,0.43103448275862066,12.03,0.09487666034155598,0.09487666034155598,0.18975332068311196,11.86,0,0
Tamboli Industri,1.1183035714285712,0.20449897750511245,19.36,0.09487666034155598,0.09487666034155598,0.18975332068311196,15.509999999999998,0,0
Shradha Realty,8.09784993418166,0.32894736842105265,15.839999999999998,0.09487666034155598,0.09487666034155598,0.18975332068311196,14.95,0,1
ABM Knowledge,0.0,0.10559662090813093,24.3,0.0947867298578199,0.0947867298578199,0.1895734597156398,15.830000000000002,0,1
Universus Photo,0.0,0.009934432743890324,117.72999999999999,0.0947867298578199,0.0947867298578199,0.1895734597156398,18.07,0,0
Betex India,1.4386617100371748,0.35842293906810035,14.790000000000001,0.0946969696969697,0.0946969696969697,0.1893939393939394,13.11,1,0
Advance Petroch.,4.090032154340836,0.4854368932038835,8.530000000000001,0.0946969696969697,0.0946969696969697,0.1893939393939394,10.81,0,0
New Light Industries,0.0025,0.03219575016097875,48.260000000000005,0.0946969696969697,0.0946969696969697,0.1893939393939394,18.200000000000003,0,1
Harish Textile,2.715509854327335,0.5882352941176471,7.73,0.0946969696969697,0.0946969696969697,0.1893939393939394,9.89,0,0
WEP Solutions,3.4818304172274566,0.3663003663003663,15.15,0.0946073793755913,0.0946073793755913,0.1892147587511826,13.84,0,0
Shahlon Silk,12.883603238866396,0.2840909090909091,12.01,0.0946073793755913,0.0946073793755913,0.1892147587511826,10.68,0,0
Arvee Laborat.,0.8512396694214877,0.22123893805309736,18.45,0.0945179584120983,0.0945179584120983,0.1890359168241966,14.96,0,0
Inv.& Prec.Cast.,3.7848924462231115,0.4716981132075471,12.879999999999999,0.09442870632672333,0.09442870632672333,0.18885741265344666,12.55,0,0
Umiya Buildcon,6.825041922861933,0.16666666666666666,16.15,0.09442870632672333,0.09442870632672333,0.18885741265344666,12.23,1,0
Race Eco,1.6338221814848761,0.4273504273504274,13.16,0.09398496240601503,0.09398496240601503,0.18796992481203006,12.8,1,0
Newmalayalam St.,0.978539156626506,0.28169014084507044,15.799999999999999,0.09398496240601503,0.09398496240601503,0.18796992481203006,13.56,0,0
Vama Industries,0.2819956616052061,0.31746031746031744,17.6,0.09380863039399624,0.09380863039399624,0.18761726078799248,15.530000000000001,0,0
Wallfort Fin.,0.0,0.12106537530266344,24.189999999999998,0.09372071227741331,0.09372071227741331,0.18744142455482662,16.93,0,0
Pattech Fitwell,3.2448598130841124,0.26246719160104987,15.23,0.09372071227741331,0.09372071227741331,0.18744142455482662,12.870000000000001,1,0
Crest Ventures,12.400615384615383,0.059844404548174746,31.69,0.09363295880149813,0.09363295880149813,0.18726591760299627,16.14,0,0
Neo Infracon,5.699658703071672,0.33783783783783783,11.52,0.09354536950420955,0.09354536950420955,0.1870907390084191,12.11,0,0
Gorani Industrie,9.5859375,0.390625,13.28,0.09345794392523366,0.09345794392523366,0.1869158878504673,12.62,1,0
Incredible Indus,0.46857887874837023,0.21321961620469085,19.47,0.09319664492078285,0.09319664492078285,0.1863932898415657,15.9,0,0
Madala Holdings,0.0,0.038654812524159254,41.13,0.0931098696461825,0.0931098696461825,0.186219739292365,16.259999999999998,0,0
Kopran,3.6523055426176065,0.3802281368821293,15.930000000000001,0.09302325581395349,0.09302325581395349,0.18604651162790697,14.61,0,0
Jindal Hotels,3.623209169054441,0.591715976331361,9.829999999999998,0.0929368029739777,0.0929368029739777,0.1858736059479554,11.43,0,0
Dhanlaxmi Cotex,0.0,-0.008052178114179886,-107.42,0.0927643784786642,0.0927643784786642,0.1855287569573284,17.77,0,0
Aeonx Digital,0.3083778966131907,0.18761726078799248,19.619999999999997,0.0927643784786642,0.0927643784786642,0.1855287569573284,15.32,0,0
DSJ Keep Learn,1.369942196531792,0.36764705882352944,15.100000000000001,0.09259259259259259,0.09259259259259259,0.18518518518518517,13.700000000000001,1,0
Royal Cush. Vin.,4.636221294363256,0.6802721088435374,11.35,0.09250693802035152,0.09250693802035152,0.18501387604070305,11.120000000000001,1,0
Anmol India,1.5111711968122954,0.3891050583657587,11.700000000000001,0.09250693802035152,0.09250693802035152,0.18501387604070305,11.98,1,0
CP Capital,3.987468671679198,0.2949852507374631,18.4,0.09233610341643582,0.09233610341643582,0.18467220683287164,16.15,0,0
Visaman Global,4.296999387630129,0.35842293906810035,13.13,0.09233610341643582,0.09233610341643582,0.18467220683287164,12.33,0,0
Steel Exchange,3.668440442079411,0.3508771929824561,12.51,0.09225092250922509,0.09225092250922509,0.18450184501845018,11.14,0,1
Aruna Hotels,6.315582959641255,0.819672131147541,6.880000000000001,0.09225092250922509,0.09225092250922509,0.18450184501845018,10.42,0,0
Amarjothi Spg.,3.6328021248339972,0.03980891719745223,37.54,0.09225092250922509,0.09225092250922509,0.18450184501845018,13.69,0,0
Transwind Infra.,1.1567877629063097,0.45454545454545453,12.760000000000002,0.09225092250922509,0.09225092250922509,0.18450184501845018,11.92,0,1
Sangal Papers,3.933530280649926,0.40485829959514175,14.059999999999999,0.09216589861751152,0.09216589861751152,0.18433179723502305,13.18,0,0
AMS Polymers,6.4411764705882355,0.4807692307692307,9.31,0.09216589861751152,0.09216589861751152,0.18433179723502305,11.17,1,0
Lagnam Spintex,15.496609493418429,0.4854368932038835,10.04,0.09216589861751152,0.09216589861751152,0.18433179723502305,12.19,0,0
Pritika Auto,4.91886580572712,0.4166666666666667,14.419999999999998,0.09208103130755065,0.09208103130755065,0.1841620626151013,13.73,0,1
Mahickra Chem.,12.521008403361346,0.3436426116838488,15.28,0.09208103130755065,0.09208103130755065,0.1841620626151013,13.78,1,0
Asi Industries,3.4472477064220186,0.24752475247524752,18.980000000000004,0.09191176470588235,0.09191176470588235,0.1838235294117647,15.98,0,0
Shreeoswal Seeds,1.8561752988047808,0.3968253968253968,13.51,0.09191176470588235,0.09191176470588235,0.1838235294117647,12.96,0,0
Shish Industries,2.5936990765888104,0.2849002849002849,16.87,0.09191176470588235,0.09191176470588235,0.1838235294117647,14.81,0,1
Rathi Steel,3.0381426202321724,0.5434782608695653,14.290000000000001,0.09174311926605504,0.09174311926605504,0.18348623853211007,13.71,1,0
Euro India Fresh,6.325051759834369,0.36101083032490977,15.31,0.09174311926605504,0.09174311926605504,0.18348623853211007,14.39,0,0
DAPS Advertising,0.4758064516129032,0.2183406113537118,19.409999999999997,0.09174311926605504,0.09174311926605504,0.18348623853211007,15.93,0,0
Ishita Drugs,0.4288793103448275,0.1972386587771203,20.22,0.09165902841429881,0.09165902841429881,0.18331805682859761,16.33,0,1
Comfort Fincap,0.8166907863000482,0.3968253968253968,16.52,0.09165902841429881,0.09165902841429881,0.18331805682859761,15.18,0,0
Lyka Labs,10.917241379310346,0.41493775933609955,15.76,0.09165902841429881,0.09165902841429881,0.18331805682859761,14.66,0,1
Sangani Hospital,0.3522388059701492,0.3367003367003367,18.79,0.09165902841429881,0.09165902841429881,0.18331805682859761,16.85,0,0
R K Swamy,3.2256637168141595,0.28735632183908044,16.89,0.09165902841429881,0.09165902841429881,0.18331805682859761,14.56,0,0
United Cotfab,2.2751322751322753,0.30303030303030304,14.299999999999999,0.09165902841429881,0.09165902841429881,0.18331805682859761,12.81,1,0
Ansal Buildwell,8.456611570247935,0.43859649122807015,12.379999999999999,0.09157509157509157,0.09157509157509157,0.18315018315018314,11.4,1,0
Indo Rama Synth.,2.7712376629007167,0.6060606060606061,8.23,0.09140767824497258,0.09140767824497258,0.18281535648994515,10.02,0,0
Rungta Irrigatn.,2.051265412070084,0.3412969283276451,16.23,0.09132420091324202,0.09132420091324202,0.18264840182648404,14.629999999999999,0,0
Neelam Linens,2.770715096481272,0.27932960893854747,14.02,0.09132420091324202,0.09132420091324202,0.18264840182648404,12.04,0,1
Garnet Construct,4.5696202531645564,0.2770083102493075,16.890000000000004,0.09124087591240876,0.09124087591240876,0.18248175182481752,14.34,0,0
Ace Soft. Exp.,1.1835032437442077,0.29940119760479045,19.46,0.09115770282588878,0.09115770282588878,0.18231540565177756,17.26,0,0
Hindcon Chemical,1.648,0.22522522522522526,19.490000000000002,0.09115770282588878,0.09115770282588878,0.18231540565177756,16.16,0,0
Ambey Laborator.,1.127959413754228,0.23364485981308414,17.38,0.09115770282588878,0.09115770282588878,0.18231540565177756,14.540000000000001,0,0
Sadbhav Engg.,12.623939841362496,0.53475935828877,8.290000000000001,0.09107468123861566,0.09107468123861566,0.18214936247723132,7.66,0,0
IVP,28.815561959654175,0.4184100418410042,14.01,0.09099181073703366,0.09099181073703366,0.18198362147406733,13.31,1,0
Liberty Shoes,2.1898013245033114,0.35211267605633806,14.34,0.09099181073703366,0.09099181073703366,0.18198362147406733,13.23,0,0
Spacenet Enterpr,0.054653679653679656,0.3246753246753247,19.68,0.09090909090909091,0.09090909090909091,0.18181818181818182,17.61,0,0
Smart Finsec,0.11444141689373297,0.008153946510110893,139.31,0.09090909090909091,0.09090909090909091,0.18181818181818182,17.7,0,0
Cheviot Company,0.3783584836216415,0.15267175572519084,22.649999999999995,0.09082652134423251,0.09082652134423251,0.18165304268846502,17.11,0,0
Dynemic Products,2.688413183826028,0.49504950495049505,14.370000000000001,0.09082652134423251,0.09082652134423251,0.18165304268846502,13.69,0,0
Transpek Inds.,0.2999926508414787,0.25380710659898476,18.509999999999998,0.09074410163339383,0.09074410163339383,0.18148820326678766,15.62,0,1
Bhudevi Infra,1.1981627296587927,0.5434782608695653,-115.52000000000001,0.09066183136899365,0.09066183136899365,0.1813236627379873,14.07,0,0
Polychem,0.4166666666666667,0.1362397820163488,23.57,0.09066183136899365,0.09066183136899365,0.1813236627379873,17.259999999999998,0,0
National Fitting,0.40712742980561556,0.16750418760469013,21.67,0.09057971014492755,0.09057971014492755,0.1811594202898551,16.74,0,0
Fiberweb (India),0.4988523335883703,0.21186440677966098,21.980000000000004,0.09049773755656108,0.09049773755656108,0.18099547511312217,18.3,0,0
United Nilgiri,0.0,0.11695906432748537,25.82,0.09041591320072333,0.09041591320072333,0.18083182640144665,18.270000000000003,0,1
Trident Texofab,2.1542119565217392,0.3278688524590164,12.459999999999999,0.09041591320072333,0.09041591320072333,0.18083182640144665,10.97,1,0
Lykis,0.7572563925362819,0.44052863436123346,12.75,0.09033423667570009,0.09033423667570009,0.18066847335140018,12.68,0,0
Premco Global,1.489922480620155,0.15151515151515152,21.95,0.09033423667570009,0.09033423667570009,0.18066847335140018,16.44,0,0
Globe Commercial,0.12377450980392156,0.32573289902280134,18.060000000000002,0.09033423667570009,0.09033423667570009,0.18066847335140018,15.99,0,0
Cil Securities,0.0,0.36101083032490977,15.49,0.09025270758122744,0.09025270758122744,0.18050541516245489,13.72,1,0
Polyspin Exports,8.4642166344294,0.4424778761061947,12.649999999999999,0.09025270758122744,0.09025270758122744,0.18050541516245489,12.69,1,0
Alfa Ica (I),6.121951219512195,0.39525691699604737,13.95,0.0900900900900901,0.0900900900900901,0.1801801801801802,13.149999999999999,0,0
Godavari Drugs,6.059836065573771,0.48780487804878053,12.649999999999999,0.0900900900900901,0.0900900900900901,0.1801801801801802,13.23,0,0
Bal Pharma,7.264540337711069,0.48309178743961345,11.399999999999999,0.0900900900900901,0.0900900900900901,0.1801801801801802,12.309999999999999,0,0
Eighty Jewellers,7.232240437158469,0.3436426116838488,15.020000000000001,0.0900900900900901,0.0900900900900901,0.1801801801801802,13.98,0,0
Rushil Decor,2.5305991962002192,0.4672897196261683,14.840000000000002,0.08984725965858041,0.08984725965858041,0.17969451931716082,14.14,0,0
Stanley Lifesty.,4.766233766233767,0.30864197530864196,16.08,0.08984725965858041,0.08984725965858041,0.17969451931716082,14.55,0,0
Beryl Drugs,1.1813186813186811,0.4166666666666667,14.57,0.08968609865470852,0.08968609865470852,0.17937219730941703,13.620000000000001,0,0
Real Touch Fin,5.392685629848541,0.7246376811594204,9.84,0.08960573476702509,0.08960573476702509,0.17921146953405018,12.34,1,0
NSB BPO,3.463130659767141,0.2680965147453083,19.560000000000002,0.08952551477170993,0.08952551477170993,0.17905102954341987,17.009999999999998,0,0
Unick Fix-A-Form,2.683309557774608,0.4424778761061947,14.57,0.08936550491510277,0.08936550491510277,0.17873100983020554,13.84,0,0
Super Bakers (I),0.0,0.06578947368421052,32.72,0.08928571428571429,0.08928571428571429,0.17857142857142858,18.52,0,1
Caspian Corporat,21.336448598130843,0.390625,13.68,0.08928571428571429,0.08928571428571429,0.17857142857142858,13.239999999999998,1,0
Cranex,8.20503597122302,0.38759689922480617,14.360000000000001,0.08912655971479501,0.08912655971479501,0.17825311942959002,13.68,1,1
AB Cotspin,7.815130830489192,0.3424657534246575,15.330000000000002,0.08904719501335707,0.08904719501335707,0.17809439002671415,14.34,0,0
Fairchem Organic,3.059617547806524,0.3115264797507788,18.31,0.08888888888888889,0.08888888888888889,0.17777777777777778,16.29,0,0
Suyog Gurbaxani,34.904967602591796,0.16,17.03,0.08888888888888889,0.08888888888888889,0.17777777777777778,17.02,0,0
Duropack,0.0,0.30864197530864196,19.259999999999998,0.08880994671403197,0.08880994671403197,0.17761989342806395,17.02,0,0
Adhata Global,0.8790697674418605,0.4566210045662101,12.59,0.08880994671403197,0.08880994671403197,0.17761989342806395,12.04,1,0
Satia Industries,1.02025917775682,0.3663003663003663,20.009999999999998,0.08849557522123894,0.08849557522123894,0.17699115044247787,18.560000000000002,0,1
Mafatlal Inds.,0.6712374212097755,0.4587155963302753,17.69,0.08849557522123894,0.08849557522123894,0.17699115044247787,16.59,0,0
Borosil Scienti.,0.07320499049822357,0.21321961620469085,19.360000000000003,0.08841732979664013,0.08841732979664013,0.17683465959328026,15.690000000000001,0,0
Plastiblends (I),2.384381338742394,0.1669449081803005,21.64,0.08833922261484099,0.08833922261484099,0.17667844522968199,16.7,0,0
Purity Flex Pack,5.767955801104972,0.48780487804878053,14.09,0.08833922261484099,0.08833922261484099,0.17667844522968199,13.59,0,0
Mawana Sugars,0.07154060648309515,0.22123893805309736,18.89,0.088261253309797,0.088261253309797,0.176522506619594,15.39,0,1
Somi Conv.Belt.,1.636756756756757,0.2840909090909091,17.41,0.0881057268722467,0.0881057268722467,0.1762114537444934,15.08,0,1
KHFM Hospitality,8.03982300884956,0.3389830508474576,14.709999999999999,0.0881057268722467,0.0881057268722467,0.1762114537444934,13.36,1,1
Tirupati Starch,2.7253761283851556,0.5154639175257733,12.42,0.08802816901408451,0.08802816901408451,0.17605633802816903,13.66,0,0
Chennai Ferrous,0.0,0.3215434083601286,17.57,0.08795074758135445,0.08795074758135445,0.1759014951627089,15.459999999999999,0,0
Themis Medicare,2.6762811537384485,0.36764705882352944,17.009999999999998,0.08795074758135445,0.08795074758135445,0.1759014951627089,15.54,0,0
Vrundavan Planta,1.0698254364089776,0.25510204081632654,19.190000000000005,0.08787346221441124,0.08787346221441124,0.17574692442882248,16.42,0,0
Mitsu Chem Plast,3.858910891089109,0.4464285714285714,14.72,0.0876424189307625,0.0876424189307625,0.175284837861525,14.1,0,0
Rishi Techtex,3.8741935483870966,0.41493775933609955,14.25,0.08756567425569177,0.08756567425569177,0.17513134851138354,13.54,0,0
TGV Sraac,1.5543494878458952,0.4444444444444444,16.290000000000003,0.08741258741258742,0.08741258741258742,0.17482517482517484,15.28,0,0
Deccan Transcon,2.6422073984232863,0.3164556962025316,17.53,0.08741258741258742,0.08741258741258742,0.17482517482517484,15.84,0,0
Kalyan Capitals,41.77671451355662,0.303951367781155,9.21,0.08733624454148473,0.08733624454148473,0.17467248908296945,11.889999999999999,0,0
Globe Enterprises,8.835135135135134,0.4329004329004329,13.159999999999998,0.08733624454148473,0.08733624454148473,0.17467248908296945,12.93,1,0
Rossell India,2.3368076235854676,0.4273504273504274,18.96,0.08718395815170009,0.08718395815170009,0.17436791630340018,17.97,0,0
Coral India Fin.,0.0,0.01243781094527363,98.05000000000001,0.08718395815170009,0.08718395815170009,0.17436791630340018,18.65,0,0
Sakthi Finance,54.823070251517784,0.10384215991692626,14.850000000000001,0.08710801393728222,0.08710801393728222,0.17421602787456444,11.67,0,0
Silgo Retail,0.0,0.03557452863749555,44.599999999999994,0.08710801393728222,0.08710801393728222,0.17421602787456444,17.490000000000002,0,0
Lancor Holdings,1.8157138753231827,0.32573289902280134,13.18,0.08703220191470844,0.08703220191470844,0.17406440382941687,11.75,1,1
Uniroyal Marine,4.835820895522389,0.48309178743961345,-4.440000000000001,0.08680555555555555,0.08680555555555555,0.1736111111111111,10.9,1,0
Manaksia Alumi.,135.55837563451777,0.4739336492890995,11.01,0.08673026886383348,0.08673026886383348,0.17346053772766695,11.84,1,0
Avonmore Capital,3.3198959687906373,0.2958579881656805,19.7,0.08658008658008658,0.08658008658008658,0.17316017316017315,17.39,0,0
GVK Power Infra.,1.1688071252251653,0.5494505494505495,12.42,0.08658008658008658,0.08658008658008658,0.17316017316017315,11.84,0,0
Apollo Ingredie.,0.0,0.0413564929693962,39.629999999999995,0.08643042350907519,0.08643042350907519,0.17286084701815038,16.45,0,0
Niraj Cement,0.025744934445768773,0.2958579881656805,17.889999999999997,0.08628127696289906,0.08628127696289906,0.1725625539257981,15.52,0,0
Sunil Industries,4.901729559748428,0.4566210045662101,13.69,0.08628127696289906,0.08628127696289906,0.1725625539257981,13.68,0,0
Ranjit Securitie,0.09890109890109891,0.9345794392523364,18.79,0.08628127696289906,0.08628127696289906,0.1725625539257981,18.75,0,1
Falcon,3.2333333333333334,0.3968253968253968,14.629999999999999,0.08628127696289906,0.08628127696289906,0.1725625539257981,14.45,1,0
L.K.Mehta Poly.,2.3745454545454545,0.26595744680851063,16.950000000000003,0.08628127696289906,0.08628127696289906,0.1725625539257981,14.77,0,1
Shree Bhavya,18.167155425219942,0.3968253968253968,11.9,0.08620689655172414,0.08620689655172414,0.1724137931034483,12.059999999999999,0,0
Picturehouse,4.676549865229111,0.1858736059479554,15.45,0.08620689655172414,0.08620689655172414,0.1724137931034483,11.309999999999999,0,0
Citadel Realty,10.138364779874216,0.3048780487804878,15.12,0.08613264427217916,0.08613264427217916,0.17226528854435832,13.809999999999999,1,0
Goldkart Jewels,3.754022988505747,0.3205128205128205,18.24,0.08613264427217916,0.08613264427217916,0.17226528854435832,16.35,0,0
Odyssey Tech.,0.0,0.12706480304955528,24.950000000000003,0.08598452278589853,0.08598452278589853,0.17196904557179707,18.080000000000002,0,0
A-1,1.4796183868169992,0.2680965147453083,18.65,0.08598452278589853,0.08598452278589853,0.17196904557179707,16.27,0,0
Auro Impex,2.0166959578207377,0.390625,15.639999999999999,0.08598452278589853,0.08598452278589853,0.17196904557179707,15.02,0,0
Kenrik Indust.,0.0339943342776204,0.033277870216306155,45.580000000000005,0.08598452278589853,0.08598452278589853,0.17196904557179707,16.54,0,0
Gagan Gases,0.30952380952380953,0.03254149040026033,47.410000000000004,0.0859106529209622,0.0859106529209622,0.1718213058419244,17.8,0,0
Jumbo Bag,11.88339222614841,0.4184100418410042,14.66,0.08561643835616438,0.08561643835616438,0.17123287671232876,14.02,1,0
Plada Infotech S,3.889140271493213,0.29069767441860467,16.950000000000003,0.0855431993156544,0.0855431993156544,0.1710863986313088,15.23,0,0
Anjani Foods,2.558498896247241,0.6172839506172839,14.049999999999999,0.08547008547008547,0.08547008547008547,0.17094017094017094,14.16,0,1
Jet Freight,20.0282131661442,0.4566210045662101,13.129999999999999,0.08547008547008547,0.08547008547008547,0.17094017094017094,12.87,1,0
Goyal Aluminiums,0.396011396011396,0.3184713375796178,22.290000000000003,0.08547008547008547,0.08547008547008547,0.17094017094017094,20.21,0,0
Sikko Industries,0.38250855897914726,0.29154518950437314,18.32,0.08532423208191126,0.08532423208191126,0.1706484641638225,16.03,0,0
Aspire & Innovat,0.5240963855421686,0.29850746268656714,16.71,0.08532423208191126,0.08532423208191126,0.1706484641638225,14.38,1,0
We Win Ltd,2.502717391304348,0.35335689045936397,15.46,0.08525149190110827,0.08525149190110827,0.17050298380221654,13.93,0,0
Cont. Chemicals,0.027272727272727268,0.2159827213822894,21.94,0.08517887563884156,0.08517887563884156,0.17035775127768313,18.32,0,0
Niraj Ispat Ind.,0.8496093749999999,0.06493506493506493,32.4,0.0851063829787234,0.0851063829787234,0.1702127659574468,18.29,0,0
Brand Concepts,48.03394255874674,0.4629629629629629,11.780000000000001,0.0851063829787234,0.0851063829787234,0.1702127659574468,12.99,1,0
Maitreya Medica.,0.7062706270627064,0.33557046979865773,16.64,0.08496176720475786,0.08496176720475786,0.16992353440951571,14.8,0,0
Madras Fertilize,4.983449923221293,0.6578947368421053,-9.310000000000002,0.08488964346349746,0.08488964346349746,0.16977928692699493,13.809999999999999,0,0
Associated Cera.,0.32621951219512196,0.42194092827004215,16.68,0.08488964346349746,0.08488964346349746,0.16977928692699493,15.39,0,0
Brahmaputra Inf.,3.9623630300142927,0.43103448275862066,15.76,0.08488964346349746,0.08488964346349746,0.16977928692699493,14.969999999999999,0,0
Classic Leasing,7.615384615384615,0.3424657534246575,22.360000000000003,0.08488964346349746,0.08488964346349746,0.16977928692699493,20.68,0,0
Acknit Indus.,5.029837251356239,0.390625,17.24,0.08481764206955048,0.08481764206955048,0.16963528413910095,16.299999999999997,0,0
GP Petroleums,1.6666666666666667,0.13351134846461948,24.139999999999997,0.0846740050804403,0.0846740050804403,0.1693480101608806,17.7,0,0
Atal Realtech,1.082084690553746,0.23364485981308414,18.66,0.0846740050804403,0.0846740050804403,0.1693480101608806,15.620000000000001,0,0
Aarvi Encon,9.41764705882353,0.3278688524590164,17.84,0.08460236886632826,0.08460236886632826,0.1692047377326565,16.03,0,0
Vishal Fabrics,2.298093747122203,0.2857142857142857,15.49,0.08445945945945946,0.08445945945945946,0.16891891891891891,13.4,0,0
Archit Organosys,1.4579918032786885,0.4098360655737705,16.299999999999997,0.08438818565400844,0.08438818565400844,0.16877637130801687,15.25,0,0
Rasi Electrodes,0.017953321364452424,0.06277463904582549,32.77,0.08438818565400844,0.08438818565400844,0.16877637130801687,17.84,0,0
Shiv Aum Steels,9.26576019777503,0.2590673575129534,17.96,0.08438818565400844,0.08438818565400844,0.16877637130801687,15.73,0,0
KKV Agro Powers,4.243781094527363,0.4016064257028112,15.649999999999999,0.08431703204047218,0.08431703204047218,0.16863406408094436,14.48,1,0
Mega Fin (India),0.11,0.8064516129032259,19.8,0.08424599831508003,0.08424599831508003,0.16849199663016007,19.6,0,0
Allied Digital,1.2520639005039134,0.28169014084507044,17.479999999999997,0.08424599831508003,0.08424599831508003,0.16849199663016007,15.12,0,0
Swashthik Plas.,4.2673956262425445,0.21645021645021645,17.53,0.08424599831508003,0.08424599831508003,0.16849199663016007,14.86,0,0
Poojawes. Metal.,11.10377358490566,0.4629629629629629,14.63,0.08417508417508417,0.08417508417508417,0.16835016835016833,15.05,0,0
Rishiroop,0.13080168776371306,0.24154589371980673,21.060000000000002,0.08410428931875526,0.08410428931875526,0.16820857863751051,17.92,0,0
Lahoti Overseas,1.1772449459332393,0.1718213058419244,21.39,0.08410428931875526,0.08410428931875526,0.16820857863751051,16.69,0,0
Airan,0.04815481548154816,0.16722408026755853,23.099999999999998,0.08403361344537814,0.08403361344537814,0.1680672268907563,18.130000000000003,0,0
Cubex Tubings,23.382022471910112,0.35211267605633806,17.66,0.08396305625524769,0.08396305625524769,0.16792611251049538,16.35,0,0
Rupa & Co,4.217879906071788,0.2724795640326976,18.939999999999998,0.08389261744966443,0.08389261744966443,0.16778523489932887,16.52,0,1
Heads UP Venture,0.0,0.234192037470726,22.25,0.08382229673093043,0.08382229673093043,0.16764459346186086,18.98,0,0
Harri. Malayalam,4.6665297741273095,0.6896551724137931,13.75,0.08368200836820085,0.08368200836820085,0.1673640167364017,13.989999999999998,0,0
Polylink Poly.,2.201201201201201,0.35842293906810035,18.160000000000004,0.08361204013377926,0.08361204013377926,0.16722408026755853,16.61,0,0
Equippp Social,6.2484076433121025,0.24875621890547267,15.989999999999998,0.08361204013377926,0.08361204013377926,0.16722408026755853,14.09,1,1
Mono Pharmacare,10.377358490566039,0.3424657534246575,14.410000000000002,0.08333333333333333,0.08333333333333333,0.16666666666666666,14.25,1,0
Muthoot Cap.Serv,2.729512528473804,0.17094017094017094,12.850000000000001,0.08326394671107411,0.08326394671107411,0.16652789342214822,12.56,1,0
Rajshree Polypac,6.266492146596858,0.45248868778280543,16.269999999999996,0.08326394671107411,0.08326394671107411,0.16652789342214822,15.73,0,0
Vinyoflex,0.13768115942028986,0.06825938566552901,32.23,0.0831946755407654,0.0831946755407654,0.1663893510815308,18.59,0,0
Promax Power,5.194513715710723,0.35211267605633806,15.86,0.0831946755407654,0.0831946755407654,0.1663893510815308,14.68,1,0
Riba Textiles,4.017732401934444,0.44052863436123346,16.470000000000002,0.08298755186721991,0.08298755186721991,0.16597510373443983,15.940000000000001,0,1
Sarthak Industri,0.9287066246056783,0.36363636363636365,16.900000000000002,0.08298755186721991,0.08298755186721991,0.16597510373443983,15.48,0,0
Lamosaic India,0.2583230579531443,0.24449877750611249,17.04,0.08298755186721991,0.08298755186721991,0.16597510373443983,14.05,1,0
Vaswani Industri,7.518099547511311,0.4587155963302753,14.490000000000002,0.08285004142502071,0.08285004142502071,0.16570008285004142,15.06,0,0
Rajas. Tube Mfg,0.12702078521939955,0.03129890453834116,44.03,0.08264462809917356,0.08264462809917356,0.1652892561983471,13.149999999999999,0,0
Arihant Super.,4.671102661596958,0.2463054187192118,15.690000000000001,0.08264462809917356,0.08264462809917356,0.1652892561983471,15.01,1,0
Yuken India,2.4306714342471194,0.40485829959514175,17.150000000000002,0.08264462809917356,0.08264462809917356,0.1652892561983471,16.009999999999998,0,0
Oriental Rail,9.342577487765091,0.3484320557491289,16.71,0.08257638315441784,0.08257638315441784,0.16515276630883569,15.419999999999998,0,0
MCON Rasayan,1.273809523809524,0.3597122302158273,16.23,0.08257638315441784,0.08257638315441784,0.16515276630883569,15.01,1,0
Veto Switchgears,1.0075046904315197,0.19762845849802374,21.95,0.08250825082508251,0.08250825082508251,0.16501650165016502,17.95,0,0
Sumit Woods,2.53957131079967,0.19157088122605365,18.73,0.08250825082508251,0.08250825082508251,0.16501650165016502,14.889999999999999,0,0
RSD Finance,2.06140350877193,0.39840637450199207,18.93,0.0823045267489712,0.0823045267489712,0.1646090534979424,17.43,0,0
EL Forge,0.0,0.36363636363636365,18.52,0.08216926869350863,0.08216926869350863,0.16433853738701726,16.77,0,0
Hybrid Financial,0.1508620689655172,0.10319917440660475,28.09,0.08216926869350863,0.08216926869350863,0.16433853738701726,19.42,0,0
KM Sugar Mills,2.0708320445406745,0.36496350364963503,17.51,0.08216926869350863,0.08216926869350863,0.16433853738701726,15.95,0,0
Nandani Creation,1.3114150447133086,0.26881720430107525,17.77,0.08210180623973727,0.08210180623973727,0.16420361247947454,15.44,0,0
Globe Intl. Car.,5.223034734917733,0.2949852507374631,18.349999999999998,0.08210180623973727,0.08210180623973727,0.16420361247947454,16.58,0,0
Baweja Studios L,0.42761945271515667,0.29069767441860467,18.65,0.08203445447087777,0.08203445447087777,0.16406890894175555,16.5,0,0
Dev Information,2.383991894630193,0.3663003663003663,18.09,0.0819672131147541,0.0819672131147541,0.1639344262295082,16.54,0,0
QVC Exports,14.987096774193546,0.4807692307692307,15.249999999999998,0.0819672131147541,0.0819672131147541,0.1639344262295082,15.34,0,0
Paushak,1.5548069448043533,0.29411764705882354,21.59,0.0819000819000819,0.0819000819000819,0.1638001638001638,19.310000000000002,0,0
Pakka,24.601151315789473,0.4166666666666667,18.26,0.0819000819000819,0.0819000819000819,0.1638001638001638,17.52,0,1
Take Solutions,0.0,0.30120481927710846,73.78999999999999,0.08169934640522876,0.08169934640522876,0.16339869281045752,71.47,0,0
Destiny Logistic,4.633986928104575,0.35587188612099646,17.09,0.08169934640522876,0.08169934640522876,0.16339869281045752,15.620000000000001,0,0
Baid Finserv,92.93174061433449,0.49504950495049505,13.88,0.08163265306122448,0.08163265306122448,0.16326530612244897,14.29,0,0
Ratnabhumi Dev.,1.4247370727432078,0.1392757660167131,16.52,0.08149959250203749,0.08149959250203749,0.16299918500407498,13.36,0,0
BMW Industries,1.7080028203772255,0.36363636363636365,19.669999999999998,0.08149959250203749,0.08149959250203749,0.16299918500407498,18.18,0,0
Nephro Care,0.0,0.2898550724637681,20.15,0.08149959250203749,0.08149959250203749,0.16299918500407498,17.7,0,0
Tera Software,3.7055057618437903,0.373134328358209,17.240000000000002,0.08143322475570033,0.08143322475570033,0.16286644951140067,15.78,0,0
SagarSoft (India,0.46648793565683644,0.25380710659898476,19.019999999999996,0.08143322475570033,0.08143322475570033,0.16286644951140067,16.18,0,1
Bharat Global,0.5171515690509465,0.38759689922480617,17.18,0.08136696501220506,0.08136696501220506,0.1627339300244101,16.02,0,1
Alankit,0.4255573248407643,0.35842293906810035,17.96,0.08136696501220506,0.08136696501220506,0.1627339300244101,16.24,0,0
Total Transport,13.304498269896197,0.37735849056603776,17.689999999999998,0.08136696501220506,0.08136696501220506,0.1627339300244101,16.47,0,0
Purv Flexi,23.020925110132158,0.4329004329004329,15.25,0.08136696501220506,0.08136696501220506,0.1627339300244101,15.399999999999999,0,0
Frontier Capital,0.25,0.29411764705882354,23.33,0.08123476848090982,0.08123476848090982,0.16246953696181965,21.03,0,0
PMC Fincorp,1.603382809803245,0.11198208286674133,27.04,0.08116883116883117,0.08116883116883117,0.16233766233766234,19.37,0,0
Dhruv Consultanc,1.5324675324675325,0.2463054187192118,19.71,0.08116883116883117,0.08116883116883117,0.16233766233766234,16.87,0,0
Maiden Forgings,12.44021739130435,0.3333333333333333,16.349999999999998,0.08097165991902834,0.08097165991902834,0.16194331983805668,15.219999999999999,0,0
Kuantum Papers,3.8079343672735444,0.6134969325153374,17.31,0.08090614886731393,0.08090614886731393,0.16181229773462785,17.24,0,0
Bizotic Commer.,1.3265940902021773,0.40485829959514175,17.32,0.08090614886731393,0.08090614886731393,0.16181229773462785,15.98,0,0
Phoenix Overseas,1.9813084112149535,0.3508771929824561,16.020000000000003,0.08090614886731393,0.08090614886731393,0.16181229773462785,14.75,1,0
Commerl. Synbags,11.16482300884956,0.40322580645161293,17.419999999999998,0.08084074373484236,0.08084074373484236,0.16168148746968472,16.58,0,0
Bihar Sponge,2.9718614718614718,0.5235602094240838,16.680000000000003,0.08077544426494346,0.08077544426494346,0.16155088852988692,16.01,0,1
Shivam Chemicals,1.4983984625240232,0.35587188612099646,16.76,0.08077544426494346,0.08077544426494346,0.16155088852988692,15.580000000000002,0,0
Finkurve Fin.,2.8312564901349946,0.3472222222222222,16.7,0.08064516129032258,0.08064516129032258,0.16129032258064516,15.98,0,0
Narbada Gems,25.972727272727273,0.2857142857142857,19.139999999999997,0.08064516129032258,0.08064516129032258,0.16129032258064516,17.12,0,0
Vishnu Prakash R,3.4476671476671474,0.39840637450199207,15.309999999999999,0.08058017727639001,0.08058017727639001,0.16116035455278002,14.71,1,0
Sterling Powerg.,1.2864583333333335,0.4807692307692307,-110.03,0.08051529790660225,0.08051529790660225,0.1610305958132045,12.39,1,0
Mold-Tek Technol,0.2095761381475667,0.24154589371980673,21.810000000000002,0.08045052292839903,0.08045052292839903,0.16090104585679807,18.71,0,0
Akanksha Power,9.11734693877551,0.4329004329004329,16.71,0.08045052292839903,0.08045052292839903,0.16090104585679807,15.92,0,0
Italian Edibles,6.496583143507972,0.3367003367003367,16.86,0.08045052292839903,0.08045052292839903,0.16090104585679807,15.5,0,0
Sylvan Plyboard,68.23529411764706,0.3597122302158273,15.560000000000002,0.08025682182985554,0.08025682182985554,0.16051364365971107,14.32,1,0
Shetron,1.8186188811188813,0.4424778761061947,14.030000000000001,0.08019246190858059,0.08019246190858059,0.16038492381716118,13.46,0,1
Ambika Cotton,0.0,0.1631321370309951,22.520000000000003,0.08019246190858059,0.08019246190858059,0.16038492381716118,17.39,0,0
PropshareTitania,0.0,0.3663003663003663,16.41,0.08012820512820512,0.08012820512820512,0.16025641025641024,14.68,0,0
Essen Speciality,1.9510748702742773,0.28735632183908044,20.58,0.08,0.08,0.16,18.27,0,0
Alfa Transformer,10.562499999999998,0.3861003861003861,15.12,0.07980845969672785,0.07980845969672785,0.1596169193934557,14.059999999999999,1,0
Chembond Materi.,0.29248046875,0.3125,21.67,0.07974481658692185,0.07974481658692185,0.1594896331738437,19.509999999999998,0,0
Haldyn Glass,2.9225707391971922,0.5,15.860000000000001,0.07974481658692185,0.07974481658692185,0.1594896331738437,15.459999999999999,0,0
Citichem India,0.5635491606714629,0.43103448275862066,14.31,0.07961783439490445,0.07961783439490445,0.1592356687898089,13.33,1,0
GDL Leasing,0.6606060606060606,0.35335689045936397,20.470000000000002,0.0794912559618442,0.0794912559618442,0.1589825119236884,18.8,0,0
Riddhi Steel,10.059766763848398,0.31545741324921134,15.55,0.0794912559618442,0.0794912559618442,0.1589825119236884,15.4,0,0
Allcargo Termi,5.888472438065636,0.5208333333333334,14.169999999999998,0.07942811755361398,0.07942811755361398,0.15885623510722796,15.34,0,0
Mukka Proteins,5.399893739484636,0.42016806722689076,16.369999999999997,0.07942811755361398,0.07942811755361398,0.15885623510722796,16.36,0,0
Dhampur.Spl.Sug.,0.0,0.2032520325203252,22.66,0.07930214115781127,0.07930214115781127,0.15860428231562254,18.74,0,0
Intl. Combustion,1.5602996254681647,0.3508771929824561,18.98,0.0791139240506329,0.0791139240506329,0.1582278481012658,17.29,0,1
United Van Der,1.9731012658227849,0.42372881355932196,17.39,0.0791139240506329,0.0791139240506329,0.1582278481012658,16.5,0,0
Sh.Pushkar Chem.,3.9799999999999995,0.35714285714285715,20.52,0.0791139240506329,0.0791139240506329,0.1582278481012658,18.990000000000002,0,0
Swasti Vin. Art,5.057823129251701,0.1706484641638225,20.59,0.07892659826361484,0.07892659826361484,0.15785319652722968,16.25,0,0
Parin Enterpris.,7.262806236080178,0.3717472118959108,16.75,0.07892659826361484,0.07892659826361484,0.15785319652722968,16.53,0,0
Artemis Electri.,0.049537805167101205,0.39525691699604737,19.81,0.07886435331230283,0.07886435331230283,0.15772870662460567,18.3,0,0
Technopack Poly.,0.6731898238747553,0.09881422924901187,27.509999999999998,0.07886435331230283,0.07886435331230283,0.15772870662460567,18.56,0,0
Pritika Engineer,3.399653229302124,0.42016806722689076,15.610000000000001,0.07886435331230283,0.07886435331230283,0.15772870662460567,15.79,0,0
DRA Consultants,0.0,0.1718213058419244,23.799999999999997,0.07880220646178093,0.07880220646178093,0.15760441292356187,18.98,0,0
Ceejay Finance,3.120056497175141,0.5714285714285714,17.77,0.07867820613690008,0.07867820613690008,0.15735641227380015,17.57,0,1
South West Pinn.,3.5256650430872982,0.36101083032490977,18.16,0.07867820613690008,0.07867820613690008,0.15735641227380015,16.91,0,0
Orient Beverages,79.69607843137256,0.425531914893617,11.399999999999999,0.07855459544383346,0.07855459544383346,0.15710919088766692,13.51,1,1
Active Clothing,9.871591908531222,0.4444444444444444,15.020000000000003,0.07849293563579278,0.07849293563579278,0.15698587127158556,15.13,1,1
Shreenath Paper,2.8192457737321193,0.3058103975535168,17.55,0.07849293563579278,0.07849293563579278,0.15698587127158556,15.780000000000001,0,0
Sainik Finance,6.345117845117844,0.4166666666666667,14.88,0.07836990595611286,0.07836990595611286,0.15673981191222572,15.95,0,0
Arex Industries,1.0817356205852675,0.4081632653061224,18.18,0.07836990595611286,0.07836990595611286,0.15673981191222572,17.13,0,0
Asian Hotels (E),254.25179856115108,0.8064516129032259,13.19,0.07836990595611286,0.07836990595611286,0.15673981191222572,14.5,1,0
Alcokraft Dist.,5.637042062415197,0.32679738562091504,17.51,0.07836990595611286,0.07836990595611286,0.15673981191222572,16.28,0,0
Munjal Auto Inds,14.99393019726859,0.43859649122807015,15.81,0.07836990595611286,0.07836990595611286,0.15673981191222572,15.45,0,0
Sakthi Sugars,20.089225589225588,0.5464480874316939,10.29,0.0782472613458529,0.0782472613458529,0.1564945226917058,14.219999999999999,0,0
Dhanashree Elect,8.130102040816327,0.28328611898017,15.439999999999998,0.0782472613458529,0.0782472613458529,0.1564945226917058,14.37,1,0
Haleos Labs Limited,1.9903023388476895,0.4854368932038835,17.29,0.0782472613458529,0.0782472613458529,0.1564945226917058,16.57,0,0
Swiss Military,3.9009433962264146,0.20964360587002098,22.830000000000002,0.078125,0.078125,0.15625,19.19,0,0
Uttam Sug.Mills,2.001664476565922,0.4329004329004329,17.630000000000003,0.078003120124805,0.078003120124805,0.15600624024961,16.61,0,0
Deco-Mica,4.266666666666667,0.4291845493562232,14.87,0.078003120124805,0.078003120124805,0.15600624024961,14.440000000000001,0,0
Manaksia,0.13768011005720077,0.1091703056768559,25.990000000000002,0.078003120124805,0.078003120124805,0.15600624024961,17.89,0,0
Machino Plastics,8.070799706529714,0.5524861878453039,12.43,0.0778816199376947,0.0778816199376947,0.1557632398753894,14.95,0,0
Flomic Global,5.784824462061155,0.4854368932038835,12.29,0.0778816199376947,0.0778816199376947,0.1557632398753894,13.629999999999999,0,0
Genomic Valley,0.0,0.13245033112582782,26.68,0.0778816199376947,0.0778816199376947,0.1557632398753894,20.13,0,0
ICDS,0.04368932038834951,0.1231527093596059,24.59,0.07782101167315175,0.07782101167315175,0.1556420233463035,17.47,0,0
India Gelatine,0.23943661971830982,0.13123359580052493,26.379999999999995,0.07770007770007771,0.07770007770007771,0.15540015540015542,19.79,0,0
Nukleus Office,1.2115839243498816,0.17825311942959002,21.479999999999997,0.07770007770007771,0.07770007770007771,0.15540015540015542,17.119999999999997,0,0
Sharat Industrie,4.50187125748503,0.35842293906810035,17.0,0.07763975155279502,0.07763975155279502,0.15527950310559005,16.0,0,1
Faze Three,17.6284853051997,0.4587155963302753,17.94,0.07763975155279502,0.07763975155279502,0.15527950310559005,17.310000000000002,0,0
Samrat Forgings,4.312590448625181,0.5128205128205129,13.57,0.07763975155279502,0.07763975155279502,0.15527950310559005,14.93,0,0
Hi-Green Carbon,4.243263473053892,0.38759689922480617,20.98,0.07763975155279502,0.07763975155279502,0.15527950310559005,20.020000000000003,0,0
Pasupati Acrylon,14.294422827496756,0.267379679144385,20.810000000000002,0.07757951900698215,0.07757951900698215,0.1551590380139643,18.36,0,0
Parmeshwari Silk,8.966467958271236,0.42372881355932196,14.88,0.07757951900698215,0.07757951900698215,0.1551590380139643,15.620000000000001,0,0
Dev Accele.,3.414142480211082,0.4716981132075471,11.620000000000001,0.07751937984496124,0.07751937984496124,0.15503875968992248,12.27,0,0
Foods & Inns,29.690270935960587,0.43103448275862066,15.879999999999999,0.07739938080495357,0.07739938080495357,0.15479876160990713,15.45,0,0
Chatha Foods,10.275362318840578,0.3891050583657587,19.37,0.07739938080495357,0.07739938080495357,0.15479876160990713,18.05,0,0
Perfectpac,0.14398422090729782,0.31746031746031744,20.59,0.07733952049497293,0.07733952049497293,0.15467904098994587,18.46,0,0
Bambino Agro Ind,18.22614107883817,0.4081632653061224,16.88,0.07727975270479134,0.07727975270479134,0.1545595054095827,16.23,0,0
Viaz Tyres,4.64931506849315,0.2840909090909091,20.109999999999996,0.07722007722007722,0.07722007722007722,0.15444015444015444,18.03,0,0
Shree Ram Twist.,2.745166959578207,0.4098360655737705,17.12,0.07722007722007722,0.07722007722007722,0.15444015444015444,16.52,0,0
Roopa Industries,4.754940711462451,0.4444444444444444,14.05,0.07716049382716049,0.07716049382716049,0.15432098765432098,14.780000000000001,1,0
SKP Bearing,4.979856115107913,0.3472222222222222,16.340000000000003,0.07716049382716049,0.07716049382716049,0.15432098765432098,15.14,0,0
Mohit Paper Mill,5.124133148404993,0.4566210045662101,15.270000000000001,0.07710100231303006,0.07710100231303006,0.15420200462606012,15.43,0,0
Kanpur Plastipa.,3.4869220607661817,0.4184100418410042,17.090000000000003,0.07698229407236336,0.07698229407236336,0.15396458814472672,16.28,0,1
NIS Management,5.30352644836272,0.2710027100271003,21.71,0.07698229407236336,0.07698229407236336,0.15396458814472672,19.42,0,0
Dharmaj Crop,3.5,0.41493775933609955,18.500000000000004,0.07692307692307693,0.07692307692307693,0.15384615384615385,17.4,0,0
T B Z,29.517055655296225,0.40322580645161293,16.55,0.07686395080707148,0.07686395080707148,0.15372790161414296,16.25,0,0
Future Consumer,61.044755244755244,0.8771929824561403,3.3599999999999994,0.07680491551459294,0.07680491551459294,0.15360983102918588,3.459999999999999,0,1
7Seas Enter.,0.337378640776699,0.11723329425556857,30.25,0.07674597083653109,0.07674597083653109,0.15349194167306218,22.79,0,0
Jagan Lamps,2.9775280898876404,0.33557046979865773,19.650000000000002,0.07668711656441718,0.07668711656441718,0.15337423312883436,17.98,0,1
Crop Life Scienc,17.706060606060607,0.4081632653061224,16.57,0.07656967840735068,0.07656967840735068,0.15313935681470137,15.84,1,1
JITF Infra Logis,20.88334587678744,0.4016064257028112,16.750000000000004,0.07651109410864575,0.07651109410864575,0.1530221882172915,15.5,0,0
Jay Kailash,3.0928792569659445,0.27932960893854747,18.990000000000002,0.07651109410864575,0.07651109410864575,0.1530221882172915,16.93,0,0
Moongipa Capital,0.39967811158798283,0.014120304998587971,89.02,0.0764525993883792,0.0764525993883792,0.1529051987767584,19.509999999999998,0,0
Shalimar Wires,1.8959966983078826,0.49751243781094534,11.86,0.07633587786259542,0.07633587786259542,0.15267175572519084,13.16,0,0
Star Housing Fin,5.913509433962264,0.18761726078799248,15.860000000000001,0.07633587786259542,0.07633587786259542,0.15267175572519084,14.2,1,0
Richa Info,0.12569142050135343,0.08305647840531562,29.630000000000003,0.07633587786259542,0.07633587786259542,0.15267175572519084,18.67,0,0
Kizi Apparels,0.7086167800453514,0.35335689045936397,18.58,0.07627765064836003,0.07627765064836003,0.15255530129672007,17.189999999999998,0,0
Maan Aluminium,69.58823529411765,0.34602076124567477,20.41,0.07616146230007616,0.07616146230007616,0.15232292460015232,18.96,0,0
VMS Industries,0.5165367600589846,0.31545741324921134,18.27,0.076103500761035,0.076103500761035,0.15220700152207,16.35,0,0
Solitaire Mach.,1.5294117647058825,0.33222591362126247,21.04,0.07598784194528875,0.07598784194528875,0.1519756838905775,19.29,0,0
Onyx Biotec,6.5,0.36101083032490977,18.740000000000002,0.07598784194528875,0.07598784194528875,0.1519756838905775,17.259999999999998,0,0
Mangal Credit,5.480937251787132,0.11534025374855825,22.36,0.07593014426727411,0.07593014426727411,0.15186028853454822,16.439999999999998,0,0
Organic Recyclin,5.671428571428572,0.1984126984126984,25.480000000000004,0.07593014426727411,0.07593014426727411,0.15186028853454822,21.8,0,0
Three M Paper,6.75865294667914,0.4464285714285714,17.32,0.07587253414264036,0.07587253414264036,0.15174506828528073,16.759999999999998,0,0
Conart Engineers,0.001692047377326565,0.24330900243309006,22.119999999999997,0.0758150113722517,0.0758150113722517,0.1516300227445034,19.009999999999998,0,0
MANGALAM SEEDS,53.324074074074076,0.35714285714285715,20.259999999999998,0.0758150113722517,0.0758150113722517,0.1516300227445034,19.13,0,0
BEW Engg,1.9550526968381894,0.31347962382445144,20.279999999999998,0.0758150113722517,0.0758150113722517,0.1516300227445034,18.53,0,0
S D Retail,10.062745098039217,0.29154518950437314,20.169999999999998,0.07570022710068129,0.07570022710068129,0.15140045420136258,17.97,0,0
G S Auto Intl.,2.1676113360323885,0.5076142131979695,13.540000000000001,0.075642965204236,0.075642965204236,0.151285930408472,13.67,0,1
Capital Trust,3.9405405405405403,0.14367816091954022,17.44,0.0755287009063444,0.0755287009063444,0.1510574018126888,12.82,1,0
Excellent Wires,0.0,0.06640106241699867,34.57,0.0755287009063444,0.0755287009063444,0.1510574018126888,20.509999999999998,0,0
Rudra Global,15.583102493074794,0.43859649122807015,15.36,0.07547169811320754,0.07547169811320754,0.1509433962264151,15.81,1,0
Ducon Tech,3.4594317014720986,0.30120481927710846,18.55,0.07547169811320754,0.07547169811320754,0.1509433962264151,16.81,0,1
Rulka,0.700188560653677,0.35587188612099646,18.23,0.07547169811320754,0.07547169811320754,0.1509433962264151,16.73,0,0
Dutron Polymers,0.5063091482649842,0.14204545454545456,25.18,0.07541478129713423,0.07541478129713423,0.15082956259426847,19.25,0,0
Simran Farms,5.020491803278689,0.47619047619047616,15.479999999999999,0.07541478129713423,0.07541478129713423,0.15082956259426847,15.85,1,1
Vera Synthetic,0.004966887417218543,0.18348623853211007,24.64,0.07541478129713423,0.07541478129713423,0.15082956259426847,20.189999999999998,0,0
Arisinfra Solu.,2.5094254937163374,0.22075055187637974,17.05,0.07541478129713423,0.07541478129713423,0.15082956259426847,13.6,1,1
SRG Housing,5.172918710846101,0.33222591362126247,15.02,0.07524454477050414,0.07524454477050414,0.1504890895410083,15.459999999999999,1,0
Kalyani Forge,3.977222952255804,0.43859649122807015,16.48,0.07501875468867217,0.07501875468867217,0.15003750937734434,16.19,0,0
Rama Vision,5.455263157894737,0.373134328358209,18.16,0.07496251874062969,0.07496251874062969,0.14992503748125938,17.11,0,0
Tirupati Forge,3.7167883211678836,0.25,22.28,0.07479431563201197,0.07479431563201197,0.14958863126402394,19.49,0,1
Wardwizard Inno.,2.342477496785255,0.4504504504504505,13.86,0.07479431563201197,0.07479431563201197,0.14958863126402394,14.19,1,0
Usha Financial,1.8578452330055577,0.06954102920723226,28.52,0.07473841554559042,0.07473841554559042,0.14947683109118085,15.940000000000001,1,0
SBEC Sugar,4.230163196398425,0.9009009009009008,9.66,0.07462686567164178,0.07462686567164178,0.14925373134328357,9.790000000000001,0,0
Aristo Bio-Tech,3.147005444646098,0.4716981132075471,15.690000000000001,0.07451564828614009,0.07451564828614009,0.14903129657228018,15.41,0,0
ABans Enterprise,1.043536503683858,0.31446540880503143,17.71,0.07446016381236038,0.07446016381236038,0.14892032762472077,16.46,0,0
Suratwwala Busi.,11.368237347294938,0.2824858757062147,20.990000000000002,0.07446016381236038,0.07446016381236038,0.14892032762472077,19.24,0,0
Lehar Footwears,2.7390896292820273,0.4166666666666667,17.93,0.0744047619047619,0.0744047619047619,0.1488095238095238,16.99,0,0
V R Infraspace,0.7497333807323143,0.3048780487804878,17.330000000000002,0.0744047619047619,0.0744047619047619,0.1488095238095238,15.61,1,0
T.V. Today Netw.,0.13655273676482582,0.2304147465437788,22.34,0.07434944237918216,0.07434944237918216,0.14869888475836432,19.02,0,0
Dhruva Cap.Serv.,0.6280087527352297,0.8547008547008548,20.16,0.07429420505200594,0.07429420505200594,0.1485884101040119,20.19,0,1
D P Wires,0.04149298976885184,0.13531799729364005,26.77,0.07418397626112759,0.07418397626112759,0.14836795252225518,20.39,0,0
Paramount Specia,6.782945736434108,0.4016064257028112,18.03,0.07412898443291327,0.07412898443291327,0.14825796886582654,17.02,0,0
Gujarat Poly,9.504672897196262,0.5291005291005291,22.39,0.07407407407407407,0.07407407407407407,0.14814814814814814,22.2,0,0
Dar Credit & Cap,5.750270660411403,0.373134328358209,15.56,0.07401924500370097,0.07401924500370097,0.14803849000740193,15.46,0,0
DB Intl.Stock,2.28448275862069,0.31347962382445144,19.5,0.07390983000739099,0.07390983000739099,0.14781966001478197,17.35,0,0
Saroja Pharma In,4.883720930232558,0.4444444444444444,16.290000000000003,0.07369196757553427,0.07369196757553427,0.14738393515106854,15.690000000000001,1,0
Jayant Agro Org.,1.6085056311985206,0.32573289902280134,20.51,0.07358351729212656,0.07358351729212656,0.14716703458425312,18.77,0,0
Precot,3.2213563966432606,0.49504950495049505,16.27,0.07352941176470588,0.07352941176470588,0.14705882352941177,16.06,0,0
Retaggio Indust.,8.559523809523808,0.17667844522968199,23.659999999999997,0.07352941176470588,0.07352941176470588,0.14705882352941177,19.35,0,0
Emmessar Biotech,0.0,0.05837711617046118,32.3,0.07347538574577517,0.07347538574577517,0.14695077149155034,16.169999999999998,1,0
AVG Logistics,7.121181001283697,0.36764705882352944,17.78,0.07347538574577517,0.07347538574577517,0.14695077149155034,17.14,0,0
Cont. Securities,0.04216867469879518,0.8264462809917356,21.509999999999998,0.07342143906020558,0.07342143906020558,0.14684287812041116,21.31,0,0
Maheshwari Logi.,4.803009575923393,0.4484304932735426,15.619999999999997,0.07342143906020558,0.07342143906020558,0.14684287812041116,15.75,0,0
Rubfila Intl.,0.0,0.13020833333333334,27.15,0.07336757153338225,0.07336757153338225,0.1467351430667645,20.47,0,0
Virtuoso Optoel.,6.168549618320611,0.40322580645161293,16.19,0.07331378299120234,0.07331378299120234,0.14662756598240467,15.290000000000001,0,0
Tyche Industries,0.0,0.1589825119236884,26.740000000000002,0.07315288953913679,0.07315288953913679,0.14630577907827358,21.45,0,0
Gilada Finance,2.4160401002506267,0.3424657534246575,20.37,0.07304601899196494,0.07304601899196494,0.1460920379839299,18.83,0,0
Magadh Sugar,2.337870581527936,0.4694835680751174,20.029999999999998,0.07299270072992702,0.07299270072992702,0.14598540145985403,19.31,0,0
Enbee Trade,1.1851688369013462,0.970873786407767,17.02,0.07293946024799416,0.07293946024799416,0.14587892049598833,17.630000000000003,0,0
Zuari Agro Chem.,1.184654711495307,0.5524861878453039,17.860000000000003,0.07293946024799416,0.07293946024799416,0.14587892049598833,17.29,0,0
Grob Tea Co,0.87,0.25252525252525254,23.78,0.07293946024799416,0.07293946024799416,0.14587892049598833,20.96,0,1
Tejnaksh Health.,0.7898550724637682,0.22026431718061673,23.44,0.07293946024799416,0.07293946024799416,0.14587892049598833,19.94,0,0
Suraj,4.384615384615385,0.41152263374485604,20.1,0.07283321194464676,0.07283321194464676,0.14566642388929352,18.990000000000002,0,1
Comfort Comtrade,0.9060913705583756,0.1183431952662722,26.470000000000002,0.07283321194464676,0.07283321194464676,0.14566642388929352,19.08,0,1
Manomay Tex Indi,71.87766990291261,0.41493775933609955,15.010000000000002,0.07278020378457059,0.07278020378457059,0.14556040756914118,15.940000000000001,0,0
Jay Ushin,5.334619093539056,0.5128205128205129,15.899999999999999,0.07267441860465117,0.07267441860465117,0.14534883720930233,15.809999999999999,0,0
Metal Coatings,0.0,0.19047619047619047,21.71,0.07267441860465117,0.07267441860465117,0.14534883720930233,17.46,0,0
Sharma E I Hosp.,0.6736020806241871,0.4807692307692307,17.650000000000002,0.07262164124909223,0.07262164124909223,0.14524328249818447,16.97,0,1
Alkosign,7.248648648648649,0.31446540880503143,21.950000000000003,0.07256894049346879,0.07256894049346879,0.14513788098693758,20.169999999999998,0,0
Vinny Overseas,0.8674242424242424,0.29850746268656714,21.139999999999997,0.07251631617113852,0.07251631617113852,0.14503263234227703,18.96,0,0
LWS Knitwear,1.1449180327868853,0.24937655860349128,20.62,0.0723589001447178,0.0723589001447178,0.1447178002894356,18.17,0,0
Quest Flow,3.7012750455373404,0.18975332068311196,24.01,0.0723589001447178,0.0723589001447178,0.1447178002894356,19.98,0,1
Salzer Electron.,26.495,0.42016806722689076,18.29,0.07225433526011561,0.07225433526011561,0.14450867052023122,17.77,0,0
Expo Engineering,4.969040247678019,0.35211267605633806,17.82,0.07225433526011561,0.07225433526011561,0.14450867052023122,16.8,0,0
AVT Natural Prod,2.990149253731343,0.2717391304347826,22.499999999999996,0.07225433526011561,0.07225433526011561,0.14450867052023122,20.009999999999998,0,0
Annapurna Swadi.,6.727326615293421,0.40322580645161293,19.66,0.07225433526011561,0.07225433526011561,0.14450867052023122,18.54,0,0
EMA Partners,0.05865102639296188,0.05991611743559018,37.00000000000001,0.07225433526011561,0.07225433526011561,0.14450867052023122,21.32,0,0
Kapston Services,19.52227171492205,0.4184100418410042,19.57,0.07220216606498195,0.07220216606498195,0.1444043321299639,19.9,0,0
W H Brady,8.370370370370368,0.23809523809523808,25.63,0.07215007215007216,0.07215007215007216,0.14430014430014432,22.54,0,0
Best Agrolife,1.901204398673416,0.41152263374485604,17.28,0.07215007215007216,0.07215007215007216,0.14430014430014432,16.39,0,0
Lactose (India),41.97674418604651,0.4424778761061947,17.639999999999997,0.07209805335255949,0.07209805335255949,0.14419610670511898,17.25,0,0
M K Proteins,0.11558669001751314,0.06165228113440198,35.18,0.07209805335255949,0.07209805335255949,0.14419610670511898,19.99,0,0
Kretto Syscon,0.23543123543123542,0.1392757660167131,28.319999999999997,0.07204610951008646,0.07204610951008646,0.1440922190201729,22.15,0,0
Modi's Navnirman,0.051387461459403906,0.2469135802469136,22.91,0.07204610951008646,0.07204610951008646,0.1440922190201729,19.87,0,0
Rajputana Invest,0.0,0.07173601147776183,34.69,0.07199424046076314,0.07199424046076314,0.14398848092152627,21.75,0,0
Zenith Drugs,8.01854714064915,0.41152263374485604,18.560000000000002,0.07194244604316546,0.07194244604316546,0.14388489208633093,17.85,0,0
Manglam Infra,0.13710050949513664,0.1858736059479554,23.180000000000003,0.07194244604316546,0.07194244604316546,0.14388489208633093,18.86,0,0
PVV Infra Ltd,0.24578220858895708,0.33444816053511706,21.71,0.07189072609633357,0.07189072609633357,0.14378145219266714,19.82,0,0
Latteys Industri,0.7148014440433212,0.38314176245210724,17.959999999999997,0.07189072609633357,0.07189072609633357,0.14378145219266714,16.72,0,0
Adtech Systems,0.0,0.15503875968992248,26.29,0.07183908045977011,0.07183908045977011,0.14367816091954022,20.84,0,1
Balaxi Pharma,1.57,0.20161290322580647,25.52,0.07168458781362008,0.07168458781362008,0.14336917562724016,21.799999999999997,0,0
Kandarp Digi,2.270718232044199,0.3225806451612903,20.73,0.07163323782234957,0.07163323782234957,0.14326647564469913,18.830000000000002,0,0
Techera Enginee.,4.5256410256410255,0.42372881355932196,19.23,0.07158196134574087,0.07158196134574087,0.14316392269148173,18.35,0,0
Upsurge Seeds,19.292452830188676,0.3105590062111801,22.060000000000002,0.07153075822603719,0.07153075822603719,0.14306151645207438,20.560000000000002,0,0
Balurghat Tech,2.4989429175475686,0.39525691699604737,18.8,0.07147962830593281,0.07147962830593281,0.14295925661186562,18.71,0,0
Gennex Lab.,7.494915254237288,0.21413276231263384,23.779999999999998,0.07137758743754462,0.07137758743754462,0.14275517487508924,20.52,0,0
AastamangalamFin,1.45682933872365,0.07485029940119761,32.92999999999999,0.07132667617689016,0.07132667617689016,0.14265335235378032,21.21,0,0
Unison Metals,7.256713211600429,0.4273504273504274,15.790000000000001,0.07127583749109052,0.07127583749109052,0.14255167498218105,15.37,0,0
Kotyark Indust.,2.5281954887218046,0.27932960893854747,21.28,0.07127583749109052,0.07127583749109052,0.14255167498218105,19.24,0,0
Panache Digilife,1.9760348583877998,0.3225806451612903,20.23,0.07117437722419928,0.07117437722419928,0.14234875444839856,18.51,0,0
Narmada Agrobase,0.6219728292971057,0.16181229773462785,26.71,0.07117437722419928,0.07117437722419928,0.14234875444839856,21.71,0,0
Jainam Ferro,0.652317880794702,0.17543859649122806,24.41,0.07117437722419928,0.07117437722419928,0.14234875444839856,19.72,0,0
Emerald Tyre,26.24827586206897,0.38314176245210724,18.32,0.07117437722419928,0.07117437722419928,0.14234875444839856,17.630000000000003,0,0
Adit.Birla Money,13.84748427672956,0.36764705882352944,11.44,0.07112375533428164,0.07112375533428164,0.14224751066856328,16.3,1,1
Sharp Chucks and,9.288295365278868,0.45248868778280543,16.490000000000002,0.07112375533428164,0.07112375533428164,0.14224751066856328,16.6,1,0
SKM Egg Prod.,2.598459679855029,0.31347962382445144,21.86,0.0710732054015636,0.0710732054015636,0.1421464108031272,20.18,0,0
Manba Finance,4.530163914222332,0.06093845216331505,27.8,0.0710732054015636,0.0710732054015636,0.1421464108031272,16.17,1,1
Aritas Vinyl,4.021739130434782,0.4273504273504274,17.580000000000002,0.07102272727272728,0.07102272727272728,0.14204545454545456,17.9,0,0
Subam Papers,6.81280048076923,0.41493775933609955,18.97,0.07097232079488999,0.07097232079488999,0.14194464158977999,18.240000000000002,0,0
Prima Plastics,8.671081677704196,0.29940119760479045,23.09,0.07092198581560284,0.07092198581560284,0.14184397163120568,20.95,0,0
Sarveshwar Foods,16.84879288437103,0.3717472118959108,17.43,0.07072135785007072,0.07072135785007072,0.14144271570014144,16.310000000000002,0,0
Lead Reclaim,6.4,0.390625,19.810000000000002,0.0706713780918728,0.0706713780918728,0.1413427561837456,19.25,0,0
Indogulf Cropsci,16.00235849056604,0.36496350364963503,19.52,0.0706713780918728,0.0706713780918728,0.1413427561837456,18.240000000000002,0,0
Western Carriers,52.31436314363143,0.23364485981308414,23.22,0.07062146892655367,0.07062146892655367,0.14124293785310735,20.17,0,0
Duncan Engg.,0.5721784776902887,0.20790020790020788,24.18,0.07052186177715092,0.07052186177715092,0.14104372355430184,20.439999999999998,0,0
IST,0.12002807674309779,0.13774104683195593,28.979999999999997,0.07047216349541931,0.07047216349541931,0.14094432699083861,22.72,0,0
Choksi Asia,0.7855297157622739,0.16556291390728478,25.130000000000003,0.07042253521126761,0.07042253521126761,0.14084507042253522,20.169999999999998,0,0
Worth Peripheral,0.8479427549194992,0.1680672268907563,26.0,0.07042253521126761,0.07042253521126761,0.14084507042253522,21.15,0,0
Samrat Pharma,0.9873760144274121,0.3508771929824561,20.580000000000002,0.07037297677691766,0.07037297677691766,0.14074595355383532,18.880000000000003,0,1
Shree TirupatiBa,5.2610909090909095,0.32679738562091504,20.340000000000003,0.07037297677691766,0.07037297677691766,0.14074595355383532,19.0,0,1
BCL Industries,10.315732087227413,0.3802281368821293,21.25,0.0702247191011236,0.0702247191011236,0.1404494382022472,20.4,0,0
HCP Plastene,10.271889400921658,0.46511627906976744,16.53,0.0702247191011236,0.0702247191011236,0.1404494382022472,18.34,0,0
Sizemasters Tech,2.4285714285714284,0.2976190476190476,22.89,0.0702247191011236,0.0702247191011236,0.1404494382022472,20.73,0,0
Moksh Ornaments,1.3989169675090254,0.2053388090349076,23.52,0.0700770847932726,0.0700770847932726,0.1401541695865452,19.96,0,0
Khandelwal Extra,0.0,0.1811594202898551,26.0,0.06997900629811057,0.06997900629811057,0.13995801259622115,21.479999999999997,0,0
Creative Casting,0.01875,0.15723270440251572,26.42,0.06988120195667365,0.06988120195667365,0.1397624039133473,21.060000000000002,0,0
Transglobe Foods,0.5686274509803921,0.18761726078799248,1.2000000000000013,0.06978367062107467,0.06978367062107467,0.13956734124214934,-2.889999999999999,1,1
Healthy Life,1.1674418604651162,0.4329004329004329,22.03,0.0697350069735007,0.0697350069735007,0.1394700139470014,20.93,0,1
Barflex Polyfilm,1.2026768642447419,0.10989010989010989,30.62,0.0697350069735007,0.0697350069735007,0.1394700139470014,22.59,0,0
Scan Projects,0.024813895781637722,0.22624434389140272,24.609999999999996,0.06968641114982578,0.06968641114982578,0.13937282229965156,21.2,0,0
Kataria Indust.,0.36093143596377747,0.14388489208633093,27.51,0.06958942240779402,0.06958942240779402,0.13917884481558804,21.58,0,0
Aditya Ultra,1.9917832556073727,0.39370078740157477,19.430000000000003,0.06954102920723226,0.06954102920723226,0.13908205841446453,18.79,0,0
Nalin Lease Fin.,1.495049504950495,0.18083182640144665,27.220000000000002,0.06934812760055478,0.06934812760055478,0.13869625520110956,22.85,0,0
Sonam,1.7228070175438597,0.39370078740157477,21.56,0.0693000693000693,0.0693000693000693,0.1386001386001386,20.32,0,0
Resourceful Auto,3.0194647201946476,0.1019367991845056,27.43,0.0693000693000693,0.0693000693000693,0.1386001386001386,19.35,0,0
Indbank Merchant,2.833333333333333,0.16260162601626016,26.1,0.06925207756232687,0.06925207756232687,0.13850415512465375,20.98,0,0
Artefact Project,0.6763236763236763,0.3717472118959108,22.220000000000002,0.06920415224913495,0.06920415224913495,0.1384083044982699,20.73,0,0
Sadhav Shipping,1.7365022421524665,0.42016806722689076,19.39,0.06920415224913495,0.06920415224913495,0.1384083044982699,18.939999999999998,0,0
Sharanam Infra,0.024185283869645417,0.3067484662576687,25.290000000000003,0.06915629322268325,0.06915629322268325,0.1383125864453665,23.05,0,0
D & H India,20.12874251497006,0.41493775933609955,18.15,0.0691085003455425,0.0691085003455425,0.138217000691085,18.09,0,0
Guj. Inject(Ker),0.0,0.17452006980802792,28.090000000000003,0.06906077348066299,0.06906077348066299,0.13812154696132597,23.36,0,0
Ovobel Foods,5.0,0.2680965147453083,23.84,0.06901311249137336,0.06901311249137336,0.13802622498274672,21.36,0,0
K K Silk Mills,7.084245076586432,0.4484304932735426,16.889999999999997,0.06896551724137931,0.06896551724137931,0.13793103448275862,17.17,0,0
Donear Inds.,258.01298701298697,0.4291845493562232,17.540000000000003,0.06891798759476224,0.06891798759476224,0.13783597518952448,17.77,0,0
Sejal Glass,33.9089552238806,0.44052863436123346,14.97,0.06882312456985547,0.06882312456985547,0.13764624913971094,17.799999999999997,0,0
Garg Furnace,0.28125000000000006,0.23980815347721823,27.649999999999995,0.06877579092159561,0.06877579092159561,0.13755158184319122,24.49,0,0
AMJ Land Holdin.,0.0,0.18348623853211007,25.36,0.06877579092159561,0.06877579092159561,0.13755158184319122,20.91,0,1
Abhishek Integr.,4.140186915887851,0.35335689045936397,20.18,0.06877579092159561,0.06877579092159561,0.13755158184319122,19.189999999999998,0,0
Ashnoor Textile,3.645569620253165,0.3105590062111801,22.439999999999998,0.06863417982155114,0.06863417982155114,0.13726835964310227,20.75,0,0
Radaan Media.,1.4203821656050957,0.8333333333333334,14.5,0.06863417982155114,0.06863417982155114,0.13726835964310227,14.540000000000001,0,0
HP Adhesives,0.19906542056074766,0.21645021645021645,25.33,0.06863417982155114,0.06863417982155114,0.13726835964310227,21.72,0,0
Regent Enterp.,1.5227272727272725,0.32573289902280134,21.19,0.06854009595613433,0.06854009595613433,0.13708019191226867,19.16,0,0
Mehai Technology,29.212962962962962,0.36900369003690037,23.27,0.06839945280437756,0.06839945280437756,0.13679890560875513,21.79,0,0
Raasi Refractor,14.642201834862387,0.49504950495049505,14.59,0.06835269993164729,0.06835269993164729,0.13670539986329458,13.81,1,0
Shigan Quantum,4.329842931937173,0.3246753246753247,20.270000000000003,0.06835269993164729,0.06835269993164729,0.13670539986329458,18.8,0,0
Unilex Colour &C,5.355555555555556,0.2570694087403599,22.95,0.06835269993164729,0.06835269993164729,0.13670539986329458,20.19,0,0
Swasth Foodtech,4.439759036144578,0.41152263374485604,19.61,0.06835269993164729,0.06835269993164729,0.13670539986329458,19.3,0,0
Panch.Organics,0.8219461697722568,0.23148148148148145,25.490000000000002,0.06830601092896174,0.06830601092896174,0.13661202185792348,22.200000000000003,0,0
BMW Ventures,8.998048018739022,0.39370078740157477,19.07,0.06830601092896174,0.06830601092896174,0.13661202185792348,18.6,0,0
Riddhi Corporate,1.1304801670146138,0.36496350364963503,21.74,0.06825938566552901,0.06825938566552901,0.13651877133105803,20.59,0,0
Radiowalla,0.5798319327731092,0.19379844961240308,22.22,0.06825938566552901,0.06825938566552901,0.13651877133105803,18.130000000000003,0,0
Suyog Telematics,3.2599222869830693,0.3424657534246575,21.950000000000003,0.0681663258350375,0.0681663258350375,0.136332651670075,20.57,0,1
Vippy Spinpro,1.3468646864686469,0.35335689045936397,23.259999999999998,0.0681198910081744,0.0681198910081744,0.1362397820163488,21.86,0,0
Raj Oil Mills,23.453125,0.628930817610063,-39.5,0.06798096532970768,0.06798096532970768,0.13596193065941536,19.950000000000003,0,0
Laxmi India Fin.,3.5750016012297445,0.05293806246691371,32.03,0.06798096532970768,0.06798096532970768,0.13596193065941536,16.71,1,0
Signet Industrie,24.54181600955794,0.4329004329004329,15.22,0.06793478260869565,0.06793478260869565,0.1358695652173913,15.65,0,0
DCM Shriram Inds,1.9767000458145167,0.4098360655737705,19.310000000000002,0.06788866259334692,0.06788866259334692,0.13577732518669383,18.2,0,0
Patels Airtemp,2.248107448107448,0.32894736842105265,20.09,0.06775067750677508,0.06775067750677508,0.13550135501355015,18.62,0,0
Aeroflex Enter.,0.3277639530750089,0.2032520325203252,26.03,0.06775067750677508,0.06775067750677508,0.13550135501355015,22.17,0,0
A2Z Infra Engg.,1.6536859264625974,0.5586592178770949,13.049999999999999,0.06765899864682003,0.06765899864682003,0.13531799729364005,14.33,0,1
Ashapuri Gold,0.00517147523135547,0.05770340450086556,39.79,0.06765899864682003,0.06765899864682003,0.13531799729364005,23.46,0,0
Sattva Sukun,0.6306306306306305,0.4098360655737705,25.15,0.0676132521974307,0.0676132521974307,0.1352265043948614,23.729999999999997,0,1
Sri Ramakr. Mill,25.578125,0.5128205128205129,18.299999999999997,0.06752194463200539,0.06752194463200539,0.13504388926401079,18.95,0,0
Medico Intercon.,8.081381011097411,0.37735849056603776,21.79,0.06747638326585695,0.06747638326585695,0.1349527665317139,21.51,0,0
Technichem Org.,1.8092269326683292,0.35842293906810035,22.000000000000004,0.06747638326585695,0.06747638326585695,0.1349527665317139,20.52,0,0
Shanti Spintex,0.11793746571585298,0.3125,21.53,0.06720430107526881,0.06720430107526881,0.13440860215053763,19.35,0,1
Supreme Facility,7.352622061482822,0.35714285714285715,18.55,0.06720430107526881,0.06720430107526881,0.13440860215053763,18.060000000000002,0,0
Denis Chem Lab,0.6096256684491979,0.29673590504451036,23.46,0.0671591672263264,0.0671591672263264,0.1343183344526528,21.18,0,0
Paramatrix Tech.,3.7547169811320753,0.09398496240601503,33.58,0.0671591672263264,0.0671591672263264,0.1343183344526528,24.16,0,0
Aptech,0.647867298578199,0.3367003367003367,20.71,0.06702412868632708,0.06702412868632708,0.13404825737265416,18.8,0,0
Seshachal Tech.,0.0,0.46511627906976744,16.66,0.06697923643670463,0.06697923643670463,0.13395847287340926,15.51,1,0
Esprit Stones,7.566280566280566,0.42194092827004215,20.75,0.06693440428380187,0.06693440428380187,0.13386880856760375,19.83,0,0
Ashapura Logi.,3.365410803449841,0.36900369003690037,22.380000000000003,0.06693440428380187,0.06693440428380187,0.13386880856760375,21.21,0,0
Parnax Lab,2.0696696696696697,0.5376344086021506,20.23,0.0668002672010688,0.0668002672010688,0.1336005344021376,20.14,0,0
Jaysynth Orgo,6.380627557980901,0.1972386587771203,25.320000000000004,0.06675567423230974,0.06675567423230974,0.13351134846461948,21.630000000000003,0,0
VMS TMT,15.804646251319955,0.38759689922480617,18.51,0.06675567423230974,0.06675567423230974,0.13351134846461948,18.22,0,0
Sadbhav Infra.,5.07971599426717,0.5780346820809249,15.28,0.06662225183211193,0.06662225183211193,0.13324450366422386,14.79,0,0
Pyramid Technopl,3.8983615662316025,0.36900369003690037,23.03,0.06653359946773121,0.06653359946773121,0.13306719893546243,21.86,0,1
Sharda Ispat,2.838602329450915,0.29673590504451036,24.52,0.06648936170212766,0.06648936170212766,0.13297872340425532,22.72,0,0
Focus Lighting,0.3805680119581465,0.2717391304347826,24.39,0.06644518272425248,0.06644518272425248,0.13289036544850497,21.8,0,0
Veekayem Fash.,27.993181818181817,0.4366812227074236,17.470000000000002,0.06644518272425248,0.06644518272425248,0.13289036544850497,18.27,0,0
Labelkraft Tech.,0.8689655172413794,0.2881844380403458,24.8,0.06640106241699867,0.06640106241699867,0.13280212483399734,22.53,0,0
DMCC Speciality,1.0143589743589745,0.4347826086956522,20.959999999999997,0.06631299734748011,0.06631299734748011,0.13262599469496023,19.83,0,0
Simm. Marshall,4.314367816091954,0.4,19.23,0.06626905235255136,0.06626905235255136,0.13253810470510272,19.240000000000002,0,0
Shankar Lal Ram.,1.2958057395143487,0.1264222503160556,30.570000000000004,0.06626905235255136,0.06626905235255136,0.13253810470510272,23.810000000000002,0,0
Haz.Multi Proj.,2.6051155792641225,0.2808988764044944,20.12,0.06618133686300463,0.06618133686300463,0.13236267372600927,18.35,0,0
RKEC Projects,15.670178282009726,0.4166666666666667,18.599999999999998,0.06618133686300463,0.06618133686300463,0.13236267372600927,18.119999999999997,0,0
Hariom Pipe,5.24802210222278,0.4016064257028112,20.84,0.06618133686300463,0.06618133686300463,0.13236267372600927,20.04,0,0
Mohini Health,1.1898652982681206,0.33222591362126247,22.48,0.06613756613756615,0.06613756613756615,0.1322751322751323,20.84,0,0
Sterling Tools,1.3411226210551674,0.3436426116838488,23.490000000000002,0.06609385327164573,0.06609385327164573,0.13218770654329146,21.9,0,0
Trishakti Indus,9.905908096280088,0.3891050583657587,22.810000000000002,0.066006600660066,0.066006600660066,0.132013201320132,22.490000000000002,0,0
Uday Jewellery,1.3718220338983051,0.18348623853211007,27.34,0.066006600660066,0.066006600660066,0.132013201320132,23.09,0,0
Qgo Finance,14.487684729064041,0.010799136069114472,104.28,0.06596306068601583,0.06596306068601583,0.13192612137203166,17.2,0,0
Naman Industries Proxima,1.7942857142857143,0.2645502645502646,22.52,0.06591957811470006,0.06591957811470006,0.13183915622940012,19.98,0,0
Epic Energy,0.0,0.2976190476190476,30.71,0.06583278472679395,0.06583278472679395,0.1316655694535879,28.35,0,0
Chemtech Indust.,0.0,0.08025682182985554,34.69,0.06583278472679395,0.06583278472679395,0.1316655694535879,23.229999999999997,0,0
ABS Marine,7.642405752887338,0.35211267605633806,23.51,0.06578947368421052,0.06578947368421052,0.13157894736842105,23.009999999999998,0,0
Autoline Industr,3.9566770879857076,0.5714285714285714,16.62,0.06574621959237344,0.06574621959237344,0.13149243918474687,17.41,0,0
Consecutive Commodities,0.0091324200913242,0.04938271604938271,46.14,0.0657030223390276,0.0657030223390276,0.1314060446780552,26.89,0,0
Anya Polytech &,1.2992171090318887,0.37878787878787884,20.720000000000002,0.0657030223390276,0.0657030223390276,0.1314060446780552,19.8,0,0
Shree Karni,11.097368421052632,0.4694835680751174,22.39,0.06565988181221273,0.06565988181221273,0.13131976362442546,22.05,0,0
Optimus Finance,2.3527272727272726,0.1984126984126984,25.659999999999997,0.06561679790026247,0.06561679790026247,0.13123359580052493,22.04,0,0
Mauria Udyog,1.3280785246876858,0.5464480874316939,14.84,0.06557377049180328,0.06557377049180328,0.13114754098360656,16.72,0,0
EP Biocomposites,2.476510067114094,0.18214936247723132,24.919999999999998,0.06544502617801047,0.06544502617801047,0.13089005235602094,20.78,0,0
Kahan Packaging,3.1687763713080166,0.4566210045662101,20.240000000000002,0.06544502617801047,0.06544502617801047,0.13089005235602094,19.77,0,0
Logica Infoway,13.90421052631579,0.41493775933609955,18.660000000000004,0.06535947712418301,0.06535947712418301,0.13071895424836602,18.65,0,0
Ratnaveer Precis,2.231001772125508,0.390625,22.77,0.06535947712418301,0.06535947712418301,0.13071895424836602,21.72,0,0
Felix Industries,0.6151832460732984,0.27322404371584696,24.930000000000003,0.06531678641410843,0.06531678641410843,0.13063357282821686,22.4,0,0
MMP Industries,2.9955009517217515,0.4484304932735426,22.98,0.06527415143603132,0.06527415143603132,0.13054830287206265,22.29,0,0
Gensol Engineer.,13.842986881937437,0.44052863436123346,16.43,0.06523157208088715,0.06523157208088715,0.1304631441617743,17.490000000000002,1,0
Veljan Denison,0.46229130685089226,0.14970059880239522,29.21,0.0651890482398957,0.0651890482398957,0.1303780964797914,23.560000000000002,0,0
Prolife Indust.,0.20300751879699247,0.35714285714285715,25.029999999999998,0.06514657980456026,0.06514657980456026,0.13029315960912052,23.240000000000002,0,0
Empire Inds.,1.953191945158526,0.4,19.94,0.06510416666666667,0.06510416666666667,0.13020833333333334,19.0,0,0
Canarys Automa.,2.7917525773195875,0.273972602739726,24.229999999999997,0.06510416666666667,0.06510416666666667,0.13020833333333334,21.72,0,0
Agro Phos India,5.770601336302895,0.39840637450199207,19.46,0.06506180871828238,0.06506180871828238,0.13012361743656475,18.33,0,0
Ascom Leasing &,2.428571428571429,0.09871668311944717,32.82,0.06506180871828238,0.06506180871828238,0.13012361743656475,23.759999999999998,0,0
Remsons Ind,4.467755803955288,0.43103448275862066,21.130000000000003,0.06501950585175552,0.06501950585175552,0.13003901170351104,20.580000000000002,0,0
Cospower Engine.,6.415697674418605,0.39370078740157477,18.25,0.0649772579597141,0.0649772579597141,0.1299545159194282,17.79,0,0
Akme Fintrade,2.1608085345311623,0.06238303181534622,34.449999999999996,0.06493506493506493,0.06493506493506493,0.12987012987012986,20.380000000000003,0,0
Mallcom (India),42.63333333333333,0.3861003861003861,24.01,0.06489292667099286,0.06489292667099286,0.12978585334198572,22.79,0,0
Balgopal Commer.,1.2109275730622617,0.2777777777777778,27.43,0.0648508430609598,0.0648508430609598,0.1297016861219196,24.990000000000002,0,0
Apis India,6.800291545189504,0.2717391304347826,25.679999999999996,0.06480881399870382,0.06480881399870382,0.12961762799740764,23.259999999999998,0,0
Mangalam World.,2.5397513402532224,0.42016806722689076,20.35,0.06472491909385114,0.06472491909385114,0.12944983818770228,19.799999999999997,0,0
Shiv Texchem,3.6851820201674927,0.3861003861003861,19.590000000000003,0.0646830530401035,0.0646830530401035,0.129366106080207,19.150000000000002,0,0
Sheel Bio.,2.650342801175318,0.22026431718061673,27.18,0.06459948320413436,0.06459948320413436,0.12919896640826872,23.96,0,0
Talbros Engg.,3.6595143986448333,0.4694835680751174,21.259999999999998,0.06447453255963895,0.06447453255963895,0.1289490651192779,20.91,0,1
Helpage Finlease,5.570893191755154,0.5952380952380952,12.059999999999999,0.06447453255963895,0.06447453255963895,0.1289490651192779,16.31,0,0
Jungle Camps,0.611842105263158,0.17152658662092624,28.509999999999998,0.06447453255963895,0.06447453255963895,0.1289490651192779,23.75,0,0
Hawa Engineers,2.914893617021277,0.3663003663003663,17.74,0.06430868167202572,0.06430868167202572,0.12861736334405144,17.060000000000002,0,1
Vishwas Agri,3.9989816700611,0.3891050583657587,21.93,0.06430868167202572,0.06430868167202572,0.12861736334405144,21.12,0,0
Shri Venkatesh,109.84360189573458,0.4098360655737705,20.25,0.06422607578676942,0.06422607578676942,0.12845215157353884,20.92,0,0
Infinium Pharma,0.0,0.25641025641025644,24.35,0.06418485237483953,0.06418485237483953,0.12836970474967907,21.45,0,0
Omfurn India,1.290625,0.29069767441860467,24.09,0.06414368184733804,0.06414368184733804,0.12828736369467608,21.78,0,0
CSL Finance,4.600438697760333,0.09842519685039369,28.88,0.06406149903907751,0.06406149903907751,0.12812299807815503,21.09,0,0
Winsome Textile,2.782341987074159,0.4424778761061947,18.43,0.06406149903907751,0.06406149903907751,0.12812299807815503,17.97,0,0
Zeal Aqua,6.7744382022471905,0.4081632653061224,16.75,0.06389776357827476,0.06389776357827476,0.12779552715654952,17.87,0,0
Oceanic Foods,4.412541254125412,0.4,21.45,0.06381620931716656,0.06381620931716656,0.1276324186343331,20.91,0,0
Prospect Consum.,2.9591346153846154,0.2544529262086514,25.85,0.06381620931716656,0.06381620931716656,0.1276324186343331,23.380000000000003,0,0
Jasch Industries,3.5581395348837215,0.35211267605633806,23.78,0.06377551020408163,0.06377551020408163,0.12755102040816327,22.41,0,0
Voith Paper,0.007346189164370982,0.10526315789473684,32.95,0.06377551020408163,0.06377551020408163,0.12755102040816327,24.45,0,1
Vertoz,1.9388185654008436,0.2747252747252747,27.89,0.06377551020408163,0.06377551020408163,0.12755102040816327,25.33,0,0
AJC Jewel,4.790697674418605,0.4016064257028112,21.59,0.06377551020408163,0.06377551020408163,0.12755102040816327,21.36,0,0
Rishi Laser,2.4913705583756345,0.43103448275862066,23.910000000000004,0.06373486297004462,0.06373486297004462,0.12746972594008923,22.92,0,0
Apollo Finvest,0.8099204846648996,0.7352941176470589,22.84,0.06373486297004462,0.06373486297004462,0.12746972594008923,22.78,0,0
AD Manum Finance,5.113333333333333,0.25380710659898476,27.81,0.06361323155216285,0.06361323155216285,0.1272264631043257,24.96,0,0
Osia Hyper Reta.,0.7366079142906514,0.21929824561403508,20.700000000000003,0.06361323155216285,0.06361323155216285,0.1272264631043257,17.54,1,0
Global Pet Indus,0.0,0.2463054187192118,26.740000000000002,0.06357279084551812,0.06357279084551812,0.12714558169103624,23.68,0,0
Diffusion Eng,2.2941787941787943,0.19379844961240308,28.060000000000002,0.06357279084551812,0.06357279084551812,0.12714558169103624,23.96,0,0
Ritco Logistics,21.843896713615027,0.35714285714285715,22.84,0.06353240152477764,0.06353240152477764,0.12706480304955528,22.11,0,0
KN Agri Resource,13.136986301369864,0.1669449081803005,27.88,0.06349206349206349,0.06349206349206349,0.12698412698412698,23.02,0,0
Enfuse Solutions,5.344569288389513,0.4807692307692307,20.39,0.06345177664974619,0.06345177664974619,0.12690355329949238,20.39,0,0
Durlax Top,6.746786632390745,0.38314176245210724,22.32,0.06345177664974619,0.06345177664974619,0.12690355329949238,21.57,0,0
Jullundur Motor,0.0,0.18832391713747648,26.92,0.06329113924050632,0.06329113924050632,0.12658227848101264,22.61,0,0
Amanta Healthcar,3.9029819403611934,0.33003300330033003,18.830000000000002,0.06329113924050632,0.06329113924050632,0.12658227848101264,17.68,0,0
Krishival Foods,0.5799915576192486,0.20833333333333334,27.3,0.06325110689437065,0.06325110689437065,0.1265022137887413,23.69,0,0
Wim Plast,0.0,0.04424778761061947,47.010000000000005,0.06309148264984227,0.06309148264984227,0.12618296529968454,25.41,0,0
Sr.Rayala.Hypo,0.14287323943661973,0.08726003490401396,34.99,0.06305170239596469,0.06305170239596469,0.12610340479192939,24.54,0,0
Surbhi Industrie,2.5507692307692307,0.4672897196261683,24.540000000000003,0.06305170239596469,0.06305170239596469,0.12610340479192939,24.78,0,0
First Custodian,0.017605633802816902,0.05455537370430988,43.61,0.06301197227473221,0.06301197227473221,0.12602394454946442,26.28,0,0
OCCL,1.0631534331732126,0.35587188612099646,24.560000000000002,0.06289308176100629,0.06289308176100629,0.12578616352201258,22.93,0,0
Sarla Performanc,2.6504731861198736,0.4444444444444444,24.92,0.06281407035175879,0.06281407035175879,0.12562814070351758,24.0,0,0
F Mec Intl. Fin.,0.9365537130497478,0.32894736842105265,23.72,0.06281407035175879,0.06281407035175879,0.12562814070351758,22.57,0,0
Rudrabhish. Ent.,1.7556053811659191,0.2645502645502646,24.68,0.06281407035175879,0.06281407035175879,0.12562814070351758,22.05,0,0
Popular Found.,0.9561855670103093,0.273972602739726,22.869999999999997,0.06281407035175879,0.06281407035175879,0.12562814070351758,20.48,0,0
Sunshield Chem.,1.7895059207839936,0.5649717514124294,20.360000000000003,0.06277463904582549,0.06277463904582549,0.12554927809165098,20.4,0,0
NDA Securities,1.3653846153846152,0.25839793281653745,25.2,0.06265664160401002,0.06265664160401002,0.12531328320802004,22.450000000000003,0,0
Meera Industries,1.2043343653250775,0.34965034965034963,26.33,0.06265664160401002,0.06265664160401002,0.12531328320802004,24.73,0,0
New Swan,14.869888475836431,0.3802281368821293,22.76,0.06265664160401002,0.06265664160401002,0.12531328320802004,21.6,0,0
Gujarat Hotels,0.0,0.01427959445951735,94.78,0.0625782227784731,0.0625782227784731,0.1251564455569462,25.75,0,0
Innovators,11.456521739130434,0.37735849056603776,22.13,0.0625,0.0625,0.125,20.8,0,0
Jay Jalaram Tech,1.1379414428010866,0.3184713375796178,20.32,0.0625,0.0625,0.125,18.71,1,1
Raaj Medisafe,47.8532110091743,0.5376344086021506,25.189999999999998,0.062421972534332085,0.062421972534332085,0.12484394506866417,26.119999999999997,0,0
India Finsec,8.457277946639648,0.26525198938992045,21.17,0.062421972534332085,0.062421972534332085,0.12484394506866417,20.46,0,0
Shalibhadra Fin.,1.4280100035727046,0.32894736842105265,25.869999999999997,0.06238303181534622,0.06238303181534622,0.12476606363069244,24.08,0,0
Jupiter Info.,0.00966183574879227,0.009221689413500553,133.51999999999998,0.06238303181534622,0.06238303181534622,0.12476606363069244,26.08,0,1
Concord Enviro,28.76521739130435,0.3246753246753247,23.8,0.06234413965087282,0.06234413965087282,0.12468827930174564,22.02,0,0
Raunaq Intl.,1.548223350253807,0.4132231404958678,24.259999999999998,0.06230529595015576,0.06230529595015576,0.12461059190031153,23.16,0,0
Hisar Spg. Mills,0.5604229607250755,0.1680672268907563,29.409999999999997,0.062266500622665,0.062266500622665,0.12453300124533,24.6,0,0
Sotac Pharma.,7.174484052532834,0.4273504273504274,23.5,0.062266500622665,0.062266500622665,0.12453300124533,22.85,0,0
Haria Apparels,1.2278481012658229,0.6578947368421053,20.72,0.06218905472636817,0.06218905472636817,0.12437810945273634,20.64,0,0
Committed Cargo,0.6443850267379679,0.13315579227696406,30.680000000000003,0.06218905472636817,0.06218905472636817,0.12437810945273634,24.23,0,0
Integrated Perso,7.012066365007542,0.3623188405797102,23.58,0.062150403977625855,0.062150403977625855,0.12430080795525171,22.58,0,0
United Polyfab,5.347507331378298,0.38167938931297707,23.07,0.062073246430788334,0.062073246430788334,0.12414649286157667,22.35,0,0
Kritika Wires,4.989637305699483,0.3448275862068966,22.71,0.062073246430788334,0.062073246430788334,0.12414649286157667,21.21,0,0
Bharat Road,5.998756906077348,0.4098360655737705,21.98,0.0620347394540943,0.0620347394540943,0.1240694789081886,21.59,0,0
Shri Balaji,1.0306444344299235,0.3067484662576687,24.95,0.06188118811881188,0.06188118811881188,0.12376237623762376,23.17,0,0
Mazda,0.0,0.18050541516245489,29.549999999999997,0.061842918985776124,0.061842918985776124,0.12368583797155225,25.009999999999998,0,1
Jindal Capital,3.667844522968198,0.31446540880503143,24.509999999999998,0.061842918985776124,0.061842918985776124,0.12368583797155225,23.22,0,0
Sudarshan Colorants,0.21559139784946235,0.2277904328018223,26.33,0.06180469715698393,0.06180469715698393,0.12360939431396786,22.98,0,0
B2B Soft.Tech.,0.0,0.1023541453428864,34.8,0.0617283950617284,0.0617283950617284,0.1234567901234568,26.03,0,0
Permanent Magnet,0.7365728900255755,0.22522522522522526,26.619999999999997,0.0617283950617284,0.0617283950617284,0.1234567901234568,23.369999999999997,0,0
Pune e,0.9811445583857096,0.23752969121140144,24.340000000000003,0.06165228113440198,0.06165228113440198,0.12330456226880396,21.490000000000002,0,0
DU Digital,0.5592689295039165,0.09345794392523366,31.3,0.061614294516327786,0.061614294516327786,0.12322858903265557,21.71,0,1
Pramara Promotio,1.4238187078109934,0.1072961373390558,29.950000000000003,0.061614294516327786,0.061614294516327786,0.12322858903265557,21.880000000000003,0,0
Intense Tech.,0.06666666666666667,0.1858736059479554,29.61,0.06157635467980295,0.06157635467980295,0.1231527093596059,25.23,0,0
Pulsar Intl.,0.0,0.36900369003690037,25.76,0.06153846153846154,0.06153846153846154,0.12307692307692308,24.05,0,0
Getalong Enterp.,0.7309941520467836,0.03014772384684956,60.410000000000004,0.06131207847946044,0.06131207847946044,0.12262415695892089,28.32,0,0
Updater Services,0.9772376543209875,0.3105590062111801,25.14,0.061274509803921566,0.061274509803921566,0.12254901960784313,22.97,0,0
Sinclairs Hotels,3.0224137931034485,0.11312217194570136,32.800000000000004,0.06123698714023271,0.06123698714023271,0.12247397428046541,25.259999999999998,0,0
HRH Next,5.263440860215054,0.2557544757033248,24.84,0.06123698714023271,0.06123698714023271,0.12247397428046541,22.18,0,0
Sh. Rama Multi.,1.0470475276044167,0.19646365422396858,48.60999999999999,0.06119951040391677,0.06119951040391677,0.12239902080783353,44.65,0,0
Elnet Technolog,0.7088186356073212,0.14144271570014144,31.9,0.06112469437652812,0.06112469437652812,0.12224938875305624,25.86,0,0
Swasti Vinayaka,2.415525114155251,0.16339869281045752,26.42,0.06101281269066504,0.06101281269066504,0.12202562538133008,21.52,0,0
Resonance Speci.,0.792022792022792,0.17152658662092624,29.67,0.06097560975609757,0.06097560975609757,0.12195121951219513,24.880000000000003,0,0
Cyber Media Res.,1.2683438155136268,0.3861003861003861,22.13,0.06093845216331505,0.06093845216331505,0.1218769043266301,20.86,0,0
Zee Learn,5.022410299201335,0.5154639175257733,15.59,0.06086427267194157,0.06086427267194157,0.12172854534388314,16.85,0,0
Xchanging Sol.,1.859476439790576,0.1706484641638225,29.710000000000004,0.060827250608272515,0.060827250608272515,0.12165450121654503,25.09,0,0
SAL Automotive,2.519961977186312,0.49019607843137253,20.479999999999997,0.060790273556231005,0.060790273556231005,0.12158054711246201,20.04,0,0
Focus Business,0.04867256637168142,0.047103155911446065,45.7,0.060716454159077116,0.060716454159077116,0.12143290831815423,25.48,0,0
Modison,4.9912280701754375,0.3215434083601286,25.84,0.06067961165048544,0.06067961165048544,0.12135922330097088,24.11,0,1
Sudarshan Pharma,6.040861402540034,0.4566210045662101,20.400000000000002,0.06056935190793459,0.06056935190793459,0.12113870381586918,20.77,0,0
Active Infra.,9.851973684210526,0.31347962382445144,25.849999999999998,0.06056935190793459,0.06056935190793459,0.12113870381586918,24.18,0,0
Shree Tirupati,10.70874861572536,0.3717472118959108,24.24,0.060496067755595885,0.060496067755595885,0.12099213551119177,23.58,0,0
Mindteck (India),0.22761639474731396,0.15625,30.98,0.060459492140266025,0.060459492140266025,0.12091898428053205,25.6,0,0
Sigachi Indust.,5.205513784461153,0.37878787878787884,26.04,0.060459492140266025,0.060459492140266025,0.12091898428053205,24.689999999999998,0,0
Sprayking Ltd,3.6804635761589406,0.42372881355932196,23.02,0.060422960725075525,0.060422960725075525,0.12084592145015105,22.76,0,0
Beardsell,1.5314200890648193,0.4504504504504505,22.28,0.06038647342995168,0.06038647342995168,0.12077294685990336,21.42,0,0
ITL Industries,10.716417910447761,0.3367003367003367,24.5,0.06038647342995168,0.06038647342995168,0.12077294685990336,22.78,0,1
Siddhi Cotspin,1.6411882510013351,0.34965034965034963,24.25,0.060350030175015085,0.060350030175015085,0.12070006035003017,22.76,0,0
Sameera Agro,0.021716221302220548,0.31545741324921134,26.72,0.06031363088057902,0.06031363088057902,0.12062726176115804,24.619999999999997,0,0
Maximus Interna.,1.796403339755941,0.28735632183908044,26.02,0.06027727546714889,0.06027727546714889,0.12055455093429777,23.89,0,0
Tejas Cargo,2.7962474802294928,0.4464285714285714,22.28,0.06027727546714889,0.06027727546714889,0.12055455093429777,22.009999999999998,0,0
Onward Technolog,1.210639606396064,0.21321961620469085,28.259999999999998,0.060060060060060066,0.060060060060060066,0.12012012012012013,24.740000000000002,0,0
Madhav Infra,1.5145483613109514,0.3508771929824561,20.900000000000002,0.060060060060060066,0.060060060060060066,0.12012012012012013,19.86,0,0
Sheetal Cool,2.241811668372569,0.33444816053511706,24.540000000000003,0.060024009603841535,0.060024009603841535,0.12004801920768307,23.18,0,0
Dynamic Services,6.8554327808471465,0.3802281368821293,24.13,0.060024009603841535,0.060024009603841535,0.12004801920768307,23.259999999999998,0,0
Kilitch Drugs,4.509708737864078,0.28328611898017,25.89,0.05998800239952009,0.05998800239952009,0.11997600479904018,23.67,0,0
Trust Fintech,0.0,0.10277492291880781,34.95,0.05998800239952009,0.05998800239952009,0.11997600479904018,26.22,0,0
United Heat,2.3077905491698596,0.3205128205128205,24.2,0.05991611743559018,0.05991611743559018,0.11983223487118036,22.38,0,0
Bright Outdoor,0.0,0.14285714285714285,31.89,0.059844404548174746,0.059844404548174746,0.11968880909634949,25.89,0,0
Mangalam Alloys,86.41314553990611,0.4166666666666667,19.069999999999997,0.05977286312014345,0.05977286312014345,0.1195457262402869,18.86,1,0
Cool Caps,23.351515151515155,0.5076142131979695,19.689999999999998,0.05963029218843172,0.05963029218843172,0.11926058437686345,21.29,0,0
Forbes & Co,0.5143325143325144,0.3424657534246575,48.75,0.05955926146515784,0.05955926146515784,0.11911852293031568,46.86,0,0
Alpa Laboratorie,0.0,0.19379844961240308,29.6,0.05955926146515784,0.05955926146515784,0.11911852293031568,25.439999999999998,0,0
Manoj Vaibhav,6.05541598936013,0.3436426116838488,24.099999999999998,0.05955926146515784,0.05955926146515784,0.11911852293031568,22.72,0,0
ANI Integrated,10.188073394495415,0.2824858757062147,25.91,0.05952380952380952,0.05952380952380952,0.11904761904761904,23.630000000000003,0,0
JFL Life,2.4724061810154527,0.3663003663003663,23.74,0.059488399762046396,0.059488399762046396,0.11897679952409279,22.28,0,0
Future Market,40.593596059113295,0.5319148936170213,20.450000000000003,0.05941770647653001,0.05941770647653001,0.11883541295306002,21.15,0,0
Maitri Enterp.,1.6707920792079207,0.3125,21.549999999999997,0.05941770647653001,0.05941770647653001,0.11883541295306002,20.88,0,0
Asarfi Hospital,9.888429752066116,0.4166666666666667,23.4,0.05941770647653001,0.05941770647653001,0.11883541295306002,22.54,0,0
R&B Denims,3.601156069364162,0.34965034965034963,26.06,0.059241706161137435,0.059241706161137435,0.11848341232227487,24.65,0,0
Euro Panel,12.399615754082614,0.40485829959514175,22.73,0.05910165484633569,0.05910165484633569,0.11820330969267138,22.15,0,0
Eimco Elecon(I),0.04929988331388564,0.16501650165016502,31.299999999999997,0.058997050147492625,0.058997050147492625,0.11799410029498525,26.24,0,0
Weizmann,0.5115803814713896,0.49019607843137253,13.13,0.058997050147492625,0.058997050147492625,0.11799410029498525,12.209999999999999,0,0
AAA Technologies,0.0,0.09380863039399624,37.010000000000005,0.05875440658049354,0.05875440658049354,0.11750881316098707,27.35,0,0
Emmforce Auto.,11.254237288135593,0.33783783783783783,25.099999999999998,0.05875440658049354,0.05875440658049354,0.11750881316098707,23.6,0,0
DJ Mediaprint,2.1372031662269126,0.19083969465648853,28.19,0.05865102639296187,0.05865102639296187,0.11730205278592375,24.18,0,0
Shri Hare-Krish.,1.4113424264178034,0.0702247191011236,39.99000000000001,0.05865102639296187,0.05865102639296187,0.11730205278592375,26.94,0,0
Cropster Agro,0.0,0.010515247108307046,125.02999999999999,0.0585480093676815,0.0585480093676815,0.117096018735363,30.93,0,0
Galaxy Bearings,9.11340206185567,0.2557544757033248,28.67,0.05837711617046118,0.05837711617046118,0.11675423234092236,26.009999999999998,0,0
Rex Pipes&Cables,9.987841945288753,0.4098360655737705,23.79,0.058343057176196034,0.058343057176196034,0.11668611435239207,23.2,0,0
NMS Global,0.3708955223880597,0.591715976331361,14.32,0.05830903790087464,0.05830903790087464,0.11661807580174928,16.88,0,0
Regaal Resources,40.81147540983606,0.4132231404958678,23.069999999999997,0.05830903790087464,0.05830903790087464,0.11661807580174928,22.74,0,0
Halder Venture,11.485163776493257,0.4629629629629629,19.439999999999998,0.05820721769499418,0.05820721769499418,0.11641443538998836,20.29,0,0
Bright Brothers,5.366694011484824,0.4694835680751174,20.34,0.05820721769499418,0.05820721769499418,0.11641443538998836,20.03,0,0
Mini Diamonds(I),0.056950556562257316,0.4098360655737705,19.93,0.05817335660267597,0.05817335660267597,0.11634671320535193,18.520000000000003,1,0
Wise Travel,114.42148760330578,0.36496350364963503,24.570000000000004,0.05817335660267597,0.05817335660267597,0.11634671320535193,23.57,0,0
Euphoria Infotec,1.8113207547169812,0.26246719160104987,28.779999999999998,0.05813953488372093,0.05813953488372093,0.11627906976744186,26.14,0,0
Balaji Phos.,1.0742521367521367,0.2881844380403458,25.65,0.05813953488372093,0.05813953488372093,0.11627906976744186,23.64,0,0
Cords Cable,6.656558998022413,0.3891050583657587,20.990000000000002,0.058105752469494475,0.058105752469494475,0.11621150493898895,19.950000000000003,0,0
Indian Toners,0.0,0.08865248226950355,36.14,0.057937427578215524,0.057937427578215524,0.11587485515643105,25.86,0,0
Paramount Dye,2.0405594405594405,0.2481389578163772,30.560000000000002,0.05790387955993052,0.05790387955993052,0.11580775911986103,27.75,0,0
Saptarishi Agro,12.087962962962962,0.43859649122807015,20.180000000000003,0.057870370370370364,0.057870370370370364,0.11574074074074073,21.12,0,0
Alphalogic Tech.,1.4195402298850577,0.1984126984126984,30.64,0.057870370370370364,0.057870370370370364,0.11574074074074073,26.700000000000003,0,0
Oswal Agro Mills,0.012660453666256375,0.022376370552696354,72.49,0.0578368999421631,0.0578368999421631,0.1156737998843262,28.799999999999997,0,0
Shraddha Prime,2.889726299087664,0.29239766081871343,24.75,0.057803468208092484,0.057803468208092484,0.11560693641618497,24.61,0,1
Maxposure,0.48841059602649,0.3067484662576687,28.2,0.057803468208092484,0.057803468208092484,0.11560693641618497,26.060000000000002,0,0
Thaai,53.273972602739725,0.3921568627450981,23.86,0.057770075101097634,0.057770075101097634,0.11554015020219527,23.419999999999998,0,0
Ausom Enter.,0.01312910284463895,0.06119951040391677,44.04,0.057736720554272515,0.057736720554272515,0.11547344110854503,28.700000000000003,0,0
Shreyans Inds.,1.2467899891186072,0.28169014084507044,27.45,0.05770340450086556,0.05770340450086556,0.11540680900173111,25.029999999999998,0,0
Kasturi Metal,4.033898305084746,0.4694835680751174,22.759999999999998,0.05767012687427912,0.05767012687427912,0.11534025374855825,22.34,0,0
Hemant Surgical,5.293346774193548,0.3225806451612903,24.480000000000004,0.05763688760806916,0.05763688760806916,0.11527377521613832,22.810000000000002,0,0
Captain Polyplas,8.240201005025126,0.3246753246753247,24.89,0.05757052389176741,0.05757052389176741,0.11514104778353482,23.29,0,0
Swarna Securitie,0.0,0.024154589371980676,68.89,0.057537399309551214,0.057537399309551214,0.11507479861910243,28.49,0,0
Nova Agritech,2.7565620174987133,0.3058103975535168,27.080000000000002,0.05750431282346176,0.05750431282346176,0.11500862564692352,25.04,0,0
Excelsoft Tech.,0.8373437791456818,0.17094017094017094,28.909999999999997,0.0574712643678161,0.0574712643678161,0.1149425287356322,24.18,0,0
Titaanium Ten,3.9908116385911176,0.41493775933609955,22.75,0.05743825387708214,0.05743825387708214,0.11487650775416428,22.509999999999998,0,0
GACM Tech,0.0,0.19047619047619047,30.4,0.05737234652897304,0.05737234652897304,0.11474469305794607,26.15,0,0
TeleCanor Global,6.231213872832369,0.6451612903225806,21.580000000000002,0.0573394495412844,0.0573394495412844,0.1146788990825688,21.270000000000003,0,0
Mayank Cattle Fo,2.5187601957585644,0.36900369003690037,24.189999999999998,0.05730659025787966,0.05730659025787966,0.11461318051575932,23.369999999999997,0,0
Checkpoint Trend,0.0,0.49751243781094534,23.85,0.05711022272986864,0.05711022272986864,0.11422044545973728,22.840000000000003,0,0
Filtra Consult.,1.480314960629921,0.3236245954692557,25.71,0.057045065601825436,0.057045065601825436,0.11409013120365087,23.700000000000003,0,0
IITL Projects,0.0,0.5494505494505495,7.58,0.05698005698005698,0.05698005698005698,0.11396011396011396,7.0,1,1
MKVentures Cap.,0.0,0.6211180124223603,25.11,0.05698005698005698,0.05698005698005698,0.11396011396011396,24.5,0,0
Vasundhara Rasy.,0.7818448023426061,0.15082956259426847,32.629999999999995,0.056947608200455586,0.056947608200455586,0.11389521640091117,27.14,0,1
Nikita Greentech Recycling,11.438663484486874,0.390625,23.44,0.056947608200455586,0.056947608200455586,0.11389521640091117,23.259999999999998,0,0
Kanishk Alumin.,8.23913043478261,0.4081632653061224,23.539999999999996,0.056947608200455586,0.056947608200455586,0.11389521640091117,23.46,0,0
Nidhi Granites,0.796,0.33112582781456956,27.4,0.05691519635742743,0.05691519635742743,0.11383039271485486,25.490000000000002,0,1
QMS Medical,2.73342803030303,0.3802281368821293,26.1,0.056818181818181816,0.056818181818181816,0.11363636363636363,25.020000000000003,0,0
Reliable Data,1.4432882414151926,0.33444816053511706,25.539999999999996,0.05678591709256105,0.05678591709256105,0.1135718341851221,24.24,0,0
Anuroop Packagin,6.078838174273859,0.28735632183908044,27.240000000000002,0.056753688989784334,0.056753688989784334,0.11350737797956867,25.19,0,0
Siyaram Recycli.,2.4134811128703912,0.3424657534246575,24.16,0.056753688989784334,0.056753688989784334,0.11350737797956867,23.060000000000002,0,0
Cedaar Textile,6.801208127402526,0.4098360655737705,23.01,0.056753688989784334,0.056753688989784334,0.11350737797956867,22.57,0,0
Shree Vasu Logis,4.7670270270270265,0.5714285714285714,16.349999999999998,0.05672149744753262,0.05672149744753262,0.11344299489506524,17.97,0,0
Edvenswa Enter,0.0,0.15408320493066255,33.36,0.05672149744753262,0.05672149744753262,0.11344299489506524,27.869999999999997,0,1
Source Natural,6.11214953271028,0.3436426116838488,27.82,0.056689342403628114,0.056689342403628114,0.11337868480725623,26.19,0,0
Bedmutha Indus.,1.949431559799909,0.4081632653061224,20.520000000000003,0.05659309564233163,0.05659309564233163,0.11318619128466326,20.590000000000003,0,0
Sky Industries,1.8487282463186079,0.27624309392265195,28.57,0.05656108597285068,0.05656108597285068,0.11312217194570136,26.240000000000002,0,0
M E T S,0.4479638009049774,0.23809523809523808,27.37,0.05656108597285068,0.05656108597285068,0.11312217194570136,24.25,0,0
Rikhav Securitie,0.025555555555555557,0.24154589371980673,27.860000000000003,0.05656108597285068,0.05656108597285068,0.11312217194570136,24.740000000000002,0,0
Everlon Fin.,0.0,0.15174506828528073,26.68,0.05652911249293386,0.05652911249293386,0.11305822498586772,21.090000000000003,0,1
Jigar Cables,0.0,0.12106537530266344,31.16,0.05649717514124294,0.05649717514124294,0.11299435028248588,23.9,0,0
Sunita Tools Ltd,0.7857142857142858,0.26595744680851063,29.45,0.05649717514124294,0.05649717514124294,0.11299435028248588,26.83,0,0
Espire Hospi,5.273027674514663,0.3076923076923077,22.32,0.056369785794813984,0.056369785794813984,0.11273957158962797,23.33,0,0
Khemani Distrib.,0.18824045634050024,0.29325513196480935,30.979999999999997,0.056369785794813984,0.056369785794813984,0.11273957158962797,28.61,0,0
Mangalam Global,5.831586826347305,0.42372881355932196,22.16,0.056338028169014086,0.056338028169014086,0.11267605633802817,21.83,0,1
Shankara Building,0.9849845201238391,0.37037037037037035,22.89,0.0563063063063063,0.0563063063063063,0.1126126126126126,21.330000000000002,0,0
Kontor Space,2.1282051282051286,0.6024096385542168,29.11,0.056274620146314014,0.056274620146314014,0.11254924029262803,28.6,0,0
Signoria Creatio,10.246031746031747,0.3861003861003861,25.910000000000004,0.056242969628796394,0.056242969628796394,0.11248593925759279,24.93,0,0
Transteel Seatin,3.6503719447396388,0.35211267605633806,26.66,0.056211354693648116,0.056211354693648116,0.11242270938729623,25.11,0,0
Krystal Integrat,2.925710969239698,0.33222591362126247,27.44,0.05611672278338945,0.05611672278338945,0.1122334455667789,25.65,0,1
Refractory Shap.,10.029126213592233,0.3215434083601286,28.56,0.05611672278338945,0.05611672278338945,0.1122334455667789,26.87,0,0
Ultra Wiring,0.4460338101430429,0.4273504273504274,24.570000000000004,0.05595970900951315,0.05595970900951315,0.1119194180190263,23.36,0,0
Amkay Products,1.4393939393939392,0.18518518518518517,31.75,0.055928411633109625,0.055928411633109625,0.11185682326621925,27.419999999999998,0,0
Medicamen Organ.,2.8285198555956677,0.36101083032490977,26.459999999999997,0.055928411633109625,0.055928411633109625,0.11185682326621925,25.169999999999998,0,0
Om Freight Forwa,0.7714030915576694,0.3846153846153846,25.94,0.055928411633109625,0.055928411633109625,0.11185682326621925,24.49,0,0
Agarwal Indl.,4.132387941293137,0.48309178743961345,26.62,0.0558659217877095,0.0558659217877095,0.111731843575419,26.18,0,0
Goyal Salt,3.5225563909774436,0.425531914893617,29.11,0.055803571428571425,0.055803571428571425,0.11160714285714285,28.520000000000003,0,0
Hannah Joseph,1.6769607843137257,0.4,25.49,0.05564830272676684,0.05564830272676684,0.11129660545353368,24.59,0,0
Panasonic Carbon,0.0,0.06273525721455459,44.18,0.05555555555555555,0.05555555555555555,0.1111111111111111,29.240000000000002,0,0
York Exports,25.746987951807228,0.40322580645161293,26.700000000000003,0.05555555555555555,0.05555555555555555,0.1111111111111111,26.9,0,0
Lorenzini Appar.,2.208403361344538,0.2840909090909091,26.87,0.05552470849528039,0.05552470849528039,0.11104941699056078,24.61,0,0
IKOMA Technologies,0.18369690011481055,0.48309178743961345,20.28,0.05546311702717693,0.05546311702717693,0.11092623405435385,19.380000000000003,0,0
Kunststoff Inds.,0.0,0.29154518950437314,24.68,0.05543237250554324,0.05543237250554324,0.11086474501108648,22.25,0,0
Orbit Exports,0.32502174543345896,0.21231422505307856,31.35,0.055401662049861494,0.055401662049861494,0.11080332409972299,27.68,0,0
Orbit Exports,0.32502174543345896,0.21231422505307856,31.35,0.055401662049861494,0.055401662049861494,0.11080332409972299,27.68,0,0
Response Info.,0.49174917491749176,0.20576131687242802,31.419999999999998,0.055401662049861494,0.055401662049861494,0.11080332409972299,27.65,0,0
Transcorp Intl.,8.566037735849056,0.45248868778280543,24.74,0.05537098560354375,0.05537098560354375,0.1107419712070875,23.799999999999997,0,0
Gala Precis. Eng,6.401069518716578,0.22075055187637974,31.14,0.05534034311012728,0.05534034311012728,0.11068068622025456,27.700000000000003,0,0
Dachepalli Pub.,11.140211640211641,0.1692047377326565,28.85,0.05534034311012728,0.05534034311012728,0.11068068622025456,24.5,0,0
Nikhil Adhesives,5.734177215189873,0.3968253968253968,23.71,0.05530973451327434,0.05530973451327434,0.11061946902654868,22.52,0,0
Iconik Sports,0.0,0.06397952655150352,41.2,0.05530973451327434,0.05530973451327434,0.11061946902654868,26.57,0,0
Kellton Tech,18.937409024745268,0.18726591760299627,32.27,0.05521811154058531,0.05521811154058531,0.11043622308117063,28.11,0,0
Akar Auto Indust,3.18107302533532,0.48309178743961345,19.43,0.05518763796909492,0.05518763796909492,0.11037527593818984,19.98,0,0
Dolfin Rubbers,3.1023765996343693,0.3472222222222222,26.0,0.05515719801434087,0.05515719801434087,0.11031439602868175,24.59,0,1
Unihealth Hosp,4.131455399061033,0.14705882352941177,35.3,0.05509641873278237,0.05509641873278237,0.11019283746556474,29.64,0,0
DCG Cables,1.916562889165629,0.3623188405797102,25.96,0.05509641873278237,0.05509641873278237,0.11019283746556474,24.74,0,0
Savera Industrie,0.6384057971014493,0.29069767441860467,31.389999999999997,0.05500550055005501,0.05500550055005501,0.11001100110011001,29.04,0,0
Kabra Jewels,6.243890020366599,0.29069767441860467,25.16,0.054945054945054944,0.054945054945054944,0.10989010989010989,24.13,0,0
Shanmuga Hos.,0.5410557184750733,0.3846153846153846,28.33,0.054945054945054944,0.054945054945054944,0.10989010989010989,26.91,0,1
Twamev Constr.,64.2967032967033,0.6578947368421053,31.18,0.05491488193300384,0.05491488193300384,0.10982976386600768,31.8,0,0
Bella Casa Fashi,6.123052959501558,0.3623188405797102,26.91,0.05491488193300384,0.05491488193300384,0.10982976386600768,25.65,0,0
Shera Energy,52.71573604060914,0.425531914893617,21.57,0.054884742041712405,0.054884742041712405,0.10976948408342481,21.46,0,0
ITCONS E-Soluti.,0.34868145667643363,0.3367003367003367,28.41,0.054884742041712405,0.054884742041712405,0.10976948408342481,26.64,0,0
National Plastic,4.47027027027027,0.48309178743961345,22.78,0.054824561403508776,0.054824561403508776,0.10964912280701755,22.75,0,0
Anuh Pharma,0.006033578174186779,0.3215434083601286,28.04,0.054824561403508776,0.054824561403508776,0.10964912280701755,25.93,0,1
Yash Optics,1.5119760479041917,0.186219739292365,32.26,0.054824561403508776,0.054824561403508776,0.10964912280701755,28.0,0,0
Mangal Compuso.,2.185144124168515,0.3367003367003367,26.34,0.054824561403508776,0.054824561403508776,0.10964912280701755,24.839999999999996,0,0
Hind.Adhesive,5.195423623995052,0.48780487804878053,24.58,0.0547945205479452,0.0547945205479452,0.1095890410958904,24.35,0,0
Growington Vent,2.2184873949579833,0.12987012987012986,30.89,0.054764512595837894,0.054764512595837894,0.10952902519167579,24.3,0,0
Shree Metalloys,0.728486646884273,0.29673590504451036,30.82,0.05473453749315818,0.05473453749315818,0.10946907498631636,28.91,0,0
Tara Chand Infra,2.280790762771169,0.37878787878787884,24.49,0.05473453749315818,0.05473453749315818,0.10946907498631636,23.81,0,0
Suraj Estate,1.7889308257955359,0.21929824561403508,26.79,0.05473453749315818,0.05473453749315818,0.10946907498631636,23.8,0,0
Joindre Capital,2.5559006211180124,0.3717472118959108,24.94,0.05470459518599562,0.05470459518599562,0.10940919037199125,23.450000000000003,0,0
Astonea Labs,3.8097560975609754,0.33783783783783783,24.34,0.0546448087431694,0.0546448087431694,0.1092896174863388,23.11,0,0
Patel Retail,4.323816155988858,0.2610966057441253,26.869999999999997,0.05455537370430988,0.05455537370430988,0.10911074740861976,24.38,0,0
Nitin Castings,0.5528973950026582,0.3246753246753247,27.99,0.0544959128065395,0.0544959128065395,0.108991825613079,26.03,0,0
Rajgor Castor,4.15531561461794,0.3861003861003861,23.6,0.0544959128065395,0.0544959128065395,0.108991825613079,22.6,0,0
Royal Orch.Hotel,26.36551187232386,0.4694835680751174,25.099999999999998,0.054466230936819175,0.054466230936819175,0.10893246187363835,26.79,0,1
Goyal Associates,0.4166666666666667,0.21929824561403508,30.93,0.05443658138268916,0.05443658138268916,0.10887316276537833,27.560000000000002,0,0
Aspira Pathlab,1.0868055555555556,0.2958579881656805,32.56,0.05443658138268916,0.05443658138268916,0.10887316276537833,30.4,0,0
Harshil Agrotech,0.004939380332285586,0.059031877213695405,47.99,0.0543773790103317,0.0543773790103317,0.1087547580206634,32.05,0,0
Aveer Foods,1.0619785458879618,0.4739336492890995,28.37,0.0543773790103317,0.0543773790103317,0.1087547580206634,27.55,0,0
Indian Sucrose,3.0165169516082293,0.4065040650406504,24.250000000000004,0.054318305268875614,0.054318305268875614,0.10863661053775123,23.6,0,0
Ultracab India,6.2441613588110405,0.2717391304347826,27.480000000000004,0.054318305268875614,0.054318305268875614,0.10863661053775123,25.13,0,0
Manilam Industries,3.568571428571429,0.4587155963302753,21.53,0.054288816503800214,0.054288816503800214,0.10857763300760043,22.19,0,0
Coral Labs.,0.39639639639639646,0.09066183136899365,38.84,0.054229934924078085,0.054229934924078085,0.10845986984815617,28.810000000000002,0,0
Suraj Products,0.41639662994167204,0.16863406408094436,33.900000000000006,0.05420054200542006,0.05420054200542006,0.10840108401084012,29.049999999999997,0,0
Taneja Aerospace,0.0064761904761904765,0.15082956259426847,34.87,0.05420054200542006,0.05420054200542006,0.10840108401084012,29.24,0,0
Shradha AI Tech,0.040594059405940595,0.06882312456985547,43.4,0.05420054200542006,0.05420054200542006,0.10840108401084012,29.88,0,0
Shree Marutinand,1.6258205689277898,0.29239766081871343,25.75,0.05417118093174431,0.05417118093174431,0.10834236186348863,23.54,0,0
GRP,4.471246707638279,0.4366812227074236,25.97,0.05399568034557235,0.05399568034557235,0.1079913606911447,25.799999999999997,0,0
Goel Food,3.628735632183908,0.3597122302158273,26.58,0.05393743257820928,0.05393743257820928,0.10787486515641856,25.95,0,0
B & A Packaging,0.9538043478260868,0.24752475247524752,30.53,0.053908355795148244,0.053908355795148244,0.10781671159029649,27.57,0,1
Skyways Air Ser.,193.49169435215947,0.45454545454545453,22.98,0.053908355795148244,0.053908355795148244,0.10781671159029649,23.69,0,0
Ganesh Benzopl.,0.9318913121201288,0.2857142857142857,30.02,0.05387931034482759,0.05387931034482759,0.10775862068965518,27.61,0,0
Panasonic Energy,0.2592592592592593,0.2770083102493075,28.599999999999998,0.05379236148466918,0.05379236148466918,0.10758472296933835,26.0,0,0
JSL Industries,1.663793103448276,0.19305019305019305,32.74,0.05376344086021505,0.05376344086021505,0.1075268817204301,28.6,0,0
Agarwal Float,6.5038167938931295,0.34602076124567477,27.509999999999998,0.05376344086021505,0.05376344086021505,0.1075268817204301,26.47,0,0
Phantom Digital,1.762241292276628,0.1838235294117647,31.84,0.05373455131649651,0.05373455131649651,0.10746910263299302,27.5,0,0
Bhagwati Auto,1.0199818346957312,0.36900369003690037,26.87,0.0536480686695279,0.0536480686695279,0.1072961373390558,25.380000000000003,0,0
Sh. Hari Chem.,10.705645161290322,0.4926108374384236,24.52,0.05359056806002144,0.05359056806002144,0.10718113612004287,24.12,0,0
Jonjua Overseas,8.853591160220994,0.7518796992481203,27.6,0.05359056806002144,0.05359056806002144,0.10718113612004287,28.33,0,0
Northern Spirits,26.23643410852713,0.38314176245210724,26.419999999999998,0.05353319057815846,0.05353319057815846,0.10706638115631692,26.29,0,0
Maruti Interior,1.5720720720720724,0.31545741324921134,30.32,0.05350454788657035,0.05350454788657035,0.1070090957731407,28.330000000000002,0,0
Raghuvir Synth,1.3199518265756724,0.5154639175257733,25.54,0.053447354355959376,0.053447354355959376,0.10689470871191875,25.380000000000003,0,0
Galaxy Medicare,0.45901639344262296,0.15408320493066255,33.42999999999999,0.05341880341880342,0.05341880341880342,0.10683760683760685,28.0,0,1
Manoj Ceramic,1.41455078125,0.22371364653243844,28.06,0.05339028296849973,0.05339028296849973,0.10678056593699946,25.04,0,0
Jeyyam Global,40.663101604278076,0.2976190476190476,29.560000000000002,0.05333333333333334,0.05333333333333334,0.10666666666666667,27.630000000000003,0,0
Ritesh Intl.,3.8618181818181814,0.36900369003690037,29.35,0.053304904051172705,0.053304904051172705,0.10660980810234541,28.080000000000002,0,0
RDB Rasayans,0.0,0.020815986677768527,77.46,0.05327650506126798,0.05327650506126798,0.10655301012253596,30.42,0,0
BDH Industries,0.0019023462270133164,0.19569471624266144,32.21,0.053134962805526036,0.053134962805526036,0.10626992561105207,28.1,0,0
Shree Refrigerat,1.013550135501355,0.13986013986013984,32.55,0.053106744556558685,0.053106744556558685,0.10621348911311737,26.529999999999998,0,1
Chavda Infra Ltd,4.791543465405086,0.425531914893617,24.52,0.05307855626326964,0.05307855626326964,0.10615711252653928,24.61,0,0
Esconet,22.885714285714286,0.3846153846153846,26.39,0.05305039787798408,0.05305039787798408,0.10610079575596816,25.11,0,0
Iris Clothings,7.71671388101983,0.19267822736030826,30.92,0.05293806246691371,0.05293806246691371,0.10587612493382742,26.94,0,0
B.R.Goyal Infra.,2.055570398076409,0.3003003003003003,28.12,0.05293806246691371,0.05293806246691371,0.10587612493382742,26.1,0,0
R S Software (I),1.6612021857923496,0.2590673575129534,34.06,0.05279831045406547,0.05279831045406547,0.10559662090813093,31.590000000000003,0,0
Saven Tech.,0.0,0.1342281879194631,37.34,0.05265929436545551,0.05265929436545551,0.10531858873091102,30.89,0,1
Sungarner Energ.,2.2394136807817593,0.4065040650406504,23.99,0.05265929436545551,0.05265929436545551,0.10531858873091102,23.65,0,0
WSFX Global,2.867605633802817,0.4694835680751174,22.929999999999996,0.05263157894736842,0.05263157894736842,0.10526315789473684,22.06,0,0
Unjha Formul.,0.0,0.2958579881656805,29.08,0.05246589716684156,0.05246589716684156,0.10493179433368312,26.7,0,0
Swaraj Suiting,7.938843764930722,0.44052863436123346,24.619999999999997,0.052410901467505246,0.052410901467505246,0.10482180293501049,25.29,0,0
Rajputana Indu.,2.191578947368421,0.425531914893617,23.5,0.052410901467505246,0.052410901467505246,0.10482180293501049,22.959999999999997,0,0
K2 Infragen,1.5675248419150858,0.37593984962406013,27.21,0.05238344683080147,0.05238344683080147,0.10476689366160294,26.38,0,1
Trident Lifeline,5.279359430604982,0.3597122302158273,27.830000000000002,0.05230125523012552,0.05230125523012552,0.10460251046025104,26.78,0,0
Steel City Sec.,2.6085011185682325,0.33112582781456956,28.23,0.052083333333333336,0.052083333333333336,0.10416666666666667,26.299999999999997,0,1
Storage Tech,0.7484204480183801,0.3597122302158273,25.240000000000002,0.052002080083203325,0.052002080083203325,0.10400416016640665,23.78,0,0
Womancart,0.8106831395348837,0.25510204081632654,33.17,0.05184033177812338,0.05184033177812338,0.10368066355624676,30.54,0,0
Abha Power,5.483240223463687,0.2849002849002849,30.279999999999998,0.05184033177812338,0.05184033177812338,0.10368066355624676,28.14,0,0
Century Extrus.,5.294199860237597,0.4329004329004329,24.770000000000003,0.05181347150259067,0.05181347150259067,0.10362694300518134,24.32,0,1
Indo Amines,8.430101620433948,0.44052863436123346,26.65,0.05175983436853002,0.05175983436853002,0.10351966873706003,26.23,0,0
Rolcon Engg. Co.,0.019438444924406047,0.33003300330033003,30.959999999999997,0.051733057423693746,0.051733057423693746,0.10346611484738749,28.93,0,1
Morgan Ventures,61.66782006920416,0.3164556962025316,28.309999999999995,0.051733057423693746,0.051733057423693746,0.10346611484738749,28.0,0,0
Indo Borax & Ch.,0.0004110152075626798,0.07739938080495357,42.71,0.051733057423693746,0.051733057423693746,0.10346611484738749,30.79,0,0
Gowra Leasing,0.7856089649071072,0.44052863436123346,30.610000000000003,0.05170630816959669,0.05170630816959669,0.10341261633919338,30.08,0,0
Par Drugs & Che.,0.0,0.2188183807439825,33.300000000000004,0.05167958656330749,0.05167958656330749,0.10335917312661498,29.730000000000004,0,0
Guj. Containers,13.877551020408163,0.30864197530864196,30.87,0.05165289256198347,0.05165289256198347,0.10330578512396695,29.009999999999998,0,0
Dhanuka Infra Realty,1.6417910447761195,0.14947683109118085,33.72,0.05165289256198347,0.05165289256198347,0.10330578512396695,28.17,0,0
Vraj Iron,1.8326502732240435,0.2053388090349076,34.81,0.05165289256198347,0.05165289256198347,0.10330578512396695,31.0,0,0
Aries Agro,0.6292113683418031,0.3663003663003663,25.939999999999998,0.05159958720330238,0.05159958720330238,0.10319917440660475,24.419999999999998,0,0
Macobs Technolo.,0.1729264475743349,0.18761726078799248,34.07,0.05157297576070139,0.05157297576070139,0.10314595152140278,29.810000000000002,0,0
LKP Securities,2.7941056078591897,0.38167938931297707,22.729999999999997,0.051546391752577324,0.051546391752577324,0.10309278350515465,21.82,1,1
Emerald Finance,1.0445993031358884,0.056274620146314014,45.64999999999999,0.05141388174807198,0.05141388174807198,0.10282776349614396,29.049999999999997,0,1
Vaidya Sane,0.05431034482758621,0.27624309392265195,31.909999999999997,0.05141388174807198,0.05141388174807198,0.10282776349614396,29.299999999999997,0,0
Control Print,0.1458620011794771,0.2032520325203252,43.65,0.051387461459403906,0.051387461459403906,0.10277492291880781,39.75,0,0
Trom Industries,1.3546875,0.30959752321981426,28.48,0.051387461459403906,0.051387461459403906,0.10277492291880781,26.76,0,0
Touchwood Enter.,3.6363636363636362,0.18518518518518517,34.489999999999995,0.05125576627370579,0.05125576627370579,0.10251153254741158,30.18,0,0
Dhariwalcorp,1.025369978858351,0.2777777777777778,28.76,0.05120327700972862,0.05120327700972862,0.10240655401945724,26.53,0,0
Mewar Hi-Tech,4.556085918854416,0.4166666666666667,24.549999999999997,0.0511770726714432,0.0511770726714432,0.1023541453428864,24.759999999999998,0,0
Sodhani Academy,0.0,0.08984725965858041,42.71,0.0511770726714432,0.0511770726714432,0.1023541453428864,32.58,0,0
Multibase India,0.0,0.11428571428571428,38.91,0.05112474437627812,0.05112474437627812,0.10224948875255624,31.159999999999997,0,0
Laxmipati Engg,5.872781065088758,0.5747126436781609,29.87,0.05109862033725089,0.05109862033725089,0.10219724067450178,30.86,0,0
TBI Corn,2.852094240837696,0.3333333333333333,29.47,0.05109862033725089,0.05109862033725089,0.10219724067450178,28.25,0,0
Spinaroo Comm.,4.598639455782313,0.3067484662576687,27.870000000000005,0.0510204081632653,0.0510204081632653,0.1020408163265306,26.01,0,0
Aaron Industries,3.3271028037383172,0.43859649122807015,29.67,0.0509683995922528,0.0509683995922528,0.1019367991845056,29.11,0,0
Quality RO Indu.,1.4705882352941178,0.24330900243309006,31.01,0.0509683995922528,0.0509683995922528,0.1019367991845056,28.51,0,0
Modi Naturals,3.0459931713195423,0.3802281368821293,28.97,0.0508646998982706,0.0508646998982706,0.1017293997965412,28.41,0,0
CHL,4.761449328673901,0.7246376811594204,18.26,0.0508130081300813,0.0508130081300813,0.1016260162601626,18.12,0,0
Arabian Petrol.,2.775631500742942,0.3246753246753247,29.580000000000002,0.0508130081300813,0.0508130081300813,0.1016260162601626,28.08,0,0
SM Auto Stamping,0.9820627802690582,0.4016064257028112,29.21,0.05078720162519045,0.05078720162519045,0.1015744032503809,27.810000000000002,0,0
Ruchira Papers,2.038734667527437,0.35842293906810035,31.970000000000002,0.050735667174023336,0.050735667174023336,0.10147133434804667,30.560000000000002,0,0
B C C Fuba India,14.066666666666666,0.4504504504504505,29.25,0.05070993914807303,0.05070993914807303,0.10141987829614606,28.6,0,1
CG-VAK Software,0.19458303635067714,0.17543859649122806,35.599999999999994,0.05068423720223011,0.05068423720223011,0.10136847440446022,30.93,0,0
Brisk Technovisi,0.022857142857142857,0.36363636363636365,29.41,0.05063291139240506,0.05063291139240506,0.10126582278481013,27.67,0,1
Radix Industries,0.028135990621336454,0.014021312394840158,101.89999999999999,0.05060728744939271,0.05060728744939271,0.10121457489878542,31.590000000000003,0,1
Star Delta Trans,1.3665893271461715,0.2,34.52,0.05058168942842691,0.05058168942842691,0.10116337885685382,30.59,0,0
Gothi Plascon,0.5717948717948718,0.11350737797956868,36.550000000000004,0.05037783375314861,0.05037783375314861,0.10075566750629722,28.92,0,1
Kaushalya,3.83829096809086,0.4629629629629629,24.430000000000003,0.05037783375314861,0.05037783375314861,0.10075566750629722,24.330000000000002,0,0
N R Vandana,11.787923416789397,0.4132231404958678,23.51,0.05037783375314861,0.05037783375314861,0.10075566750629722,23.270000000000003,0,0
Crown Lifters,1.0080049261083743,0.6369426751592357,25.569999999999997,0.05030181086519115,0.05030181086519115,0.1006036217303823,25.669999999999998,0,0
Markolines Pavem,1.5221833041447752,0.38314176245210724,28.39,0.05030181086519115,0.05030181086519115,0.1006036217303823,27.07,0,0
Sayaji (Indore),3.045051983057374,0.6756756756756757,26.76,0.050226017076845805,0.050226017076845805,0.10045203415369161,27.509999999999998,0,0
Fredun Pharma,5.712182061579653,0.4098360655737705,24.54,0.05015045135406218,0.05015045135406218,0.10030090270812436,24.18,0,0
Black Rose Indus,0.612139156180607,0.24449877750611249,32.39,0.05007511266900351,0.05007511266900351,0.10015022533800702,29.35,0,0
Ganesh Consumer,4.113636363636363,0.36900369003690037,31.049999999999997,0.05007511266900351,0.05007511266900351,0.10015022533800702,29.869999999999997,0,0
Dhara Rail Pro.,3.5661641541038525,0.46511627906976744,29.36,0.05007511266900351,0.05007511266900351,0.10015022533800702,29.28,0,0
Viram Suvarn,0.0,0.111731843575419,40.56,0.05,0.05,0.1,32.61,0,0
Prime Fresh,0.16723259762308998,0.09363295880149813,40.779999999999994,0.04997501249375312,0.04997501249375312,0.09995002498750624,31.12,0,0
Kakatiya Textile,1.7970011534025374,0.7299270072992701,23.220000000000002,0.04992511233150274,0.04992511233150274,0.09985022466300549,23.09,0,0
HEC Infra Proj.,1.55,0.4273504273504274,29.600000000000005,0.04992511233150274,0.04992511233150274,0.09985022466300549,29.0,0,0
Covidh Technolog,0.675,0.025157232704402517,74.84,0.04987531172069825,0.04987531172069825,0.0997506234413965,36.33,0,0
Foce India,2.620307692307692,0.4807692307692307,30.72,0.04985044865403789,0.04985044865403789,0.09970089730807578,30.14,0,0
Credo Brands,1.5101798651011742,0.21978021978021978,31.400000000000002,0.04982561036372696,0.04982561036372696,0.09965122072745392,28.43,0,0
Namo eWaste,0.2610597958191541,0.1838235294117647,33.91,0.04980079681274901,0.04980079681274901,0.09960159362549802,29.529999999999998,0,0
Rukmani Devi Gar,1.5625,0.3891050583657587,28.929999999999996,0.04967709885742673,0.04967709885742673,0.09935419771485346,28.229999999999997,0,0
20 Microns,4.982311680390363,0.3597122302158273,30.41,0.0496031746031746,0.0496031746031746,0.0992063492063492,28.990000000000002,0,0
Nupur Recyclers,0.7788510421962379,0.21231422505307856,35.32,0.04957858205255329,0.04957858205255329,0.09915716410510658,31.730000000000004,0,0
MOS Utility,1.30872660163459,0.39370078740157477,29.619999999999997,0.04950495049504951,0.04950495049504951,0.09900990099009901,28.61,0,0
Laxmi Dental,0.1987508364934196,0.18450184501845018,35.89,0.04950495049504951,0.04950495049504951,0.09900990099009901,31.509999999999998,0,0
Shree Ganesh Rem,1.1857233101705622,0.2,35.5,0.04948045522018803,0.04948045522018803,0.09896091044037605,31.740000000000002,0,0
H P Cotton Tex,4.613555291319857,0.5208333333333334,20.799999999999997,0.04945598417408507,0.04945598417408507,0.09891196834817013,22.049999999999997,0,0
Dolphin Kitchen Utensils,0.35773480662983426,0.13262599469496023,36.39,0.0493339911198816,0.0493339911198816,0.0986679822397632,29.97,0,0
ATC Energies,1.5873015873015874,0.17301038062283736,35.28,0.0493339911198816,0.0493339911198816,0.0986679822397632,30.75,0,0
P S Raj Steels,0.294234592445328,0.08058017727639001,42.410000000000004,0.04926108374384236,0.04926108374384236,0.09852216748768472,31.04,0,0
Anlon Tech,0.5696559503666102,0.2949852507374631,31.94,0.049164208456243856,0.049164208456243856,0.09832841691248771,29.71,0,0
Nila Infrastruct,0.39438000326743994,0.48309178743961345,22.669999999999998,0.049115913555992145,0.049115913555992145,0.09823182711198429,21.74,0,0
Shivalic Power,0.4764397905759162,0.16722408026755853,35.660000000000004,0.04904364884747425,0.04904364884747425,0.0980872976949485,30.72,0,0
Matrimony.com,0.9536812996889042,0.35714285714285715,30.39,0.04899559039686428,0.04899559039686428,0.09799118079372857,28.810000000000002,0,0
AVI Polymers,0.0,0.35714285714285715,35.370000000000005,0.04897159647404505,0.04897159647404505,0.0979431929480901,33.57,0,1
SP Refractories,0.592,0.19493177387914232,35.059999999999995,0.048947626040137054,0.048947626040137054,0.09789525208027411,31.03,0,0
Gem Aromatics,5.546682098765432,0.3067484662576687,33.18,0.048947626040137054,0.048947626040137054,0.09789525208027411,31.240000000000002,0,0
Delton Cables,17.004660452729695,0.4566210045662101,21.8,0.04892367906066536,0.04892367906066536,0.09784735812133072,23.21,1,0
Cybertech Sys.,0.09313725490196079,0.30959752321981426,33.809999999999995,0.0488997555012225,0.0488997555012225,0.097799511002445,31.6,0,0
Toss The Coin,0.0,0.05546311702717693,49.51,0.04885197850512946,0.04885197850512946,0.09770395701025893,32.48,0,0
Autoriders Intl.,0.9062811565304089,0.46511627906976744,30.290000000000003,0.048828125,0.048828125,0.09765625,29.48,0,0
Kaka Industries,14.37603305785124,0.4672897196261683,29.380000000000003,0.048828125,0.048828125,0.09765625,29.19,0,0
Grand Continent,3.594707520891365,0.2949852507374631,31.610000000000003,0.048828125,0.048828125,0.09765625,29.46,0,0
VTM,0.933350622406639,0.2463054187192118,35.22,0.04880429477794046,0.04880429477794046,0.09760858955588092,32.28,0,0
Rockingdeals Cir,2.260663507109004,0.2824858757062147,33.339999999999996,0.04880429477794046,0.04880429477794046,0.09760858955588092,31.009999999999998,0,0
Narmada Gelatine,0.6629711751662972,0.2617801047120419,33.72,0.04878048780487805,0.04878048780487805,0.0975609756097561,31.0,0,0
Arih.Found.Hsg.,3.4614059269469335,0.267379679144385,29.470000000000002,0.04873294346978558,0.04873294346978558,0.09746588693957116,27.61,0,0
Nettlinx,2.0470588235294116,0.31446540880503143,32.9,0.04870920603994155,0.04870920603994155,0.0974184120798831,30.93,0,0
Pasari Spinning,0.9583333333333333,0.4484304932735426,28.780000000000005,0.048661800486618,0.048661800486618,0.097323600973236,32.86,0,0
Kamat Hotels,3.8353622327790977,0.4854368932038835,27.199999999999996,0.04859086491739553,0.04859086491739553,0.09718172983479106,27.06,0,0
Highway Infra,3.8124467178175614,0.2777777777777778,31.96,0.04856726566294318,0.04856726566294318,0.09713453132588636,29.57,0,0
MKP Mobility,0.3783068783068783,0.22831050228310504,25.93,0.04854368932038835,0.04854368932038835,0.0970873786407767,22.740000000000002,0,0
Alphalogic Indu,0.3834080717488789,0.2145922746781116,34.39,0.04849660523763336,0.04849660523763336,0.09699321047526673,30.8,0,0
Prakash Steelage,0.489607390300231,0.4807692307692307,23.819999999999997,0.048473097430925836,0.048473097430925836,0.09694619486185167,22.97,1,0
Menon Bearings,1.8919786096256683,0.28169014084507044,33.17,0.048473097430925836,0.048473097430925836,0.09694619486185167,30.95,0,0
Remus Pharma.,2.0037546933667083,0.38314176245210724,31.19,0.04844961240310077,0.04844961240310077,0.09689922480620154,29.630000000000003,0,0
Shree OSFM,0.7425569176882663,0.2331002331002331,33.45,0.04837929366231253,0.04837929366231253,0.09675858732462506,30.32,0,0
Resgen,0.0,0.15360983102918588,36.9,0.04835589941972921,0.04835589941972921,0.09671179883945842,31.39,0,0
Interactive Fin,0.2697674418604651,0.08718395815170009,43.279999999999994,0.04833252779120348,0.04833252779120348,0.09666505558240696,32.83,0,1
Divine Hira Jew.,11.417142857142858,0.29411764705882354,33.43,0.04833252779120348,0.04833252779120348,0.09666505558240696,31.46,0,0
Rajeshwari Cans,1.1933621933621934,0.4081632653061224,28.09,0.04830917874396135,0.04830917874396135,0.0966183574879227,27.259999999999998,0,0
Gem Enviro,0.0,0.10050251256281408,40.78,0.048285852245292124,0.048285852245292124,0.09657170449058425,31.83,0,1
Holmarc Opto,0.0679611650485437,0.1026694045174538,40.99,0.048239266763145196,0.048239266763145196,0.09647853352629039,32.26,0,0
Transvoy Logist.,19.01980198019802,0.25252525252525254,30.52,0.04819277108433735,0.04819277108433735,0.0963855421686747,29.509999999999998,0,0
Axtel Industries,0.0,0.3205128205128205,30.75,0.048169556840077066,0.048169556840077066,0.09633911368015413,28.630000000000003,0,1
TPL Plastech,1.2615473441108547,0.36363636363636365,31.35,0.047961630695443645,0.047961630695443645,0.09592326139088729,29.740000000000002,0,0
Power & Instrum.,0.5294693078992418,0.3225806451612903,30.14,0.047961630695443645,0.047961630695443645,0.09592326139088729,28.22,0,0
Khyati Global,1.5368234250221828,0.33003300330033003,29.819999999999997,0.04793863854266539,0.04793863854266539,0.09587727708533078,28.31,0,0
NILE,8.839024390243903,0.07309941520467836,45.620000000000005,0.0479156684235745,0.0479156684235745,0.095831336847149,33.0,0,0
Golkunda Diamond,3.8035902851108765,0.3401360544217687,31.069999999999997,0.04789272030651341,0.04789272030651341,0.09578544061302682,29.65,0,1
E to E Transportation,6.558852621167162,0.3846153846153846,26.72,0.04784688995215311,0.04784688995215311,0.09569377990430622,25.689999999999998,0,0
Tunwal E-Motors,0.6045395829488835,0.36496350364963503,30.17,0.04780114722753346,0.04780114722753346,0.09560229445506692,28.700000000000003,0,0
Giriraj Civil,1.3462050599201065,0.35842293906810035,29.150000000000002,0.04775549188156638,0.04775549188156638,0.09551098376313276,27.43,0,1
R J Shah & Co,0.43928571428571433,0.5154639175257733,34.21,0.047664442326024785,0.047664442326024785,0.09532888465204957,33.3,0,0
Amines & Plast.,1.217564870259481,0.22727272727272727,33.45,0.047596382674916705,0.047596382674916705,0.09519276534983341,30.160000000000004,0,0
Zodiac Energy,3.5744382022471908,0.41493775933609955,29.139999999999997,0.04757373929590866,0.04757373929590866,0.09514747859181732,29.490000000000002,0,0
Vadilal Enterp.,1.7280966767371602,0.5813953488372093,21.27,0.0475511174512601,0.0475511174512601,0.0951022349025202,21.650000000000002,0,0
Saint-Gob. Sekur,0.04929334712168217,0.141643059490085,38.61000000000001,0.0475511174512601,0.0475511174512601,0.0951022349025202,32.56,0,0
Krishanveer Forg,0.0,0.2604166666666667,33.4,0.047528517110266164,0.047528517110266164,0.09505703422053233,30.56,0,0
Vision Infra,15.957799145299147,0.45248868778280543,26.82,0.047528517110266164,0.047528517110266164,0.09505703422053233,27.22,0,0
Abril Paper,0.38369304556354916,0.1798561151079137,37.88999999999999,0.047528517110266164,0.047528517110266164,0.09505703422053233,33.4,0,0
Elixir Capital,12.74,0.3076923076923077,33.83,0.04746084480303749,0.04746084480303749,0.09492168960607499,32.21,0,0
RPP Infra Proj.,10.934924078091106,0.3623188405797102,29.09,0.0474158368895211,0.0474158368895211,0.0948316737790422,27.509999999999998,0,1
Solarium Green,1.8562122656498252,0.33003300330033003,33.279999999999994,0.0474158368895211,0.0474158368895211,0.0948316737790422,32.019999999999996,0,0
B N Rathi Sec.,0.005924672027084216,0.42194092827004215,26.330000000000002,0.04734848484848485,0.04734848484848485,0.0946969696969697,24.96,0,0
Handson Global,10.60888888888889,0.44052863436123346,31.639999999999997,0.047326076668244205,0.047326076668244205,0.09465215333648841,31.38,0,0
Marco Cables,3.6887159533073928,0.3389830508474576,27.11,0.047326076668244205,0.047326076668244205,0.09465215333648841,26.509999999999998,0,0
Ecoplast,0.4751655629139073,0.1763668430335097,36.69,0.047281323877068564,0.047281323877068564,0.09456264775413713,32.06,0,0
Auto.Corp.of Goa,8.754664179104477,0.3215434083601286,33.05,0.04725897920604915,0.04725897920604915,0.0945179584120983,31.28,0,0
Master Component,3.3582089552238807,0.38314176245210724,33.31,0.04725897920604915,0.04725897920604915,0.0945179584120983,31.98,0,0
HRS Aluglaze,9.946015424164523,0.5208333333333334,27.53,0.04725897920604915,0.04725897920604915,0.0945179584120983,28.53,0,0
Shah Foods,0.0,0.425531914893617,27.76,0.047214353163361665,0.047214353163361665,0.09442870632672333,26.65,0,0
Ideal Technopl.,18.6304347826087,0.373134328358209,31.8,0.04719207173194903,0.04719207173194903,0.09438414346389806,31.130000000000003,0,0
Palco Metals Ltd,0.0,1.0,28.93,0.04708097928436912,0.04708097928436912,0.09416195856873824,28.93,0,0
Atam Valves,1.6649076517150394,0.2557544757033248,34.94,0.047014574518100614,0.047014574518100614,0.09402914903620123,32.37,0,0
ARCL Organics,5.481889763779528,0.390625,29.059999999999995,0.04688232536333802,0.04688232536333802,0.09376465072667604,27.889999999999997,0,0
Relicab Cable,2.772959183673469,0.3333333333333333,26.42,0.046860356138706656,0.046860356138706656,0.09372071227741331,25.17,0,0
Atishay,1.0457256461232602,0.25641025641025644,36.32,0.046838407494145196,0.046838407494145196,0.09367681498829039,33.52,0,0
Scoda Tubes,10.501029866117404,0.3508771929824561,29.82,0.046838407494145196,0.046838407494145196,0.09367681498829039,28.520000000000003,0,0
Sonu Infratech,2.681843732433952,0.3401360544217687,29.24,0.04681647940074907,0.04681647940074907,0.09363295880149813,27.93,0,0
Thomas Scott,0.6612903225806451,0.23866348448687355,35.58,0.04679457182966776,0.04679457182966776,0.09358914365933552,32.6,0,1
Krishca Strapp.,3.907547169811321,0.5,30.419999999999998,0.04679457182966776,0.04679457182966776,0.09358914365933552,30.18,0,0
Emk.Global Fin.,26.13915857605178,0.43859649122807015,26.34,0.046772684752104776,0.046772684752104776,0.09354536950420955,25.33,0,0
RBZ Jewellers Lt,9.435929648241206,0.2949852507374631,34.43000000000001,0.04675081813931744,0.04675081813931744,0.09350163627863488,32.59,0,0
Kings Infra,13.671259842519685,0.37453183520599254,32.05,0.04672897196261683,0.04672897196261683,0.09345794392523366,31.259999999999998,0,0
Raghunath Intl.,0.0,0.33783783783783783,38.239999999999995,0.04672897196261683,0.04672897196261683,0.09345794392523366,36.28,0,0
Vijaypd Ceutical,2.2587176602924632,0.33444816053511706,32.43,0.04672897196261683,0.04672897196261683,0.09345794392523366,31.019999999999996,0,0
Dhabriya Poly.,3.0580752212389384,0.34965034965034963,32.21,0.046707146193367584,0.046707146193367584,0.09341429238673517,30.83,0,0
GLEN Industries,17.031019202363368,0.373134328358209,30.88,0.046685340802987856,0.046685340802987856,0.09337068160597571,30.04,0,0
G G Automotive,1.3529801324503312,0.3861003861003861,30.42,0.046641791044776115,0.046641791044776115,0.09328358208955223,29.22,0,0
Netlink Solns(I),0.0,0.010264832683227263,132.10999999999999,0.046620046620046623,0.046620046620046623,0.09324009324009325,35.69,0,0
Clear Secured,5.462654716175843,0.4065040650406504,28.099999999999998,0.046620046620046623,0.046620046620046623,0.09324009324009325,27.59,0,0
Cenlub Industrie,0.7721518987341771,0.4464285714285714,32.209999999999994,0.04657661853749418,0.04657661853749418,0.09315323707498836,31.03,0,0
Modern Engineer.,0.2607913669064748,0.42194092827004215,29.93,0.04642525533890437,0.04642525533890437,0.09285051067780874,28.68,0,0
Amba Enterprises,0.8907014681892332,0.41152263374485604,30.709999999999997,0.0463821892393321,0.0463821892393321,0.0927643784786642,29.4,0,0
Systematic Inds.,11.561484918793502,0.29069767441860467,32.56,0.046296296296296294,0.046296296296296294,0.09259259259259259,30.650000000000002,0,0
Thinking Hats,4.261904761904762,0.3921568627450981,31.77,0.04627487274409996,0.04627487274409996,0.09254974548819991,30.59,0,0
Pradeep Metals,1.9494447691408532,0.38759689922480617,31.880000000000003,0.04625346901017576,0.04625346901017576,0.09250693802035152,30.76,0,0
Ascensive Educa.,2.6428571428571423,0.35587188612099646,31.980000000000004,0.04625346901017576,0.04625346901017576,0.09250693802035152,30.71,0,0
Silicon Rental,0.10996816066617685,0.11325028312570781,41.39000000000001,0.04625346901017576,0.04625346901017576,0.09250693802035152,33.6,0,1
Kumbhat Fin.,1.1583011583011584,0.819672131147541,29.280000000000005,0.046146746654360866,0.046146746654360866,0.09229349330872173,31.79,0,0
Karnawati Innovation,0.009615384615384616,0.4629629629629629,27.549999999999997,0.04604051565377532,0.04604051565377532,0.09208103130755065,26.39,0,0
Dynavision,1.9563197026022305,0.15723270440251572,32.059999999999995,0.04585052728106374,0.04585052728106374,0.09170105456212747,27.52,0,0
Rajputana Bio.,0.8591549295774649,0.2680965147453083,34.89,0.045829514207149404,0.045829514207149404,0.09165902841429881,32.46,0,0
Narmada Macplast,0.0,0.39840637450199207,36.97,0.04580852038479157,0.04580852038479157,0.09161704076958314,35.46,0,1
Synergy Green,11.530764807360553,0.5,26.32,0.04576659038901602,0.04576659038901602,0.09153318077803203,27.11,0,0
OneClick Logisti,2.3090128755364807,0.3921568627450981,34.14,0.04576659038901602,0.04576659038901602,0.09153318077803203,32.7,0,0
Sellowrap Indus.,1.735241502683363,0.4347826086956522,29.910000000000004,0.04576659038901602,0.04576659038901602,0.09153318077803203,29.11,0,0
Monika Alcobev,5.805349182763744,0.3401360544217687,30.43,0.045454545454545456,0.045454545454545456,0.09090909090909091,29.189999999999998,0,0
SNL Bearings,0.014256619144602852,0.09861932938856015,44.74,0.04539264639128461,0.04539264639128461,0.09078529278256922,35.6,0,0
Setco Automotive,13.048869680851064,0.8403361344537815,-1.24,0.04533091568449683,0.04533091568449683,0.09066183136899365,-1.1900000000000013,0,0
Beezaasan Exp.,4.757142857142856,0.2136752136752137,36.28,0.045228403437358664,0.045228403437358664,0.09045680687471733,32.82,0,0
Vinyl Chemicals,0.019830028328611898,0.29411764705882354,30.200000000000003,0.045207956600361664,0.045207956600361664,0.09041591320072333,27.8,0,0
Aesthetik Engi.,4.238227146814404,0.33222591362126247,34.49,0.045207956600361664,0.045207956600361664,0.09041591320072333,32.8,0,0
Yajur Fibres,2.5087187263078095,0.46511627906976744,31.800000000000004,0.045207956600361664,0.045207956600361664,0.09041591320072333,32.0,0,0
Creative Newtech,5.515310586176728,0.36363636363636365,34.379999999999995,0.045187528242205156,0.045187528242205156,0.09037505648441031,33.019999999999996,0,0
Megatherm Indu.,2.0526008182349504,0.4065040650406504,30.02,0.045187528242205156,0.045187528242205156,0.09037505648441031,28.79,0,0
Indo US Bio-Tech,11.425619834710744,0.21413276231263384,42.35,0.045146726862302484,0.045146726862302484,0.09029345372460497,39.0,0,0
Bombay Super Hyb,0.9290161892901617,0.20703933747412007,38.47,0.04512635379061372,0.04512635379061372,0.09025270758122744,34.89,0,0
Fabtech Techn.,2.8547008547008548,0.2518891687657431,36.45,0.04512635379061372,0.04512635379061372,0.09025270758122744,33.59,0,0
Aeron Composites,4.834349593495935,0.373134328358209,31.09,0.04506534474988733,0.04506534474988733,0.09013068949977467,29.85,0,0
Spright Agro,0.0077553733658320394,0.1607717041800643,45.51,0.0449842555105713,0.0449842555105713,0.0899685110211426,40.29,0,0
Bhaskar Agrochem,7.5588235294117645,0.4672897196261683,28.860000000000003,0.044923629829290206,0.044923629829290206,0.08984725965858041,28.46,0,0
Arihant Capital,6.7918275418275424,0.3597122302158273,29.7,0.044923629829290206,0.044923629829290206,0.08984725965858041,28.43,0,0
Tankup Engi.,2.722058823529412,0.35714285714285715,31.88,0.044923629829290206,0.044923629829290206,0.08984725965858041,30.770000000000003,0,0
Cont. Petroleums,1.1907514450867052,0.36363636363636365,30.32,0.0449034575662326,0.0449034575662326,0.0898069151324652,28.63,0,0
Bajaj Steel Inds,0.930001871607711,0.3246753246753247,34.26,0.04486316733961418,0.04486316733961418,0.08972633467922836,32.3,0,0
P.E. Analytics,0.0,0.10570824524312895,43.629999999999995,0.04484304932735426,0.04484304932735426,0.08968609865470852,35.17,0,0
Tolins Tyres,0.2514807107411558,0.12210012210012208,41.52,0.04484304932735426,0.04484304932735426,0.08968609865470852,34.38,0,0
Medico Remedies,2.1256366723259763,0.38167938931297707,32.08,0.04482294935006724,0.04482294935006724,0.08964589870013448,30.65,0,0
Chandni Machines,0.10818307905686547,0.6134969325153374,29.23,0.044642857142857144,0.044642857142857144,0.08928571428571429,28.68,0,0
Bulkcorp Inter.,0.653256704980843,0.26881720430107525,33.19,0.04460303300624442,0.04460303300624442,0.08920606601248884,30.78,0,0
Ahm. Steelcraft,0.0,0.26246719160104987,38.28,0.044563279857397504,0.044563279857397504,0.08912655971479501,35.47,0,0
Energy-Mission,4.027851458885942,0.33222591362126247,33.63,0.044543429844097995,0.044543429844097995,0.08908685968819599,31.95,0,0
Frog Innovations,4.137254901960785,0.23923444976076558,36.64,0.04452359750667854,0.04452359750667854,0.08904719501335707,33.54,0,0
PDP Shipping,0.7723577235772358,0.09267840593141799,44.120000000000005,0.0444642063139173,0.0444642063139173,0.0889284126278346,34.379999999999995,0,0
Alacrity Sec.,0.08231855820750121,0.17452006980802792,38.51,0.044444444444444446,0.044444444444444446,0.08888888888888889,33.81,0,0
UVS Hospitality,0.1282894736842105,0.5617977528089888,42.5,0.044306601683650866,0.044306601683650866,0.08861320336730173,41.74,0,0
Menon Pistons,0.36390977443609024,0.29850746268656714,35.309999999999995,0.04428697962798937,0.04428697962798937,0.08857395925597875,33.05,0,0
Davin Sons Reta,0.15596330275229361,0.12755102040816327,40.18,0.044208664898320066,0.044208664898320066,0.08841732979664013,33.36,0,0
Neptune Logitek,4.1993695823483055,0.4739336492890995,27.9,0.044208664898320066,0.044208664898320066,0.08841732979664013,28.97,0,0
Shri Techtex,0.5430032543003254,0.20202020202020202,38.71,0.044169611307420496,0.044169611307420496,0.08833922261484099,34.870000000000005,0,0
Interiors & More,2.9845513963161023,0.29325513196480935,37.18,0.044111160123511246,0.044111160123511246,0.08822232024702249,35.480000000000004,0,0
Forcas Studio,3.087782805429864,0.2710027100271003,34.87,0.04407227853680035,0.04407227853680035,0.0881445570736007,32.67,0,0
Aluwind Infra,1.2013457556935818,0.35460992907801414,32.28,0.04405286343612335,0.04405286343612335,0.0881057268722467,30.82,0,0
P. H. Capital,0.05549263873159683,0.008359806052499582,154.22000000000003,0.04395604395604396,0.04395604395604396,0.08791208791208792,35.61,0,0
Taylormade Renew,0.7101016138673043,0.2136752136752137,35.71,0.04393673110720562,0.04393673110720562,0.08787346221441124,32.160000000000004,0,0
Utssav CZ Gold,1.6472219141621383,0.3367003367003367,35.949999999999996,0.043859649122807015,0.043859649122807015,0.08771929824561403,34.86,0,0
TRF,1.2930414551607445,0.29154518950437314,28.91,0.04384042086804034,0.04384042086804034,0.08768084173608068,27.919999999999998,0,0
Bhatia Communic.,5.719611021069692,0.2597402597402597,35.48,0.04384042086804034,0.04384042086804034,0.08768084173608068,32.97,0,0
Baheti Recycling,8.581434599156118,0.4484304932735426,28.76,0.04382120946538125,0.04382120946538125,0.0876424189307625,30.5,0,0
Atmastco Ltd,2.5438903470399534,0.390625,28.37,0.0437636761487965,0.0437636761487965,0.087527352297593,27.43,0,0
Sonal Adhesives,1.9531645569620253,0.49504950495049505,25.97,0.043744531933508315,0.043744531933508315,0.08748906386701663,26.54,0,0
Royal Arc Ele.,1.0737864077669903,0.186219739292365,40.04,0.043744531933508315,0.043744531933508315,0.08748906386701663,35.74,0,0
Sanghvi Brands,0.011627906976744186,0.2506265664160401,37.91,0.043687199650502405,0.043687199650502405,0.08737439930100481,34.92,0,0
Vilas Transcore,0.29319802523313215,0.17543859649122806,38.64,0.04364906154517678,0.04364906154517678,0.08729812309035356,33.97,0,0
Mach Conferences,0.635258358662614,0.18484288354898337,37.330000000000005,0.04363001745200698,0.04363001745200698,0.08726003490401396,32.97,0,0
Sunrakshakk Inds,39.34210526315789,0.29239766081871343,33.8,0.04361098996947231,0.04361098996947231,0.08722197993894462,31.65,0,0
Sunrise Efficie.,0.5298578199052132,0.11261261261261263,43.36,0.043591979075850044,0.043591979075850044,0.08718395815170009,35.53,0,1
De Neers Tools,3.0593096742829364,0.2481389578163772,36.07,0.043591979075850044,0.043591979075850044,0.08718395815170009,33.81,0,0
Share Samadhan,0.1169811320754717,0.06798096532970768,50.580000000000005,0.04357298474945534,0.04357298474945534,0.08714596949891068,36.879999999999995,0,0
Fabtech Tech.,1.134087237479806,0.39370078740157477,32.41,0.04351610095735422,0.04351610095735422,0.08703220191470844,31.09,0,0
Sealmatic India,1.185378590078329,0.17452006980802792,40.07,0.04349717268377556,0.04349717268377556,0.08699434536755112,35.379999999999995,0,0
Dhanalaxmi Roto,0.08994708994708996,0.28328611898017,34.480000000000004,0.0434593654932638,0.0434593654932638,0.0869187309865276,31.96,0,0
TSC India,1.8271092669432918,0.3484320557491289,31.84,0.04342162396873643,0.04342162396873643,0.08684324793747286,30.6,0,0
Gujarat Intrux,0.0,0.09259259259259259,46.75,0.04338394793926247,0.04338394793926247,0.08676789587852494,36.95,0,0
Premier Roadline,1.087132140796307,0.16339869281045752,40.050000000000004,0.043215211754537596,0.043215211754537596,0.08643042350907519,35.120000000000005,0,1
AccelerateBS Ind,0.011111111111111112,0.1607717041800643,39.67,0.04314063848144953,0.04314063848144953,0.08628127696289906,34.45,0,0
Valencia India,1.4150943396226414,0.19685039370078738,39.480000000000004,0.043084877208099955,0.043084877208099955,0.08616975441619991,35.510000000000005,0,0
Spunweb Nonwoven,25.043037974683543,0.3623188405797102,30.57,0.043010752688172046,0.043010752688172046,0.08602150537634409,29.71,0,0
Secmark Consult.,0.0,0.35460992907801414,37.120000000000005,0.04299226139294927,0.04299226139294927,0.08598452278589853,35.3,0,0
Jayant Infratech,2.918032786885246,0.4081632653061224,33.42,0.042936882782310004,0.042936882782310004,0.08587376556462001,32.379999999999995,0,0
Aztec Fluids,4.672727272727272,0.4566210045662101,34.25,0.04291845493562232,0.04291845493562232,0.08583690987124463,33.25,0,0
HVAX Technolog.,0.8374019180470793,0.23148148148148145,37.269999999999996,0.04284490145672665,0.04284490145672665,0.0856898029134533,34.2,0,0
Classic Electrod,3.729918509895227,0.3076923076923077,35.44,0.04284490145672665,0.04284490145672665,0.0856898029134533,33.55,0,0
Pudumjee Paper,0.14213745951781215,0.22172949002217296,38.019999999999996,0.042826552462526764,0.042826552462526764,0.08565310492505353,34.53,0,0
Jhandewala Foods,0.2122049221496735,0.27548209366391185,39.129999999999995,0.04280821917808219,0.04280821917808219,0.08561643835616438,36.769999999999996,0,0
Veritaas Adver.,3.7733990147783247,0.42016806722689076,32.24,0.042789901583226354,0.042789901583226354,0.08557980316645271,31.47,0,0
Bansal Roofing,0.5197568389057751,0.4081632653061224,35.61,0.04275331338178709,0.04275331338178709,0.08550662676357418,34.21,0,0
Leo Dryfruits,1.0329360100376412,0.3021148036253776,33.830000000000005,0.04275331338178709,0.04275331338178709,0.08550662676357418,32.0,0,0
Suntech Infra.,7.11520190023753,0.273972602739726,32.76,0.04275331338178709,0.04275331338178709,0.08550662676357418,30.82,0,0
Vision Corpn.,0.08256880733944953,0.4291845493562232,38.949999999999996,0.042735042735042736,0.042735042735042736,0.08547008547008547,37.8,0,1
H.M. Electro,0.8558823529411765,0.2570694087403599,34.89,0.042716787697565144,0.042716787697565144,0.08543357539513029,32.09,0,1
Vasa Denticity,0.0,0.10214504596527069,45.19,0.04269854824935952,0.04269854824935952,0.08539709649871904,36.400000000000006,0,0
Linc,0.3552677029360967,0.2881844380403458,37.1,0.04268032437046521,0.04268032437046521,0.08536064874093043,34.71,0,0
Bodhi Tree,1.7046052631578947,0.373134328358209,30.2,0.04268032437046521,0.04268032437046521,0.08536064874093043,28.84,0,0
Pelatro,1.9853773584905663,0.24449877750611249,37.49,0.04268032437046521,0.04268032437046521,0.08536064874093043,34.83,0,0
Sh. Jagdamba Pol,0.5404725992961287,0.14430014430014432,42.42999999999999,0.04257130693912303,0.04257130693912303,0.08514261387824607,36.53,0,0
Ameya Precision,0.0,0.20703933747412007,40.42,0.04246284501061571,0.04246284501061571,0.08492569002123142,36.59,0,0
Mardia Samyoung,0.0028328611898017,0.16420361247947454,47.22,0.0423908435777872,0.0423908435777872,0.0847816871555744,42.129999999999995,0,0
Oval Projects,2.823283582089552,0.3164556962025316,31.72,0.0423908435777872,0.0423908435777872,0.0847816871555744,30.02,0,0
Prime Securities,0.05751905751905752,0.06097560975609757,55.37,0.04233700254022015,0.04233700254022015,0.0846740050804403,39.980000000000004,0,0
Gujarat Peanut,4.887359198998748,0.4081632653061224,29.94,0.04230118443316413,0.04230118443316413,0.08460236886632826,29.330000000000002,0,0
Sumuka Agro,0.28885400313971743,0.28169014084507044,34.5,0.042265426880811495,0.042265426880811495,0.08453085376162299,32.16,0,0
Press. Senstive,0.019402985074626865,0.2710027100271003,37.980000000000004,0.042247570764681025,0.042247570764681025,0.08449514152936205,35.300000000000004,0,0
Boss Packaging,0.04028436018957346,0.15625,40.88,0.04221190375685943,0.04221190375685943,0.08442380751371886,35.49,0,0
Telogica,0.17468354430379746,0.36496350364963503,29.19,0.04214075010535188,0.04214075010535188,0.08428150021070376,27.6,0,0
Gabion Technol.,10.088552915766739,0.4424778761061947,30.31,0.04214075010535188,0.04214075010535188,0.08428150021070376,31.17,0,0
Sanrhea Tech.,4.938271604938272,0.2849002849002849,36.53,0.042034468263976464,0.042034468263976464,0.08406893652795293,34.42,0,0
Karnika Industri,12.799610894941637,0.3802281368821293,35.86,0.041981528127623846,0.041981528127623846,0.08396305625524769,35.01,0,0
Artificial Elect,0.005649717514124294,0.36101083032490977,34.72,0.04185851820845542,0.04185851820845542,0.08371703641691083,32.95,0,0
High Energy Bat.,4.36938775510204,0.26246719160104987,39.31,0.04175365344467641,0.04175365344467641,0.08350730688935282,36.72,0,0
Kundan Edifice,5.236245954692556,0.39370078740157477,35.1,0.04175365344467641,0.04175365344467641,0.08350730688935282,34.28,0,1
Faalcon Concepts,0.6420047732696899,0.29850746268656714,34.61,0.04171881518564873,0.04171881518564873,0.08343763037129746,32.379999999999995,0,0
RR Metalmakers,1.300771208226221,0.4329004329004329,26.34,0.041631973355537054,0.041631973355537054,0.08326394671107411,26.509999999999998,0,0
Vaishno Cement,1.881188118811881,0.2222222222222222,31.99,0.04152823920265781,0.04152823920265781,0.08305647840531562,28.729999999999997,0,0
Rudra Gas,5.390681003584229,0.373134328358209,34.169999999999995,0.04132231404958678,0.04132231404958678,0.08264462809917356,33.33,0,0
Chetana Educa.,0.4194659776055125,0.10989010989010989,43.879999999999995,0.041220115416323165,0.041220115416323165,0.08244023083264633,35.84,0,0
Malpani Pipes,1.9872994652406417,0.3436426116838488,33.9,0.04120313143798929,0.04120313143798929,0.08240626287597858,32.58,0,0
Globe Civil,12.100254885301613,0.3424657534246575,31.610000000000003,0.04118616144975288,0.04118616144975288,0.08237232289950576,30.32,0,0
Cochin Minerals,1.2436548223350254,0.15408320493066255,38.120000000000005,0.04111842105263158,0.04111842105263158,0.08223684210526316,32.64,0,0
Delta Auto.,0.28289473684210525,0.09107468123861566,47.550000000000004,0.04103405826836274,0.04103405826836274,0.08206811653672548,37.620000000000005,0,0
Jinkushal Indus.,5.718367346938775,0.2808988764044944,38.830000000000005,0.04101722723543889,0.04101722723543889,0.08203445447087777,36.64,0,0
OBSC Perfection,4.258883248730965,0.3236245954692557,38.78,0.04096681687832855,0.04096681687832855,0.0819336337566571,37.06,0,0
Identical Brains,0.014840182648401827,0.1841620626151013,41.96,0.04093327875562833,0.04093327875562833,0.08186655751125665,37.53,0,0
IIRM Holdings,6.619718309859155,0.2777777777777778,38.92,0.04084967320261438,0.04084967320261438,0.08169934640522876,36.64,0,0
Indian Emuls,1.8433048433048433,0.2710027100271003,40.58,0.0407000407000407,0.0407000407000407,0.0814000814000814,38.24,0,1
U P Hotels,0.0072231139646869984,0.23255813953488372,41.84,0.04068348250610253,0.04068348250610253,0.08136696501220506,38.54,0,0
Lotus Chocolate,1.5085758039816235,0.46511627906976744,31.700000000000003,0.04065040650406504,0.04065040650406504,0.08130081300813008,33.63,0,0
Alufluoride,2.4462121212121213,0.17152658662092624,42.330000000000005,0.04061738424045491,0.04061738424045491,0.08123476848090982,37.79,0,0
Sattrix Infor.,0.4219858156028368,0.3389830508474576,35.87,0.04060089321965083,0.04060089321965083,0.08120178643930166,34.01,0,0
Cargotrans Marit,5.159159159159159,0.33783783783783783,36.69,0.040584415584415584,0.040584415584415584,0.08116883116883117,35.4,0,0
Forge Auto,4.422276621787026,0.4132231404958678,33.03,0.040584415584415584,0.040584415584415584,0.08116883116883117,32.18,0,0
Naapbooks,0.12070657507360158,0.2610966057441253,40.86,0.04056795131845842,0.04056795131845842,0.08113590263691683,38.06,0,0
Accent Microcell,0.04479937670432411,0.18315018315018314,43.379999999999995,0.040551500405515,0.040551500405515,0.08110300081103,38.92,0,0
DRS Dilip Road,0.2077479778629204,0.5434782608695653,32.35,0.04051863857374392,0.04051863857374392,0.08103727714748785,31.64,0,0
Arham Tech,11.597402597402597,0.3846153846153846,36.660000000000004,0.04050222762251924,0.04050222762251924,0.08100445524503848,36.02,0,0
Indobell Insul.,0.11278195488721804,0.09208103130755065,44.25,0.04046944556859571,0.04046944556859571,0.08093889113719142,34.43,0,0
Jyoti Global,2.5160220994475138,0.4587155963302753,35.629999999999995,0.04046944556859571,0.04046944556859571,0.08093889113719142,34.9,0,0
Narmadesh Brass,11.971830985915494,0.4587155963302753,33.83,0.04045307443365696,0.04045307443365696,0.08090614886731393,34.39,0,0
Bemco Hydraulics,1.1164574616457463,0.4166666666666667,34.63,0.040436716538617065,0.040436716538617065,0.08087343307723413,33.44,0,0
Paradeep Pari.,10.419729206963249,0.24570024570024568,39.13,0.040436716538617065,0.040436716538617065,0.08087343307723413,36.44,0,0
Mother Nutri,5.579462102689487,0.4065040650406504,35.19,0.04042037186742118,0.04042037186742118,0.08084074373484236,34.65,0,0
Inspirisys Sol.,2.184886649874055,0.37037037037037035,35.42,0.04040404040404041,0.04040404040404041,0.08080808080808081,35.0,0,0
Zeal Global Serv,1.6289592760180995,0.5376344086021506,35.6,0.04032258064516129,0.04032258064516129,0.08064516129032258,35.03,0,0
Premium Plast,4.2042553191489365,0.3246753246753247,37.019999999999996,0.04030632809351068,0.04030632809351068,0.08061265618702136,35.11,0,1
NAPS Global,0.3805031446540881,0.35842293906810035,34.379999999999995,0.04030632809351068,0.04030632809351068,0.08061265618702136,32.79,0,0
Prithvi Exchange,1.1351351351351353,0.33783783783783783,38.38,0.040257648953301126,0.040257648953301126,0.08051529790660225,36.47,0,0
Srivasavi Adhes.,3.304964539007092,0.3436426116838488,38.0,0.040257648953301126,0.040257648953301126,0.08051529790660225,36.3,0,0
D.K. Enterprises,1.1234939759036144,0.3968253968253968,35.5,0.040160642570281124,0.040160642570281124,0.08032128514056225,34.23,0,0
Parmeshwar Metal,3.1547388781431334,0.2347417840375587,40.940000000000005,0.04014452027298274,0.04014452027298274,0.08028904054596547,37.89,0,0
Piotex Indus.,0.20359955005624297,0.2169197396963124,37.32,0.04011231448054553,0.04011231448054553,0.08022462896109106,33.78,0,0
Guj. Toolroom,0.2576632435574501,0.4081632653061224,31.98,0.04006410256410256,0.04006410256410256,0.08012820512820512,30.73,0,0
Baroda Extrusion,0.29565217391304355,0.373134328358209,33.81,0.040032025620496396,0.040032025620496396,0.08006405124099279,32.41,0,1
Intl. Travel Hse,0.03936803936803937,0.2604166666666667,39.300000000000004,0.03988831272437176,0.03988831272437176,0.07977662544874352,36.47,0,0
Silkflex Polymer,1.7684918347742553,0.3861003861003861,35.83,0.03987240829346093,0.03987240829346093,0.07974481658692185,35.65,0,0
Ashwini Contain.,3.5803059273422564,0.37735849056603776,35.38999999999999,0.03987240829346093,0.03987240829346093,0.07974481658692185,36.199999999999996,0,0
Nilachal Carbo,6.347708894878706,0.3184713375796178,37.72,0.03985651654045436,0.03985651654045436,0.07971303308090873,35.879999999999995,0,0
Simplex Castings,6.510848126232741,0.36363636363636365,34.23,0.0398406374501992,0.0398406374501992,0.0796812749003984,33.29,0,1
Travels & Rent.,0.8451268357810413,0.1545595054095827,37.29,0.03979307600477517,0.03979307600477517,0.07958615200955034,32.46,0,0
Automotive Stamp,14.664507772020725,0.5586592178770949,23.24,0.039761431411530816,0.039761431411530816,0.07952286282306163,29.63,0,0
Suba Hotels,11.526315789473685,0.5102040816326531,37.62,0.039761431411530816,0.039761431411530816,0.07952286282306163,37.73,0,0
Nila Spaces,2.3163732818905234,0.2976190476190476,31.02,0.0397456279809221,0.0397456279809221,0.0794912559618442,29.29,0,0
Cellecor Gadgets,4.261120739456962,0.33444816053511706,37.25,0.03966679888932963,0.03966679888932963,0.07933359777865925,36.06,0,0
Takyon Networks,0.7887640449438201,0.24509803921568626,36.12,0.03966679888932963,0.03966679888932963,0.07933359777865925,33.17,0,0
Padam Cotton,0.08811475409836066,0.45248868778280543,38.169999999999995,0.03963535473642489,0.03963535473642489,0.07927070947284978,36.980000000000004,0,0
James Warren Tea,0.0,0.0979431929480901,53.650000000000006,0.03957261574990107,0.03957261574990107,0.07914523149980214,44.44,0,0
Rappid Valves,0.9761215629522432,0.2570694087403599,40.31,0.039510075069142635,0.039510075069142635,0.07902015013828527,37.7,0,0
Pranik Logistics,3.0401544401544403,0.3484320557491289,38.39,0.03949447077409163,0.03949447077409163,0.07898894154818326,37.46,0,0
Jasch Gauging,0.002840909090909091,0.12658227848101264,46.71,0.03946329913180742,0.03946329913180742,0.07892659826361484,39.81,0,0
Shyam Dhani Ind.,6.729050279329609,0.4424778761061947,35.82,0.03943217665615142,0.03943217665615142,0.07886435331230283,36.29,0,0
Agarwal Toughene,1.3503184713375795,0.15873015873015872,45.97,0.039401103230890466,0.039401103230890466,0.07880220646178093,40.87,0,0
Shri Ahimsa,0.0,0.05743825387708214,55.730000000000004,0.039401103230890466,0.039401103230890466,0.07880220646178093,39.32,0,0
Integra Engg.,1.2001427042454513,0.3448275862068966,39.11,0.03929273084479371,0.03929273084479371,0.07858546168958742,37.53,0,0
Beacon Trust.,0.0,0.22831050228310504,42.46,0.03929273084479371,0.03929273084479371,0.07858546168958742,39.08,0,0
Kriti Nutrients,0.17930825242718446,0.1584786053882726,45.98,0.03927729772191673,0.03927729772191673,0.07855459544383346,40.7,0,0
Patil Automation,10.754601226993866,0.24570024570024568,38.18,0.03926187671770711,0.03926187671770711,0.07852375343541422,35.25,0,0
Shelter Pharma,0.18827160493827158,0.11160714285714285,49.21,0.03924646781789639,0.03924646781789639,0.07849293563579278,41.269999999999996,0,0
Jay Ambe Super.,2.160493827160494,0.2570694087403599,38.37,0.03923107100823853,0.03923107100823853,0.07846214201647705,35.76,0,0
Essex Marine,2.663265306122449,0.13850415512465375,40.68000000000001,0.03916960438699569,0.03916960438699569,0.07833920877399138,34.870000000000005,0,0
DSM Fresh,2.573529411764706,0.29239766081871343,39.64,0.03916960438699569,0.03916960438699569,0.07833920877399138,38.03,0,0
Shrydus Indust.,0.0007552870090634441,0.0009818360333824251,1066.54,0.03915426781519186,0.03915426781519186,0.07830853563038372,49.04,0,0
Artson,2.264925373134328,0.49751243781094534,9.18,0.03910833007430583,0.03910833007430583,0.07821666014861166,26.7,0,0
Sugal & Damani,0.03309539260220636,0.19083969465648853,44.58,0.03910833007430583,0.03910833007430583,0.07821666014861166,40.36,0,0
Nitta Gelatin,0.27829386366609965,0.16750418760469013,45.61,0.038986354775828465,0.038986354775828465,0.07797270955165693,40.69,0,0
Valplast Technol,11.904522613065327,0.3891050583657587,34.76,0.03897116134060795,0.03897116134060795,0.0779423226812159,33.89,0,0
Freshara Agro,83.32142857142856,0.33557046979865773,39.800000000000004,0.03881987577639751,0.03881987577639751,0.07763975155279502,38.47,0,0
Rapid Fleet,9.151041666666668,0.2785515320334262,37.94,0.03875968992248062,0.03875968992248062,0.07751937984496124,35.59,0,0
Anlon Healthcare,2.4556263269639063,0.17699115044247787,42.48,0.03871467286101433,0.03871467286101433,0.07742934572202866,38.099999999999994,0,0
Dharni Capital,0.6692307692307692,0.11876484560570072,50.25,0.03852080123266564,0.03852080123266564,0.07704160246533127,42.870000000000005,0,0
Forbes Precision,0.3728975535168196,0.3484320557491289,39.35,0.03852080123266564,0.03852080123266564,0.07704160246533127,37.61,0,0
Promact Plastics,2.7905405405405403,0.6369426751592357,27.16,0.038461538461538464,0.038461538461538464,0.07692307692307693,26.83,1,0
Magna Electrocas,0.3091133004926108,0.29325513196480935,42.19,0.038358266206367474,0.038358266206367474,0.07671653241273495,39.870000000000005,0,0
Systematix Corp.,0.9607193563653574,0.2188183807439825,41.14,0.038328861632809505,0.038328861632809505,0.07665772326561901,37.629999999999995,0,0
DMR Engineering,0.9365079365079364,0.2008032128514056,44.69,0.038314176245210725,0.038314176245210725,0.07662835249042145,40.8,0,0
Addictive Learn,0.0,0.5649717514124294,37.11,0.03827018752391887,0.03827018752391887,0.07654037504783774,36.34,0,0
Exato Technologies,2.178694158075601,0.3623188405797102,38.5,0.03825554705432287,0.03825554705432287,0.07651109410864575,37.480000000000004,0,0
Denta Water,0.18570840762584007,0.06657789613848203,55.43,0.03821169277799006,0.03821169277799006,0.07642338555598012,41.44,0,0
Astron,2.3135135135135134,0.39840637450199207,38.0,0.03815337657382678,0.03815337657382678,0.07630675314765356,36.9,0,0
Ganesh Green,1.1628532974427996,0.3424657534246575,39.43,0.03813882532418002,0.03813882532418002,0.07627765064836003,37.66,0,0
Swastika Castal,2.554006968641115,0.33112582781456956,36.49,0.03813882532418002,0.03813882532418002,0.07627765064836003,34.769999999999996,0,0
Prevest Denpro,0.0,0.06341154090044389,57.56,0.0380952380952381,0.0380952380952381,0.0761904761904762,42.79,0,0
Mahendra Realtor,1.7586726998491704,0.2577319587628866,40.9,0.03806623524933384,0.03806623524933384,0.07613247049866768,38.129999999999995,0,1
Deepak Builders,1.1463137996219281,0.2840909090909091,35.61,0.0380517503805175,0.0380517503805175,0.076103500761035,33.44,0,0
Agarwal Fortune,1.7543859649122806,0.3424657534246575,36.36,0.03800836183960472,0.03800836183960472,0.07601672367920943,37.26,0,0
Arunaya Organics,9.335051546391753,0.3215434083601286,35.019999999999996,0.037965072133637055,0.037965072133637055,0.07593014426727411,33.29,0,0
Geekay Wires,4.145301804604854,0.3389830508474576,40.4,0.03793626707132018,0.03793626707132018,0.07587253414264036,39.26,0,0
GP Eco Solutions,3.104586369481355,0.4504504504504505,34.93,0.03793626707132018,0.03793626707132018,0.07587253414264036,34.61,0,0
Voler Car,0.0,0.1183431952662722,48.769999999999996,0.03790750568612585,0.03790750568612585,0.0758150113722517,41.32,0,0
Brady & Morris,2.9695431472081215,0.2298850574712644,41.76,0.03787878787878788,0.03787878787878788,0.07575757575757576,38.53,0,0
Naturewings Hol.,0.010869565217391306,0.41152263374485604,38.11,0.03787878787878788,0.03787878787878788,0.07575757575757576,36.68,0,0
Sudal Industries,1.7875354107648724,0.4694835680751174,35.92,0.03773584905660377,0.03773584905660377,0.07547169811320754,35.519999999999996,0,0
DC Infotech,13.399999999999999,0.4081632653061224,32.63,0.03770739064856712,0.03770739064856712,0.07541478129713423,31.91,0,0
Lakshya Powertec,1.4330434782608696,0.3278688524590164,40.54,0.03770739064856712,0.03770739064856712,0.07541478129713423,39.06,0,0
KPT Industries,0.689608636977058,0.3105590062111801,39.43,0.03769317753486619,0.03769317753486619,0.07538635506973237,37.42,0,0
Vdeal System,0.6985743380855396,0.3105590062111801,37.86,0.03766478342749529,0.03766478342749529,0.07532956685499058,36.02,0,0
Upsurge Invest.,0.9720044792833147,0.0036713415081870916,316.25999999999993,0.03762227238525207,0.03762227238525207,0.07524454477050414,45.11,0,0
Innovana Think.,1.4028977431039287,0.2570694087403599,45.910000000000004,0.03759398496240601,0.03759398496240601,0.07518796992481203,43.21,0,0
Pratham EPC,3.7142857142857144,0.26595744680851063,42.489999999999995,0.03755163349605708,0.03755163349605708,0.07510326699211416,40.15,0,0
Revathi Equip,1.8341986846659744,0.36496350364963503,35.519999999999996,0.037439161362785474,0.037439161362785474,0.07487832272557095,34.2,0,0
Pee Cee Cosma,0.5487364620938628,0.23584905660377356,45.2,0.03741114852225963,0.03741114852225963,0.07482229704451926,42.05,0,0
Creative Graphic,3.3270223752151464,0.3861003861003861,39.13,0.03741114852225963,0.03741114852225963,0.07482229704451926,38.19,0,0
Tatia Global,0.0,0.0085149863760218,166.22,0.03736920777279521,0.03736920777279521,0.07473841554559042,49.78,0,0
Radhika Jeweltec,2.4382470119521913,0.1075268817204301,51.199999999999996,0.037341299477221805,0.037341299477221805,0.07468259895444361,43.03,0,0
Keltech Energies,2.425955842757135,0.4566210045662101,36.49,0.037243947858472994,0.037243947858472994,0.07448789571694599,35.620000000000005,0,0
Mahamaya Lifesc.,44.94078947368421,0.4587155963302753,34.48,0.03721622627465575,0.03721622627465575,0.0744324525493115,34.480000000000004,0,0
Mittal Sections,23.88695652173913,0.3802281368821293,35.05,0.03710575139146568,0.03710575139146568,0.07421150278293136,35.62,0,0
Eleganz Interior,8.751491053677933,0.31545741324921134,38.239999999999995,0.037009622501850484,0.037009622501850484,0.07401924500370097,36.35,0,0
M P K Steels,1.284856571047365,0.3508771929824561,37.07,0.03695491500369549,0.03695491500369549,0.07390983000739099,35.96,0,1
Nexxus Petro,2.202054794520548,0.3436426116838488,39.699999999999996,0.03688675765400221,0.03688675765400221,0.07377351530800443,38.35,0,0
Sheetal Univer.,1.5098507462686566,0.36363636363636365,42.5,0.03683241252302026,0.03683241252302026,0.07366482504604052,41.31,0,1
C2C Advanced,0.41293874741913283,0.2008032128514056,46.49,0.0368052999631947,0.0368052999631947,0.0736105999263894,42.730000000000004,0,0
Purple United,1.7464876678114267,0.36764705882352944,38.699999999999996,0.036751194413818446,0.036751194413818446,0.07350238882763689,37.83,0,0
Nacdac Infra.,1.2394578313253013,0.3968253968253968,39.489999999999995,0.036737692872887584,0.036737692872887584,0.07347538574577517,38.28,0,0
AVP Infracon,17.423631123919307,0.42194092827004215,39.11,0.03671071953010279,0.03671071953010279,0.07342143906020558,38.879999999999995,0,0
Radiant Cash,2.265573770491803,0.303951367781155,41.0,0.03669724770642202,0.03669724770642202,0.07339449541284404,39.18,0,0
Bai-Kakaji Poly.,8.583660644147683,0.5952380952380952,37.209999999999994,0.03652300949598247,0.03652300949598247,0.07304601899196494,38.56,0,1
CapitalNumbers,0.0,0.03171582619727244,75.93,0.03640334910811795,0.03640334910811795,0.0728066982162359,45.4,0,0
Chembond Chemic.,0.0,0.1404494382022472,48.01,0.03640334910811795,0.03640334910811795,0.0728066982162359,41.89,0,0
Brijlaxmi Leas.,1.453194650817236,0.5235602094240838,32.06,0.03632401017072285,0.03632401017072285,0.0726480203414457,34.160000000000004,0,1
Krupalu Metals,1.5308641975308641,0.28901734104046245,39.61,0.03631082062454612,0.03631082062454612,0.07262164124909223,37.43,0,0
Univastu India,7.192041522491349,0.39840637450199207,37.1,0.036284470246734396,0.036284470246734396,0.07256894049346879,36.07,0,0
Neochem Bio,11.134375,0.45454545454545453,36.53,0.0361794500723589,0.0361794500723589,0.0723589001447178,37.13,0,0
Aakaar Medical,2.670826833073323,0.3067484662576687,42.27,0.036153289949385395,0.036153289949385395,0.07230657989877079,40.370000000000005,0,0
Trident Techlabs,1.048358208955224,0.20746887966804978,42.32,0.03614022406938923,0.03614022406938923,0.07228044813877846,38.760000000000005,0,0
Tiger Logistics,2.4768378650553875,0.3472222222222222,44.17,0.03611412062116287,0.03611412062116287,0.07222824124232574,42.61,0,0
Ajanta Soya,0.16800920598388952,0.3058103975535168,40.05,0.03602305475504323,0.03602305475504323,0.07204610951008646,37.8,0,0
Prabhhans Inds,5.681564245810056,0.4329004329004329,34.97,0.03597122302158273,0.03597122302158273,0.07194244604316546,34.620000000000005,0,0
Prakash Pipes,0.1706135629709365,0.1838235294117647,46.73,0.035932446999640676,0.035932446999640676,0.07186489399928135,42.32,0,0
Quest Laborato.,1.3473078503904645,0.26666666666666666,44.16,0.03588087549336204,0.03588087549336204,0.07176175098672408,41.77,0,0
Banganga Paper,2.3452380952380953,0.4424778761061947,37.24,0.03577817531305903,0.03577817531305903,0.07155635062611806,36.46,0,0
Vruddhi Engineer,0.9050772626931568,0.33557046979865773,39.28,0.03571428571428571,0.03571428571428571,0.07142857142857142,37.74,0,0
Harshdeep Horti.,0.3131462333825702,0.2173913043478261,50.410000000000004,0.03563791874554526,0.03563791874554526,0.07127583749109052,46.849999999999994,0,0
Macpower CNC,0.16290726817042606,0.32894736842105265,42.160000000000004,0.03562522265764161,0.03562522265764161,0.07125044531528323,40.13,0,0
Intl. Conveyors,7.434045226130653,0.22123893805309736,47.980000000000004,0.0355998576005696,0.0355998576005696,0.0711997152011392,44.760000000000005,0,0
Jenburkt Pharma,0.05914908336215842,0.31545741324921134,46.85,0.035486160397444996,0.035486160397444996,0.07097232079488999,44.69,0,0
Aaradhya Dis.,6.120370370370369,0.28169014084507044,42.53000000000001,0.0354735721887194,0.0354735721887194,0.0709471443774388,40.49,0,0
GPT Healthcare,1.4203216374269005,0.4926108374384236,41.489999999999995,0.035423308537017355,0.035423308537017355,0.07084661707403471,40.84,0,0
Shivashrit Foods,7.055674518201285,0.29673590504451036,41.7,0.03532320734722713,0.03532320734722713,0.07064641469445426,40.019999999999996,0,0
V.L.Infraproject,1.9591214154972543,0.33003300330033003,38.55,0.035285815102328866,0.035285815102328866,0.07057163020465773,37.22,0,0
Safecure Service,14.99230769230769,0.4065040650406504,41.690000000000005,0.035236081747709654,0.035236081747709654,0.07047216349541931,41.019999999999996,0,0
Pulz Electronics,0.08333333333333334,0.12210012210012208,50.14000000000001,0.035161744022503515,0.035161744022503515,0.07032348804500703,42.96,0,0
Ambar Protein,7.211356466876971,0.39525691699604737,43.05,0.03508771929824561,0.03508771929824561,0.07017543859649122,42.13,0,0
Supreme Power,0.7951078379800105,0.4016064257028112,42.69,0.03508771929824561,0.03508771929824561,0.07017543859649122,41.480000000000004,0,0
Gandhi Spl. Tube,0.0022892819979188346,0.13966480446927373,53.120000000000005,0.03505082369435682,0.03505082369435682,0.07010164738871363,46.96,0,0
SKP Securities,2.3788063337393424,0.3205128205128205,41.78,0.03502626970227671,0.03502626970227671,0.07005253940455342,40.010000000000005,0,0
TGIF Agribusines,0.0,0.0227842333105491,95.29,0.0350140056022409,0.0350140056022409,0.0700280112044818,52.4,0,0
Amwill Health,0.0,0.12019230769230768,58.599999999999994,0.0350140056022409,0.0350140056022409,0.0700280112044818,51.28,0,0
Ganga Bath Fitt.,3.839285714285714,0.273972602739726,42.58,0.03498950314905529,0.03498950314905529,0.06997900629811057,40.089999999999996,0,0
Teerth Gopicon,1.3608684801597206,0.2008032128514056,38.93,0.03497726477789437,0.03497726477789437,0.06995452955578874,35.91,0,0
Likhitha Infra.,0.2259414225941423,0.1079913606911447,53.81,0.03495281370150297,0.03495281370150297,0.06990562740300595,45.55,0,0
Srivari Spices &,8.86968085106383,0.2717391304347826,44.27,0.03460207612456748,0.03460207612456748,0.06920415224913495,42.099999999999994,0,0
KVS Castings,2.2827406764960974,0.3164556962025316,46.35,0.034530386740331494,0.034530386740331494,0.06906077348066299,44.72,0,0
Munish Forge,10.38172920065253,0.42372881355932196,41.21,0.034530386740331494,0.034530386740331494,0.06906077348066299,40.71,0,0
Advance Agrolife,12.716840536512667,0.4273504273504274,37.260000000000005,0.034482758620689655,0.034482758620689655,0.06896551724137931,36.39,0,1
Manoj Jewellers,0.8191881918819189,0.16611295681063123,48.4,0.03447087211306446,0.03447087211306446,0.06894174422612892,43.510000000000005,0,0
Danlaw Tech.,2.8399280575539567,0.29069767441860467,43.29,0.034447123665173954,0.034447123665173954,0.06889424733034791,41.22,0,0
Modern Steels,0.045356371490280774,0.16750418760469013,60.18,0.03439972480220158,0.03439972480220158,0.06879944960440317,55.22,0,0
Franklin Indust.,0.006287726358148894,0.05927682276229995,66.81,0.034376074252320386,0.034376074252320386,0.06875214850464077,50.94,0,1
Z-Tech (India),0.04741799285482299,0.1404494382022472,49.88999999999999,0.03434065934065934,0.03434065934065934,0.06868131868131867,43.79,0,0
Urban Enviro,2.5422106179286335,0.3436426116838488,42.449999999999996,0.03432887058015791,0.03432887058015791,0.06865774116031582,41.25,0,0
Ken Enter.,3.6596814752724223,0.40485829959514175,33.81,0.03432887058015791,0.03432887058015791,0.06865774116031582,32.71,0,0
Nicco Parks,0.0,0.24509803921568626,48.1,0.03430531732418525,0.03430531732418525,0.0686106346483705,45.019999999999996,0,0
GB Logistics,2.7901444350042484,0.40322580645161293,37.48,0.03424657534246575,0.03424657534246575,0.0684931506849315,36.57,0,0
Challani Capital,0.227027027027027,0.02564102564102564,91.7,0.034223134839151265,0.034223134839151265,0.06844626967830253,53.75,0,0
Loyal Equipments,1.4441747572815533,0.26881720430107525,47.35,0.034176349965823645,0.034176349965823645,0.06835269993164729,44.74,0,0
Contil India,0.0,0.19342359767891684,49.69,0.03408316291751875,0.03408316291751875,0.0681663258350375,45.519999999999996,0,0
Rexpro Enter.,2.020151133501259,0.2645502645502646,43.10999999999999,0.03408316291751875,0.03408316291751875,0.0681663258350375,40.46,0,0
M K Exim India,0.32656514382402707,0.02288329519450801,90.56,0.0340599455040872,0.0340599455040872,0.0681198910081744,47.879999999999995,0,0
Shining Tools,3.769585253456221,0.37593984962406013,39.07,0.0340599455040872,0.0340599455040872,0.0681198910081744,38.43,0,0
Hindustan Hardy,2.7196969696969697,0.35587188612099646,43.32,0.034048348655090224,0.034048348655090224,0.06809669731018045,41.72,0,0
GTV Engineering,1.6179104477611939,0.33444816053511706,45.94,0.0339097999321804,0.0339097999321804,0.0678195998643608,44.05,0,0
Saraswati Saree,2.7254335260115607,0.33783783783783783,42.82,0.03380662609871535,0.03380662609871535,0.0676132521974307,40.91,0,0
Sampat Aluminium,4.796992481203008,0.2604166666666667,42.510000000000005,0.03378378378378378,0.03378378378378378,0.06756756756756756,40.0,0,0
Sattva Eng.,3.9592760180995477,0.3236245954692557,39.26,0.03374957813027337,0.03374957813027337,0.06749915626054674,37.5,0,0
Vinsys IT Serv.,3.1945830363506773,0.27932960893854747,49.85,0.03365870077415012,0.03365870077415012,0.06731740154830024,47.59,0,0
Systango Tech,0.002242152466367713,0.12300123001230014,57.16,0.03362474781439139,0.03362474781439139,0.06724949562878278,50.03,0,0
G M Polyplast,1.503597122302158,0.21321961620469085,48.97,0.03354579000335458,0.03354579000335458,0.06709158000670916,45.33,0,0
Landmark Global,0.49732620320855614,0.2053388090349076,51.48,0.03352329869259135,0.03352329869259135,0.0670465973851827,47.62,0,0
Chandan Healthca,2.2212978369384357,0.4424778761061947,43.92,0.03350083752093802,0.03350083752093802,0.06700167504187604,43.14,0,0
Kamdhenu,0.0081580077286389,0.12658227848101264,54.47,0.03343363423604146,0.03343363423604146,0.06686726847208292,47.57,0,0
Regal Entertain.,0.06137184115523466,0.16339869281045752,54.010000000000005,0.03341129301703976,0.03341129301703976,0.06682258603407952,48.97,0,0
Armour Security,4.8861788617886175,0.4016064257028112,45.75,0.03333333333333333,0.03333333333333333,0.06666666666666667,44.54,0,0
Shlokka Dyes,4.618032786885246,0.41152263374485604,42.19,0.033178500331785,0.033178500331785,0.06635700066357,41.75,0,0
Nagreeka Cap.,20.489461358313818,0.16778523489932887,46.019999999999996,0.03309066843150232,0.03309066843150232,0.06618133686300463,44.23,0,0
Karbonsteel Eng.,12.40669014084507,0.39525691699604737,37.1,0.03305785123966942,0.03305785123966942,0.06611570247933884,36.18,0,0
Kay Cee,2.3378897906877403,0.3367003367003367,42.959999999999994,0.032992411745298586,0.032992411745298586,0.06598482349059717,41.58,0,1
Bombay Metrics,2.151515151515152,0.45454545454545453,38.58,0.03288391976323578,0.03288391976323578,0.06576783952647156,38.06,0,0
RNFI Services,1.1663430420711975,0.4098360655737705,39.13999999999999,0.03284072249589491,0.03284072249589491,0.06568144499178982,37.97,0,0
Techknowgreen,0.9444444444444444,0.273972602739726,53.85,0.03278688524590164,0.03278688524590164,0.06557377049180328,51.39,0,1
Kalyani Cast-Tec,0.0,0.11792452830188678,57.07,0.03273322422258593,0.03273322422258593,0.06546644844517185,49.59,0,0
Rapid Multimodal,0.0,0.2092050209205021,49.69,0.032690421706440015,0.032690421706440015,0.06538084341288003,45.91,0,0
All E Tech,0.02376836646499568,0.17301038062283736,52.53,0.032679738562091505,0.032679738562091505,0.06535947712418301,47.75,0,0
ANB Metal,5.1259999999999994,0.3105590062111801,44.2,0.032679738562091505,0.032679738562091505,0.06535947712418301,42.28,0,0
Suditi Industrie,0.2307067424857839,0.4854368932038835,35.07,0.03261578604044357,0.03261578604044357,0.06523157208088715,34.19,0,0
Shayona Eng.,4.218181818181819,0.46511627906976744,41.120000000000005,0.03261578604044357,0.03261578604044357,0.06523157208088715,41.370000000000005,0,0
Starlineps Enter,2.6685714285714286,0.3597122302158273,47.17000000000001,0.03250975292587776,0.03250975292587776,0.06501950585175552,45.650000000000006,0,0
Integrity Infra.,0.5095213587236233,0.4504504504504505,39.06,0.032499187520311994,0.032499187520311994,0.06499837504062399,38.34,0,0
Samay Project,0.5307692307692307,0.2247191011235955,47.75000000000001,0.03248862897985705,0.03248862897985705,0.0649772579597141,44.34,0,0
Premier Polyfilm,0.0,0.23364485981308414,50.71,0.03240440699935191,0.03240440699935191,0.06480881399870382,47.43,0,0
Moving Media,1.5634469696969697,0.2777777777777778,48.62,0.032383419689119175,0.032383419689119175,0.06476683937823835,46.22,0,0
S A Tech Soft.,2.13328530259366,0.3623188405797102,46.17,0.03235198964736331,0.03235198964736331,0.06470397929472663,45.17,0,0
Prostarm Info,2.4187779433681076,0.2061855670103093,47.47,0.03231017770597738,0.03231017770597738,0.06462035541195477,43.68,0,0
Captain Techno.,2.085635359116022,0.4347826086956522,46.580000000000005,0.03229974160206718,0.03229974160206718,0.06459948320413436,45.760000000000005,0,0
Kothari Petroche,0.04383469968211477,0.3164556962025316,51.02,0.032268473701193935,0.032268473701193935,0.06453694740238787,48.87,0,0
DRC Systems,0.08458591217211907,0.4424778761061947,48.160000000000004,0.032247662044501774,0.032247662044501774,0.06449532408900355,46.94,0,0
Master Trust,4.27468487394958,0.373134328358209,38.42,0.0321646831778707,0.0321646831778707,0.0643293663557414,36.96,0,0
Dhillon Freight,0.5429864253393665,0.3891050583657587,49.0,0.0321646831778707,0.0321646831778707,0.0643293663557414,47.84,0,0
WOL 3D India,1.2096069868995634,0.1953125,50.25,0.032144005143040826,0.032144005143040826,0.06428801028608165,46.2,0,0
Mahalaxmi Rubtec,1.0067888662593347,0.2849002849002849,50.97,0.032133676092544985,0.032133676092544985,0.06426735218508997,48.650000000000006,0,0
Party Cruisers,0.8678160919540231,0.19880715705765406,51.57,0.032123353678123995,0.032123353678123995,0.06424670735624799,47.64,0,0
Sanjiv.Parant.,5.403225806451613,0.18181818181818182,49.51,0.03204101249599487,0.03204101249599487,0.06408202499198974,45.16,0,1
Readymix Cons.,0.49131341209173035,0.2347417840375587,48.58,0.03204101249599487,0.03204101249599487,0.06408202499198974,45.43,0,0
IRIS Regtech Solutions,0.07123002084781097,0.29239766081871343,45.74,0.032030749519538756,0.032030749519538756,0.06406149903907751,43.33,0,0
Mayasheel Vent.,2.0334855403348553,0.3968253968253968,43.56,0.03188775510204082,0.03188775510204082,0.06377551020408163,42.48,0,0
Axis Solution,2.236529680365297,0.33003300330033003,53.00000000000001,0.031877590054191905,0.031877590054191905,0.06375518010838381,51.370000000000005,0,1
Morganite Crucib,0.08178014454165082,0.26881720430107525,49.21,0.03185727938834024,0.03185727938834024,0.06371455877668047,46.510000000000005,0,0
Josts Engg. Co.,4.264864864864865,0.3184713375796178,44.84,0.03183699458771092,0.03183699458771092,0.06367398917542184,42.88,0,0
Vigor Plast,0.42132305716120744,0.4672897196261683,44.85,0.03183699458771092,0.03183699458771092,0.06367398917542184,43.89,0,1
Mangal Electrica,2.172081055001608,0.17605633802816903,50.42,0.03181673560292714,0.03181673560292714,0.06363347120585428,45.86,0,0
Nurture Well Industries,0.2281523731920961,0.35460992907801414,49.72,0.03177629488401652,0.03177629488401652,0.06355258976803305,47.94,0,0
Gallard Steel,3.685934489402697,0.4081632653061224,44.85,0.03176620076238882,0.03176620076238882,0.06353240152477764,44.29,0,0
Prime Cable Ind.,10.237020316027088,0.4132231404958678,41.75999999999999,0.031756113051762465,0.031756113051762465,0.06351222610352493,41.18,0,0
Kaycee Inds.,0.49271137026239065,0.25252525252525254,48.99,0.03169572107765452,0.03169572107765452,0.06339144215530904,46.14,0,1
Enser,16.656976744186046,0.3717472118959108,47.39,0.03167564143173899,0.03167564143173899,0.06335128286347798,46.45,0,0
Chamunda Ele.,0.012738853503184716,0.17094017094017094,54.349999999999994,0.031625553447185324,0.031625553447185324,0.06325110689437065,49.5,0,0
Sayaji Hot. Pune,0.05730129390018484,0.29325513196480935,53.33,0.031456432840515886,0.031456432840515886,0.06291286568103177,50.92,0,0
Kiaasa Retail,3.2377727614747935,0.38759689922480617,39.150000000000006,0.03129890453834116,0.03129890453834116,0.06259780907668232,38.48,0,0
Methodhub Software,6.453047775947281,0.3436426116838488,48.6,0.03116235587410408,0.03116235587410408,0.06232471174820816,47.370000000000005,0,0
Siddhika Coatins,0.0,0.2577319587628866,52.22,0.03115264797507788,0.03115264797507788,0.06230529595015576,49.34,0,0
Globtier Infotec,0.261519302615193,0.24213075060532688,45.53,0.03114294612270321,0.03114294612270321,0.06228589224540642,42.44,0,0
Aprameya Enginee,3.2044673539518898,0.3048780487804878,47.55,0.0311332503113325,0.0311332503113325,0.062266500622665,45.8,0,0
OSEL Devices,2.5456399796022438,0.3484320557491289,45.98,0.031113876789047916,0.031113876789047916,0.06222775357809583,44.67,0,0
South. Magnesium,0.8202443280977312,0.2469135802469136,53.46,0.031094527363184084,0.031094527363184084,0.06218905472636817,50.769999999999996,0,0
Striders Impex,4.987864077669903,0.4716981132075471,51.3,0.031094527363184084,0.031094527363184084,0.06218905472636817,51.6,0,0
Infollion Resea.,0.0,0.09407337723424271,60.97,0.031075201988812928,0.031075201988812928,0.062150403977625855,51.34,0,0
Desco Infra.,0.48445792266868837,0.1801801801801802,52.69,0.031075201988812928,0.031075201988812928,0.062150403977625855,48.239999999999995,0,0
Jayesh Logistics,5.802083333333334,0.3861003861003861,45.07,0.03104625892579944,0.03104625892579944,0.06209251785159888,44.74,0,0
Apollo Techno,2.0228677379480837,0.41152263374485604,50.5,0.03104625892579944,0.03104625892579944,0.06209251785159888,50.18,0,0
JMJ Fintech,0.0,0.3048780487804878,47.21,0.031026993484331366,0.031026993484331366,0.06205398696866273,44.93,0,0
Basilic Fly Stud,6.233301975540922,0.19267822736030826,57.03,0.031026993484331366,0.031026993484331366,0.06205398696866273,53.05,0,0
Om Metallogic,4.6036363636363635,0.33783783783783783,46.91,0.031007751937984496,0.031007751937984496,0.06201550387596899,45.94,0,0
CLN Energy,1.47773518136243,0.4132231404958678,39.83,0.030959752321981428,0.030959752321981428,0.061919504643962855,39.38,0,0
K. V. Toys India,1.3359456635318705,0.3448275862068966,47.03999999999999,0.030959752321981428,0.030959752321981428,0.061919504643962855,47.09,0,0
My Mudra Fin.,3.7886435331230284,0.14534883720930233,56.67,0.030911901081916538,0.030911901081916538,0.061823802163833076,50.99,0,0
Tembo Global,1.2999119632201896,0.4587155963302753,46.4,0.03081664098613251,0.03081664098613251,0.06163328197226502,46.28,0,0
Rajputana Stain.,10.852722772277227,0.3968253968253968,43.26,0.030721966205837177,0.030721966205837177,0.061443932411674354,42.24,0,1
BLT Logi.,2.350917431192661,0.2577319587628866,49.77,0.03071253071253071,0.03071253071253071,0.06142506142506142,47.44,0,0
Electrotherm(I),3.5503821887891287,0.6060606060606061,49.13999999999999,0.03065603923973022,0.03065603923973022,0.06131207847946044,48.730000000000004,0,1
Envirotech Sys.,7.262376237623762,0.3125,52.199999999999996,0.03064664419246093,0.03064664419246093,0.06129328838492186,50.209999999999994,0,0
Sahaj Solar,1.6455601348819782,0.39525691699604737,44.06,0.030627871362940276,0.030627871362940276,0.06125574272588055,43.33,0,0
Pecos Hotels,0.0,0.14084507042253522,57.89,0.030618493570116354,0.030618493570116354,0.06123698714023271,51.79,0,1
Aryaman Capital,0.0,0.0038278977185729596,314.11,0.03056234718826406,0.03056234718826406,0.06112469437652812,53.87,0,0
Aryaman Fin.Serv,0.0,0.05178663904712585,73.66,0.030413625304136258,0.030413625304136258,0.060827250608272515,55.349999999999994,0,1
Airfloa Rail,10.51012891344383,0.2777777777777778,45.36,0.030404378230465188,0.030404378230465188,0.060808756460930376,43.03,0,0
Uni Abex Alloy,0.5284234108092971,0.2710027100271003,53.2,0.030395136778115502,0.030395136778115502,0.060790273556231005,50.629999999999995,0,0
Gayatri Rubbers,4.577464788732395,0.303951367781155,51.4,0.03038590094196293,0.03038590094196293,0.06077180188392586,49.5,0,0
Maxvolt Energy,0.897604921995166,0.31347962382445144,49.540000000000006,0.030376670716889428,0.030376670716889428,0.060753341433778855,47.85,0,1
Gyan Developers,0.0,0.09149130832570906,63.11,0.03029385034837928,0.03029385034837928,0.06058770069675856,53.18,0,0
Rose Merc.,0.42144638403990026,0.10649627263045792,39.37,0.03029385034837928,0.03029385034837928,0.06058770069675856,30.999999999999996,1,0
Cryogenic OGS,0.0,0.06963788300835655,64.99000000000001,0.03028467595396729,0.03028467595396729,0.06056935190793458,51.63,0,1
Eppeltone Ene.,3.3636363636363638,0.3472222222222222,44.78,0.03026634382566586,0.03026634382566586,0.06053268765133172,43.26,0,0
Osiajee Texfab,0.741506646971935,0.4166666666666667,62.14,0.030248033877797943,0.030248033877797943,0.060496067755595885,61.03,0,0
Jay Bee Laminati,1.2218161371942649,0.2724795640326976,48.42,0.030184123151222455,0.030184123151222455,0.06036824630244491,46.040000000000006,0,0
Picturepost Stu.,1.5198237885462555,0.37037037037037035,51.32,0.030039050765995796,0.030039050765995796,0.06007810153199159,49.739999999999995,0,0
SK Minerals & Additives,20.611253196930946,0.42016806722689076,47.96999999999999,0.030039050765995796,0.030039050765995796,0.06007810153199159,49.22,0,0
Ameenji Rubber,5.320526893523601,0.42194092827004215,41.98,0.029958058717795083,0.029958058717795083,0.059916117435590166,42.46,0,0
POCL Enterprises,4.113927105961864,0.390625,47.7,0.029913251570445706,0.029913251570445706,0.05982650314089141,47.11,0,0
BharatRohan Air.,0.9150943396226414,0.07117437722419928,75.49000000000001,0.029895366218236172,0.029895366218236172,0.059790732436472344,62.49,0,0
Manas Polymers,1.528019925280199,0.3891050583657587,50.09,0.029886431560071727,0.029886431560071727,0.05977286312014345,49.38,0,0
GACM Tech-DVR,0.0,0.19120458891013384,58.26,0.02980625931445604,0.02980625931445604,0.05961251862891208,54.03,0,0
Swastika Investm,1.143611911623439,0.4464285714285714,39.260000000000005,0.02979737783075089,0.02979737783075089,0.05959475566150178,38.2,0,0
Umiya Mobile,0.34865196078431376,0.3389830508474576,40.96999999999999,0.02977963073257892,0.02977963073257892,0.05955926146515784,39.15,0,0
Rajoo Engineers,0.2479373514193819,0.42016806722689076,47.67,0.0297441998810232,0.0297441998810232,0.0594883997620464,46.339999999999996,0,0
Associated Coat.,0.09174311926605505,0.2481389578163772,50.940000000000005,0.0297441998810232,0.0297441998810232,0.0594883997620464,47.92,0,0
TAAL Tech,0.05878153260352213,0.09165902841429881,63.949999999999996,0.029647198339756896,0.029647198339756896,0.05929439667951379,54.05,0,0
RBM Infracon,8.146396396396398,0.37453183520599254,45.739999999999995,0.02958579881656805,0.02958579881656805,0.0591715976331361,44.28,0,0
Indo National,0.7233967582804792,0.3448275862068966,53.199999999999996,0.029463759575721865,0.029463759575721865,0.05892751915144373,51.4,0,0
Escorp Asset Mgt,0.0,0.025833118057349523,97.32,0.029446407538280327,0.029446407538280327,0.058892815076560655,59.61,0,0
L. T. Elevator,1.716931216931217,0.23696682464454974,49.89,0.029446407538280327,0.029446407538280327,0.058892815076560655,46.74,0,0
Timescan Logist.,2.4709302325581395,0.3401360544217687,49.470000000000006,0.02942041776993233,0.02942041776993233,0.05884083553986466,47.83,0,0
Luxury Time,1.1729323308270676,0.2808988764044944,50.74000000000001,0.029334115576415368,0.029334115576415368,0.058668231152830735,48.260000000000005,0,0
SRM Contractors,28.78260869565217,0.3412969283276451,52.04,0.029239766081871343,0.029239766081871343,0.05847953216374269,50.31,0,0
Parth Electrical,10.961538461538462,0.28901734104046245,47.24999999999999,0.02918855808523059,0.02918855808523059,0.05837711617046118,44.92,0,0
VVIP Infratech,2.384085692425402,0.3448275862068966,46.95,0.029120559114735,0.029120559114735,0.05824111822947,45.77,0,0
Kaytex Fabrics,3.068718682891911,0.2840909090909091,50.89000000000001,0.02901915264074289,0.02901915264074289,0.05803830528148578,48.77,0,0
Marushika Tech.,10.685,0.4291845493562232,45.71,0.02901073397156948,0.02901073397156948,0.05802146794313896,45.769999999999996,0,0
GRE Renew,0.12349914236706688,0.17301038062283736,53.13,0.028968713789107762,0.028968713789107762,0.057937427578215524,48.39,0,1
Fonebox Retail,0.9102384291725105,0.26666666666666666,42.440000000000005,0.028868360277136258,0.028868360277136258,0.057736720554272515,39.870000000000005,0,0
Dreamfolks Servi,0.17425539198904483,0.22123893805309736,51.31,0.02881844380403458,0.02881844380403458,0.05763688760806916,47.82,0,0
Sobhagya Mercant,0.718186783178591,0.35460992907801414,47.36,0.02881014116969173,0.02881014116969173,0.05762028233938346,45.68,0,0
Mason Infratech,5.781433607520564,0.3184713375796178,49.98,0.02881014116969173,0.02881014116969173,0.05762028233938346,48.19,0,1
Deepak Chemtex,0.17857142857142858,0.1251564455569462,61.38,0.02873563218390805,0.02873563218390805,0.0574712643678161,54.4,0,0
Srigee DLM,11.027624309392266,0.35335689045936397,52.52,0.02868617326448652,0.02868617326448652,0.05737234652897304,51.239999999999995,0,0
Effwa Infra,0.44385856079404473,0.2004008016032064,55.239999999999995,0.028677946659019217,0.028677946659019217,0.057355893318038434,51.39,0,0
Wanbury,7.235424354243542,0.45248868778280543,41.010000000000005,0.0286286859433152,0.0286286859433152,0.0572573718866304,41.63,0,0
Finbud Financial,2.42986741102582,0.35842293906810035,49.83,0.028612303290414875,0.028612303290414875,0.05722460658082975,48.88,0,0
Curis Lifescien.,5.365942028985508,0.36363636363636365,51.260000000000005,0.028376844494892167,0.028376844494892167,0.056753688989784334,50.230000000000004,0,0
Identixweb,0.026004728132387703,0.18050541516245489,58.39,0.028304557033682426,0.028304557033682426,0.05660911406736485,53.849999999999994,0,0
Ecos (India),0.10001312508203176,0.29239766081871343,54.71,0.02820078962210942,0.02820078962210942,0.05640157924421884,52.32,0,0
Speciality Medi.,0.7437407952871871,0.15723270440251572,67.13000000000001,0.02820078962210942,0.02820078962210942,0.05640157924421884,61.94,0,0
Sugs Lloyd,1.646786971830986,0.4716981132075471,51.67,0.02815315315315315,0.02815315315315315,0.0563063063063063,52.49,0,0
Exhicon Events,0.48097076668505245,0.20746887966804978,62.980000000000004,0.028097780275358242,0.028097780275358242,0.056195560550716485,59.21000000000001,0,0
FlySBS Aviation,22.326732673267326,0.1240694789081886,62.74999999999999,0.028050490883590466,0.028050490883590466,0.05610098176718093,55.78,0,0
Iware Supplych.,6.476394849785408,0.3448275862068966,51.12,0.027995520716685332,0.027995520716685332,0.055991041433370664,50.18,0,0
Star Imaging,2.8904694167852063,0.22123893805309736,55.81,0.0279876854184159,0.0279876854184159,0.0559753708368318,52.48,0,0
Sundrex Oil,9.303370786516853,0.3389830508474576,52.849999999999994,0.027964205816554812,0.027964205816554812,0.055928411633109625,51.839999999999996,0,0
Astal Lab,0.9423076923076924,0.3968253968253968,53.88,0.02794857462269424,0.02794857462269424,0.05589714924538848,52.650000000000006,0,0
Mamata Machinery,0.09870836165873556,0.35211267605633806,53.160000000000004,0.027839643652561245,0.027839643652561245,0.05567928730512249,51.36,0,0
East India Drums,2.013097072419106,0.5025125628140703,38.959999999999994,0.027793218454697056,0.027793218454697056,0.05558643690939411,40.529999999999994,0,0
Digilogic Systems,1.9148566463944396,0.3246753246753247,50.81999999999999,0.027793218454697056,0.027793218454697056,0.05558643690939411,49.37,0,0
Nirman Agri,0.010426249616682001,0.018291567587342236,120.96000000000001,0.02765486725663717,0.02765486725663717,0.05530973451327434,67.28999999999999,0,0
Royal Sense,3.1085972850678734,0.24096385542168672,60.61,0.027639579878385848,0.027639579878385848,0.055279159756771695,57.65,0,0
Patel Chem,6.924137931034482,0.22727272727272727,57.23,0.027609055770292656,0.027609055770292656,0.05521811154058531,54.05,0,0
Praruh Tech,5.0056390977443606,0.36900369003690037,50.99,0.02753303964757709,0.02753303964757709,0.05506607929515418,49.91,0,0
Shipwaves Online,30.564885496183205,0.4424778761061947,54.21000000000001,0.027510316368638238,0.027510316368638238,0.055020632737276476,54.25,0,0
Dhanlaxmi Crop,0.836213373403456,0.24038461538461536,53.03,0.027502750275027504,0.027502750275027504,0.05500550055005501,50.09,0,0
Vikram Thermo,0.08847402597402598,0.2481389578163772,43.8,0.027419797093501508,0.027419797093501508,0.054839594187003016,40.79,0,0
Vashishtha Lux.,0.2524271844660194,0.2032520325203252,56.449999999999996,0.02721829069134458,0.02721829069134458,0.05443658138268916,52.55,0,0
Brace Port,0.07189542483660132,0.10787486515641856,63.050000000000004,0.027166530834012496,0.027166530834012496,0.05433306166802499,54.790000000000006,0,0
Flywings Simula.,1.4290030211480362,0.30120481927710846,57.76,0.027114967462039043,0.027114967462039043,0.054229934924078085,55.78,0,0
Global Education,0.0072300045187528245,0.19685039370078738,64.88,0.027078256160303276,0.027078256160303276,0.05415651232060655,60.8,0,0
Sihora Indust.,5.157894736842104,0.39840637450199207,55.17,0.026997840172786176,0.026997840172786176,0.05399568034557235,54.66,0,0
Sunlite Recycli.,2.5157096424702057,0.35211267605633806,55.79,0.02697599136768276,0.02697599136768276,0.05395198273536552,54.260000000000005,0,0
Elfin Agro India,2.9877450980392157,0.4366812227074236,54.089999999999996,0.026881720430107524,0.026881720430107524,0.05376344086021505,53.68000000000001,0,0
Winsol Engineers,1.1930870083432659,0.36101083032490977,55.79,0.026874496103198066,0.026874496103198066,0.05374899220639613,54.56,0,0
Amal,0.0,0.28901734104046245,64.75,0.02679528403001072,0.02679528403001072,0.05359056806002144,62.29,0,0
Digicontent,1.3495021700280827,0.41493775933609955,45.550000000000004,0.026695141484249865,0.026695141484249865,0.05339028296849973,46.9,0,0
Admach Systems,4.758620689655173,0.3424657534246575,51.440000000000005,0.02668801708033093,0.02668801708033093,0.05337603416066186,49.78,0,0
S J Logistics (I,1.5338789493719072,0.14144271570014144,65.78,0.026631158455392812,0.026631158455392812,0.053262316910785625,60.03,0,0
Silky Overseas,2.695356738391846,0.29673590504451036,55.21,0.026631158455392812,0.026631158455392812,0.053262316910785625,53.239999999999995,0,0
Gayatri Sugars,19.772913816689467,0.53475935828877,37.779999999999994,0.026581605528973953,0.026581605528973953,0.053163211057947905,37.15,0,0
Asston Pharmaceu,3.8737864077669903,0.19120458891013384,56.35999999999999,0.026581605528973953,0.026581605528973953,0.053163211057947905,52.23,0,0
Ajwa Fun World,0.6588235294117647,0.12135922330097088,52.07,0.026567481402763018,0.026567481402763018,0.053134962805526036,44.93,0,1
Yashhtej Industries,16.95475113122172,0.4807692307692307,54.17,0.026448029621793174,0.026448029621793174,0.05289605924358635,54.480000000000004,0,0
Eco Recyc.,0.38010061486864166,0.2247191011235955,63.32,0.026441036488630353,0.026441036488630353,0.052882072977260705,59.94,0,1
Accord Transformer,1.2051020408163264,0.41493775933609955,51.870000000000005,0.02642706131078224,0.02642706131078224,0.05285412262156448,51.010000000000005,0,0
Emergent Indust.,0.0,0.17953321364452424,46.83,0.02633658151171978,0.02633658151171978,0.05267316302343956,42.26,0,0
SPEB Adhesives,0.0,0.06934812760055478,75.6,0.02623294858342078,0.02623294858342078,0.05246589716684156,62.17999999999999,0,0
RMC Switchgears,4.555420219244823,0.36900369003690037,53.13999999999999,0.026184865147944488,0.026184865147944488,0.052369730295888976,52.019999999999996,0,0
Hoac Foods,0.634703196347032,0.24096385542168672,58.16,0.026075619295958277,0.026075619295958277,0.05215123859191655,55.07,0,0
Shreeji Global,27.61538461538462,0.3861003861003861,48.559999999999995,0.026041666666666668,0.026041666666666668,0.052083333333333336,47.76,0,0
21st Cent. Mgmt.,0.0,0.11261261261261263,67.28999999999999,0.025974025974025976,0.025974025974025976,0.05194805194805195,59.41,0,0
Apex Ecotech,0.005305039787798408,0.13020833333333334,64.27,0.025967281225655676,0.025967281225655676,0.05193456245131135,57.589999999999996,0,1
Medistep Health.,0.5784313725490196,0.1557632398753894,65.05,0.025753283543651816,0.025753283543651816,0.05150656708730363,59.65,0,0
Wealth First Por,0.0,0.07342143906020558,77.53,0.02572678157962439,0.02572678157962439,0.05145356315924878,64.91,0,0
Ganesh Infra.,0.9212472270150357,0.30864197530864196,61.419999999999995,0.02570694087403599,0.02570694087403599,0.05141388174807198,59.53,0,0
Slone Infosys.,0.3007360672975815,0.2506265664160401,59.69,0.025687130747495505,0.025687130747495505,0.05137426149499101,56.769999999999996,0,1
Abram Food,4.179640718562875,0.22271714922048996,64.67999999999999,0.025673940949935813,0.025673940949935813,0.05134788189987163,61.480000000000004,0,0
E Factor Experie,1.1443243243243244,0.3125,55.489999999999995,0.02566735112936345,0.02566735112936345,0.0513347022587269,53.57,0,0
Tuticorin Alkali,10.909617612977986,0.6578947368421053,47.36,0.025647601949217745,0.025647601949217745,0.05129520389843549,47.43,0,0
Western Overseas,3.6171875,0.48309178743961345,57.790000000000006,0.025627883136852894,0.025627883136852894,0.05125576627370579,57.370000000000005,0,0
Biopol Chemicals,2.2994011976047903,0.35587188612099646,57.12,0.025523226135783564,0.025523226135783564,0.05104645227156713,55.879999999999995,0,0
Aptus Pharma,2.8626760563380285,0.29411764705882354,59.64000000000001,0.02551020408163265,0.02551020408163265,0.0510204081632653,57.61,0,0
City Online Ser.,0.7218045112781954,0.6172839506172839,39.370000000000005,0.02541942043721403,0.02541942043721403,0.05083884087442806,38.99,1,0
IB Infotech,1.0521739130434784,0.3472222222222222,61.78,0.02532286654849329,0.02532286654849329,0.05064573309698658,60.61,0,0
Lakhotia Poly.,1.1587473002159827,0.36363636363636365,62.96,0.025271670457417236,0.025271670457417236,0.05054334091483447,61.85,0,0
Rachit Prints,3.0,0.1692047377326565,63.529999999999994,0.025271670457417236,0.025271670457417236,0.05054334091483447,58.75,0,1
Sacheerome,0.0,0.1953125,64.28999999999999,0.02523977788995457,0.02523977788995457,0.05047955577990914,60.17,0,0
Goel Construct.,0.5958417849898581,0.37453183520599254,56.160000000000004,0.025188916876574305,0.025188916876574305,0.05037783375314861,54.59,0,0
Chiraharit,5.115384615384615,0.42016806722689076,55.89999999999999,0.025150905432595575,0.025150905432595575,0.05030181086519115,56.91,0,0
Unisem Agritech,5.288025889967638,0.40322580645161293,50.059999999999995,0.025012506253126565,0.025012506253126565,0.05002501250625313,49.83,0,0
Modern Diagnost.,1.4996605566870331,0.5714285714285714,54.4,0.02500625156289072,0.02500625156289072,0.05001250312578144,54.72,0,0
MRP Agro,0.0,0.03727171077152441,92.62,0.024888003982080638,0.024888003982080638,0.049776007964161276,66.78999999999999,0,1
Taurian MPS,6.342465753424658,0.26246719160104987,58.720000000000006,0.0248015873015873,0.0248015873015873,0.0496031746031746,56.03,0,0
Sati Poly,1.0105189340813465,0.4608294930875576,64.98,0.024795437639474338,0.024795437639474338,0.049590875278948676,64.66,0,0
Blue Pebble,0.0,0.1394700139470014,67.50999999999999,0.024752475247524754,0.024752475247524754,0.04950495049504951,61.34,0,0
Sat Kartar,0.372322899505766,0.1545595054095827,67.91999999999999,0.02459419576979833,0.02459419576979833,0.04918839153959666,62.489999999999995,0,0
Nisus Finance,37.43994413407821,0.425531914893617,68.45,0.024545900834560628,0.024545900834560628,0.049091801669121256,68.29,0,0
Manav Infra,1.9835616438356165,0.2801120448179272,60.629999999999995,0.024443901246638967,0.024443901246638967,0.04888780249327793,58.91,0,1
Olatech Solution,1.05175983436853,0.36101083032490977,67.62,0.024431956999755682,0.024431956999755682,0.048863913999511364,66.1,0,0
Jainik Power,2.8925750394944707,0.25125628140703515,60.24,0.02428363283147159,0.02428363283147159,0.04856726566294318,57.5,0,0
Riddhi Display,5.421568627450981,0.3846153846153846,57.43000000000001,0.024113817217265493,0.024113817217265493,0.048227634434530986,56.629999999999995,0,0
Yaap Digital,3.6232114467408585,0.4291845493562232,51.21999999999999,0.024067388688327317,0.024067388688327317,0.048134777376654635,50.91,0,0
Evans Electric,0.0,0.17391304347826086,68.57,0.02391200382592061,0.02391200382592061,0.04782400765184122,63.82,0,0
Marc Technocrats,0.09190031152647975,0.20703933747412007,68.96,0.023889154323936932,0.023889154323936932,0.047778308647873864,65.15,0,0
Victory Ele.,3.127946127946128,0.34602076124567477,61.61,0.023860653781913627,0.023860653781913627,0.04772130756382725,60.339999999999996,0,0
Happy Square,2.893939393939394,0.22624434389140272,61.46999999999999,0.023860653781913627,0.023860653781913627,0.04772130756382725,58.25,0,0
Smarten Power,1.6695156695156697,0.26881720430107525,58.13,0.023803856224708403,0.023803856224708403,0.047607712449416806,55.48,0,0
Eforu Entertainment,0.0,0.011976047904191617,163.93,0.02376990729736154,0.02376990729736154,0.04753981459472308,81.43,0,0
Blue Water,3.320769847634322,0.3448275862068966,60.379999999999995,0.023747328425552126,0.023747328425552126,0.04749465685110425,59.120000000000005,0,0
Borana Weaves,1.8367174280879865,0.22123893805309736,72.39999999999999,0.02369106846718787,0.02369106846718787,0.04738213693437574,69.06,0,0
Supertech EV,0.5970636215334422,0.2222222222222222,62.33,0.023629489603024575,0.023629489603024575,0.04725897920604915,58.9,0,0
Guj. Terce Labs.,0.14778325123152708,0.4854368932038835,38.089999999999996,0.023579344494223064,0.023579344494223064,0.04715868898844613,37.11,0,0
Humming Bird Edu,0.023715415019762844,0.2976190476190476,69.16,0.0234246896228625,0.0234246896228625,0.046849379245725,66.82,0,0
Macfos,1.5978898007033997,0.33112582781456956,65.98,0.02337540906965872,0.02337540906965872,0.04675081813931744,64.47,0,0
Kimia Bioscien.,1.617212012550426,0.5235602094240838,48.699999999999996,0.023364485981308414,0.023364485981308414,0.04672897196261683,50.9,0,0
Positron Energy,0.6687116564417178,0.2570694087403599,67.42000000000002,0.023359028264424198,0.023359028264424198,0.046718056528848396,64.6,0,0
KRM Ayurveda,24.339805825242717,0.3424657534246575,64.92,0.023348120476301658,0.023348120476301658,0.046696240952603316,63.69,0,1
Prodocs Solution,1.9679802955665022,0.2717391304347826,65.37,0.023320895522388058,0.023320895522388058,0.046641791044776115,63.11,0,0
Msafe Equipments,2.450878334417697,0.48309178743961345,63.45000000000001,0.023315458148752622,0.023315458148752622,0.046630916297505244,63.42,0,0
Onesource Indus.,0.0,0.425531914893617,70.13,0.023239600278875203,0.023239600278875203,0.04647920055775041,68.78,0,0
Sahana Systems,0.2806484295845998,0.23148148148148145,68.18,0.023180343069077423,0.023180343069077423,0.04636068613815485,64.93,0,1
Mishtann Foods,0.921852970795569,0.267379679144385,81.33,0.02316423442205235,0.02316423442205235,0.0463284688441047,78.63,0,0
Fluidomat,0.0,0.16750418760469013,74.28999999999999,0.02312673450508788,0.02312673450508788,0.04625346901017576,69.32,0,1
Austere Sys.,0.24503311258278146,0.08396305625524769,79.19,0.023089355806972984,0.023089355806972984,0.04617871161394597,68.29,0,0
Shri Gang Indus,1.794625300415119,0.7692307692307692,54.66,0.022904260192395786,0.022904260192395786,0.04580852038479157,61.129999999999995,0,1
Viviana Power,4.7041694242223695,0.5025125628140703,58.48,0.022789425706472195,0.022789425706472195,0.04557885141294439,58.42,0,0
KSE,0.167954339806501,0.13986013986013984,76.93,0.022768670309653915,0.022768670309653915,0.04553734061930783,70.85,0,0
Kisaan Parivar,0.0,0.10214504596527069,80.47999999999999,0.02273760800363802,0.02273760800363802,0.04547521600727604,71.69,0,0
PAN HR Solution,0.0,0.3401360544217687,57.58,0.022732439190725165,0.022732439190725165,0.04546487838145033,55.64,0,0
TIPCO Engineering,2.151445086705202,0.4184100418410042,62.03,0.022644927536231887,0.022644927536231887,0.045289855072463775,61.76,0,0
Sonalis Consumer,0.36249999999999993,0.37878787878787884,53.449999999999996,0.02256317689530686,0.02256317689530686,0.04512635379061372,51.83,0,0
TAC Infosec,0.02550269740068661,0.09380863039399624,86.41999999999999,0.022376370552696354,0.022376370552696354,0.04475274110539271,76.77,0,0
Avax Apparels,1.4904458598726116,0.3597122302158273,68.36,0.02231644722160232,0.02231644722160232,0.04463289444320464,66.88,0,0
Kronox Lab,0.08233438485804416,0.10905125408942203,81.44,0.022311468094600623,0.022311468094600623,0.04462293618920125,73.3,0,1
True Colors,11.033282904689864,0.2680965147453083,65.13,0.02230151650312221,0.02230151650312221,0.04460303300624442,62.77,0,1
Aten Papers,0.2591414944356121,0.14641288433382138,70.33999999999999,0.022286605749944285,0.022286605749944285,0.04457321149988857,64.55,0,0
Justo Realfin,2.143835616438356,0.2136752136752137,73.26,0.022222222222222223,0.022222222222222223,0.044444444444444446,69.77,0,0
My Money Sec.,0.006245662734212352,0.08539709649871904,79.69999999999999,0.022202486678507993,0.022202486678507993,0.04440497335701599,68.99,0,0
Matrix Geo Sol.,2.437710437710438,0.11750881316098707,76.36,0.02208968411751712,0.02208968411751712,0.04417936823503424,68.96000000000001,0,0
Sawaliya Food,3.274952919020716,0.20703933747412007,67.25,0.02204099625303064,0.02204099625303064,0.04408199250606128,63.8,0,0
Rama Telecom,2.357142857142857,0.13812154696132597,73.7,0.021949078138718173,0.021949078138718173,0.043898156277436345,67.52000000000001,0,0
Highness Microelectronics,3.7067669172932325,0.3164556962025316,68.17,0.02183406113537118,0.02183406113537118,0.04366812227074236,66.75999999999999,0,0
Virtual Galaxy,1.0588102239312374,0.2724795640326976,70.86,0.021743857360295715,0.021743857360295715,0.04348771472059143,68.43,0,0
Logiciel Soluti.,0.007547169811320755,0.1358695652173913,78.44,0.021743857360295715,0.021743857360295715,0.04348771472059143,72.08,0,1
Kore Digital,0.44173063503140264,0.41493775933609955,62.5,0.021734405564007825,0.021734405564007825,0.04346881112801565,61.14,0,0
Earkart,3.2865497076023393,0.1394700139470014,78.99000000000001,0.021677866897897247,0.021677866897897247,0.04335573379579449,72.91,0,0
Novus Loyalty,0.0,0.09891196834817013,80.64,0.02164970772894566,0.02164970772894566,0.04329941545789132,71.53,0,1
Prizor Viztech,1.356953642384106,0.3115264797507788,71.99,0.021612275772638856,0.021612275772638856,0.04322455154527771,70.2,0,1
Advani Hotels.,0.01936936936936937,0.32894736842105265,72.66,0.02160293799956794,0.02160293799956794,0.04320587599913588,70.63,0,0
Stanbik Agro,0.008348794063079777,0.1092896174863388,74.16,0.021537798836958864,0.021537798836958864,0.04307559767391773,66.02,0,0
B. D. Industries,0.8333333333333334,0.29940119760479045,62.83,0.021486892995272885,0.021486892995272885,0.04297378599054577,60.629999999999995,0,0
GSM Foils,14.87,0.273972602739726,71.77,0.02144082332761578,0.02144082332761578,0.04288164665523156,69.36,0,0
Mahalaxmi Seam.,0.9343065693430657,0.7142857142857143,54.03,0.021408691928923144,0.021408691928923144,0.04281738385784629,53.870000000000005,0,0
Encompass Design,2.749128919860627,0.3333333333333333,75.52999999999999,0.021367521367521368,0.021367521367521368,0.042735042735042736,73.94999999999999,0,1
Neetu Yoshi,1.0391566265060241,0.14749262536873156,83.92999999999999,0.021272069772388855,0.021272069772388855,0.04254413954477771,78.25999999999999,0,0
Renol Polychem,0.08888888888888889,0.117096018735363,79.33,0.021235931195582924,0.021235931195582924,0.04247186239116585,71.80000000000001,0,1
Accretion Pha.,1.162962962962963,0.1869158878504673,70.72,0.021114864864864864,0.021114864864864864,0.04222972972972973,66.53999999999999,0,1
Monarch Surve.,0.532316338819751,0.24937655860349128,77.19,0.02109704641350211,0.02109704641350211,0.04219409282700422,74.24,0,0
Greenleaf Envi.,1.1229135053110775,0.3802281368821293,70.03,0.02107481559536354,0.02107481559536354,0.04214963119072708,68.88,0,0
Invicta Diagnos.,0.22356091030789826,0.2770083102493075,74.25,0.02107481559536354,0.02107481559536354,0.04214963119072708,71.74000000000001,0,0
ADC India,0.0,0.21978021978021978,72.55,0.021021652301870926,0.021021652301870926,0.04204330460374185,69.0,0,0
Vandan Foods,1.4329037149355572,0.3861003861003861,70.46000000000001,0.021017234131988232,0.021017234131988232,0.042034468263976464,69.25,0,0
Unifinz Capital,4.264856230031949,0.819672131147541,70.48,0.020794343938448742,0.020794343938448742,0.041588687876897484,71.39,0,0
Sodhani Capital,0.0,0.4,82.44,0.020703933747412008,0.020703933747412008,0.041407867494824016,80.94,0,0
Repono,4.390977443609022,0.22172949002217296,74.56,0.020614306328592045,0.020614306328592045,0.04122861265718409,71.18,0,0
Shine Fashions,2.7491408934707904,0.3623188405797102,65.42,0.02059732234809475,0.02059732234809475,0.0411946446961895,63.92999999999999,0,0
Indo SMC,2.425084745762712,0.44052863436123346,70.67,0.02051702913418137,0.02051702913418137,0.04103405826836274,70.4,0,0
Unified Data,0.0,0.16,79.38,0.020466639377814164,0.020466639377814164,0.04093327875562833,74.13,0,0
Taparia Tools,0.018583187827388374,0.1440922190201729,82.61,0.0204582651391162,0.0204582651391162,0.0409165302782324,76.67,0,0
Career Point Edu,0.05875,0.1342281879194631,88.13000000000001,0.020267531414673693,0.020267531414673693,0.040535062829347386,81.69,0,0
Gaudium IVF,2.4794238683127574,0.29154518950437314,78.07000000000001,0.02014910336490026,0.02014910336490026,0.04029820672980052,76.05000000000001,0,0
Defrail Technologies,3.732258064516129,0.47619047619047616,64.36,0.020076289901626177,0.020076289901626177,0.040152579803252354,64.63,0,0
Avana Electrosystems,0.7323037323037324,0.36496350364963503,70.02,0.019782393669634028,0.019782393669634028,0.039564787339268055,68.53999999999999,0,1
Infronics Sys.,0.0,0.05211047420531526,96.24000000000001,0.01972386587771203,0.01972386587771203,0.03944773175542406,78.05000000000001,0,0
Icon Facil.,0.16753926701570682,0.10373443983402489,79.81,0.019719976336028396,0.019719976336028396,0.03943995267205679,71.19,0,0
Jyoti Resins,0.0,0.27624309392265195,74.99,0.019615535504119264,0.019615535504119264,0.03923107100823853,72.37,0,0
Unique Organics,0.0,0.07293946024799416,96.38,0.019565642731363724,0.019565642731363724,0.03913128546272745,83.67,0,0
LGT Business,3.666666666666667,0.23584905660377356,77.96000000000001,0.019561815336463225,0.019561815336463225,0.03912363067292645,74.91,0,0
Pushpa Jewellers,14.97391304347826,0.034891835310537335,109.25,0.019436345966958212,0.019436345966958212,0.038872691933916424,81.71000000000001,0,0
SBEC Systems,8.183288409703504,0.6578947368421053,86.29,0.01929384526336099,0.01929384526336099,0.03858769052672198,86.00999999999999,0,0
Aayush Wellness,2.9347826086956523,0.07102272727272728,113.03,0.019223375624759707,0.019223375624759707,0.03844675124951941,100.33000000000001,0,0
Pro FX,0.005050505050505051,0.1798561151079137,77.36,0.01921229586935639,0.01921229586935639,0.03842459173871278,72.8,0,0
Meta Infotech,2.332605531295487,0.4484304932735426,75.75,0.019179133103183737,0.019179133103183737,0.038358266206367474,74.96000000000001,0,0
Mehul Colours,0.07560137457044673,0.12755102040816327,91.49,0.019127773527161437,0.019127773527161437,0.03825554705432287,84.66,0,0
Infonative Solu.,0.7094017094017095,0.3891050583657587,82.99,0.019080328181644724,0.019080328181644724,0.03816065636328945,81.53,0,0
Gujarat Kidney,1.3367556468172486,0.4347826086956522,77.29,0.01904036557501904,0.01904036557501904,0.03808073115003808,76.57000000000001,0,0
Genesis IBRC,0.0,0.018453589223103896,154.67,0.01900418091980236,0.01900418091980236,0.03800836183960472,101.47999999999999,0,0
Zelio E-Mobility,2.563859981078524,0.35587188612099646,86.64999999999999,0.018946570670708603,0.018946570670708603,0.037893141341417205,85.53999999999999,0,0
Grover Jewells,7.532258064516129,0.22573363431151244,90.07,0.018804061677322303,0.018804061677322303,0.037608123354644606,87.2,0,0
Goenka Business,0.0,0.7299270072992701,52.38,0.018758206715438003,0.018758206715438003,0.03751641343087601,52.010000000000005,1,0
ARC Insulation,0.10447761194029852,0.13020833333333334,87.07,0.018653236336504384,0.018653236336504384,0.03730647267300877,80.39,0,0
Arrow Greentech,0.03791745661367946,0.08496176720475786,99.19,0.018433179723502304,0.018433179723502304,0.03686635944700461,88.43,0,0
Sathlokhar Sys.,0.39934676102340777,0.31446540880503143,78.56,0.018375597206909223,0.018375597206909223,0.036751194413818446,76.56,0,0
Purple Wave Info,8.0,0.4081632653061224,76.02000000000001,0.018281535648994516,0.018281535648994516,0.03656307129798903,75.14,0,0
ACE Alpha Tech,0.0,0.024679170779861793,133.64000000000001,0.018070112034694615,0.018070112034694615,0.03614022406938923,94.12,0,0
Cash UR Drive,0.005847953216374269,0.2824858757062147,75.08,0.017917935853789643,0.017917935853789643,0.035835871707579285,72.54,0,1
Optivalue Tek,2.536,0.1582278481012658,92.04999999999998,0.017889087656529516,0.017889087656529516,0.03577817531305903,86.88,0,0
Exim Routes,1.481292517006803,0.37593984962406013,78.78,0.017761989342806397,0.017761989342806397,0.03552397868561279,77.47999999999999,0,0
Sheshadri Indus.,13.127167630057803,0.8771929824561403,65.82000000000001,0.017739932588256166,0.017739932588256166,0.03547986517651233,65.92,0,0
Telge Projects,1.5767441860465117,0.24875621890547267,86.41,0.01773049645390071,0.01773049645390071,0.03546099290780142,83.57,0,0
Gurunanak Agri.,3.4786885245901638,0.24038461538461536,87.43,0.017705382436260624,0.017705382436260624,0.03541076487252125,84.52,0,0
Trade-Wings,2.1625148279952553,0.6097560975609756,62.87,0.017658484901995408,0.017658484901995408,0.035316969803990815,62.47,0,0
Accretion Nutraveda,1.38006230529595,0.32894736842105265,91.83999999999999,0.01734304543877905,0.01734304543877905,0.0346860908775581,90.34,0,0
Chatterbox Tech,0.0,0.2881844380403458,86.94,0.017325017325017324,0.017325017325017324,0.03465003465003465,84.47,0,0
Shekhawati Inds,0.058064516129032254,0.373134328358209,74.04,0.01714089818306479,0.01714089818306479,0.03428179636612958,72.37,0,0
Bhadora Indust.,2.9910179640718564,0.1321003963011889,92.84,0.01709986320109439,0.01709986320109439,0.03419972640218878,86.4,0,1
PNGS Gargi FJ,0.4089968976215098,0.1545595054095827,100.31,0.016969285593076533,0.016969285593076533,0.033938571186153066,94.9,0,0
Snehaa Organics,1.373134328358209,0.19157088122605365,94.01,0.016730801405387317,0.016730801405387317,0.033461602810774635,89.9,0,0
Sigma Solve,0.1793792740662809,0.3003003003003003,98.46,0.016725204883759826,0.016725204883759826,0.03345040976751965,96.18,0,0
Spice IslandsInd,1.5307692307692307,0.49019607843137253,75.06,0.016542597187758478,0.016542597187758478,0.033085194375516956,74.59,0,0
Owais Metal,1.6933096506808762,0.26595744680851063,96.56,0.0165371258475277,0.0165371258475277,0.0330742516950554,94.00999999999999,0,0
Pajson Agro,2.337419731465266,0.45248868778280543,93.74000000000001,0.016534391534391537,0.016534391534391537,0.033068783068783074,93.22,0,0
EPW India,1.2905198776758409,0.4098360655737705,83.06,0.01644195988161789,0.01644195988161789,0.03288391976323578,83.6,0,0
Crestchem,0.0,0.6944444444444444,91.24,0.016409583196586808,0.016409583196586808,0.032819166393173616,90.8,0,0
Influx Health.,0.0,0.22026431718061673,87.71,0.016350555918901243,0.016350555918901243,0.032701111837802485,84.17,0,0
Cochin Malabar,1.5676855895196506,0.9345794392523364,123.18,0.016074586079408454,0.016074586079408454,0.03214917215881691,123.35,0,0
Global Ocean,1.5108695652173914,0.35211267605633806,86.15,0.016053941242575052,0.016053941242575052,0.032107882485150105,84.5,0,0
Nanta Tech,0.17482517482517482,0.36363636363636365,83.19,0.016048788316482106,0.016048788316482106,0.03209757663296421,81.48,0,0
Chemkart India,0.26358148893360156,0.10940919037199125,104.39,0.015997440409534474,0.015997440409534474,0.03199488081906895,96.25999999999999,0,1
Infinity Infoway,0.21176470588235294,0.03552397868561279,125.22999999999999,0.015946420028703556,0.015946420028703556,0.03189284005740711,98.11,0,0
Savy Infra,2.3457590491626146,0.19120458891013384,86.78999999999999,0.015903307888040712,0.015903307888040712,0.031806615776081425,82.87,0,1
Neptune Pet.,0.21860869565217392,0.2331002331002331,80.99,0.01580278128950695,0.01580278128950695,0.0316055625790139,77.78,0,0
RNIT AI Solution,1.3491048593350383,0.21186440677966098,79.15,0.01570105197048202,0.01570105197048202,0.03140210394096404,75.56,0,0
C K K Retail,0.0,0.2770083102493075,92.03999999999999,0.015647003598810827,0.015647003598810827,0.031294007197621654,89.42999999999999,0,0
Adcounty Media.,0.6774193548387096,0.10141987829614606,107.28999999999999,0.01564210855623338,0.01564210855623338,0.03128421711246676,98.44,0,1
Helloji Holidays,0.011494252873563218,0.1923076923076923,100.54,0.015323322096230461,0.015323322096230461,0.030646644192460923,96.35000000000001,0,0
Prime Urban,0.4307228915662651,0.5681818181818182,64.85000000000001,0.01522533495736906,0.01522533495736906,0.03045066991473812,64.33000000000001,0,0
Dam Capital Advi,0.041121495327102804,0.29940119760479045,101.08,0.015202189115232594,0.015202189115232594,0.030404378230465188,98.75,0,0
Sharvaya Metals,6.2664092664092665,0.19011406844106465,102.10999999999999,0.015039855617386074,0.015039855617386074,0.030079711234772148,98.07,0,0
JD Cables,2.219677251431546,0.29325513196480935,95.28,0.015019525382997898,0.015019525382997898,0.030039050765995796,93.21,0,0
NINtec Systems,0.0812778002426203,0.31347962382445144,98.38,0.014682131845543973,0.014682131845543973,0.029364263691087945,96.22,0,0
Ontic Finserve,0.2554744525547445,0.5747126436781609,114.18,0.014400921658986175,0.014400921658986175,0.02880184331797235,113.53,0,0
Australian Prem,1.2336892052194544,0.33112582781456956,99.74999999999999,0.013921759710427398,0.013921759710427398,0.027843519420854796,97.96,0,0
Game Changers,3.2014051522248246,0.3333333333333333,98.74,0.01385809312638581,0.01385809312638581,0.02771618625277162,97.21,0,0
Maha Rashtra Apx,0.0,0.6622516556291391,132.8,0.013696753869332967,0.013696753869332967,0.027393507738665935,132.29000000000002,0,0
Marc Loire,0.7777777777777777,0.20703933747412007,100.53999999999999,0.013559322033898305,0.013559322033898305,0.02711864406779661,96.75,0,0
Studio LSD,0.025147928994082844,0.15479876160990713,106.3,0.013559322033898305,0.013559322033898305,0.02711864406779661,100.84,0,1
Swojas Foods,0.002212389380530974,0.2645502645502646,120.45,0.013453518094981838,0.013453518094981838,0.026907036189963675,117.67,0,0
Sunsky Logistics,1.595808383233533,0.42016806722689076,114.41,0.013125082031762698,0.013125082031762698,0.026250164063525396,113.88,0,0
Standard Battery,0.0,0.390625,118.16,0.012642225031605564,0.012642225031605564,0.025284450063211127,116.6,0,0
DCM,0.7926829268292682,0.5319148936170213,97.69,0.01255808112520407,0.01255808112520407,0.02511616225040814,96.84,0,0
Family Care,0.26473799126637554,0.4694835680751174,132.71,0.012461059190031152,0.012461059190031152,0.024922118380062305,132.17000000000002,0,0
TechD Cybersec.,0.02366863905325444,0.10869565217391305,133.63,0.01212709192335678,0.01212709192335678,0.02425418384671356,125.42999999999999,0,0
Icodex Publish.,0.5714285714285715,0.1838235294117647,137.72,0.011937447773665991,0.011937447773665991,0.023874895547331982,133.36,0,0
Newtrac Foods,0.11897852582704584,0.373134328358209,94.03999999999999,0.011865211200759373,0.011865211200759373,0.023730422401518746,92.54,0,0
Nexus Surgical,0.0,0.2898550724637681,110.91,0.011771630370806356,0.011771630370806356,0.023543260741612712,108.46000000000001,0,0
Shantidoot Infra,0.04,-0.4048582995951417,124.43999999999998,0.011477103179157582,0.011477103179157582,0.022954206358315164,127.91999999999999,0,0
Saffron Industri,0.4819672131147541,0.6024096385542168,111.37000000000002,0.011376564277588168,0.011376564277588168,0.022753128555176336,110.95,0,0
Shri Kanha Stain,0.6715083798882682,0.5025125628140703,95.37,0.011153245594467991,0.011153245594467991,0.022306491188935983,94.86999999999999,0,0
B.A.G. Converge.,0.0,0.2604166666666667,122.74,0.011033873993158999,0.011033873993158999,0.022067747986317998,119.89999999999999,0,0
Ravelcare,0.0,0.2770083102493075,138.85999999999999,0.011024142872891633,0.011024142872891633,0.022048285745783266,136.25,0,0
Glottis,23.96172248803828,0.24570024570024568,139.91,0.010993843447669306,0.010993843447669306,0.02198768689533861,137.09,0,0
Bridge Securitie,0.0,0.24038461538461536,128.5,0.010957703265395573,0.010957703265395573,0.021915406530791146,125.34,0,0
Apsis Aerocom,0.8859315589353612,0.45248868778280543,136.58,0.010758472296933835,0.010758472296933835,0.02151694459386767,135.54000000000002,0,0
Workmates Core2,1.4290429042904291,0.3389830508474576,126.11999999999999,0.010715816545220747,0.010715816545220747,0.021431633090441493,124.44,0,0
Safe Enterprises,0.0,0.2631578947368421,149.38,0.01026167265264238,0.01026167265264238,0.02052334530528476,146.58,0,0
TPI India,9.23404255319149,0.7246376811594204,103.21000000000001,0.00998801438274071,0.00998801438274071,0.01997602876548142,103.07000000000001,1,0
Krishna Fil. Ind,2.93,0.9433962264150942,101.23,0.009900990099009901,0.009900990099009901,0.019801980198019802,101.41,1,0
Mobilise App,0.021442495126705655,0.3623188405797102,156.27,0.009592326139088728,0.009592326139088728,0.019184652278177457,154.52,0,0
Yuvraaj Hygiene,2.212893553223388,0.2777777777777778,155.95000000000002,0.009554748710108925,0.009554748710108925,0.01910949742021785,158.01,0,1
Noble Polymers,0.09638554216867469,0.10214504596527069,184.47,0.009531979792202841,0.009531979792202841,0.019063959584405682,175.74,0,0
Magnus Steel,1.8828828828828825,0.39525691699604737,110.82,0.009384384384384385,0.009384384384384385,0.01876876876876877,111.94,0,0
Stellant Secu.,0.0,0.1092896174863388,194.2,0.009287638153617534,0.009287638153617534,0.01857527630723507,186.05,0,0
Ambitious Plasto,0.8653846153846154,0.7042253521126761,115.15,0.00881057268722467,0.00881057268722467,0.01762114537444934,114.97,1,0
Brandman Retail,6.982352941176471,0.4166666666666667,150.25,0.008562376915831834,0.008562376915831834,0.017124753831663668,149.25,0,0
Reganto Enterprises,1.204337899543379,0.4672897196261683,127.93000000000002,0.008461668641056016,0.008461668641056016,0.016923337282112032,126.9,0,0
SSMD Agrotech,1.7514450867052023,0.38314176245210724,182.94,0.00794407372100413,0.00794407372100413,0.01588814744200826,182.20999999999998,0,0
iStreet Network,0.0,0.48309178743961345,157.45,0.006622516556291391,0.006622516556291391,0.013245033112582781,156.38,0,0
Ksolves India,0.07120478496154942,0.21645021645021645,232.34,0.006318716036901302,0.006318716036901302,0.012637432073802603,228.8,0,0
Connplex Cinemas,0.46578947368421053,0.23148148148148145,204.66,0.006083465141744738,0.006083465141744738,0.012166930283489476,201.35,0,0
Mediaone Global,3.9775641025641026,0.19157088122605365,177.04,0.006013590715015936,0.006013590715015936,0.012027181430031873,173.06,0,0
IMEC Services,0.0,0.01890359168241966,377.26,0.0056135623666778945,0.0056135623666778945,0.011227124733355789,325.36,0,0
Union Qual. Pla.,5.294117647058823,0.5952380952380952,254.85,0.0049368088467614535,0.0049368088467614535,0.009873617693522907,254.41,0,0
Monotype India,1.0412486064659978,0.5555555555555556,431.34000000000003,0.0034873583260680036,0.0034873583260680036,0.006974716652136007,430.78,0,0
Carnation Inds.,4.45273631840796,0.9090909090909091,463.89,0.002543817252168604,0.002543817252168604,0.005087634504337208,470.78000000000003,0,0
Maruti Global Industries,1.5086321381142096,0.4629629629629629,9326.39,0.00014602014786000174,0.00014602014786000174,0.0002920402957200035,9325.47,0,0
GTL Infra.,5.387458165077071,0.9090909090909091,-10.89,0.0900900900900901,0.0900900900900901,0.1801801801801802,-10.750000000000002,0,1
Diamond Power,7.785623084780388,0.2849002849002849,14.459999999999999,0.0900900900900901,0.0900900900900901,0.1801801801801802,12.19,0,0
HMT,21.695633832524784,0.8333333333333334,-14.5,0.0900900900900901,0.0900900900900901,0.1801801801801802,-14.459999999999999,1,1
Indiabulls,80.27876823338735,0.1310615989515072,-180.13000000000002,0.0900900900900901,0.0900900900900901,0.1801801801801802,-186.58,0,0
KS Smart Technlogies,8.890070921985815,0.3424657534246575,15.769999999999998,0.0900900900900901,0.0900900900900901,0.1801801801801802,14.09,0,1
Elitecon Inter.,365.0388349514563,0.4132231404958678,14.42,0.0900900900900901,0.0900900900900901,0.1801801801801802,14.09,0,0
The Anup Enginee,19.34723926380368,0.36101083032490977,15.61,0.0900900900900901,0.0900900900900901,0.1801801801801802,14.09,0,0
Synthiko Foils,8.890070921985815,0.3424657534246575,15.769999999999998,0.0900900900900901,0.0900900900900901,0.1801801801801802,14.09,0,0
GHV Infra,0.0070921985815602835,0.3424657534246575,15.609999999999998,0.0900900900900901,0.0900900900900901,0.1801801801801802,14.09,0,0
Sanghvi Movers,3.0273509526736326,0.36764705882352944,15.399999999999999,0.0900900900900901,0.0900900900900901,0.1801801801801802,14.09,0,1
Lloyds Engineeri,1.1890144381669805,0.29850746268656714,16.279999999999998,0.0900900900900901,0.0900900900900901,0.1801801801801802,14.09,0,0
Spice LoungeFood,29.294117647058822,0.2469135802469136,16.11,0.0900900900900901,0.0900900900900901,0.1801801801801802,14.09,0,0
Nxt-Infra Trust,11.836929079641955,0.15015015015015015,18.61,0.0900900900900901,0.0900900900900901,0.1801801801801802,14.09,0,0
Capital Infra,8.194227468562822,0.151285930408472,18.470000000000002,0.0900900900900901,0.0900900900900901,0.1801801801801802,14.09,0,0
Midwest Gold,4.421236872812135,0.35211267605633806,14.04,0.0900900900900901,0.0900900900900901,0.1801801801801802,14.09,0,0
Mobavenue AI Tech,6.21875,0.38759689922480617,15.02,0.0900900900900901,0.0900900900900901,0.1801801801801802,14.09,0,0
Digitide Solutio,1.37128343741262,0.42016806722689076,15.139999999999999,0.0900900900900901,0.0900900900900901,0.1801801801801802,14.09,0,0
Emkay Tools,0.0,0.2531645569620253,17.04,0.0900900900900901,0.0900900900900901,0.1801801801801802,14.09,0,0
Anondita Medi.,4.061900610287707,0.2680965147453083,16.39,0.0900900900900901,0.0900900900900901,0.1801801801801802,14.09,0,0
TVS Infra. Trust,352.0460992907801,0.3448275862068966,15.47,0.0900900900900901,0.0900900900900901,0.1801801801801802,14.09,0,1
Kwality Wall's,0.0,0.009900990099009901,114.08999999999999,0.0900900900900901,0.0900900900900901,0.1801801801801802,14.09,0,0
Citurgia Biochem,6.133928571428571,0.5235602094240838,-2153.18,-0.00046533271288971617,-0.00046533271288971617,-0.0009306654257794323,-2153.85,1,1
SPARC,1.1463911284774773,0.970873786407767,-382.7,-0.003368931711754203,-0.003368931711754203,-0.006737863423508406,-382.49,1,0
Suven Life Scie.,0.0,0.1636661211129296,-160.75,-0.011633317822242905,-0.011633317822242905,-0.02326663564448581,-165.86,1,0
Omaxe,1.408486905435311,0.5102040816326531,-65.5,-0.016561775422325273,-0.016561775422325273,-0.033123550844650546,-66.22,0,0
Unitech,99.8768817204301,0.5988023952095809,-59.5,-0.021308331557639035,-0.021308331557639035,-0.04261666311527807,-59.93,1,0
Nitco,2.054574746593274,0.3333333333333333,-75.85000000000001,-0.02388344877000239,-0.02388344877000239,-0.04776689754000478,-76.84,1,0
Orissa Minerals,0.8487272302662308,0.7633587786259541,-47.480000000000004,-0.026652452025586353,-0.026652452025586353,-0.053304904051172705,-47.550000000000004,0,0
Jaybharat Text,494.0660377358491,0.8130081300813008,-38.1,-0.0355998576005696,-0.0355998576005696,-0.0711997152011392,-38.09,1,1
BGR Energy Sys.,2.151471941369866,0.3663003663003663,-44.92,-0.04164931278633902,-0.04164931278633902,-0.08329862557267805,-46.41,1,0
Ashika Credit,0.002581799591002045,0.009732360097323601,60.470000000000006,-0.047281323877068564,-0.047281323877068564,-0.09456264775413713,-41.28,1,0
Dec.Gold Mines,4.4102514506769825,0.3194888178913738,-31.87,-0.04972650422675286,-0.04972650422675286,-0.09945300845350571,-32.879999999999995,1,0
Zota Health Care,3.560243328100471,0.37037037037037035,-32.85,-0.0625782227784731,-0.0625782227784731,-0.1251564455569462,-33.980000000000004,1,0
One Mobikwik,4.936668594563332,0.4098360655737705,-24.799999999999997,-0.07352941176470588,-0.07352941176470588,-0.14705882352941177,-25.59,1,0
Veranda Learning,10.960183767228179,0.7407407407407407,-27.430000000000003,-0.08361204013377926,-0.08361204013377926,-0.16722408026755853,-27.36,0,1
Astec Lifescienc,39.04468085106382,0.49019607843137253,-27.44,-0.08431703204047218,-0.08431703204047218,-0.16863406408094436,-27.59,1,1
Kothari Indl,0.32547823676185195,0.21551724137931033,-21.849999999999998,-0.08628127696289906,-0.08628127696289906,-0.1725625539257981,-25.45,1,0
Amagi Media Labs,1.0468614405553949,0.4587155963302753,-15.010000000000002,-0.10615711252653928,-0.10615711252653928,-0.21231422505307856,-16.12,0,0
Ideaforge Tech,0.5580408792903971,0.2032520325203252,-15.07,-0.11507479861910243,-0.11507479861910243,-0.23014959723820486,-18.91,1,0
Walchan. Inds.,11.676293622142,0.45248868778280543,-18.289999999999996,-0.1364256480218281,-0.1364256480218281,-0.2728512960436562,-18.939999999999998,0,1
NACL Industries,1.0673645687050513,0.49504950495049505,-15.75,-0.14705882352941177,-0.14705882352941177,-0.29411764705882354,-15.64,0,0
Quadrant Future,0.34375,0.12224938875305624,-7.11,-0.1663893510815308,-0.1663893510815308,-0.3327787021630616,-14.2,1,0
M T N L,99.94182020889568,0.7518796992481203,-38.42,-0.1736111111111111,-0.1736111111111111,-0.3472222222222222,-38.51,0,1
Exicom Tele-Sys.,3.4206414473684212,0.4016064257028112,-13.44,-0.20242914979757085,-0.20242914979757085,-0.4048582995951417,-14.150000000000002,1,0
Ramco Systems,0.42649759510275476,0.5291005291005291,-9.750000000000002,-0.22727272727272727,-0.22727272727272727,-0.45454545454545453,-10.49,0,1
Kalind,0.03389830508474576,0.32573289902280134,-4.77,-0.2347417840375587,-0.2347417840375587,-0.4694835680751174,-6.84,1,0
TARC Ltd,44.62101910828025,0.3968253968253968,-11.15,-0.2610966057441253,-0.2610966057441253,-0.5221932114882506,-10.86,0,0
Alok Industries,223.76966098778178,0.5747126436781609,-17.119999999999997,-0.26595744680851063,-0.26595744680851063,-0.5319148936170213,-17.619999999999997,0,1
Panacea Biotec,0.8071906943954881,0.39370078740157477,-6.46,-0.2801120448179272,-0.2801120448179272,-0.5602240896358543,-7.970000000000001,1,0
Borosil Renew.,2.018156563151106,0.29940119760479045,-8.93,-0.29325513196480935,-0.29325513196480935,-0.5865102639296187,-11.04,0,0
Sanghi Industrie,9.992546583850931,0.625,-20.02,-0.3436426116838488,-0.3436426116838488,-0.6872852233676976,-14.69,1,1
Spandana Sphoort,0.8119778962306784,0.08880994671403197,-4.130000000000001,-0.3484320557491289,-0.3484320557491289,-0.6968641114982578,-13.04,0,0
Restaurant Brand,5.090143409970408,0.5988023952095809,-12.120000000000001,-0.49751243781094534,-0.49751243781094534,-0.9950248756218907,-10.559999999999999,0,1
Fusion Finance,3.4051267185688254,0.1557632398753894,-12.309999999999999,-0.5102040816326531,-0.5102040816326531,-1.0204081632653061,-15.16,0,0
Aditya Bir. Fas.,3.4442708364998205,0.41152263374485604,-6.11,-0.53475935828877,-0.53475935828877,-1.06951871657754,-6.63,0,0
Aurum Proptech,9.805090655509066,0.4098360655737705,-8.19,-0.5464480874316939,-0.5464480874316939,-1.0928961748633879,-9.05,0,0
Sundaram Clayton,152.46822429906544,0.5882352941176471,-8.84,-0.7194244604316546,-0.7194244604316546,-1.4388489208633093,-7.67,1,1
63 Moons Tech.,0.03686187230491028,0.09157509157509157,5.68,-0.7633587786259541,-0.7633587786259541,-1.5267175572519083,-4.24,1,0
Sagar Cements,6.980845358191802,0.6329113924050632,-7.24,-0.8403361344537815,-0.8403361344537815,-1.680672268907563,-6.84,0,1
Sumeet Industrie,0.2383350362477497,0.35714285714285715,-2.16,-0.8771929824561403,-0.8771929824561403,-1.7543859649122806,-3.4800000000000004,0,0
TVS Elec.,9.464555052790347,0.46511627906976744,-3.55,-1.1363636363636365,-1.1363636363636365,-2.272727272727273,-4.01,0,1
Navkar Corporat.,2.0075320701424033,0.3968253968253968,-2.15,-1.2048192771084336,-1.2048192771084336,-2.4096385542168672,-3.58,0,0
Wakefit Innovati,3.7669627912965105,0.3968253968253968,-4.84,-1.8867924528301885,-1.8867924528301885,-3.773584905660377,-5.78,0,0
V I P Inds.,2.6555240986458366,0.4716981132075471,-6.05,-2.0,-2.0,-4.0,-5.49,0,0
Swan Corp,4.799777299664062,0.30864197530864196,-2.2699999999999996,-2.272727272727273,-2.272727272727273,-4.545454545454546,-4.17,1,0
Valor Estate,1.838193739034075,0.4464285714285714,-1.72,-2.6315789473684217,-2.6315789473684217,-5.263157894736843,-2.71,0,0
Balaji Telefilms,0.48094064100132755,0.2481389578163772,12.690000000000001,-2.8571428571428563,-2.8571428571428563,-5.714285714285713,9.700000000000001,0,0
Prataap Snacks,2.040605389442599,0.3412969283276451,-0.3800000000000003,-2.8571428571428563,-2.8571428571428563,-5.714285714285713,-2.23,0,0
Haryana Fin. Co.,0.0,0.11976047904191617,5.039999999999999,-4.347826086956522,-4.347826086956522,-8.695652173913045,-2.31,1,0
Hemisphere Prop,4.929451287793953,0.7874015748031495,-1.3499999999999999,3.7037037037037033,3.7037037037037033,7.4074074074074066,-1.42,1,1
Bluestone Jewel,2.83743842364532,0.38314176245210724,-7.47,2.325581395348837,2.325581395348837,4.651162790697674,-7.96,1,0
Guj.Nat.Resour.,0.28635062042634424,0.1890359168241966,1.4200000000000002,2.272727272727273,2.272727272727273,4.545454545454546,-2.82,1,0
Indoco Remedies,10.410820389867611,0.47619047619047616,-3.8699999999999997,1.9607843137254901,1.9607843137254901,3.9215686274509802,-3.95,0,1
Prabha Energy,20.71932299012694,0.5524861878453039,-0.10999999999999993,1.5384615384615383,1.5384615384615383,3.0769230769230766,-0.58,1,0
Gujarat Alkalies,1.6657857554032132,0.48780487804878053,-0.22999999999999993,1.5151515151515154,1.5151515151515154,3.0303030303030307,-1.17,0,0
Dredging Corpn.,9.542806551571491,0.5154639175257733,-2.13,1.4492753623188408,1.4492753623188408,2.8985507246376816,-2.12,0,1
Grand Oak Canyon,417.98107255520506,3.851078783444212e-05,25962.26,1.282051282051282,1.282051282051282,2.564102564102564,-0.44,1,0
Dhenu Buildcon,48.0552353506244,0.5,-317.79,1.0869565217391304,1.0869565217391304,2.1739130434782608,-0.16,1,1
Simplex Infra,8.830803849284244,0.3367003367003367,-0.28,1.0526315789473684,1.0526315789473684,2.1052631578947367,-0.28,0,0
Sundrop Brands,0.15794403465636342,0.37037037037037035,4.99,0.819672131147541,0.819672131147541,1.639344262295082,3.3000000000000003,0,0
Thirumalai Chem.,31.18450956937799,0.4608294930875576,-1.2700000000000002,0.7936507936507936,0.7936507936507936,1.5873015873015872,-1.08,1,1
Oricon Enterpris,0.34777265745007685,0.1322751322751323,16.72,0.7299270072992701,0.7299270072992701,1.4598540145985401,10.17,0,0
Nalwa Sons Invst,0.00861106681549992,0.15772870662460567,6.05,0.6944444444444444,0.6944444444444444,1.3888888888888888,0.71,0,0
Texmaco Infrast.,0.15612019204833577,0.3717472118959108,1.76,0.6535947712418301,0.6535947712418301,1.3071895424836601,0.09000000000000002,0,0
Netwrk.18 Media,1.681639267138862,0.7936507936507936,-1.23,0.6211180124223603,0.6211180124223603,1.2422360248447206,-0.84,1,0
Ind-Swift Labs.,0.8326407253494522,0.19880715705765406,4.910000000000001,0.5617977528089888,0.5617977528089888,1.1235955056179776,0.9,1,0
LKP Finance,0.33413796304892773,0.04803073967339097,21.419999999999998,0.5524861878453039,0.5524861878453039,1.1049723756906078,1.7000000000000002,1,0
Kalpat.,18.24776699029126,0.38759689922480617,0.5599999999999996,0.4854368932038835,0.4854368932038835,0.970873786407767,1.22,0,0
Fischer Medical,0.3449965808069296,0.22935779816513766,4.8,0.4807692307692307,0.4807692307692307,0.9615384615384615,1.52,1,0
Aequs,28.925939572586586,0.4629629629629629,-2.2,0.4739336492890995,0.4739336492890995,0.947867298578199,-2.26,0,1
Bajaj Hindusthan,11.772699811649312,0.6944444444444444,0.5599999999999999,0.46511627906976744,0.46511627906976744,0.9302325581395349,0.9899999999999999,0,1
Kalyani Invest.,0.0,0.01365001365001365,74.20000000000002,0.46511627906976744,0.46511627906976744,0.9302325581395349,1.94,1,0
Tatva Chintan,3.233735878457343,0.3389830508474576,3.73,0.45454545454545453,0.45454545454545453,0.9090909090909091,1.89,0,0
Summit Securitie,0.0,0.5291005291005291,2.84,0.45248868778280543,0.45248868778280543,0.9049773755656109,1.95,0,0
Jaykay Enter.,49.248322147651,0.23980815347721823,4.34,0.4291845493562232,0.4291845493562232,0.8583690987124464,1.32,1,0
Windsor Machines,0.42084120982986767,0.4587155963302753,-0.21000000000000016,0.4065040650406504,0.4065040650406504,0.8130081300813008,-1.37,1,0
Rajesh Exports,0.11358975518669517,0.45454545454545453,2.99,0.40485829959514175,0.40485829959514175,0.8097165991902835,1.8399999999999999,0,0
Jyoti Structures,10.98328565819732,0.1234567901234568,6.1899999999999995,0.38314176245210724,0.38314176245210724,0.7662835249042145,2.9400000000000004,1,0
Raymond,4.409327752626634,0.33112582781456956,76.78,0.37878787878787884,0.37878787878787884,0.7575757575757577,75.08,0,0
City Pulse Multi,0.6642599277978339,0.2747252747252747,5.66,0.37593984962406013,0.37593984962406013,0.7518796992481203,3.0599999999999996,0,0
Pilani Invest.,3.4234137348286993,0.7692307692307692,2.47,0.36363636363636365,0.36363636363636365,0.7272727272727273,2.3,0,0
Chemplast Sanmar,10.939190363120403,0.628930817610063,-0.32999999999999985,0.35335689045936397,0.35335689045936397,0.7067137809187279,0.050000000000000044,0,1
Anzen IYEP Trust,7.92589519107091,0.6622516556291391,0.22999999999999976,0.3472222222222222,0.3472222222222222,0.6944444444444444,1.04,0,1
Elcid Investment,0.0,0.8,3.56,0.33557046979865773,0.33557046979865773,0.6711409395973155,3.31,0,0
Shipping Land,0.0017850059500198333,0.2150537634408602,0.3299999999999996,0.3236245954692557,0.3236245954692557,0.6472491909385114,-3.3200000000000003,1,0
Asian Granito,3.576923076923077,0.35714285714285715,4.8,0.31545741324921134,0.31545741324921134,0.6309148264984227,3.2,0,0
Mahindra Life.,0.5992008691008857,0.3968253968253968,4.3500000000000005,0.3125,0.3125,0.625,2.93,1,0
Prism Johnson,2.2947662133607847,0.5494505494505495,0.6000000000000003,0.3105590062111801,0.3105590062111801,0.6211180124223602,0.9400000000000002,0,0
Tsf Investments,1.4434699915469147,0.2857142857142857,12.36,0.3058103975535168,0.3058103975535168,0.6116207951070336,9.91,0,0
Dishman Carbogen,6.8011588655875395,0.47619047619047616,2.93,0.29239766081871343,0.29239766081871343,0.5847953216374269,2.23,0,1
Apex Frozen Food,0.7932382255227672,0.22831050228310504,6.33,0.29154518950437314,0.29154518950437314,0.5830903790087463,3.0300000000000002,0,0
Nazara Technolo.,2.954887218045113,0.31746031746031744,5.86,0.2857142857142857,0.2857142857142857,0.5714285714285714,3.77,0,0
Max Estates,9.284810406619176,0.37453183520599254,3.6899999999999995,0.2824858757062147,0.2824858757062147,0.5649717514124294,2.93,0,0
Blue Pearl Agri,0.0,0.0006514657980456026,1538.6299999999999,0.2801120448179272,0.2801120448179272,0.5602240896358543,4.63,1,0
Inox Green,1.5510835913312693,0.1733102253032929,8.139999999999999,0.2777777777777778,0.2777777777777778,0.5555555555555556,3.42,0,0
Bombay Dyeing,0.16870144284128746,0.2958579881656805,6.039999999999999,0.2770083102493075,0.2770083102493075,0.554016620498615,3.66,1,0
PVR Inox,3.794186401057018,0.6756756756756757,0.32000000000000006,0.26881720430107525,0.26881720430107525,0.5376344086021505,0.8900000000000001,0,0
Sterlite Tech.,5.504297994269341,0.5263157894736842,0.98,0.2590673575129534,0.2590673575129534,0.5181347150259068,1.0199999999999998,0,1
Raymond Lifestyl,6.115667406859116,0.4,4.59,0.25839793281653745,0.25839793281653745,0.5167958656330749,3.35,0,0
Capillary Tech.,2.120550847457627,0.37453183520599254,6.03,0.2577319587628866,0.2577319587628866,0.5154639175257733,4.54,1,0
Rel. Indl. Infra,0.0,0.12121212121212122,12.41,0.25510204081632654,0.25510204081632654,0.5102040816326531,5.16,1,0
Hinduja Global,4.14424776829561,0.22675736961451246,7.09,0.24937655860349128,0.24937655860349128,0.49875311720698257,3.92,0,0
Hathway Cable,0.03223480947476828,0.24875621890547267,7.959999999999999,0.2481389578163772,0.2481389578163772,0.4962779156327544,4.9399999999999995,0,0
Embassy Develop,3.2244317210148647,0.2898550724637681,5.8,0.23866348448687355,0.23866348448687355,0.4773269689737471,3.81,0,0
Ashiana Housing,1.49230310008102,0.42194092827004215,4.97,0.23094688221709006,0.23094688221709006,0.4618937644341801,4.04,0,0
Meghmani Organi.,12.507884558167213,0.4807692307692307,3.5200000000000005,0.2277904328018223,0.2277904328018223,0.4555808656036446,2.99,0,1
Sheela Foam,4.963525835866261,0.5434782608695653,5.07,0.22123893805309736,0.22123893805309736,0.4424778761061947,4.640000000000001,0,1
Ramco Inds.,1.3034374061843288,0.27624309392265195,10.07,0.2169197396963124,0.2169197396963124,0.4338394793926248,7.49,0,0
Hindware Home In,4.712154953648557,0.5,1.63,0.21645021645021645,0.21645021645021645,0.4329004329004329,1.84,0,0
Allcargo Logist.,2.571733821733822,0.5025125628140703,5.220000000000001,0.2066115702479339,0.2066115702479339,0.4132231404958678,5.0,0,0
Prince Pipes,1.9773219943304985,0.3067484662576687,7.879999999999999,0.2061855670103093,0.2061855670103093,0.4123711340206186,5.77,0,0
Sunflag Iron,3.077764212537821,0.40485829959514175,7.13,0.20202020202020202,0.20202020202020202,0.40404040404040403,5.73,0,0
HEG,2.2957856862954653,0.29325513196480935,8.259999999999998,0.20161290322580647,0.20161290322580647,0.40322580645161293,5.99,0,0
Jai Corp,0.020221787345075015,0.02774694783573807,42.54,0.19305019305019305,0.19305019305019305,0.3861003861003861,7.5,0,0
Energy InfrTrust,5.4766644398027955,0.4739336492890995,-1.79,0.1923076923076923,0.1923076923076923,0.3846153846153846,4.26,0,1
Bengal & Assam,1.8939599133261102,0.2801120448179272,13.549999999999997,0.19157088122605365,0.19157088122605365,0.3831417624521073,11.03,0,0
ESAF Small Fin,7.870428537257814,0.14925373134328357,-6.280000000000001,0.1893939393939394,0.1893939393939394,0.3787878787878788,2.3200000000000003,0,1
Intellig Sup Tru,2.417406837691659,0.5376344086021506,2.3499999999999996,0.186219739292365,0.186219739292365,0.37243947858473,2.6,0,1
India Motor Part,0.0,0.16051364365971107,12.75,0.1858736059479554,0.1858736059479554,0.3717472118959108,7.52,0,0
Shadowfax Technologies,7.719874189109495,0.4672897196261683,5.17,0.1858736059479554,0.1858736059479554,0.3717472118959108,5.01,0,1
Mrugesh Trading,0.0,0.006350012700025401,164.64,0.1841620626151013,0.1841620626151013,0.3683241252302026,8.16,1,0
Rhetan TMT Ltd,6.812395309882747,0.14705882352941177,12.459999999999999,0.18281535648994515,0.18281535648994515,0.3656307129798903,7.08,0,0
Greenpanel Inds.,5.236421319796954,0.4,9.26,0.18248175182481752,0.18248175182481752,0.36496350364963503,8.06,0,0
Andhra Paper,4.655435360879588,0.26595744680851063,9.45,0.18181818181818182,0.18181818181818182,0.36363636363636365,6.83,1,0
BF Investment,0.0,0.013570362328674175,80.39,0.17793594306049823,0.17793594306049823,0.35587188612099646,7.7,0,0
NDR INVIT Trust,5.164042787590177,0.3105590062111801,9.229999999999999,0.17421602787456444,0.17421602787456444,0.3484320557491289,7.390000000000001,0,0
Indiqube Spaces,7.78659920019587,0.5649717514124294,-6.48,0.1736111111111111,0.1736111111111111,0.3472222222222222,1.42,0,1
TVS Supply,3.2999093570292874,0.48309178743961345,4.6000000000000005,0.17152658662092624,0.17152658662092624,0.34305317324185247,4.67,0,0
Roadstar Infra,4.709987855106136,0.33444816053511706,6.170000000000001,0.17152658662092624,0.17152658662092624,0.34305317324185247,5.0600000000000005,0,0
Jain Irrigation,4.891853133592491,0.4424778761061947,5.720000000000001,0.16835016835016833,0.16835016835016833,0.33670033670033667,5.170000000000001,0,1
Eureka Forbes,0.40101545253863136,0.5128205128205129,8.52,0.16556291390728478,0.16556291390728478,0.33112582781456956,7.59,0,0
DCX Systems,0.0070637955323002615,0.27624309392265195,9.79,0.1639344262295082,0.1639344262295082,0.3278688524590164,7.17,0,0
Greaves Cotton,7.854166666666666,0.34965034965034963,6.61,0.1631321370309951,0.1631321370309951,0.3262642740619902,4.88,1,0
Bhagiradha Chem.,3.509851301115242,0.34602076124567477,8.65,0.16155088852988692,0.16155088852988692,0.32310177705977383,7.03,1,1
Elpro Internatio,4.723575754815793,0.625,7.4,0.16025641025641024,0.16025641025641024,0.3205128205128205,7.3100000000000005,0,0
Den Networks,1.116062176165803,0.12594458438287154,15.890000000000002,0.1592356687898089,0.1592356687898089,0.3184713375796178,8.96,0,0
Yatra Online,0.6234244283324037,0.3215434083601286,10.26,0.15772870662460567,0.15772870662460567,0.31545741324921134,8.219999999999999,1,0
Jindal Poly Film,15.47248056791122,0.2604166666666667,8.18,0.15723270440251572,0.15723270440251572,0.31446540880503143,6.180000000000001,0,0
TVS Srichakra,4.0083194675540765,0.53475935828877,6.49,0.15723270440251572,0.15723270440251572,0.31446540880503143,6.3100000000000005,0,0
Rishabh Instrum.,1.5721000758150114,0.25252525252525254,10.79,0.15552099533437014,0.15552099533437014,0.3110419906687403,7.9799999999999995,0,0
Sindhu Trade,8.643709118891882,0.1610305958132045,11.09,0.15503875968992248,0.15503875968992248,0.31007751937984496,6.15,1,0
SIS,2.2697466668460495,0.39370078740157477,6.52,0.1545595054095827,0.1545595054095827,0.3091190108191654,5.6499999999999995,0,0
Mahindra Logis.,1.962750966092338,0.4608294930875576,4.99,0.15060240963855423,0.15060240963855423,0.30120481927710846,4.41,0,0
Divgi Torq,0.022921844794255727,0.14970059880239522,15.100000000000001,0.14947683109118085,0.14947683109118085,0.2989536621823617,9.42,0,1
IFGL Refractori.,7.404030054644808,0.32573289902280134,10.35,0.14903129657228018,0.14903129657228018,0.29806259314456035,8.469999999999999,0,0
Sapphire Foods,2.7106679764243617,0.5847953216374269,6.34,0.14792899408284024,0.14792899408284024,0.2958579881656805,6.62,0,0
Godavari Bioref.,68.88671328671329,0.44052863436123346,5.15,0.14727540500736377,0.14727540500736377,0.29455081001472755,4.5600000000000005,0,1
Globus Spirits,6.622625460731499,0.5154639175257733,7.579999999999999,0.14705882352941177,0.14705882352941177,0.29411764705882354,7.09,0,0
Muthoot Microfin,6.2562272691120215,0.06574621959237344,14.830000000000002,0.14705882352941177,0.14705882352941177,0.29411764705882354,3.82,0,0
Jagran Prakashan,0.8786343024806614,0.2770083102493075,11.47,0.14388489208633093,0.14388489208633093,0.28776978417266186,8.96,0,0
Lloyds Enterpris,4.609305202391589,0.2801120448179272,11.56,0.14347202295552366,0.14347202295552366,0.28694404591104733,9.19,0,0
Solara Active,3.0216069591244974,0.5208333333333334,6.44,0.14265335235378032,0.14265335235378032,0.28530670470756064,6.029999999999999,0,0
Sudarshan Chem.,66.45636172450052,0.31347962382445144,8.77,0.14224751066856328,0.14224751066856328,0.28449502133712656,7.300000000000001,0,0
Puravankara,8.45770648412818,0.4926108374384236,2.8700000000000006,0.14204545454545456,0.14204545454545456,0.2840909090909091,4.62,1,1
GE Power,0.06274754405114612,0.4608294930875576,16.05,0.14104372355430184,0.14104372355430184,0.2820874471086037,14.93,0,0
Shalby,100.12921348314607,0.4291845493562232,7.03,0.1404494382022472,0.1404494382022472,0.2808988764044944,6.23,1,0
Reliance Power,7.8556670723908155,0.6666666666666666,5.37,0.13986013986013984,0.13986013986013984,0.2797202797202797,5.79,0,1
Media Matrix,5.3309780587579025,0.4098360655737705,7.61,0.1394700139470014,0.1394700139470014,0.2789400278940028,7.22,1,0
G S F C,0.016453598484848484,-0.0662251655629139,-5.880000000000003,0.1392757660167131,0.1392757660167131,0.2785515320334262,10.219999999999999,0,0
Precision Camshf,0.45255070256800717,0.22123893805309736,12.49,0.13908205841446453,0.13908205841446453,0.27816411682892905,9.05,0,0
Aayush Art,0.0,0.2544529262086514,13.5,0.13869625520110956,0.13869625520110956,0.27739251040221913,10.57,0,0
Unichem Labs.,62.58852867830424,0.33444816053511706,12.01,0.13812154696132597,0.13812154696132597,0.27624309392265195,10.23,0,0
Sunteck Realty,2.751362397820164,0.39840637450199207,9.48,0.13736263736263735,0.13736263736263735,0.2747252747252747,8.13,0,0
Juniper Hotels,4.455565225800212,0.44052863436123346,8.719999999999999,0.13679890560875513,0.13679890560875513,0.27359781121751026,7.949999999999999,0,0
Karnataka Bank,494.6121033631009,0.0946073793755913,8.7,0.1364256480218281,0.1364256480218281,0.2728512960436562,7.4,0,0
Capital India,51.721359940872134,0.4132231404958678,6.18,0.1362397820163488,0.1362397820163488,0.2724795640326976,5.8,0,0
MSP Steel & Pow.,1.4787155770443556,0.4807692307692307,5.41,0.13458950201884254,0.13458950201884254,0.2691790040376851,4.64,0,0
Guj Inds. Power,2.4857920783298155,0.21978021978021978,12.510000000000002,0.13440860215053763,0.13440860215053763,0.26881720430107525,9.75,0,0
Atul Auto,5.528560548362528,0.38759689922480617,10.48,0.1336898395721925,0.1336898395721925,0.267379679144385,9.22,0,0
South Ind.Bank,52.85712950572442,0.19455252918287938,0.41999999999999815,0.13333333333333333,0.13333333333333333,0.26666666666666666,7.58,1,0
PC Jeweller,2.5160796566306884,0.1652892561983471,18.76,0.13245033112582782,0.13245033112582782,0.26490066225165565,13.93,0,0
Sangam India,2.8199668523548636,0.46511627906976744,7.670000000000001,0.1310615989515072,0.1310615989515072,0.2621231979030144,7.72,0,0
Fino Payments,38.29550459904133,0.2645502645502646,7.92,0.13089005235602094,0.13089005235602094,0.2617801047120419,9.07,0,0
NOCIL,0.3516566265060241,0.16556291390728478,16.73,0.13071895424836602,0.13071895424836602,0.26143790849673204,11.7,0,0
Orient Green,2.8873422201250443,0.23752969121140144,11.81,0.13071895424836602,0.13071895424836602,0.26143790849673204,9.01,0,0
Asian Hotels (N),1.4331192723449964,0.9615384615384615,-0.9399999999999995,0.13054830287206265,0.13054830287206265,0.2610966057441253,2.4000000000000004,0,0
Kirloskar Indus.,2.1623001702099254,0.3436426116838488,11.270000000000001,0.1295336787564767,0.1295336787564767,0.2590673575129534,9.55,0,0
Raj Rayon Inds.,5.494711792702274,0.5405405405405405,9.110000000000001,0.12853470437017994,0.12853470437017994,0.2570694087403599,9.780000000000001,0,0
Indostar Capital,5.374728140623087,0.4854368932038835,6.29,0.12836970474967907,0.12836970474967907,0.25673940949935814,6.66,1,0
PNB Gilts,125.54765514453204,0.3048780487804878,-5.110000000000001,0.12820512820512822,0.12820512820512822,0.25641025641025644,7.74,1,1
CIAN Agro,4.589513930682904,0.5154639175257733,8.899999999999999,0.1278772378516624,0.1278772378516624,0.2557544757033248,8.6,0,0
SG Finserve,3.7667734236347687,0.390625,10.53,0.1277139208173691,0.1277139208173691,0.2554278416347382,10.69,1,0
Ramkrishna Forg.,81.12816691505216,0.4854368932038835,13.94,0.12755102040816327,0.12755102040816327,0.25510204081632654,13.77,0,0
Equitas Sma. Fin,24.535715391522434,0.20703933747412007,2.860000000000001,0.12738853503184713,0.12738853503184713,0.25477707006369427,7.1499999999999995,0,0
National Standar,0.0,0.02244165170556553,55.290000000000006,0.12690355329949238,0.12690355329949238,0.25380710659898476,11.73,0,0
Alembic,0.1439853496623555,0.3484320557491289,21.590000000000003,0.12658227848101264,0.12658227848101264,0.2531645569620253,19.72,0,0
Smartworks Cowor,4.7140782339271885,0.7194244604316546,-2.71,0.12547051442910917,0.12547051442910917,0.25094102885821834,5.5,0,1
GOCL Corpn.,9.9874025194961,0.1183431952662722,18.13,0.12468827930174564,0.12468827930174564,0.24937655860349128,10.74,0,0
Seshasayee Paper,1.2323378291586384,0.20449897750511245,15.330000000000002,0.12437810945273634,0.12437810945273634,0.24875621890547267,11.48,0,0
Capital Small,35.27416307176726,0.0859106529209622,11.93,0.12437810945273634,0.12437810945273634,0.24875621890547267,8.4,0,0
RHI Magnesita,1.1085329341317367,0.2770083102493075,13.540000000000001,0.1240694789081886,0.1240694789081886,0.2481389578163772,11.03,0,0
Birla Corpn.,1.9133068740309729,0.49019607843137253,9.940000000000001,0.12376237623762376,0.12376237623762376,0.24752475247524752,9.35,0,0
Westlife Food,4.805464006938422,0.9009009009009008,4.84,0.12376237623762376,0.12376237623762376,0.24752475247524752,7.4,0,0
Just Dial,0.30407373035937146,0.10121457489878542,21.11,0.12330456226880396,0.12330456226880396,0.24660912453760792,12.25,0,1
Excel Industries,0.17876472460999682,0.2840909090909091,13.85,0.12330456226880396,0.12330456226880396,0.24660912453760792,11.34,0,0
CSB Bank,8.36636405835039,0.23866348448687355,2.3599999999999994,0.12330456226880396,0.12330456226880396,0.24660912453760792,8.530000000000001,1,0
Mahamaya Steel,6.253807106598985,0.4081632653061224,11.25,0.12269938650306748,0.12269938650306748,0.24539877300613497,10.2,0,0
Polyplex Corpn,2.204405165933991,0.2638522427440633,14.35,0.12254901960784313,0.12254901960784313,0.24509803921568626,11.8,0,0
Utkarsh Small F.,26.7003239864017,0.25125628140703515,0.2599999999999998,0.12239902080783353,0.12239902080783353,0.24479804161566707,7.26,0,0
Yasho Industries,13.600186176402142,0.4424778761061947,7.680000000000001,0.12150668286755771,0.12150668286755771,0.24301336573511542,7.790000000000001,1,0
Suryoday Small,10.7163620948084,0.17921146953405018,5.569999999999999,0.12077294685990336,0.12077294685990336,0.24154589371980673,8.1,0,0
Apollo Pipes,2.400404448938321,0.35842293906810035,11.99,0.12019230769230768,0.12019230769230768,0.24038461538461536,10.290000000000001,0,0
Indokem,3.8386023294509153,0.44052863436123346,10.61,0.11933174224343678,0.11933174224343678,0.23866348448687355,9.7,0,0
Renaiss. Global,162.1340909090909,0.28653295128939826,12.78,0.11918951132300357,0.11918951132300357,0.23837902264600713,10.78,1,0
Sasken Technol.,0.45598349381017883,0.3921568627450981,13.89,0.11890606420927467,0.11890606420927467,0.23781212841854935,12.370000000000001,0,0
Greenlam Industr,5.6875182127246235,0.4739336492890995,9.820000000000002,0.11890606420927467,0.11890606420927467,0.23781212841854935,9.74,0,0
Imagica. Enter.,1.307245985696937,0.684931506849315,12.709999999999999,0.11848341232227487,0.11848341232227487,0.23696682464454974,12.4,0,0
Honasa Consumer,1.4648171500630518,0.3436426116838488,13.05,0.11848341232227487,0.11848341232227487,0.23696682464454974,11.23,0,0
R C F,1.1747448008727936,0.4464285714285714,10.24,0.11778563015312131,0.11778563015312131,0.23557126030624262,9.56,0,0
T N Merc. Bank,30.408323858851272,0.3663003663003663,5.16,0.11778563015312131,0.11778563015312131,0.23557126030624262,9.34,0,0
Rico Auto Inds,3.5648634724368886,0.5291005291005291,8.77,0.11764705882352941,0.11764705882352941,0.23529411764705882,8.8,0,0
Natl.Fertilizer,1.7510710067849728,0.5025125628140703,8.450000000000001,0.11668611435239207,0.11668611435239207,0.23337222870478413,9.23,0,0
Cartrade Tech,0.7467736309731426,0.19880715705765406,17.1,0.11641443538998836,0.11641443538998836,0.23282887077997672,13.129999999999999,0,0
Vindhya Telelink,2.3669648746004635,0.39370078740157477,11.639999999999999,0.11574074074074073,0.11574074074074073,0.23148148148148145,10.43,1,0
Delta Corp,0.6324463860206514,0.2557544757033248,13.64,0.11560693641618497,0.11560693641618497,0.23121387283236994,10.74,0,0
DCB Bank,159.9669004524887,0.3278688524590164,-1.25,0.11534025374855825,0.11534025374855825,0.2306805074971165,8.55,1,0
MMTC,0.08833718244803695,0.35460992907801414,12.22,0.1149425287356322,0.1149425287356322,0.2298850574712644,10.42,1,0
Uflex,8.21137015971403,0.4424778761061947,9.11,0.11428571428571428,0.11428571428571428,0.22857142857142856,9.06,0,0
Le Merite Export,5.145443196004995,0.3333333333333333,11.45,0.11363636363636363,0.11363636363636363,0.22727272727272727,10.09,1,0
Wonderla Holiday,0.04330581188279099,0.11695906432748537,22.2,0.11337868480725623,0.11337868480725623,0.22675736961451246,14.65,0,0
Shilpa Medicare,4.454572758672473,0.42372881355932196,11.69,0.11337868480725623,0.11337868480725623,0.22675736961451246,10.57,0,0
DCW,1.982529335071708,0.49504950495049505,10.0,0.11198208286674133,0.11198208286674133,0.22396416573348266,9.34,0,0
XPRO India,23.02690909090909,0.21645021645021645,15.689999999999998,0.11198208286674133,0.11198208286674133,0.22396416573348266,12.53,0,0
Shoppers Stop,6.048533265395254,0.5434782608695653,-2.5700000000000003,0.11160714285714285,0.11160714285714285,0.2232142857142857,8.15,0,0
IZMO,1.263254113345521,0.3021148036253776,16.110000000000003,0.11135857461024498,0.11135857461024498,0.22271714922048996,13.82,0,0
Vardhman Hold.,0.0,0.2597402597402597,18.380000000000003,0.11135857461024498,0.11135857461024498,0.22271714922048996,15.530000000000001,0,0
Landmark Cars,5.430943198901889,0.47846889952153115,8.67,0.11123470522803114,0.11123470522803114,0.22246941045606228,9.06,0,0
Orchid Pharma,13.926805143422357,0.2298850574712644,17.37,0.11025358324145534,0.11025358324145534,0.2205071664829107,14.24,0,0
B.L.Kashyap,3.988893193852512,0.4273504273504274,9.530000000000001,0.11013215859030837,0.11013215859030837,0.22026431718061673,8.78,0,0
E2E Networks,1.789985469989941,0.05750431282346176,27.72,0.11013215859030837,0.11013215859030837,0.22026431718061673,11.43,0,1
Hubtown,1.8236620979406293,0.33444816053511706,10.56,0.10952902519167579,0.10952902519167579,0.21905805038335158,8.98,1,0
Jana Small Finan,8.920002454439468,0.29673590504451036,3.4399999999999995,0.1092896174863388,0.1092896174863388,0.2185792349726776,9.56,0,0
Rossell Techsys,6.1167360147942675,0.4854368932038835,9.39,0.10893246187363835,0.10893246187363835,0.2178649237472767,10.2,1,1
Rain Industries,10.936987887424298,0.3484320557491289,9.49,0.1079913606911447,0.1079913606911447,0.2159827213822894,8.94,0,0
NGL Fine Chem,4.842952275249722,0.3448275862068966,14.549999999999999,0.10764262648008613,0.10764262648008613,0.21528525296017226,12.95,0,0
Saraswati Commer,5.554984583761562,0.07782101167315175,25.889999999999997,0.1072961373390558,0.1072961373390558,0.2145922746781116,14.09,0,0
AYM Syntex,2.1837183718371835,0.4694835680751174,10.309999999999999,0.10683760683760685,0.10683760683760685,0.2136752136752137,9.59,0,0
Religare Enterp.,0.20250235231289573,0.8,10.3,0.10649627263045792,0.10649627263045792,0.21299254526091585,10.16,0,0
Star Cement,2.16213399670555,0.4081632653061224,14.01,0.10649627263045792,0.10649627263045792,0.21299254526091585,12.77,0,0
Viyash Scientific,5.812114746325273,0.3436426116838488,11.82,0.10559662090813093,0.10559662090813093,0.21119324181626187,10.52,0,0
A.K.Capital Serv,6.820883047412082,0.07627765064836003,19.54,0.10548523206751054,0.10548523206751054,0.21097046413502107,10.65,1,1
V-Mart Retail,2.2866438356164385,0.49751243781094534,9.47,0.10526315789473684,0.10526315789473684,0.21052631578947367,9.41,0,0
Sakar Healthcare,2.051669997145304,0.4807692307692307,13.79,0.10482180293501049,0.10482180293501049,0.20964360587002098,12.95,0,0
Health.Global,5.557448681273773,0.5780346820809249,8.950000000000001,0.10460251046025104,0.10460251046025104,0.20920502092050208,10.14,0,1
Laxmi Organic,3.0610315712187957,0.47846889952153115,13.22,0.10460251046025104,0.10460251046025104,0.20920502092050208,12.3,0,0
Universal Cables,5.739723700600158,0.42016806722689076,12.080000000000002,0.10438413361169102,0.10438413361169102,0.20876826722338204,11.24,0,0
SEAMEC Ltd,1.3513955662393162,0.40485829959514175,15.03,0.10416666666666667,0.10416666666666667,0.20833333333333334,13.94,0,1
JK Paper,3.448024355697377,0.37735849056603776,13.82,0.10384215991692626,0.10384215991692626,0.20768431983385252,12.56,0,0
Triven.Engg.Ind.,7.154340536512668,0.3246753246753247,14.7,0.10362694300518134,0.10362694300518134,0.20725388601036268,12.870000000000001,0,0
AvenuesAI,1.0766493293183683,0.3663003663003663,14.950000000000001,0.10362694300518134,0.10362694300518134,0.20725388601036268,13.24,0,0
Indo Thai Sec.,0.16977777777777778,0.2531645569620253,16.11,0.10351966873706003,0.10351966873706003,0.20703933747412007,13.18,0,0
Bannari Amm.Sug.,0.04378121008013007,0.17123287671232876,17.999999999999996,0.10330578512396695,0.10330578512396695,0.2066115702479339,13.17,0,0
RattanIndia Pow.,9.377783185302349,0.2824858757062147,12.67,0.10319917440660475,0.10319917440660475,0.2063983488132095,10.98,0,0
PSP Projects,6.556015850144092,0.4065040650406504,12.489999999999998,0.10309278350515465,0.10309278350515465,0.2061855670103093,11.329999999999998,0,0
Entero Healthcar,5.6837036085784,0.3076923076923077,14.96,0.10298661174047373,0.10298661174047373,0.20597322348094746,12.96,0,1
Sigma Advanced System,0.1030736618971913,0.10649627263045792,8.920000000000002,0.1026694045174538,0.1026694045174538,0.2053388090349076,0.5400000000000009,0,0
Neogen Chemicals,5.744288760280232,0.38759689922480617,11.690000000000001,0.10183299389002036,0.10183299389002036,0.20366598778004072,11.52,0,0
Orient Cement,0.35057443404915406,0.3424657534246575,13.920000000000002,0.1017293997965412,0.1017293997965412,0.2034587995930824,12.04,0,0
IOL Chemicals,0.8847951914514692,0.33444816053511706,15.129999999999999,0.10141987829614606,0.10141987829614606,0.20283975659229211,13.23,0,0
Modern Insulator,0.8012773274379759,0.23696682464454974,17.62,0.10101010101010101,0.10101010101010101,0.20202020202020202,14.47,0,0
SPML Infra,4.110304449648711,0.35714285714285715,12.750000000000002,0.10090817356205853,0.10090817356205853,0.20181634712411706,11.39,1,0
Centrum Capital,6.6879132243638075,0.7092198581560284,-28.990000000000002,0.10070493454179255,0.10070493454179255,0.2014098690835851,8.09,0,0
Baazar Style,16.210526315789473,0.49504950495049505,9.54,0.1006036217303823,0.1006036217303823,0.2012072434607646,10.43,0,0
Dynamatic Tech.,4.0902084910204355,0.4366812227074236,12.140000000000002,0.1004016064257028,0.1004016064257028,0.2008032128514056,11.63,0,0
SpiceJet,2.5261663675595867,0.7194244604316546,9.9,0.09900990099009901,0.09900990099009901,0.19801980198019803,9.75,1,0
Zee Entertainmen,0.2406065711878686,0.12804097311139565,21.53,0.0979431929480901,0.0979431929480901,0.1958863858961802,14.740000000000002,0,0
IRB InvIT Fund,6.830033277870216,0.11013215859030837,18.259999999999998,0.09784735812133072,0.09784735812133072,0.19569471624266144,11.93,0,0
TTK Healthcare,5.387550200803212,0.14970059880239522,20.639999999999997,0.09746588693957116,0.09746588693957116,0.19493177387914232,14.98,0,0
Indus Inf. Trust,5.092190199109011,0.11481056257175659,23.49,0.09689922480620154,0.09689922480620154,0.19379844961240308,16.240000000000002,0,0
Confidence Petro,78.11288805268109,0.303951367781155,14.84,0.0968054211035818,0.0968054211035818,0.1936108422071636,13.15,0,0
Keystone Realtor,98.37368845843422,0.36764705882352944,13.610000000000001,0.0968054211035818,0.0968054211035818,0.1936108422071636,12.33,1,0
DEE Development,9.560987573577503,0.4273504273504274,13.16,0.09624639076034648,0.09624639076034648,0.19249278152069296,12.52,1,0
Samhi Hotels,4.820941794212937,0.45454545454545453,12.62,0.09587727708533078,0.09587727708533078,0.19175455417066156,12.39,0,0
Oriental Hotels,1.8635415632138246,0.6666666666666666,13.91,0.09569377990430622,0.09569377990430622,0.19138755980861244,13.68,0,0
Dalmia Bharat,1.2122051168457193,0.13717421124828533,23.25,0.09541984732824427,0.09541984732824427,0.19083969465648853,17.130000000000003,0,0
Ravindra Energy,5.362030598052851,0.24875621890547267,16.58,0.0949667616334283,0.0949667616334283,0.1899335232668566,14.54,0,0
Nelcast,2.7551733912879146,0.43859649122807015,13.34,0.0947867298578199,0.0947867298578199,0.1895734597156398,12.58,0,0
G N F C,0.02144577518228909,0.16233766233766234,20.22,0.0946073793755913,0.0946073793755913,0.1892147587511826,15.06,0,0
Nilkamal Ltd,2.1689273495673174,0.31545741324921134,15.84,0.0946073793755913,0.0946073793755913,0.1892147587511826,14.030000000000001,0,0
Rane Holdings,2.045580997218061,0.5319148936170213,12.360000000000001,0.09398496240601503,0.09398496240601503,0.18796992481203006,12.42,0,0
Bharat Bijlee,1.0841747022121382,0.37593984962406013,16.43,0.09380863039399624,0.09380863039399624,0.18761726078799248,14.86,0,1
Epack Durable,22.443583384996895,0.46511627906976744,13.01,0.09345794392523366,0.09345794392523366,0.1869158878504673,12.62,0,1
Hester Bios,3.2608762021065485,0.4098360655737705,14.95,0.09337068160597571,0.09337068160597571,0.18674136321195142,14.14,0,0
Abans Financial,6.135688042752171,0.3968253968253968,14.250000000000002,0.09337068160597571,0.09337068160597571,0.18674136321195142,13.350000000000001,1,0
Mahindra Holiday,5.592134434341163,0.4291845493562232,7.57,0.09319664492078285,0.09319664492078285,0.1863932898415657,10.99,0,0
Shriram Properti,4.565459249676585,0.39840637450199207,12.72,0.09319664492078285,0.09319664492078285,0.1863932898415657,11.72,0,0
Cosmo First,10.21461432753779,0.4566210045662101,13.27,0.09285051067780874,0.09285051067780874,0.18570102135561747,13.19,0,1
Welspun Special.,0.5785264590777607,0.38314176245210724,10.66,0.09250693802035152,0.09250693802035152,0.18501387604070305,9.13,0,0
Technvision Ven.,0.5599078341013826,0.5076142131979695,9.980000000000002,0.09250693802035152,0.09250693802035152,0.18501387604070305,9.88,0,0
Quess Corp,0.3097410087029464,0.4366812227074236,14.930000000000001,0.09242144177449169,0.09242144177449169,0.18484288354898337,13.75,0,1
Fedbank Financi.,10.618996034828108,0.18761726078799248,12.17,0.09242144177449169,0.09242144177449169,0.18484288354898337,11.67,1,0
Savita Oil Tech,0.0,0.28653295128939826,16.48,0.09225092250922509,0.09225092250922509,0.18450184501845018,13.99,0,0
Hikal,2.4282160625444207,0.47619047619047616,13.989999999999998,0.09216589861751152,0.09216589861751152,0.18433179723502305,13.459999999999999,0,0
Mangalam Cement,3.8917987594762233,0.5555555555555556,12.09,0.09199632014719412,0.09199632014719412,0.18399264029438825,12.11,0,0
M.V.K. Agro,2.307825086306099,0.3597122302158273,14.2,0.09174311926605504,0.09174311926605504,0.18348623853211007,13.31,0,0
Mukand,10.001159644375724,0.4484304932735426,11.459999999999999,0.09165902841429881,0.09165902841429881,0.18331805682859761,12.120000000000001,0,1
PTC India Fin,1.9848625703811542,0.05458515283842795,30.049999999999997,0.09149130832570906,0.09149130832570906,0.18298261665141813,13.49,0,0
Ujaas Energy,6.34920634920635,0.2785515320334262,19.87,0.09107468123861566,0.09107468123861566,0.18214936247723132,17.55,0,0
AAVAS Financiers,8.676407024134173,0.08771929824561403,20.68,0.09017132551848513,0.09017132551848513,0.18034265103697025,13.36,1,1
Rallis India,0.20600452534531086,0.3424657534246575,16.159999999999997,0.08992805755395684,0.08992805755395684,0.1798561151079137,14.27,0,0
Balrampur Chini,1.8171578749765345,0.273972602739726,18.580000000000002,0.08960573476702509,0.08960573476702509,0.17921146953405018,16.13,0,0
Kitex Garments,21.41208393632417,0.37735849056603776,16.68,0.08960573476702509,0.08960573476702509,0.17921146953405018,16.17,0,0
Jindal Worldwide,3.464049955396967,0.3484320557491289,15.689999999999998,0.08896797153024912,0.08896797153024912,0.17793594306049823,14.530000000000001,0,0
Medplus Health,2.2035720222374082,0.25641025641025644,17.12,0.08865248226950355,0.08865248226950355,0.1773049645390071,14.87,0,0
S H Kelkar & Co.,53.10812425328554,0.425531914893617,14.76,0.08857395925597875,0.08857395925597875,0.1771479185119575,14.079999999999998,0,0
Northern ARC,9.72441444942606,0.28653295128939826,12.760000000000002,0.08818342151675485,0.08818342151675485,0.1763668430335097,13.07,1,0
Electronics Mart,11.105492392103626,0.36101083032490977,15.609999999999998,0.0881057268722467,0.0881057268722467,0.1762114537444934,15.1,0,0
Senco Gold,11.615466255005066,0.39370078740157477,14.71,0.08779631255487269,0.08779631255487269,0.17559262510974538,14.3,1,0
Sanathan Textile,5.036140350877193,0.43859649122807015,16.35,0.08779631255487269,0.08779631255487269,0.17559262510974538,15.850000000000001,0,0
Ultramarine Pig.,0.9796479647964795,0.28735632183908044,19.480000000000004,0.08756567425569177,0.08756567425569177,0.17513134851138354,17.08,0,0
JK Lakshmi Cem.,3.4109202735810538,0.45454545454545453,14.67,0.08710801393728222,0.08710801393728222,0.17421602787456444,14.190000000000001,0,0
RIR Power Electr,6.06113537117904,0.23148148148148145,19.529999999999998,0.08688097306689835,0.08688097306689835,0.1737619461337967,16.31,0,0
Kiri Industries,3.5667337357478206,0.4081632653061224,17.98,0.08680555555555555,0.08680555555555555,0.1736111111111111,16.9,0,1
Gandhar Oil Ref.,21.09929980903883,0.28735632183908044,17.09,0.08628127696289906,0.08628127696289906,0.1725625539257981,14.870000000000001,0,0
Mishra Dhatu Nig,1.5522114149385207,0.27624309392265195,16.77,0.08620689655172414,0.08620689655172414,0.1724137931034483,14.379999999999999,0,0
Gokaldas Exports,17.064089347079037,0.36496350364963503,16.279999999999998,0.08605851979345956,0.08605851979345956,0.17211703958691912,15.0,0,0
Sh.Renuka Sugar,6.585981102130478,0.7299270072992701,7.69,0.0859106529209622,0.0859106529209622,0.1718213058419244,7.5600000000000005,0,0
Gateway Distri,1.8564283307849794,0.4504504504504505,19.94,0.08583690987124463,0.08583690987124463,0.17167381974248927,19.04,0,0
Tour. Fin. Corp.,14.448696383515559,0.2463054187192118,17.58,0.0856898029134533,0.0856898029134533,0.1713796058269066,15.34,0,0
Tasty Bite Eat.,1.6438696841581695,0.2849002849002849,18.729999999999997,0.08517887563884156,0.08517887563884156,0.17035775127768313,16.43,0,0
Kolte Patil Dev.,3.718709130112049,0.47846889952153115,13.18,0.08424599831508003,0.08424599831508003,0.16849199663016007,12.95,0,0
I G Petrochems,1.5356134056034811,0.4329004329004329,16.750000000000004,0.08410428931875526,0.08410428931875526,0.16820857863751051,15.75,0,0
Salasar Techno,54.030911901081915,0.4166666666666667,13.690000000000001,0.08361204013377926,0.08361204013377926,0.16722408026755853,12.72,1,0
Stove Kraft,1.5009548544801774,0.5291005291005291,14.89,0.08361204013377926,0.08361204013377926,0.16722408026755853,14.4,0,0
Suprajit Engg.,4.990793582427048,0.42016806722689076,14.84,0.0835421888053467,0.0835421888053467,0.1670843776106934,14.14,0,0
Repco Home Fin,18.69861721164796,0.35335689045936397,12.86,0.0835421888053467,0.0835421888053467,0.1670843776106934,14.21,1,0
Cyient DLM,3.3298627543776624,0.29940119760479045,17.25,0.08340283569641367,0.08340283569641367,0.16680567139282734,15.120000000000001,0,0
Balaji Amines,0.12147090937451255,0.1620745542949757,23.36,0.08333333333333333,0.08333333333333333,0.16666666666666666,18.21,0,0
Ganesha Ecosphe.,12.91122159090909,0.2857142857142857,18.87,0.08333333333333333,0.08333333333333333,0.16666666666666666,16.8,0,0
Camlin Fine,24.231962481962483,0.42372881355932196,4.13,0.0831255195344971,0.0831255195344971,0.1662510390689942,3.5299999999999994,0,1
Ugro Capital,3.2679199848082647,0.09115770282588878,19.6,0.08298755186721991,0.08298755186721991,0.16597510373443983,12.91,1,0
Venus Remedies,0.16445562671546204,0.22727272727272727,20.040000000000003,0.08291873963515754,0.08291873963515754,0.16583747927031509,16.66,0,1
TIL,2.4048758259284577,0.47619047619047616,8.5,0.08278145695364239,0.08278145695364239,0.16556291390728478,11.19,1,0
Texmaco Rail,12.715257381357242,0.303951367781155,17.01,0.0823045267489712,0.0823045267489712,0.1646090534979424,15.01,0,0
Jubilant Ingrev.,1.583461009624828,0.425531914893617,17.39,0.0823045267489712,0.0823045267489712,0.1646090534979424,16.310000000000002,0,0
JTEKT India,1.3506061691135094,0.37593984962406013,18.02,0.0818330605564648,0.0818330605564648,0.1636661211129296,16.59,0,0
Relaxo Footwear,0.5293973121053537,0.31746031746031744,19.49,0.0818330605564648,0.0818330605564648,0.1636661211129296,17.44,0,0
Prakash Industri,2.392442267319804,0.4329004329004329,20.729999999999997,0.08169934640522876,0.08169934640522876,0.16339869281045752,19.52,0,0
Venky's (India),2.6943413040249515,0.29940119760479045,19.07,0.08163265306122448,0.08163265306122448,0.16326530612244897,16.86,0,1
Shrem InvIT,20.90059493016037,0.27548209366391185,19.84,0.08163265306122448,0.08163265306122448,0.16326530612244897,18.48,0,0
Hi-Tech Pipes,1.4405837963346877,0.33557046979865773,18.09,0.08156606851549755,0.08156606851549755,0.1631321370309951,16.25,0,0
MAS FINANC SER,8.735358930963965,0.1584786053882726,15.99,0.08116883116883117,0.08116883116883117,0.16233766233766234,14.21,1,0
SG Mart,0.6796000102038214,0.3021148036253776,18.93,0.08110300081103,0.08110300081103,0.16220600162206,16.79,0,0
RPSG Ventures,5.820054619936276,0.5882352941176471,10.7,0.08110300081103,0.08110300081103,0.16220600162206,12.41,0,0
Home First Finan,4.3888712068165905,0.07855459544383346,24.19,0.08097165991902834,0.08097165991902834,0.16194331983805668,14.86,1,0
Senores Pharma.,5.138746803069054,0.2949852507374631,19.8,0.08064516129032258,0.08064516129032258,0.16129032258064516,17.71,0,0
Heidelberg Cem.,0.28929041972520236,0.4926108374384236,16.500000000000004,0.08058017727639001,0.08058017727639001,0.16116035455278002,15.530000000000001,0,0
Bajaj Healthcare,10.521220159151193,0.37593984962406013,17.59,0.08038585209003216,0.08038585209003216,0.1607717041800643,16.42,0,0
Guj. Ambuja Exp,0.8440482463844488,0.21097046413502107,22.290000000000003,0.08025682182985554,0.08025682182985554,0.16051364365971107,18.64,0,0
West Coast Paper,4.621432847734983,0.2604166666666667,20.66,0.08019246190858059,0.08019246190858059,0.16038492381716118,17.950000000000003,0,0
The Hi-Tech Gear,1.2042122100773127,0.3448275862068966,17.71,0.07993605115907275,0.07993605115907275,0.1598721023181455,16.17,0,1
PTC India,1.0615882394316662,0.33112582781456956,18.34,0.07993605115907275,0.07993605115907275,0.1598721023181455,16.71,0,0
Somany Ceramics,2.3021734543152568,0.49751243781094534,15.09,0.07993605115907275,0.07993605115907275,0.1598721023181455,14.5,0,0
Pashupati Cotsp.,2.6794745484400657,0.35211267605633806,17.179999999999996,0.07993605115907275,0.07993605115907275,0.1598721023181455,15.85,0,0
TTK Prestige,1.1972320525783617,0.23752969121140144,20.08,0.0796812749003984,0.0796812749003984,0.1593625498007968,16.97,0,0
SBFC Finance,4.360534082724923,0.2695417789757412,16.87,0.0796812749003984,0.0796812749003984,0.1593625498007968,15.96,0,0
Alicon Cast.,1.7109919571045575,0.4566210045662101,15.829999999999998,0.07961783439490445,0.07961783439490445,0.1592356687898089,15.21,0,0
Bajaj Electrical,0.6190339275445659,0.43103448275862066,15.6,0.07930214115781127,0.07930214115781127,0.15860428231562254,14.41,0,0
Bliss GVS Pharma,0.4909737162098962,0.18315018315018314,23.32,0.07861635220125786,0.07861635220125786,0.15723270440251572,18.91,0,0
Protean eGov,0.34592948221568326,0.2770083102493075,21.509999999999998,0.07861635220125786,0.07861635220125786,0.15723270440251572,18.97,0,0
Kama Holdings,1.8138077954868235,0.3401360544217687,18.81,0.0784313725490196,0.0784313725490196,0.1568627450980392,17.47,0,0
Sanstar,0.5644187216909914,0.14204545454545456,24.61,0.07836990595611286,0.07836990595611286,0.15673981191222572,18.6,0,0
Everest Kanto,3.341128622267412,0.22675736961451246,21.72,0.07818608287724786,0.07818608287724786,0.15637216575449572,18.46,0,1
HMA Agro Inds.,5.001276018821278,0.39840637450199207,18.14,0.078064012490242,0.078064012490242,0.156128024980484,17.36,0,0
PCBL Chemical,6.897516710659366,0.53475935828877,15.09,0.078003120124805,0.078003120124805,0.15600624024961,15.58,0,0
TCC Concept,1.522332506203474,0.28653295128939826,22.62,0.0779423226812159,0.0779423226812159,0.1558846453624318,20.18,0,0
KRBL,0.07381336106056667,0.10438413361169102,28.24,0.0778816199376947,0.0778816199376947,0.1557632398753894,19.67,0,1
Rane (Madras),2.3818171133051247,0.5319148936170213,14.2,0.07770007770007771,0.07770007770007771,0.15540015540015542,14.479999999999999,0,0
Satin Creditcare,17.080687455705174,0.16977928692699493,14.77,0.07770007770007771,0.07770007770007771,0.15540015540015542,13.559999999999999,1,0
M M Forgings,6.660880516920382,0.43103448275862066,17.53,0.07763975155279502,0.07763975155279502,0.15527950310559005,17.52,0,0
Indian Hume Pipe,2.445654296875,0.3389830508474576,17.700000000000003,0.07745933384972889,0.07745933384972889,0.15491866769945778,16.11,0,0
Moschip Tech.,0.47556520880639747,0.31545741324921134,22.05,0.07733952049497293,0.07733952049497293,0.15467904098994587,20.009999999999998,0,1
Marathon Nextgen,2.2447738502470544,0.1692047377326565,23.61,0.07722007722007722,0.07722007722007722,0.15444015444015444,18.73,0,0
Apeejay Surrend.,1.4125384464367514,0.4329004329004329,18.619999999999997,0.07698229407236336,0.07698229407236336,0.15396458814472672,17.48,0,0
Centum Electron,6.9476112026359145,0.4629629629629629,11.459999999999999,0.07674597083653109,0.07674597083653109,0.15349194167306218,10.82,1,0
Sportking India,1.23081179923969,0.26881720430107525,20.069999999999997,0.07668711656441718,0.07668711656441718,0.15337423312883436,17.83,0,0
Deep Industries,0.9720312870348425,0.26246719160104987,25.130000000000003,0.07656967840735068,0.07656967840735068,0.15313935681470137,22.43,0,0
Antony Waste han,2.471684249199601,0.4484304932735426,17.990000000000002,0.07633587786259542,0.07633587786259542,0.15267175572519084,17.439999999999998,0,0
Bajel Projects,1.6087266505062028,0.4504504504504505,14.07,0.07627765064836003,0.07627765064836003,0.15255530129672007,13.01,0,0
Harsha Engg Intl,1.529227356033568,0.2469135802469136,21.48,0.076103500761035,0.076103500761035,0.15220700152207,18.67,0,0
SMS Pharma.,3.9209285455204936,0.36101083032490977,19.6,0.0758150113722517,0.0758150113722517,0.1516300227445034,18.259999999999998,0,0
Azad Engineering,4.700892158397245,0.18248175182481752,23.19,0.07558578987150416,0.07558578987150416,0.15117157974300832,18.91,0,0
John Cockerill,0.03328318916886047,0.4291845493562232,16.77,0.07547169811320754,0.07547169811320754,0.1509433962264151,15.47,0,0
Brightcom Group,0.0,0.14577259475218657,25.830000000000002,0.07507507507507508,0.07507507507507508,0.15015015015015015,19.97,0,0
Sandhar Tech,3.8493366132999958,0.5076142131979695,17.79,0.07507507507507508,0.07507507507507508,0.15015015015015015,17.6,0,1
Hind.Oil Explor.,0.4755720470006185,0.4672897196261683,20.930000000000003,0.07501875468867217,0.07501875468867217,0.15003750937734434,19.85,0,1
India Glycols,5.659276803172593,0.5464480874316939,16.36,0.0749063670411985,0.0749063670411985,0.149812734082397,16.39,0,0
Uniparts India,0.6588884638504836,0.22075055187637974,23.32,0.0749063670411985,0.0749063670411985,0.149812734082397,19.92,0,0
Greenply Industr,2.4685906773488706,0.43103448275862066,18.099999999999998,0.07485029940119761,0.07485029940119761,0.14970059880239522,17.419999999999998,0,0
Sai Silks,2.7901280385971425,0.2066115702479339,21.159999999999997,0.07479431563201197,0.07479431563201197,0.14958863126402394,17.57,0,0
Mold-Tek Pack.,1.9912942021181117,0.4016064257028112,20.450000000000003,0.07457121551081282,0.07457121551081282,0.14914243102162564,19.29,0,0
Borosil,3.9390063944909004,0.3205128205128205,20.36,0.07418397626112759,0.07418397626112759,0.14836795252225518,18.33,0,0
VST Till. Tract.,0.023468729851708576,0.17513134851138354,24.78,0.07396449704142012,0.07396449704142012,0.14792899408284024,20.07,0,0
Krsnaa Diagnost.,3.1375304270856383,0.4081632653061224,20.13,0.07396449704142012,0.07396449704142012,0.14792899408284024,18.98,0,1
HLE Glascoat,2.818484042553191,0.4608294930875576,17.91,0.07390983000739099,0.07390983000739099,0.14781966001478197,17.49,0,0
RACL Geartech,3.5412561576354675,0.4291845493562232,17.48,0.07385524372230429,0.07385524372230429,0.14771048744460857,16.849999999999998,0,0
Lux Industries,6.037494177922683,0.3058103975535168,21.439999999999998,0.07385524372230429,0.07385524372230429,0.14771048744460857,19.46,0,0
Jayaswal Neco,1.670397052155827,0.5952380952380952,14.27,0.07358351729212656,0.07358351729212656,0.14716703458425312,14.49,0,0
Mufin Green,5.958923216402819,0.2173913043478261,15.61,0.07347538574577517,0.07347538574577517,0.14695077149155034,14.69,1,0
INDIA SHELTE FIN,3.8230556657687194,0.2724795640326976,18.96,0.07347538574577517,0.07347538574577517,0.14695077149155034,18.18,0,0
Le Travenues,0.2022563103644185,0.33444816053511706,21.42,0.07342143906020558,0.07342143906020558,0.14684287812041116,19.47,0,0
Dollar Industrie,3.5514756348661636,0.31347962382445144,20.8,0.07336757153338225,0.07336757153338225,0.1467351430667645,18.950000000000003,0,0
Kirl. Ferrous,1.9511453844409163,0.4672897196261683,18.67,0.07331378299120234,0.07331378299120234,0.14662756598240467,17.89,0,0
Ajmera Realty,76.28538011695906,0.12853470437017994,24.84,0.07320644216691069,0.07320644216691069,0.14641288433382138,18.58,0,0
Team Lease Serv.,1.2110457392294554,0.4464285714285714,18.95,0.07315288953913679,0.07315288953913679,0.14630577907827358,17.84,0,0
RattanIndia Ent,3.6124394131615754,0.2638522427440633,17.45,0.07304601899196494,0.07304601899196494,0.1460920379839299,15.73,0,0
Aye Finance,5.603833708584013,0.09157509157509157,22.919999999999998,0.07299270072992702,0.07299270072992702,0.14598540145985403,15.75,1,0
Avalon Tech,6.259401381427476,0.3184713375796178,20.77,0.07267441860465117,0.07267441860465117,0.14534883720930233,18.88,0,0
Monte Carlo Fas.,10.498739495798318,0.3861003861003861,18.380000000000003,0.07262164124909223,0.07262164124909223,0.14524328249818447,17.689999999999998,0,0
Honda India,0.00259852750108272,0.20964360587002098,24.310000000000002,0.0724112961622013,0.0724112961622013,0.1448225923244026,20.54,0,0
Apcotex Industri,1.5750116658889406,0.38314176245210724,19.78,0.0724112961622013,0.0724112961622013,0.1448225923244026,18.4,0,0
Archean Chemical,1.5876544603058174,0.25,23.520000000000003,0.0724112961622013,0.0724112961622013,0.1448225923244026,20.67,0,0
Jindal Poly Inve,10.200000000000001,0.8547008547008548,26.779999999999998,0.07230657989877079,0.07230657989877079,0.14461315979754158,26.619999999999997,0,1
AWFIS Space,3.9910056111783474,0.5952380952380952,13.11,0.07194244604316546,0.07194244604316546,0.14388489208633093,15.34,0,1
Huhtamaki India,1.0409515836472722,0.31446540880503143,21.069999999999997,0.07168458781362008,0.07168458781362008,0.14336917562724016,19.009999999999998,0,0
Lemon Tree Hotel,3.7955508865052154,0.5263157894736842,18.21,0.07153075822603719,0.07153075822603719,0.14306151645207438,18.98,0,0
K C P,5.121537697180474,0.29673590504451036,24.240000000000002,0.07147962830593281,0.07147962830593281,0.14295925661186562,22.37,0,0
Zaggle Prepaid,0.697841726618705,0.04938271604938271,40.96,0.07147962830593281,0.07147962830593281,0.14295925661186562,21.72,0,0
Goodyear India,0.21006051437216341,0.42194092827004215,18.88,0.07137758743754462,0.07137758743754462,0.14275517487508924,17.56,0,0
JTL Industries,0.694286111497289,0.19011406844106465,26.2,0.07137758743754462,0.07137758743754462,0.14275517487508924,22.060000000000002,0,0
One Point One,1.845353675450763,0.24213075060532688,23.36,0.07132667617689016,0.07132667617689016,0.14265335235378032,20.36,0,0
Arvind Ltd,2.012423417290674,0.48309178743961345,18.36,0.07122507122507123,0.07122507122507123,0.14245014245014245,17.689999999999998,0,0
India Pesticides,4.51867816091954,0.2577319587628866,23.769999999999996,0.07122507122507123,0.07122507122507123,0.14245014245014245,20.919999999999998,0,1
Aarti Drugs,2.3352471699649806,0.373134328358209,21.09,0.07097232079488999,0.07097232079488999,0.14194464158977999,19.8,0,0
GMM Pfaudler,2.8455025059351096,0.37593984962406013,15.819999999999999,0.07097232079488999,0.07097232079488999,0.14194464158977999,15.08,0,0
Advanced Enzyme,0.24153310104529616,0.10256410256410256,30.38,0.07087172218284904,0.07087172218284904,0.14174344436569808,21.65,0,0
Paisalo Digital,4.473253177928383,0.4587155963302753,16.310000000000002,0.07077140835102619,0.07077140835102619,0.14154281670205238,17.39,0,0
Gufic BioScience,2.9878611313425587,0.3921568627450981,20.270000000000003,0.0706713780918728,0.0706713780918728,0.1413427561837456,19.3,0,0
GMR Urban,4.089510681996232,0.4,4.719999999999999,0.07052186177715092,0.07052186177715092,0.14104372355430184,11.45,0,0
Nitin Spinners,2.9680316441331906,0.3484320557491289,20.83,0.07047216349541931,0.07047216349541931,0.14094432699083861,19.63,0,0
Sula Vineyards,6.737285281239474,0.4273504273504274,20.53,0.07017543859649122,0.07017543859649122,0.14035087719298245,19.9,0,0
Edelweiss.Fin.,9.479522591645354,0.7042253521126761,10.569999999999999,0.0700770847932726,0.0700770847932726,0.1401541695865452,14.549999999999999,0,0
Avishkar Infra,0.6658878504672897,0.21645021645021645,25.19,0.0700280112044818,0.0700280112044818,0.1400560224089636,23.049999999999997,0,0
Arman Financial,2.4244664047628692,0.14367816091954022,20.04,0.06988120195667365,0.06988120195667365,0.1397624039133473,15.450000000000001,0,0
Electrost.Cast.,4.616367224010801,0.38167938931297707,22.220000000000002,0.06963788300835655,0.06963788300835655,0.1392757660167131,20.98,0,1
Bharat Wire,1.3565622918054632,0.14705882352941177,27.13,0.06954102920723226,0.06954102920723226,0.13908205841446453,21.46,0,0
GRM Overseas,3.3347016103568046,0.3194888178913738,22.48,0.06896551724137931,0.06896551724137931,0.13793103448275862,20.79,0,1
Indo Count Inds.,3.146960570936883,0.3802281368821293,20.91,0.06887052341597796,0.06887052341597796,0.13774104683195593,19.82,0,0
5paisa Capital,2.934848484848485,0.37878787878787884,18.4,0.06872852233676975,0.06872852233676975,0.1374570446735395,17.22,0,0
Orkla India,0.16405633228919958,0.2770083102493075,24.02,0.06872852233676975,0.06872852233676975,0.1374570446735395,21.43,0,1
Ethos,14.74119304837952,0.14450867052023122,26.94,0.06779661016949153,0.06779661016949153,0.13559322033898305,21.240000000000002,0,0
AXISCADES Tech.,2.9045220505932394,0.3333333333333333,22.349999999999998,0.06775067750677508,0.06775067750677508,0.13550135501355015,20.72,0,0
Jindal Photo,58.594339622641506,0.2824858757062147,29.64,0.06756756756756756,0.06756756756756756,0.13513513513513511,27.16,0,0
Bosch Home Comfort,2.1438575667655786,0.4629629629629629,18.14,0.06743088334457181,0.06743088334457181,0.13486176668914363,17.36,0,0
PNC Infratech,88.75468394326738,0.2298850574712644,21.080000000000002,0.0671591672263264,0.0671591672263264,0.1343183344526528,18.5,0,0
Sambhv Steel,1.7002648387599315,0.4464285714285714,19.82,0.06702412868632708,0.06702412868632708,0.13404825737265416,18.8,0,0
G R Infraproject,2.751292685686735,0.24937655860349128,23.349999999999998,0.06688963210702341,0.06688963210702341,0.13377926421404682,20.97,0,0
Arfin India,6.699549549549549,0.3861003861003861,17.54,0.0668002672010688,0.0668002672010688,0.1336005344021376,16.880000000000003,1,0
Apollo Micro Sys,32.120106761565836,0.2898550724637681,21.1,0.06675567423230974,0.06675567423230974,0.13351134846461948,18.98,0,0
Yatharth Hospit.,0.17423638778220452,0.12254901960784313,30.530000000000005,0.066711140760507,0.066711140760507,0.133422281521014,23.39,0,0
A C J K Exports,8.170696123384744,0.4464285714285714,17.42,0.06657789613848203,0.06657789613848203,0.13315579227696406,18.25,0,0
Vaibhav Global,1.3721196766799373,0.28901734104046245,24.12,0.06653359946773121,0.06653359946773121,0.13306719893546243,21.82,0,0
Filatex India,0.44859842921907916,0.42016806722689076,21.509999999999998,0.06631299734748011,0.06631299734748011,0.13262599469496023,20.23,0,0
Shanti Educat.,1.6326034063260342,0.3484320557491289,24.66,0.06618133686300463,0.06618133686300463,0.13236267372600927,22.88,0,0
Nephrocare Health Services,1.9174917491749175,0.36496350364963503,22.79,0.06618133686300463,0.06618133686300463,0.13236267372600927,21.5,0,0
KDDL Ltd,88.7490494296578,0.1855287569573284,25.720000000000002,0.06613756613756615,0.06613756613756615,0.1322751322751323,21.78,0,0
Parag Milk Foods,2.5483007885843034,0.3472222222222222,21.66,0.06609385327164573,0.06609385327164573,0.13218770654329146,20.23,0,0
Brigade Hotel,2.3151050350116704,0.34602076124567477,18.23,0.06609385327164573,0.06609385327164573,0.13218770654329146,16.72,0,0
TruAlt Bioenergy,4.680767949610877,0.39525691699604737,19.99,0.06587615283267458,0.06587615283267458,0.13175230566534915,19.56,0,0
Rashi Peripheral,3.230128589512959,0.3861003861003861,20.4,0.06583278472679395,0.06583278472679395,0.1316655694535879,19.33,0,0
Rajratan Global,6.4614984391259105,0.4672897196261683,21.3,0.0657030223390276,0.0657030223390276,0.1314060446780552,20.78,0,0
S P Apparels,8.915455746367238,0.42194092827004215,22.46,0.06557377049180328,0.06557377049180328,0.13114754098360656,21.54,0,1
GNA Axles,2.1838401203395295,0.29069767441860467,24.79,0.06531678641410843,0.06531678641410843,0.13063357282821686,22.57,0,0
Bharat Rasayan,0.5227141370939775,0.17482517482517484,27.96,0.06523157208088715,0.06523157208088715,0.1304631441617743,23.32,0,0
Hindustan Foods,7.8549877921171944,0.41493775933609955,19.75,0.0651890482398957,0.0651890482398957,0.1303780964797914,19.21,0,0
NELCO,3.4811229428848014,0.47619047619047616,18.290000000000003,0.06501950585175552,0.06501950585175552,0.13003901170351104,17.75,0,0
Optiemus Infra.,18.274741506646972,0.35335689045936397,20.25,0.06493506493506493,0.06493506493506493,0.12987012987012986,18.77,0,0
HPL Electric,5.330364197974283,0.4291845493562232,19.799999999999997,0.06459948320413436,0.06459948320413436,0.12919896640826872,19.25,0,0
Motisons Jewel,2.324862346463363,0.151285930408472,28.779999999999998,0.06447453255963895,0.06447453255963895,0.1289490651192779,23.29,0,0
Divine Power,4.476190476190476,0.42372881355932196,21.83,0.06422607578676942,0.06422607578676942,0.12845215157353884,21.29,0,0
SMC Global Sec.,81.35859820700897,0.3623188405797102,17.82,0.06410256410256411,0.06410256410256411,0.12820512820512822,17.65,0,0
Innova Captab,5.189235040098705,0.3367003367003367,25.17,0.06397952655150352,0.06397952655150352,0.12795905310300704,23.53,0,0
Metropolis Healt,0.761440758293839,0.4629629629629629,23.92,0.06385696040868455,0.06385696040868455,0.1277139208173691,22.9,0,0
Strides Pharma,2.6902986707909595,0.46511627906976744,75.30999999999999,0.06377551020408163,0.06377551020408163,0.12755102040816327,74.83,0,0
Dolphin Offshore,16.890148212728857,0.10309278350515465,36.15,0.06373486297004462,0.06373486297004462,0.12746972594008923,28.09,0,0
Navneet Educat.,0.37033002940856113,0.2092050209205021,28.65,0.06349206349206349,0.06349206349206349,0.12698412698412698,24.92,0,0
Dilip Buildcon,78.59810606060607,0.3968253968253968,17.88,0.06341154090044389,0.06341154090044389,0.12682308180088778,18.16,0,0
Balmer Lawrie,1.5096704415320015,0.33557046979865773,25.41,0.0632111251580278,0.0632111251580278,0.1264222503160556,23.55,0,1
ISGEC Heavy,7.894691926949991,0.38759689922480617,19.380000000000003,0.06317119393556538,0.06317119393556538,0.12634238787113075,18.13,0,0
Artemis Medicare,1.95324100513992,0.3184713375796178,24.000000000000004,0.06297229219143577,0.06297229219143577,0.12594458438287154,22.17,0,0
JNK,0.3674082982561636,0.2557544757033248,22.419999999999998,0.06277463904582549,0.06277463904582549,0.12554927809165098,19.56,0,0
Datamatics Glob.,0.8270736917052333,0.3333333333333333,26.1,0.06246096189881325,0.06246096189881325,0.1249219237976265,24.23,0,0
Genesys Intl.,2.7235425176383217,0.2590673575129534,25.619999999999997,0.06238303181534622,0.06238303181534622,0.12476606363069244,22.97,0,0
Butterfly Gan Ap,0.31639722863741343,0.3367003367003367,23.439999999999998,0.06234413965087282,0.06234413965087282,0.12468827930174564,21.5,0,0
Morepen Labs.,4.793103448275862,0.30959752321981426,24.860000000000003,0.06218905472636817,0.06218905472636817,0.12437810945273634,22.759999999999998,0,0
Go Fashion (I),2.675760913095715,0.22573363431151244,25.450000000000003,0.062150403977625855,0.062150403977625855,0.12430080795525171,22.740000000000002,0,0
Goodluck India,6.333982167524803,0.4132231404958678,23.07,0.06211180124223602,0.06211180124223602,0.12422360248447203,22.369999999999997,0,1
Bata India,1.8653393248693864,0.35842293906810035,22.770000000000003,0.06195786864931846,0.06195786864931846,0.12391573729863692,21.880000000000003,0,0
Latent View,0.1906898912299384,0.17152658662092624,30.240000000000002,0.06165228113440198,0.06165228113440198,0.12330456226880396,25.43,0,0
Happiest Minds,5.3666076994356,0.37735849056603776,23.049999999999997,0.06153846153846154,0.06153846153846154,0.12307692307692308,22.18,0,0
Punjab Chemicals,4.73073989321129,0.35587188612099646,22.580000000000002,0.06142506142506142,0.06142506142506142,0.12285012285012284,21.08,0,0
eMudhra,0.1605924770999805,0.2777777777777778,28.68,0.061274509803921566,0.061274509803921566,0.12254901960784313,26.1,0,0
Signpost India,6.420111042566316,0.4739336492890995,22.28,0.06093845216331505,0.06093845216331505,0.1218769043266301,22.0,0,0
Vintage Coffee,3.798469387755102,0.10050251256281408,35.68,0.06090133982947624,0.06090133982947624,0.12180267965895249,26.9,0,0
La Opala RG,0.07411006094867946,0.05385029617662897,43.01,0.06086427267194157,0.06086427267194157,0.12172854534388314,25.45,0,0
India Nipp.Elec.,0.03283227848101265,0.28653295128939826,27.189999999999998,0.06086427267194157,0.06086427267194157,0.12172854534388314,24.7,0,0
Patel Engineerin,4.281264579159692,0.4081632653061224,20.36,0.06086427267194157,0.06086427267194157,0.12172854534388314,19.31,0,0
Carysil,3.8461161079313166,0.4081632653061224,23.54,0.060790273556231005,0.060790273556231005,0.12158054711246201,22.509999999999998,0,1
Tejas Networks,8.72346646632419,0.44052863436123346,20.240000000000002,0.060716454159077116,0.060716454159077116,0.12143290831815423,20.26,0,0
WPIL,3.827045696068013,0.36363636363636365,21.45,0.06038647342995168,0.06038647342995168,0.12077294685990336,20.09,0,0
Kalyani Steels,1.1146126576999271,0.4,26.340000000000003,0.06031363088057902,0.06031363088057902,0.12062726176115804,25.060000000000002,0,0
Manaksia Coated,3.2872611464968156,0.37453183520599254,19.63,0.06024096385542168,0.06024096385542168,0.12048192771084336,18.27,0,1
Paras Defence,1.2210342570368755,0.2717391304347826,26.32,0.060204695966285374,0.060204695966285374,0.12040939193257075,23.72,0,1
VRL Logistics,1.981853972798855,0.625,22.7,0.05977286312014345,0.05977286312014345,0.1195457262402869,23.11,0,0
Technocraf.Inds.,2.966893865628043,0.3401360544217687,26.259999999999998,0.05963029218843172,0.05963029218843172,0.11926058437686345,24.759999999999998,0,1
TCI Express,0.07171785352683091,0.234192037470726,28.99,0.05955926146515784,0.05955926146515784,0.11911852293031568,25.729999999999997,0,0
Rossari Biotech,2.5473129153423866,0.3663003663003663,25.15,0.05952380952380952,0.05952380952380952,0.11904761904761904,23.700000000000003,0,0
Responsive Ind,2.683941892422458,0.2004008016032064,31.79,0.05941770647653001,0.05941770647653001,0.11883541295306002,27.939999999999998,0,0
BLS E-Services,0.10894713720896178,0.24875621890547267,28.389999999999997,0.05941770647653001,0.05941770647653001,0.11883541295306002,25.380000000000003,0,0
NRB Bearings,1.566721776098252,0.29325513196480935,27.37,0.059241706161137435,0.059241706161137435,0.11848341232227487,25.1,0,0
Pennar Industrie,3.8650478636469763,0.4807692307692307,20.240000000000002,0.059241706161137435,0.059241706161137435,0.11848341232227487,20.09,0,0
FDC,0.06500926013121136,0.25125628140703515,28.87,0.0591715976331361,0.0591715976331361,0.1183431952662722,25.9,0,0
PDS,32.736617842876164,0.4566210045662101,21.840000000000003,0.05910165484633569,0.05910165484633569,0.11820330969267138,21.37,0,0
Spectrum Electr.,6.004760161113146,0.4464285714285714,23.3,0.05896226415094339,0.05896226415094339,0.11792452830188678,22.82,0,0
Man Industries,8.133062762719236,0.37735849056603776,22.21,0.058892815076560655,0.058892815076560655,0.11778563015312131,20.85,0,0
Powergrid Infra.,0.8778592688822746,0.025974025974025976,65.03,0.05865102639296187,0.05865102639296187,0.11730205278592375,27.67,0,0
Marine Electric.,0.9872430900070872,0.31545741324921134,23.69,0.0586166471277843,0.0586166471277843,0.1172332942555686,21.65,0,0
Flair Writing,1.0646793134598012,0.17793594306049823,30.94,0.05841121495327103,0.05841121495327103,0.11682242990654206,26.37,0,1
Wheels India,1.7896467540232175,0.5181347150259067,19.89,0.058343057176196034,0.058343057176196034,0.11668611435239207,19.75,0,0
NIBE,3.4782942758355744,0.37878787878787884,24.689999999999998,0.05813953488372093,0.05813953488372093,0.11627906976744186,23.439999999999998,0,0
Akums Drugs,0.19365079365079366,0.20202020202020202,28.759999999999998,0.05813953488372093,0.05813953488372093,0.11627906976744186,24.84,0,0
Shankara Buildpro,8.321828358208954,0.4065040650406504,22.41,0.058105752469494475,0.058105752469494475,0.11621150493898895,21.14,0,0
Galaxy Surfact.,0.6349552798272876,0.3225806451612903,27.83,0.05807200929152149,0.05807200929152149,0.11614401858304298,25.839999999999996,0,0
Vinyas Innovativ,13.151329243353784,0.33783783783783783,23.73,0.057870370370370364,0.057870370370370364,0.11574074074074073,22.37,0,0
Paramount Comm.,0.9725949186411647,0.2570694087403599,28.94,0.057803468208092484,0.057803468208092484,0.11560693641618497,26.19,0,0
Gopal Snacks,0.937066974595843,0.31746031746031744,26.759999999999998,0.057770075101097634,0.057770075101097634,0.11554015020219527,24.759999999999998,0,0
Jindal Drilling,0.13571684525667255,0.40485829959514175,26.560000000000002,0.05767012687427912,0.05767012687427912,0.11534025374855825,25.16,0,0
Raymond Realty,2.373989898989899,0.26246719160104987,20.419999999999998,0.057537399309551214,0.057537399309551214,0.11507479861910243,18.029999999999998,1,0
Lumax Industries,4.644959857270295,0.5813953488372093,21.02,0.05750431282346176,0.05750431282346176,0.11500862564692352,21.51,0,0
Mrs Bectors,1.322229479642935,0.33444816053511706,27.900000000000002,0.05750431282346176,0.05750431282346176,0.11500862564692352,26.07,0,0
Bansal Wire Inds,3.9323506185838375,0.3597122302158273,26.319999999999997,0.0573394495412844,0.0573394495412844,0.1146788990825688,24.98,0,0
Standard Engineering Technology,21.9328,0.28169014084507044,27.3,0.05720823798627002,0.05720823798627002,0.11441647597254004,24.93,0,0
Sharda Cropchem,0.006549568323905924,0.3597122302158273,25.119999999999997,0.05714285714285714,0.05714285714285714,0.11428571428571428,23.34,0,0
Vardhman Special,0.6056602298491127,0.25125628140703515,27.910000000000004,0.057045065601825436,0.057045065601825436,0.11409013120365087,24.990000000000002,0,0
Titagarh Rail,6.475154963926431,0.3508771929824561,26.03,0.05698005698005698,0.05698005698005698,0.11396011396011396,24.43,0,0
Cyient,0.5510178277911241,0.24154589371980673,28.509999999999998,0.056882821387940846,0.056882821387940846,0.11376564277588169,25.449999999999996,0,0
Asian Energy,3.102112676056338,0.267379679144385,27.720000000000002,0.05685048322910745,0.05685048322910745,0.1137009664582149,25.22,0,0
Colab Platforms,0.0063025210084033615,0.4926108374384236,29.56,0.05685048322910745,0.05685048322910745,0.1137009664582149,28.53,0,0
Mah. Seamless,0.01621302937997445,0.05813953488372093,44.26,0.05672149744753262,0.05672149744753262,0.11344299489506524,28.06,0,0
Chamanlal Setia,0.9082519001085776,0.2061855670103093,30.930000000000003,0.0564652738565782,0.0564652738565782,0.1129305477131564,27.17,0,0
Steel Str. Wheel,1.7415927497107597,0.49751243781094534,23.59,0.0563063063063063,0.0563063063063063,0.1126126126126126,23.130000000000003,0,0
Intellect Design,0.20772041817004347,0.31347962382445144,28.18,0.0563063063063063,0.0563063063063063,0.1126126126126126,26.020000000000003,0,0
H.G. Infra Engg.,6.4519216543184585,0.4081632653061224,23.38,0.0563063063063063,0.0563063063063063,0.1126126126126126,23.770000000000003,0,0
InfoBeans Tech.,0.29747207524985303,0.09225092250922509,36.449999999999996,0.05614823133071309,0.05614823133071309,0.11229646266142618,26.65,0,0
Ramky Infra,1.6381920299545334,0.48780487804878053,22.57,0.05602240896358543,0.05602240896358543,0.11204481792717086,21.82,0,1
V2 Retail,5.859636590919237,0.47846889952153115,20.08,0.05595970900951315,0.05595970900951315,0.1119194180190263,22.380000000000003,0,0
Pondy Oxides,0.43469030969030975,0.12919896640826872,34.400000000000006,0.055928411633109625,0.055928411633109625,0.11185682326621925,27.71,0,1
Prem. Explosives,0.2683497742852366,0.3968253968253968,24.139999999999997,0.055928411633109625,0.055928411633109625,0.11185682326621925,22.74,0,0
S P I C,11.521437740693194,0.5025125628140703,25.319999999999997,0.0558659217877095,0.0558659217877095,0.111731843575419,24.68,0,0
Titan Biotech,0.4190340909090909,0.2645502645502646,32.61,0.0558659217877095,0.0558659217877095,0.111731843575419,29.88,0,0
ADF Foods,0.3144195731389901,0.16666666666666666,33.07,0.05583472920156337,0.05583472920156337,0.11166945840312674,28.09,0,0
Arvind Fashions.,2.2821382794239615,0.4424778761061947,17.86,0.055772448410485224,0.055772448410485224,0.11154489682097045,17.82,0,1
Eveready Inds.,2.7299510254055708,0.4694835680751174,25.39,0.05567928730512249,0.05567928730512249,0.11135857461024498,25.01,0,0
Windlas Biotech,0.4510767451943923,0.32679738562091504,27.76,0.05567928730512249,0.05567928730512249,0.11135857461024498,25.76,0,0
Sterling & Wils.,31.52469135802469,0.4566210045662101,17.259999999999998,0.05564830272676684,0.05564830272676684,0.11129660545353368,18.68,0,0
SBC Exports,2.8190205819730303,0.4464285714285714,20.75,0.05561735261401557,0.05561735261401557,0.11123470522803114,22.33,0,0
Novartis India,0.053592695514092896,0.1529051987767584,33.300000000000004,0.05555555555555555,0.05555555555555555,0.1111111111111111,27.77,0,0
Pitti Engg.,2.68791876770049,0.4347826086956522,24.720000000000002,0.055401662049861494,0.055401662049861494,0.11080332409972299,24.25,0,0
Varroc Engineer,1.240362197039527,0.5319148936170213,20.189999999999998,0.05537098560354375,0.05537098560354375,0.1107419712070875,19.849999999999998,0,0
Balmer Law. Inv.,1.439167879670063,0.3164556962025316,27.689999999999998,0.05497526113249038,0.05497526113249038,0.10995052226498075,25.700000000000003,0,0
Saregama India,0.009271523178807948,0.29673590504451036,28.82,0.054945054945054944,0.054945054945054944,0.10989010989010989,26.45,0,0
Lincoln Pharma.,0.00074452244203361,0.17513134851138354,32.81,0.05470459518599562,0.05470459518599562,0.10940919037199125,28.1,0,0
Mastek,1.373504316655728,0.33557046979865773,28.85,0.05470459518599562,0.05470459518599562,0.10940919037199125,27.07,0,0
Rategain Travel,0.12358435975861784,0.11876484560570072,36.2,0.0546448087431694,0.0546448087431694,0.1092896174863388,28.79,0,0
Time Technoplast,1.5856970708194291,0.2570694087403599,29.270000000000003,0.0544959128065395,0.0544959128065395,0.108991825613079,26.6,0,0
Foseco India,0.028189008314743455,0.25641025641025644,29.97,0.054466230936819175,0.054466230936819175,0.10893246187363835,27.07,0,0
KMC Speciality,1.4711505633321955,0.42372881355932196,26.050000000000004,0.05443658138268916,0.05443658138268916,0.10887316276537833,25.16,0,0
Insecticid.India,2.608934998941351,0.3367003367003367,27.040000000000003,0.05425935973955508,0.05425935973955508,0.10851871947911015,25.27,0,0
Aarti Pharma,1.9809357709886937,0.37878787878787884,28.69,0.054229934924078085,0.054229934924078085,0.10845986984815617,27.37,0,0
EPL Ltd,1.0674538374576057,0.39840637450199207,28.16,0.05411255411255411,0.05411255411255411,0.10822510822510822,26.97,0,0
KPI Green Energy,12.137546112202367,0.27548209366391185,28.22,0.05405405405405406,0.05405405405405406,0.10810810810810811,26.55,0,0
Dr Agarwal's Eye,3.5072266443234184,0.4291845493562232,27.55,0.05396654074473826,0.05396654074473826,0.10793308148947652,27.28,0,0
Kennametal India,0.014403292181069957,0.23640661938534277,30.87,0.053908355795148244,0.053908355795148244,0.10781671159029649,27.64,0,0
Route Mobile,0.034649035593557365,0.23640661938534277,30.509999999999998,0.05336179295624333,0.05336179295624333,0.10672358591248667,27.29,0,0
Suraksha Diagno.,1.8287756370416408,0.3623188405797102,28.919999999999998,0.05307855626326964,0.05307855626326964,0.10615711252653928,27.67,0,0
Orient Electric,1.3669113495200453,0.41152263374485604,24.709999999999997,0.05293806246691371,0.05293806246691371,0.10587612493382742,23.45,0,1
Praj Industries,4.77115559599636,0.4132231404958678,25.360000000000003,0.05285412262156448,0.05285412262156448,0.10570824524312895,24.1,0,0
Jupiter Life Lin,1.5866299646087298,0.20120724346076457,33.489999999999995,0.052770448548812667,0.052770448548812667,0.10554089709762533,29.799999999999997,0,0
Som Distilleries,4.624248033317909,0.42016806722689076,27.53,0.05268703898840885,0.05268703898840885,0.1053740779768177,26.39,0,0
M B Agro Prod.,3.2118094846209244,0.42372881355932196,25.25,0.05263157894736842,0.05263157894736842,0.10526315789473684,24.57,0,0
Capacit'e Infra.,7.988958690272225,0.35842293906810035,25.720000000000002,0.052603892688058915,0.052603892688058915,0.10520778537611783,24.160000000000004,0,0
Aurionpro Sol.,0.18766603415559774,0.24570024570024568,32.379999999999995,0.05243838489774515,0.05243838489774515,0.1048767697954903,29.33,0,0
Vishnu Chemicals,4.5848953195220865,0.3508771929824561,28.049999999999997,0.05243838489774515,0.05243838489774515,0.1048767697954903,26.62,0,0
Wonder Electric.,4.081822202565237,0.4273504273504274,23.52,0.05230125523012552,0.05230125523012552,0.10460251046025104,23.1,0,0
G M Breweries,0.0,0.42194092827004215,32.239999999999995,0.05227391531625719,0.05227391531625719,0.10454783063251438,30.869999999999997,0,0
Cantabil Retail,3.4186691312384476,0.35335689045936397,27.400000000000002,0.052164840897235255,0.052164840897235255,0.10432968179447051,26.830000000000002,0,0
Welspun Enterp,7.072133775365223,0.3484320557491289,25.770000000000003,0.052164840897235255,0.052164840897235255,0.10432968179447051,24.62,0,0
Kewal Kir.Cloth.,11.099590723055934,0.2645502645502646,31.340000000000003,0.05211047420531526,0.05211047420531526,0.10422094841063052,28.740000000000002,0,0
Ellen.Indl.Gas,22.46212121212121,0.2777777777777778,31.27,0.052002080083203325,0.052002080083203325,0.10400416016640665,28.8,0,0
Laxmi Goldorna,3.9429270281288216,0.1620745542949757,30.13,0.05159958720330238,0.05159958720330238,0.10319917440660475,26.25,0,1
Kwality Pharma,2.0558451228592705,0.3472222222222222,29.36,0.051546391752577324,0.051546391752577324,0.10309278350515465,27.86,0,0
A B Infrabuild,1.8641724278161855,0.3115264797507788,28.53,0.0514668039114771,0.0514668039114771,0.1029336078229542,26.61,0,0
Ahluwalia Contr.,0.207196959187637,0.3236245954692557,26.369999999999997,0.05136106831022086,0.05136106831022086,0.10272213662044172,24.32,0,0
Platinum Industr,2.9899553571428568,0.19305019305019305,34.33,0.05115089514066496,0.05115089514066496,0.10230179028132992,30.22,0,1
Syncom Formul.,0.012340600575894693,0.17152658662092624,35.54,0.05104645227156713,0.05104645227156713,0.10209290454313426,30.71,0,0
Ashapura Minech.,6.481256599788806,0.4347826086956522,27.03,0.05091649694501018,0.05091649694501018,0.10183299389002036,26.59,0,0
Alkyl Amines,0.005944492824959297,0.23980815347721823,32.88,0.0508646998982706,0.0508646998982706,0.1017293997965412,29.71,0,0
Safari Inds.,1.9401577503429357,0.24330900243309006,33.08,0.05083884087442806,0.05083884087442806,0.10167768174885612,30.080000000000002,0,0
Thomas Cook (I),0.7079527734462019,0.5319148936170213,23.26,0.05078720162519045,0.05078720162519045,0.1015744032503809,22.6,0,0
Astra Microwave,3.0476138233680747,0.24096385542168672,30.59,0.05070993914807303,0.05070993914807303,0.10141987829614606,27.68,0,0
Medi Assist Ser.,2.191674455388597,0.5050505050505051,28.04,0.05070993914807303,0.05070993914807303,0.10141987829614606,27.589999999999996,0,0
Vidhi Specialty,10.848920863309353,0.267379679144385,33.34,0.05068423720223011,0.05068423720223011,0.10136847440446022,30.79,0,0
MOIL,0.0,0.21929824561403508,34.6,0.05060728744939271,0.05060728744939271,0.10121457489878542,31.04,0,0
Geojit Fin. Ser.,0.7809239940387481,0.35211267605633806,29.07,0.05040322580645162,0.05040322580645162,0.10080645161290323,27.34,0,0
Omnitech Engg.,4.906655619994476,0.44052863436123346,27.04,0.0502008032128514,0.0502008032128514,0.1004016064257028,27.480000000000004,0,0
Anantam Highways,3.748377418245841,0.1773049645390071,25.59,0.0501002004008016,0.0501002004008016,0.1002004008016032,29.65,0,0
Share India Sec.,21.60927152317881,0.3105590062111801,29.75,0.04997501249375312,0.04997501249375312,0.09995002498750624,27.700000000000003,0,0
Roto Pumps,0.7715899919289749,0.29940119760479045,32.01,0.04992511233150274,0.04992511233150274,0.09985022466300549,29.8,0,0
Arvind SmartSp.,1.9997646505060014,0.4672897196261683,24.56,0.04987531172069825,0.04987531172069825,0.0997506234413965,23.700000000000003,0,0
Bajaj Consumer,0.27216338880484114,0.2610966057441253,35.01,0.04985044865403789,0.04985044865403789,0.09970089730807578,32.21,0,0
Aditya Vision,9.865136298421808,0.303951367781155,31.1,0.04967709885742673,0.04967709885742673,0.09935419771485346,29.46,0,0
Genus Power,3.9278450254241104,0.37453183520599254,28.380000000000003,0.04948045522018803,0.04948045522018803,0.09896091044037605,27.64,0,0
All Time Plastic,2.5218299164768414,0.267379679144385,31.43,0.049431537320810674,0.049431537320810674,0.09886307464162135,28.91,0,0
ASM Technologies,2.1723856209150325,0.23364485981308414,31.79,0.04926108374384236,0.04926108374384236,0.09852216748768472,28.69,0,0
Talbros Auto.,1.0615897309306346,0.35714285714285715,31.290000000000003,0.049236829148202856,0.049236829148202856,0.09847365829640571,29.619999999999997,0,0
Ceigall India,2.580163669893961,0.41152263374485604,28.2,0.04906771344455348,0.04906771344455348,0.09813542688910697,27.46,0,0
P N Gadgil Jewe.,1.9087132635562651,0.390625,29.709999999999997,0.04899559039686428,0.04899559039686428,0.09799118079372857,28.91,0,0
Indigo Paints,0.08565185724690459,0.31446540880503143,32.82,0.04875670404680643,0.04875670404680643,0.09751340809361286,30.660000000000004,0,0
Federal-Mogul Go,0.009247146916865893,0.24038461538461536,33.21,0.04854368932038835,0.04854368932038835,0.0970873786407767,30.05,0,0
Stallion India,0.08038808038808039,0.0979431929480901,41.0,0.04837929366231253,0.04837929366231253,0.09675858732462506,31.79,0,0
Va Tech Wabag,0.6749017405951713,0.36101083032490977,27.229999999999997,0.04830917874396135,0.04830917874396135,0.0966183574879227,25.56,0,1
Wendt India,0.006062355658198614,0.1858736059479554,36.56,0.04805382027871216,0.04805382027871216,0.09610764055742432,32.18,0,0
GNG Electronics,8.491970231100666,0.21186440677966098,33.82,0.04798464491362764,0.04798464491362764,0.09596928982725528,30.42,0,0
IFB Industries,1.5819181783095329,0.43859649122807015,26.650000000000002,0.047961630695443645,0.047961630695443645,0.09592326139088729,25.55,0,1
L G Balakrishnan,0.6233411667127453,0.36764705882352944,33.339999999999996,0.04793863854266539,0.04793863854266539,0.09587727708533078,31.71,0,0
AGI Greenpac,1.070655336980561,0.40322580645161293,30.43,0.04786979415988511,0.04786979415988511,0.09573958831977022,29.16,0,0
Subros,0.13620336669699726,0.390625,29.95,0.0477326968973747,0.0477326968973747,0.0954653937947494,28.41,0,0
J Kumar Infra,1.994578649445906,0.37593984962406013,28.970000000000002,0.047664442326024785,0.047664442326024785,0.09532888465204957,27.55,0,1
Sirca Paints,0.8181653700018092,0.15015015015015015,37.809999999999995,0.047664442326024785,0.047664442326024785,0.09532888465204957,32.25,0,0
J.G.Chemicals,0.4188524590163935,0.05583472920156337,50.730000000000004,0.047619047619047616,0.047619047619047616,0.09523809523809523,33.83,0,1
Assoc.Alcohols,0.9985321590605818,0.36101083032490977,33.839999999999996,0.047596382674916705,0.047596382674916705,0.09519276534983341,32.2,0,0
TCPL Packaging,4.636337868480726,0.4629629629629629,30.01,0.0475511174512601,0.0475511174512601,0.0951022349025202,29.82,0,0
Marksans Pharma,1.5992006163921795,0.16181229773462785,38.00000000000001,0.0475511174512601,0.0475511174512601,0.0951022349025202,32.94,0,0
Kaveri Seed Co.,0.0,0.28169014084507044,33.739999999999995,0.04743833017077799,0.04743833017077799,0.09487666034155598,31.189999999999998,0,0
Campus Activewe.,1.6130138436137333,0.3623188405797102,31.3,0.04739336492890995,0.04739336492890995,0.0947867298578199,30.020000000000003,0,0
Ram Ratna Wires,2.747470765996584,0.4694835680751174,26.080000000000002,0.04723665564478034,0.04723665564478034,0.09447331128956069,26.19,0,0
Ador Welding,0.01426399246977047,0.3236245954692557,32.260000000000005,0.046992481203007516,0.046992481203007516,0.09398496240601503,30.17,0,0
TajGVK Hotels,0.7050439532303491,0.45248868778280543,35.190000000000005,0.046970408642555195,0.046970408642555195,0.09394081728511039,34.1,0,0
Park Medi World,3.549674733281291,0.34965034965034963,32.19,0.04681647940074907,0.04681647940074907,0.09363295880149813,30.97,0,0
Panama Petrochem,0.1912206486420207,0.16835016835016833,38.08,0.046707146193367584,0.046707146193367584,0.09341429238673517,33.16,0,0
Siyaram Silk,1.6077180424803548,0.31446540880503143,33.660000000000004,0.046685340802987856,0.046685340802987856,0.09337068160597571,31.78,0,0
Olectra Greentec,2.5854450483518034,0.3846153846153846,29.25,0.04646840148698885,0.04646840148698885,0.0929368029739777,27.98,0,0
Transport Corp.,0.7021294316888309,0.23584905660377356,39.370000000000005,0.04646840148698885,0.04646840148698885,0.0929368029739777,36.24,0,0
Garware Hi Tech,0.05566642477019835,0.18796992481203006,38.11000000000001,0.04636068613815485,0.04636068613815485,0.0927213722763097,33.8,0,1
ICE Make Refrig.,5.44752986761382,0.4587155963302753,28.36,0.04621072088724584,0.04621072088724584,0.09242144177449169,28.57,0,1
Hypersoft Tech.,0.014814814814814814,0.3921568627450981,29.32,0.046189376443418015,0.046189376443418015,0.09237875288683603,27.77,0,0
Mayur Uniquoters,0.046779237023139464,0.1194743130227001,41.940000000000005,0.046146746654360866,0.046146746654360866,0.09229349330872173,34.58,0,0
GSP Crop Science,8.315992789080608,0.43859649122807015,28.7,0.046125461254612546,0.046125461254612546,0.09225092250922509,28.03,0,0
Surya Roshni,0.31344002840692925,0.2518891687657431,34.82,0.04608294930875576,0.04608294930875576,0.09216589861751152,31.9,0,0
Jamna Auto Inds.,0.04214810471493119,0.425531914893617,34.78,0.04599816007359706,0.04599816007359706,0.09199632014719412,33.44,0,0
KRN Heat Exchan,1.3578431372549018,0.31347962382445144,35.29,0.04597701149425287,0.04597701149425287,0.09195402298850575,33.16,0,0
Sandur Manganese,2.203327193868457,0.4464285714285714,32.18,0.04591368227731864,0.04591368227731864,0.09182736455463728,31.580000000000002,0,0
Servotech Renew,2.9288324677822657,0.3412969283276451,32.529999999999994,0.04585052728106374,0.04585052728106374,0.09170105456212747,31.229999999999997,0,0
VST Industries,0.0,0.3021148036253776,35.14,0.04576659038901602,0.04576659038901602,0.09153318077803203,32.83,0,0
Refex Industries,0.655505812422407,0.2770083102493075,35.55,0.04568296025582458,0.04568296025582458,0.09136592051164916,33.08,0,1
Easy Trip Plann.,0.320953731607871,0.28901734104046245,34.01,0.04568296025582458,0.04568296025582458,0.09136592051164916,31.59,0,0
Vijaya Diagnost.,1.62003814254668,0.3333333333333333,34.78,0.045641259698767686,0.045641259698767686,0.09128251939753537,33.2,0,0
D B Corp,0.699701435038043,0.2169197396963124,36.839999999999996,0.04533091568449683,0.04533091568449683,0.09066183136899365,33.36,0,0
NESCO,0.31294655615890254,0.3401360544217687,36.78,0.045207956600361664,0.045207956600361664,0.09041591320072333,34.88,0,0
Valiant Commun.,1.1452513966480447,0.14265335235378032,41.14999999999999,0.045187528242205156,0.045187528242205156,0.09037505648441031,35.17,0,0
Sky Gold & Diam.,2.9677231117108573,0.373134328358209,34.269999999999996,0.04502476361999099,0.04502476361999099,0.09004952723998198,33.370000000000005,0,0
Elantas Beck,0.0,0.11806375442739081,42.25,0.0449842555105713,0.0449842555105713,0.0899685110211426,34.78,0,0
Anand Rathi Shar,1.79925320056899,0.4016064257028112,25.32,0.044923629829290206,0.044923629829290206,0.08984725965858041,24.76,0,0
Indian Metals,0.7424234672124157,0.2840909090909091,36.099999999999994,0.04486316733961418,0.04486316733961418,0.08972633467922836,33.75,0,0
EFC (I),8.18124443124443,0.4854368932038835,31.19,0.044682752457551385,0.044682752457551385,0.08936550491510277,31.9,0,0
KSH Internationa,45.375695732838594,0.41493775933609955,32.54,0.044543429844097995,0.044543429844097995,0.08908685968819599,32.53,0,0
Expleo Solutions,0.11173927502494181,0.2159827213822894,37.78,0.044503782821539835,0.044503782821539835,0.08900756564307967,34.18,0,0
Hind Rectifiers,5.6712179137083565,0.45454545454545453,31.49,0.04424778761061947,0.04424778761061947,0.08849557522123894,31.380000000000003,0,0
Powerica Ltd,2.275753573648229,0.3717472118959108,29.819999999999997,0.04415011037527594,0.04415011037527594,0.08830022075055188,28.61,0,0
Redtape,177.3854961832061,0.42194092827004215,30.840000000000003,0.044111160123511246,0.044111160123511246,0.08822232024702249,30.550000000000004,0,0
Kilburn Engg.,9.624768946395564,0.2881844380403458,34.22,0.04409171075837742,0.04409171075837742,0.08818342151675485,31.939999999999998,0,0
NCC,3.9353170863067186,0.425531914893617,26.990000000000002,0.04403346543372963,0.04403346543372963,0.08806693086745926,26.03,0,0
Kross Ltd,1.8148820326678765,0.23809523809523808,35.169999999999995,0.04401408450704226,0.04401408450704226,0.08802816901408451,32.1,0,0
Midwest,2.6502094892990598,0.3623188405797102,35.629999999999995,0.04401408450704226,0.04401408450704226,0.08802816901408451,34.22,0,0
Krishana Phosch.,2.6577591757887955,0.4184100418410042,31.4,0.04397537379067722,0.04397537379067722,0.08795074758135445,30.939999999999998,0,0
Shukra Pharma.,0.42152466367713004,0.20833333333333334,37.18,0.043859649122807015,0.043859649122807015,0.08771929824561403,33.44,0,1
Rites,0.012287245713569258,0.3861003861003861,30.6,0.04382120946538125,0.04382120946538125,0.0876424189307625,29.01,0,0
Railtel Corpn.,0.27537645314816256,0.42194092827004215,30.02,0.043782837127845885,0.043782837127845885,0.08756567425569177,28.68,0,0
Carraro India,1.7746493615239691,0.4016064257028112,30.87,0.043782837127845885,0.043782837127845885,0.08756567425569177,29.72,0,0
GPT Infraproject,6.021419009370816,0.37037037037037035,32.22,0.043725404459991256,0.043725404459991256,0.08745080891998251,30.85,0,0
Silver Touch,13.320441988950275,0.35714285714285715,33.910000000000004,0.043478260869565216,0.043478260869565216,0.08695652173913043,32.44,0,0
AGI Infra,6.818747010999522,0.4608294930875576,28.64,0.04342162396873643,0.04342162396873643,0.08684324793747286,27.89,0,0
Thejo Engg.,0.5293080054274084,0.25510204081632654,37.120000000000005,0.04329004329004329,0.04329004329004329,0.08658008658008658,34.32,0,0
Pearl Global Ind,4.202886295732567,0.37593984962406013,32.82,0.043271311120726956,0.043271311120726956,0.08654262224145391,31.740000000000002,0,0
CFF Fluid,1.3649289099526063,0.12077294685990336,42.629999999999995,0.043233895373973194,0.043233895373973194,0.08646779074794639,35.37,0,0
Unimech Aero.,1.377502730251183,0.1510574018126888,43.44,0.04306632213608958,0.04306632213608958,0.08613264427217916,37.98,0,0
Automotive Axles,0.11458413926499034,0.22123893805309736,37.74,0.04288164665523156,0.04288164665523156,0.08576329331046312,34.230000000000004,0,0
ION Exchange,12.727080181543117,0.3921568627450981,31.240000000000002,0.04284490145672665,0.04284490145672665,0.0856898029134533,30.02,0,0
Aeroflex,0.3372008701957941,0.273972602739726,38.1,0.04284490145672665,0.04284490145672665,0.0856898029134533,35.480000000000004,0,0
Cera Sanitary.,0.5115780445969126,0.1869158878504673,40.14,0.04275331338178709,0.04275331338178709,0.08550662676357418,35.83,0,0
Amrutanjan Healt,0.037379576107899805,0.21321961620469085,39.03,0.042643923240938165,0.042643923240938165,0.08528784648187633,35.35,0,0
Studds Accessor.,0.13554310613134146,0.33222591362126247,37.96,0.0423908435777872,0.0423908435777872,0.0847816871555744,35.97,0,0
Nucleus Soft.,0.051928392786626296,0.373134328358209,36.080000000000005,0.0423728813559322,0.0423728813559322,0.0847457627118644,34.410000000000004,0,0
Piccadily Agro,11.555040969006058,0.3194888178913738,35.28,0.04222972972972973,0.04222972972972973,0.08445945945945946,33.55,0,0
Antelopus Selan,0.02990138067061144,0.22172949002217296,40.27,0.04205214465937763,0.04205214465937763,0.08410428931875526,36.77,0,0
SJS Enterprises,0.20742637644046097,0.2770083102493075,39.52,0.04201680672268907,0.04201680672268907,0.08403361344537814,36.96,0,1
Rolex Rings,0.0004819488257974062,0.151285930408472,44.04,0.041999160016799666,0.041999160016799666,0.08399832003359933,38.43,0,0
R Systems Intl.,1.8553447729433603,0.3448275862068966,36.49,0.04192872117400419,0.04192872117400419,0.08385744234800838,35.11,0,0
NDR Auto Compon.,0.6156566847441641,0.46511627906976744,35.85000000000001,0.04192872117400419,0.04192872117400419,0.08385744234800838,34.86,0,0
Pricol Ltd,0.5459086660865641,0.4424778761061947,33.660000000000004,0.04189359028068705,0.04189359028068705,0.0837871805613741,32.55,0,0
Mahanagar Gas,0.15801964292234108,0.4807692307692307,36.61,0.04185851820845542,0.04185851820845542,0.08371703641691083,35.56,0,0
Vesuvius India,0.07699204303485374,0.23752969121140144,39.330000000000005,0.04182350480970305,0.04182350480970305,0.0836470096194061,36.13,0,0
Magellanic Cloud,1.8785753957234101,0.37593984962406013,36.27,0.04182350480970305,0.04182350480970305,0.0836470096194061,35.08,0,0
Power Mech Proj.,551.7758620689656,0.35842293906810035,32.8,0.041788549937317176,0.041788549937317176,0.08357709987463435,31.43,0,0
Jagsonpal Pharma,0.15701598579040854,0.14144271570014144,45.019999999999996,0.04175365344467641,0.04175365344467641,0.08350730688935282,38.980000000000004,0,0
Fermenta Biotec.,2.6704057279236277,0.4,38.05,0.04171881518564873,0.04171881518564873,0.08343763037129746,36.839999999999996,0,0
Manorama Indust.,6.300016742005693,0.35842293906810035,37.17,0.04161464835622139,0.04161464835622139,0.08322929671244278,36.04,0,0
ICRA,0.0839673726780451,0.14577259475218657,42.81,0.04144218814753419,0.04144218814753419,0.08288437629506838,36.96,0,0
Kovai Medical,1.1270662032720182,0.4424778761061947,37.169999999999995,0.04113533525298231,0.04113533525298231,0.08227067050596462,36.25,0,0
Grauer & Weil,0.08198303799213956,0.25125628140703515,39.04,0.041084634346754315,0.041084634346754315,0.08216926869350863,36.07,0,0
Man Infra,0.23501753862228522,0.12562814070351758,44.89,0.040783034257748776,0.040783034257748776,0.08156606851549755,37.94,0,0
CMS Info Systems,0.4605091721299609,0.2824858757062147,38.550000000000004,0.040535062829347386,0.040535062829347386,0.08107012565869477,36.11,0,0
EPack PrefabTech,3.502607046926845,0.35460992907801414,32.9,0.04046944556859571,0.04046944556859571,0.08093889113719142,31.400000000000002,0,0
Veedol Corporat,0.6819661458333334,0.2481389578163772,41.05,0.04045307443365696,0.04045307443365696,0.08090614886731393,38.04,0,0
Cello World,0.02135271952194268,0.1026694045174538,48.28,0.04045307443365696,0.04045307443365696,0.08090614886731393,39.54,0,0
Fineotex Chem,0.00042656050049765394,0.1996007984031936,43.8,0.04038772213247173,0.04038772213247173,0.08077544426494346,39.790000000000006,0,0
Kernex Microsys.,5.715112540192926,0.4065040650406504,49.67000000000001,0.04038772213247173,0.04038772213247173,0.08077544426494346,48.72,0,1
Sedemac Mechatro,0.7002502448047002,0.43103448275862066,35.64,0.03995205753096284,0.03995205753096284,0.07990411506192568,34.53,0,0
Saksoft,0.45821428571428574,0.3484320557491289,37.809999999999995,0.039936102236421724,0.039936102236421724,0.07987220447284345,36.01,0,0
Khazanchi Jewell,53.65765765765766,0.2277904328018223,42.900000000000006,0.03988831272437176,0.03988831272437176,0.07977662544874352,39.730000000000004,0,0
C.E. Info System,0.08374945247481384,0.18148820326678766,43.37,0.03979307600477517,0.03979307600477517,0.07958615200955034,38.87,0,1
GHCL,0.1515464562985224,0.14326647564469913,45.239999999999995,0.03969829297340214,0.03969829297340214,0.07939658594680428,39.29,0,0
Krishna Defence,0.0614389652384802,0.15673981191222572,44.47,0.039510075069142635,0.039510075069142635,0.07902015013828527,39.089999999999996,0,1
Skipper,5.192973358397614,0.44052863436123346,29.570000000000004,0.03933910306845004,0.03933910306845004,0.07867820613690008,28.93,0,0
Vidya Wires,8.056149732620321,0.33444816053511706,39.97,0.03923107100823853,0.03923107100823853,0.07846214201647705,38.769999999999996,0,0
CARE Ratings,0.20508269463493345,0.1364256480218281,46.41,0.03913894324853229,0.03913894324853229,0.07827788649706457,40.11,0,0
Goldiam Intl.,1.7427953890489913,0.10764262648008613,47.309999999999995,0.039077764751856196,0.039077764751856196,0.07815552950371239,39.04,0,0
Knowledge Marine,2.476036709721278,0.3891050583657587,40.7,0.03895597974289053,0.03895597974289053,0.07791195948578106,39.74,0,0
Garware Tech.,0.6722080571137174,0.29325513196480935,40.12,0.03894080996884735,0.03894080996884735,0.0778816199376947,37.81,0,0
Thyrocare Tech.,0.1283277870216306,0.273972602739726,40.24,0.038789759503491075,0.038789759503491075,0.07757951900698215,37.64,0,0
Interarch Build.,0.2054618768328446,0.3436426116838488,38.24,0.03874467260751647,0.03874467260751647,0.07748934521503294,36.339999999999996,0,0
Epigral,1.2164824712383366,0.4329004329004329,37.77,0.03863987635239567,0.03863987635239567,0.07727975270479134,36.72,0,0
Guj Pipavav Port,0.11328055108248344,0.22624434389140272,43.13999999999999,0.03862495171881035,0.03862495171881035,0.0772499034376207,39.74,0,0
Jash Engineering,2.0098425196850394,0.3472222222222222,39.41,0.03853564547206166,0.03853564547206166,0.07707129094412332,37.78,0,0
Venus Pipes,2.7496411139821992,0.4166666666666667,36.49,0.03853564547206166,0.03853564547206166,0.07707129094412332,35.45,0,0
Vadilal Inds.,1.5572431689818347,0.23255813953488372,42.92,0.038299502106472615,0.038299502106472615,0.07659900421294523,39.879999999999995,0,0
Hind.Construct.,11.963598543941757,0.4926108374384236,24.68,0.03824091778202677,0.03824091778202677,0.07648183556405354,25.119999999999997,0,0
Vimta Labs,0.07112226754523586,0.23255813953488372,44.13999999999999,0.03813882532418002,0.03813882532418002,0.07627765064836003,40.86,0,0
Heritage Foods,1.022053691899688,0.3663003663003663,39.47,0.0380517503805175,0.0380517503805175,0.076103500761035,37.95,0,0
Bhansali Engg.,0.0,0.10395010395010396,50.620000000000005,0.037965072133637055,0.037965072133637055,0.07593014426727411,42.0,0,0
Shivalik Bimetal,0.517179405856856,0.2304147465437788,44.99,0.03763643206624012,0.03763643206624012,0.07527286413248024,41.760000000000005,0,0
EIH Assoc.Hotels,0.03753986332574032,0.2053388090349076,45.4,0.03745318352059925,0.03745318352059925,0.0749063670411985,41.54,0,1
3B Blackbio,0.006086564472497746,0.13793103448275862,49.53,0.037383177570093455,0.037383177570093455,0.07476635514018691,43.28,0,0
Ivalue Infosolut,2.5965245723594896,0.4065040650406504,34.86,0.03735524841240194,0.03735524841240194,0.07471049682480388,33.59,0,0
Raghav Product.,0.15751008064516128,0.16778523489932887,48.019999999999996,0.03731343283582089,0.03731343283582089,0.07462686567164178,43.09,0,0
Vedant Fashions,1.1903490759753592,0.2173913043478261,43.60999999999999,0.03713330857779428,0.03713330857779428,0.07426661715558856,40.28,0,0
String Metaverse,0.002781641168289291,0.04393673110720562,72.91,0.037037037037037035,0.037037037037037035,0.07407407407407407,51.15,0,0
M & B Engineer.,3.1101393823449026,0.3623188405797102,38.0,0.03695491500369549,0.03695491500369549,0.07390983000739099,36.43,0,0
Shanti Gold,11.312883435582823,0.22624434389140272,44.26,0.036778227289444645,0.036778227289444645,0.07355645457888929,41.18,0,0
Dynamic Cables,1.3494417306350313,0.2777777777777778,40.7,0.03653635367190354,0.03653635367190354,0.07307270734380708,38.29,0,0
V-Marc India,10.31704207394815,0.44052863436123346,33.23,0.03645643456069996,0.03645643456069996,0.07291286912139992,33.03,0,0
Vikram Solar,0.8758342231713829,0.29239766081871343,33.94,0.03642987249544627,0.03642987249544627,0.07285974499089254,31.61,0,0
Orient Tech.,1.5675453047775947,0.30959752321981426,40.760000000000005,0.036337209302325583,0.036337209302325583,0.07267441860465117,38.58,0,0
Styrenix Perfor.,5.926273942898446,0.29239766081871343,42.68,0.03632401017072285,0.03632401017072285,0.0726480203414457,40.52,0,0
Dodla Dairy,0.1062616409685286,0.28169014084507044,44.79,0.036297640653357534,0.036297640653357534,0.07259528130671507,42.28,0,0
Quality Power El,0.5696501733375354,0.3003003003003003,45.35,0.036231884057971016,0.036231884057971016,0.07246376811594203,43.1,0,0
Ceinsys Tech,11.2874251497006,0.30303030303030304,42.660000000000004,0.036218761318362915,0.036218761318362915,0.07243752263672583,40.519999999999996,0,0
Prec. Wires (I),0.7558607624911201,0.4,35.82000000000001,0.03599712023038157,0.03599712023038157,0.07199424046076314,34.510000000000005,0,0
Pix Transmission,0.2728356566397652,0.12330456226880396,50.440000000000005,0.03588087549336204,0.03588087549336204,0.07176175098672408,43.38,0,1
Advait Energy,1.3094586054350115,0.35714285714285715,37.69,0.03588087549336204,0.03588087549336204,0.07176175098672408,36.16,0,0
EMS,4.772148233931674,0.11160714285714285,51.92,0.03582945180938732,0.03582945180938732,0.07165890361877464,44.120000000000005,0,0
Beta Drugs Ltd,3.924609585352719,0.24449877750611249,42.74,0.03566333808844508,0.03566333808844508,0.07132667617689016,40.31,0,1
SML Mahindra,1.4212796952039444,0.44052863436123346,37.5,0.03556187766714082,0.03556187766714082,0.07112375533428164,36.8,0,0
Vikran Engg.,2.4440003074794374,0.2976190476190476,35.959999999999994,0.03552397868561279,0.03552397868561279,0.07104795737122559,33.87,0,0
Panorama Studios,3.1361607142857144,0.37878787878787884,36.32,0.0354735721887194,0.0354735721887194,0.0709471443774388,35.08,0,0
Guj. Themis Bio.,0.7768119091600565,0.40485829959514175,47.16,0.03534817956875221,0.03534817956875221,0.07069635913750442,45.96,0,0
Stylam Industrie,0.0,0.19920318725099603,48.989999999999995,0.03519887363604365,0.03519887363604365,0.0703977472720873,44.97,0,1
BN Agrochem,2.692903625658507,0.4065040650406504,45.099999999999994,0.035161744022503515,0.035161744022503515,0.07032348804500703,43.84,0,0
Supriya Lifesci.,0.03156687590535973,0.14104372355430184,52.03,0.035137034434293744,0.035137034434293744,0.07027406886858749,45.94,0,0
ASK Automotive,1.6931339977851605,0.5025125628140703,42.23,0.03498950314905529,0.03498950314905529,0.06997900629811057,41.769999999999996,0,0
Cemindia Project,4.8197349042709865,0.4587155963302753,34.18,0.034916201117318434,0.034916201117318434,0.06983240223463687,33.480000000000004,0,1
Fiem Industries,0.26288131248397845,0.2958579881656805,45.41,0.034722222222222224,0.034722222222222224,0.06944444444444445,43.09,0,0
Amic Forging,0.9971509971509972,0.3205128205128205,46.790000000000006,0.03461405330564209,0.03461405330564209,0.06922810661128417,44.72,0,0
Maithan Alloys,8.74591294071302,0.18281535648994515,50.55,0.03454231433506045,0.03454231433506045,0.0690846286701209,46.19,0,0
T R I L,2.3219317172229976,0.3484320557491289,42.32,0.03451846738004833,0.03451846738004833,0.06903693476009666,40.72,0,0
Newgen Software,0.2399759236966386,0.186219739292365,48.83,0.03451846738004833,0.03451846738004833,0.06903693476009666,44.489999999999995,0,0
Tinna Rubber,2.83351409978308,0.4366812227074236,43.58,0.03442340791738382,0.03442340791738382,0.06884681583476764,42.67,0,0
NIIT Learning,1.0474808544941556,0.35211267605633806,41.010000000000005,0.03427004797806717,0.03427004797806717,0.06854009595613433,39.36,0,0
Solex Energy,5.8808425275827485,0.4587155963302753,39.43,0.034223134839151265,0.034223134839151265,0.06844626967830253,39.879999999999995,0,0
Kirl.Pneumatic,0.0018532246108228319,0.29850746268656714,44.86,0.0341646737273659,0.0341646737273659,0.0683293474547318,42.51,0,0
Dhanuka Agritech,0.12076158689220966,0.23364485981308414,48.82,0.03414134516899966,0.03414134516899966,0.06828269033799932,45.56,0,0
Gulf Oil Lubric.,1.1356008108235516,0.32573289902280134,44.28,0.034129692832764506,0.034129692832764506,0.06825938566552901,42.5,0,0
D-Link India,0.12214160070360598,0.2857142857142857,44.269999999999996,0.03408316291751875,0.03408316291751875,0.0681663258350375,41.79,0,0
Pokarna,1.4305042410365822,0.3021148036253776,44.67999999999999,0.03403675970047652,0.03403675970047652,0.06807351940095303,42.71,0,0
Elecon Engg.Co,0.5950611585506577,0.2188183807439825,48.97,0.03394433129667346,0.03394433129667346,0.06788866259334692,45.510000000000005,0,0
Yash Highvoltage,2.705593719332679,0.2770083102493075,46.57,0.03389830508474576,0.03389830508474576,0.06779661016949153,44.13,0,0
KNR Construct.,4.0886218682828845,0.1858736059479554,49.519999999999996,0.03380662609871535,0.03380662609871535,0.0676132521974307,45.629999999999995,0,0
SKF India,0.009554608261061297,0.24937655860349128,47.51,0.0335345405767941,0.0335345405767941,0.0670690811535882,44.5,0,0
Sika Interplant,0.43851508120649646,0.3021148036253776,49.53999999999999,0.033288948069241014,0.033288948069241014,0.06657789613848203,47.26,0,0
Sonata Software,1.1450110796026838,0.4739336492890995,38.519999999999996,0.03322259136212624,0.03322259136212624,0.06644518272425248,37.83,0,0
Volt.Transform.,0.006130511784205986,0.24390243902439027,51.55,0.033211557622052475,0.033211557622052475,0.06642311524410495,48.45,0,0
Aimtron,0.024911032028469747,0.2092050209205021,48.82,0.033156498673740056,0.033156498673740056,0.06631299734748011,45.04,0,0
Tanla Platforms,0.0904680454050692,0.30864197530864196,47.39,0.033123550844650546,0.033123550844650546,0.06624710168930109,45.18,0,1
Disa India,0.003117913832199546,0.3164556962025316,44.34,0.03305785123966942,0.03305785123966942,0.06611570247933884,42.18,0,0
MSTC,0.5549177190968235,0.425531914893617,40.42,0.033046926635822864,0.033046926635822864,0.06609385327164573,39.24,0,0
Clean Science,0.0037804486607938945,0.1724137931034483,53.71,0.033046926635822864,0.033046926635822864,0.06609385327164573,48.91,0,1
Black Box,11.718316217131248,0.36363636363636365,39.690000000000005,0.032520325203252036,0.032520325203252036,0.06504065040650407,39.09,0,0
BF Utilities,1.7227563509965609,0.40322580645161293,40.54,0.032383419689119175,0.032383419689119175,0.06476683937823835,43.68,0,0
KP Green Engg.,10.124316260566882,0.4926108374384236,43.339999999999996,0.03221649484536083,0.03221649484536083,0.06443298969072166,42.84,0,0
Garuda Cons,0.0007162041181736795,0.2717391304347826,48.47,0.0321646831778707,0.0321646831778707,0.0643293663557414,45.79,0,0
Nirlon,2.3832962647321705,0.43859649122807015,38.99,0.03207184092366902,0.03207184092366902,0.06414368184733804,40.18,0,0
Arkade,0.8019842721287491,0.13297872340425532,53.67,0.03194888178913738,0.03194888178913738,0.06389776357827476,47.33,0,1
I T D C,0.011701337295690936,0.35211267605633806,41.5,0.031705770450221944,0.031705770450221944,0.06341154090044389,39.66,0,0
Kingfa Science,0.3054826001313197,0.25380710659898476,47.7,0.03169572107765452,0.03169572107765452,0.06339144215530904,44.77,0,0
Balu Forge,0.5463682658804611,0.2724795640326976,54.61000000000001,0.0309981401115933,0.0309981401115933,0.0619962802231866,52.010000000000005,0,0
Alldigi Tech,0.6848317428427926,0.2590673575129534,51.43,0.030902348578491966,0.030902348578491966,0.06180469715698393,48.9,0,0
Unicommerce,0.36187845303867405,0.4166666666666667,42.91,0.030892801977139322,0.030892801977139322,0.061785603954278644,41.57,0,0
Shringar House,22.896168108776266,0.22573363431151244,53.75,0.030721966205837177,0.030721966205837177,0.061443932411674354,50.620000000000005,0,0
Enviro Infra,6.188235294117647,0.2061855670103093,50.940000000000005,0.030599755201958383,0.030599755201958383,0.06119951040391677,47.35,0,0
Banco Products,4.4078398161030785,0.2949852507374631,50.33,0.02997601918465228,0.02997601918465228,0.05995203836930456,48.39,0,0
Onix Solar,0.0,0.4694835680751174,40.22,0.0299311583358276,0.0299311583358276,0.0598623166716552,39.089999999999996,0,0
Algoquant Fin,0.4339931293963684,0.34965034965034963,46.93,0.02960331557134399,0.02960331557134399,0.05920663114268798,45.31,0,0
RPG LifeScience.,0.0,0.22727272727272727,55.949999999999996,0.02958579881656805,0.02958579881656805,0.0591715976331361,52.55,0,0
Steelcast,0.0,0.14598540145985403,59.029999999999994,0.029463759575721865,0.029463759575721865,0.05892751915144373,53.17999999999999,0,0
Jubilant Agri,0.3177075341414761,0.3968253968253968,46.57,0.029222676797194622,0.029222676797194622,0.058445353594389245,45.15,0,1
IIFL Capital,1.9976717246441638,0.4065040650406504,42.68000000000001,0.02918004085205719,0.02918004085205719,0.05836008170411438,41.84,0,0
Monarch Networth,0.36,0.3194888178913738,50.06000000000001,0.029146021568055958,0.029146021568055958,0.058292043136111915,47.940000000000005,0,0
Ajax Engineering,0.012351326623970723,0.14534883720930233,58.599999999999994,0.02891844997108155,0.02891844997108155,0.0578368999421631,52.72,0,0
BLS Internat.,0.4863285251196028,0.24390243902439027,60.75,0.028885037550548817,0.028885037550548817,0.057770075101097634,57.839999999999996,0,0
D.P. Abhushan,10.619668840943302,0.3333333333333333,51.62,0.028868360277136258,0.028868360277136258,0.057736720554272515,50.04,0,0
Shreeji Ship. Gl,1.533085342299163,0.3448275862068966,53.5,0.02886002886002886,0.02886002886002886,0.05772005772005772,51.9,0,0
Marsons,0.09492089925062447,0.1529051987767584,66.72000000000001,0.02871912693854107,0.02871912693854107,0.05743825387708214,61.2,0,0
DDev Plastiks,0.3314761215629523,0.23866348448687355,54.370000000000005,0.0286368843069874,0.0286368843069874,0.0572737686139748,51.230000000000004,0,0
Reliance Infra.,1.5684083036468572,0.78125,46.879999999999995,0.028563267637817767,0.028563267637817767,0.057126535275635534,46.94,0,0
Cigniti Tech.,0.12616532007458048,0.19607843137254904,57.84,0.02849814762040467,0.02849814762040467,0.05699629524080934,53.760000000000005,0,0
Gokul Agro,1.2515324320283634,0.46511627906976744,41.61000000000001,0.028409090909090908,0.028409090909090908,0.056818181818181816,40.940000000000005,0,0
Sharda Motor,0.1857553214995949,0.3076923076923077,53.13,0.028089887640449437,0.028089887640449437,0.056179775280898875,50.92,0,0
Insolation Ener,2.255390008764242,0.4081632653061224,58.57,0.0279876854184159,0.0279876854184159,0.0559753708368318,57.489999999999995,0,0
Shanthi Gears,0.0,0.19083969465648853,59.379999999999995,0.027878449958182328,0.027878449958182328,0.055756899916364656,55.14,0,1
Transrail Light,2.808331310048212,0.4291845493562232,42.16,0.027609055770292656,0.027609055770292656,0.05521811154058531,41.22,0,0
Dolat Algotech,7.036291771469637,0.3246753246753247,58.19,0.027412280701754388,0.027412280701754388,0.054824561403508776,56.3,0,0
Sudeep Pharma,2.8698974462095315,0.2747252747252747,60.64,0.027285129604365622,0.027285129604365622,0.054570259208731244,58.2,0,0
Afcom Holdings,0.9178999295278366,0.19880715705765406,62.62,0.02699055330634278,0.02699055330634278,0.05398110661268556,58.709999999999994,0,0
Jai Balaji Inds.,1.4687139746381452,0.44052863436123346,52.54,0.02696871628910464,0.02696871628910464,0.05393743257820928,51.48,0,0
Seshaasai Tech.,1.6569824699625761,0.29069767441860467,59.68,0.02663825253063399,0.02663825253063399,0.05327650506126798,57.5,0,0
Concord Control,2.31453634085213,0.20202020202020202,63.68,0.026469031233456855,0.026469031233456855,0.05293806246691371,59.86,0,0
Symphony,0.019244832762403293,0.37593984962406013,57.74,0.026455026455026457,0.026455026455026457,0.052910052910052914,56.089999999999996,0,0
Avantel,0.6030654352525054,0.2145922746781116,62.94,0.02627430373095113,0.02627430373095113,0.05254860746190226,59.370000000000005,0,0
Sri Lotus,6.791219512195122,0.1388888888888889,66.49,0.02627430373095113,0.02627430373095113,0.05254860746190226,60.370000000000005,0,0
Blue Cloud Soft.,6.45239852398524,0.3278688524590164,54.85000000000001,0.026267402153926978,0.026267402153926978,0.052534804307853955,53.35,0,0
Jyothy Labs,0.1719624972000896,0.2638522427440633,59.36,0.026239832065074783,0.026239832065074783,0.05247966413014957,56.61,0,0
Benares Hotels,0.09052729818012133,0.14749262536873156,67.7,0.026089225150013044,0.026089225150013044,0.05217845030002609,61.94,0,1
Innovision,4.923076923076923,0.39840637450199207,53.269999999999996,0.02598752598752599,0.02598752598752599,0.05197505197505198,52.86,0,0
Indo Tech.Trans.,0.20687224669603524,0.29154518950437314,55.69,0.025773195876288662,0.025773195876288662,0.051546391752577324,53.3,0,0
Fujiyama Power,38.15569487983281,0.4716981132075471,57.88,0.02507522567703109,0.02507522567703109,0.05015045135406218,58.14,0,0
Indrapr.Medical,0.1986687797147385,0.2724795640326976,62.21,0.024937655860349125,0.024937655860349125,0.04987531172069825,59.59,0,0
Dynacons Sys.,2.677161726309323,0.42194092827004215,50.540000000000006,0.024894199651481205,0.024894199651481205,0.04978839930296241,49.81,0,0
Bondada Engineer,1.4733102797862307,0.3968253968253968,54.010000000000005,0.024691358024691357,0.024691358024691357,0.04938271604938271,52.9,0,0
Kesar India,2.659690627843494,0.27932960893854747,60.269999999999996,0.02463054187192118,0.02463054187192118,0.04926108374384236,57.93,0,0
Ashoka Buildcon,1.1877930066589029,0.4184100418410042,49.31,0.02457002457002457,0.02457002457002457,0.04914004914004914,48.39,0,0
Blue Jet Health,0.4411890504704876,0.19569471624266144,68.0,0.024539877300613498,0.024539877300613498,0.049079754601226995,63.91,0,0
Jaro Institute,1.9787408013082584,0.33003300330033003,63.39,0.024455857177794083,0.024455857177794083,0.048911714355588165,61.49,0,0
Action Const.Eq.,0.34551309990798584,0.44052863436123346,58.0,0.024324981756263683,0.024324981756263683,0.048649963512527365,56.81,0,0
Danish Power,0.13708920187793427,0.21231422505307856,64.05999999999999,0.02426595486532395,0.02426595486532395,0.0485319097306479,60.36,0,0
Solarworld Ene.,3.7131147540983607,0.3021148036253776,62.82999999999999,0.024177949709864605,0.024177949709864605,0.04835589941972921,60.79,0,0
Hawkins Cookers,0.5857545428043922,0.3164556962025316,63.57,0.023860653781913627,0.023860653781913627,0.04772130756382725,61.56999999999999,0,0
MPS,0.09911678115799803,0.35211267605633806,63.089999999999996,0.023843586075345733,0.023843586075345733,0.047687172150691466,61.269999999999996,0,0
Pace Digitek,0.852789869410368,0.41493775933609955,54.010000000000005,0.023635074450484517,0.023635074450484517,0.04727014890096903,52.72,0,0
Frontier Springs,0.2829943747295543,0.17889087656529518,69.46,0.023496240601503758,0.023496240601503758,0.046992481203007516,64.91,0,0
K.P. Energy,1.842050273492717,0.4444444444444444,54.81,0.023408239700374533,0.023408239700374533,0.04681647940074907,54.35,0,0
Tanfac Inds.,0.9305555555555555,0.32679738562091504,67.63,0.023386342376052388,0.023386342376052388,0.046772684752104776,65.66,0,0
Oriana Power Ltd,1.0850114926755634,0.39370078740157477,61.230000000000004,0.023089355806972984,0.023089355806972984,0.04617871161394597,60.19,0,0
Timex Group,3.031325301204819,0.3484320557491289,58.21000000000001,0.02295684113865932,0.02295684113865932,0.04591368227731864,56.45,0,0
Ganesh Housing,0.18798072242235422,0.19011406844106465,77.37,0.02221235006663705,0.02221235006663705,0.0444247001332741,73.14,0,0
Prudent Corp.,0.20103953963244847,0.3236245954692557,69.11999999999999,0.022192632046160673,0.022192632046160673,0.044385264092321346,67.07000000000001,0,0
R M Drip & Sprin,1.5185976913210775,0.18761726078799248,70.38,0.021901007446342532,0.021901007446342532,0.043802014892685065,66.46,0,0
Canara Robeco,0.11774356385663808,0.0324254215304799,109.56,0.020525451559934318,0.020525451559934318,0.041050903119868636,79.75,0,0
P & G Health Ltd,0.036537214921327124,0.25839793281653745,75.36,0.020512820512820513,0.020512820512820513,0.041025641025641026,72.5,0,0
Crizac,0.0004249216550698465,0.23255813953488372,72.08,0.020416496529195593,0.020416496529195593,0.040832993058391186,68.78,0,1
Euro Pratik Sale,0.7099526066350711,0.12106537530266344,90.81,0.019790223629527013,0.019790223629527013,0.039580447259054026,83.63,0,0
Atlanta Electric,4.138313694085345,0.33222591362126247,68.39,0.01953125,0.01953125,0.0390625,66.84,0,0
Jeena Sikho,1.5252046531667387,0.3021148036253776,84.41000000000001,0.0195160031225605,0.0195160031225605,0.039032006245121,82.4,0,0
Tata Tele. Mah.,40.50690534052516,0.9803921568627451,-48.07000000000001,0.019485580670303974,0.019485580670303974,0.03897116134060795,-47.85,0,1
Alpex Solar,2.4951317296678117,0.3508771929824561,75.66999999999999,0.019425019425019428,0.019425019425019428,0.038850038850038855,74.19,0,0
Saatvik Green,14.405275229357798,0.40485829959514175,71.82000000000001,0.018751171948246766,0.018751171948246766,0.03750234389649353,70.87,0,0
Accelya Solution,0.5967298708436384,0.3448275862068966,84.79,0.018311664530305805,0.018311664530305805,0.03662332906061161,83.22,0,0
Rajesh Power,3.7797154658100047,0.3921568627450981,78.58,0.01795009872554299,0.01795009872554299,0.03590019745108598,77.28999999999999,0,1
Shakti Pumps,28.69288040949279,0.3225806451612903,80.91000000000001,0.01775883502042266,0.01775883502042266,0.03551767004084532,79.19,0,0
Swaraj Engines,0.0036584679461923795,0.3472222222222222,84.97,0.017479461632581718,0.017479461632581718,0.034958923265163436,83.09,0,0
One Global Serv,0.001941747572815534,0.37735849056603776,84.41,0.017427675148135237,0.017427675148135237,0.034855350296270474,82.76,0,0
Sanofi India,0.04051900751195083,0.3802281368821293,83.31,0.017085255424568596,0.017085255424568596,0.03417051084913719,81.7,0,1
Websol Energy,0.9471056697967433,0.4366812227074236,95.78999999999999,0.016597510373443983,0.016597510373443983,0.03319502074688797,94.91,0,0
Network People,0.22754491017964074,0.11862396204033215,116.73,0.014238929232521713,0.014238929232521713,0.028477858465043426,109.32000000000001,0,0
Esab India,0.018151979311716727,0.3048780487804878,101.45,0.014078558355624384,0.014078558355624384,0.028157116711248768,99.18,0,0
Meghna Infracon,0.3400830737279335,0.3125,106.76,0.014066676044450695,0.014066676044450695,0.02813335208890139,104.83000000000001,0,0
Shilchar Tech.,0.0,0.16286644951140067,114.08,0.013831258644536654,0.013831258644536654,0.027662517289073308,108.94,0,0
GK Energy,4.1497138266894265,0.3115264797507788,109.37,0.013281976358082082,0.013281976358082082,0.026563952716164164,107.69,0,0
Indosolar,0.03602556653108658,0.37735849056603776,106.67,0.012812299807815503,0.012812299807815503,0.025624599615631006,105.03999999999999,0,0
Oswal Pumps,0.8174681707236625,0.1594896331738437,118.59,0.012672665061462427,0.012672665061462427,0.025345330122924854,113.4,0,0
Waaree Renewab.,0.2665788607178136,0.4081632653061224,108.69999999999999,0.012003360941063497,0.012003360941063497,0.024006721882126995,107.37,0,0
RRP Defense,0.0,0.3472222222222222,99.06,0.011944577161968466,0.011944577161968466,0.023889154323936932,97.18,0,0
Tips Music,0.022601666254227503,0.23255813953488372,159.66,0.009104980424292088,0.009104980424292088,0.018209960848584176,156.37,0,0
PNGS Reva Diamo.,2.2724318920269932,0.35842293906810035,149.66,0.008615490652192644,0.008615490652192644,0.017230981304385287,148.78,0,0
Wework India,3.705739111612734,0.7692307692307692,118.21,0.007242702976750924,0.007242702976750924,0.014485405953501848,140.64,0,0
Aqylon Nexus,1.6000000000000003,0.8547008547008548,130.97000000000003,0.006932889628397116,0.006932889628397116,0.013865779256794232,144.0,0,0
Sanofi Consumer,17.714285714285715,0.2061855670103093,223.95,0.0065329587770301175,0.0065329587770301175,0.013065917554060235,220.16,0,0
A B Lifestyle,3.0528480487613194,0.5128205128205129,12.37,0.0900900900900901,0.0900900900900901,0.1801801801801802,14.09,0,1
Tata Motors,2121.631205673759,0.6097560975609756,14.16,0.0900900900900901,0.0900900900900901,0.1801801801801802,14.09,0,0
SKF India Indus.,0.0,0.9803921568627451,13.87,0.0900900900900901,0.0900900900900901,0.1801801801801802,14.09,0,0
ICICI AMC,8.890070921985815,0.3424657534246575,15.769999999999998,0.0900900900900901,0.0900900900900901,0.1801801801801802,14.09,0,1
Ather Energy,0.5962311209643896,0.27548209366391185,-103.70999999999998,-0.015453562046051616,-0.015453562046051616,-0.030907124092103232,-106.17999999999999,1,0
Swiggy,1.1476776919284764,0.273972602739726,-50.97,-0.03543586109142452,-0.03543586109142452,-0.07087172218284904,-53.37,1,0
Ola Electric,1.3047658862876255,0.3663003663003663,-51.019999999999996,-0.0369139904023625,-0.0369139904023625,-0.073827980804725,-52.03,1,0
NMDC Steel,2.6995343114825774,0.6369426751592357,-21.02,-0.0835421888053467,-0.0835421888053467,-0.1670843776106934,-21.18,0,0
One 97,1.3082583810302535,0.28735632183908044,-14.98,-0.10940919037199125,-0.10940919037199125,-0.2188183807439825,-17.45,1,0
KIOCL,0.5365223200023235,0.22172949002217296,-14.66,-0.11792452830188678,-0.11792452830188678,-0.23584905660377356,-18.060000000000002,0,0
Meesho,0.10783352147602569,0.7575757575757576,-93.63000000000001,-0.12970168612191957,-0.12970168612191957,-0.25940337224383914,-93.91,0,0
Swan Defence,26.736067082523775,0.14836795252225518,-17.04,-0.21008403361344538,-0.21008403361344538,-0.42016806722689076,-12.11,1,0
India Cements,5.2109867039888025,0.48780487804878053,-10.24,-0.22271714922048996,-0.22271714922048996,-0.4454342984409799,-11.16,1,1
Physicswallah,1.9102973026186258,0.43859649122807015,-4.880000000000001,-0.8928571428571428,-0.8928571428571428,-1.7857142857142856,-5.470000000000001,0,1
Vodafone Idea,25.10243660941065,0.684931506849315,-16.069999999999997,-1.0752688172043012,-1.0752688172043012,-2.1505376344086025,-16.29,0,1
ITI,8.480882448081775,0.5376344086021506,-4.050000000000001,-3.03030303030303,-3.03030303030303,-6.06060606060606,-4.01,1,1
Pine Labs,16.920544164037857,0.4566210045662101,-0.6500000000000001,1.9607843137254901,1.9607843137254901,3.9215686274509802,-1.61,0,1
Brainbees Solut.,19.67116637063351,0.35335689045936397,-1.71,1.6666666666666667,1.6666666666666667,3.3333333333333335,-3.19,1,0
A B Real Estate,4.241146750718457,0.37593984962406013,-0.6300000000000001,1.1904761904761905,1.1904761904761905,2.380952380952381,-0.8400000000000001,1,0
Mah. Scooters,0.0,0.4587155963302753,2.32,0.628930817610063,0.628930817610063,1.257861635220126,1.1400000000000001,0,0
JSW Holdings,0.0,0.6802721088435374,1.9,0.5494505494505495,0.5494505494505495,1.098901098901099,1.43,0,0
Tata Inv.Corpn.,0.0,0.3194888178913738,4.26,0.45248868778280543,0.45248868778280543,0.9049773755656109,2.13,0,0
Jio Financial,1.0418290050265806,0.41152263374485604,3.9799999999999995,0.40485829959514175,0.40485829959514175,0.8097165991902835,2.63,1,0
Urban Company,2.4528437724982,0.17605633802816903,19.42,0.29673590504451036,0.29673590504451036,0.5934718100890207,14.8,0,0
Delhivery,2.8881518755718205,0.2597402597402597,6.35,0.2881844380403458,0.2881844380403458,0.5763688760806917,3.67,0,0
Eternal,10.844660194174757,0.23923444976076558,7.2,0.27322404371584696,0.27322404371584696,0.5464480874316939,4.13,0,0
Info Edg.(India),0.3143332877149765,0.23809523809523808,7.5,0.25,0.25,0.5,4.3100000000000005,0,0
National High,10.340858325355889,0.6578947368421053,3.79,0.22831050228310504,0.22831050228310504,0.4566210045662101,4.28,0,1
New India Assura,0.0,0.7194244604316546,4.9399999999999995,0.2178649237472767,0.2178649237472767,0.4357298474945534,4.55,1,0
Embassy Off.REIT,6.840912632453771,0.7751937984496123,6.340000000000001,0.21551724137931033,0.21551724137931033,0.43103448275862066,7.01,0,0
Sammaan Capital,5.191037351398612,0.22371364653243844,2.5599999999999996,0.2150537634408602,0.2150537634408602,0.4301075268817204,1.13,0,0
Wockhardt,106.78260869565217,0.38167938931297707,4.1000000000000005,0.21052631578947367,0.21052631578947367,0.42105263157894735,3.02,1,0
Cube Highways,6.134830805934131,0.2724795640326976,4.59,0.20366598778004072,0.20366598778004072,0.40733197556008144,3.6,0,0
Nuvoco Vistas,4.365297250135387,0.7092198581560284,3.83,0.20283975659229211,0.20283975659229211,0.40567951318458423,4.05,0,1
Tata Chemicals,4.253688989784336,0.42372881355932196,6.140000000000001,0.20161290322580647,0.20161290322580647,0.40322580645161293,5.12,0,1
C P C L,1.428404649135122,0.43103448275862066,6.61,0.18867924528301888,0.18867924528301888,0.37735849056603776,5.51,0,0
M R P L,5.7608387886529355,0.49504950495049505,4.76,0.1858736059479554,0.1858736059479554,0.3717472118959108,4.55,0,1
LMW,0.0,0.2881844380403458,9.02,0.18248175182481752,0.18248175182481752,0.36496350364963503,6.550000000000001,0,0
JSW Cement,6.182030148573907,0.5319148936170213,3.33,0.1773049645390071,0.1773049645390071,0.3546099290780142,3.1999999999999997,0,1
The Ramco Cement,3.357063252796868,0.641025641025641,5.329999999999999,0.1733102253032929,0.1733102253032929,0.3466204506065858,5.39,0,0
Poonawalla Fin,3.4037555709654197,0.5813953488372093,1.4999999999999996,0.1733102253032929,0.1733102253032929,0.3466204506065858,4.42,1,0
B H E L,5.002216253437245,0.4081632653061224,6.68,0.17035775127768313,0.17035775127768313,0.34071550255536626,5.68,0,0
NTPC Green Ene.,10.913236529461177,0.8130081300813008,5.27,0.16977928692699493,0.16977928692699493,0.33955857385398985,6.199999999999999,0,0
SJVN,11.903226715513599,0.6060606060606061,5.450000000000001,0.1692047377326565,0.1692047377326565,0.338409475465313,6.83,0,0
Nexus Select,3.809085632674888,0.6060606060606061,7.47,0.1620745542949757,0.1620745542949757,0.3241491085899514,7.24,0,0
Brookfield India,4.927942886503151,0.40322580645161293,6.85,0.15673981191222572,0.15673981191222572,0.31347962382445144,5.99,0,0
SignatureGlobal,5.1612646015229435,0.46511627906976744,3.94,0.1557632398753894,0.1557632398753894,0.3115264797507788,6.35,0,0
Central Bank,196.83736345015933,0.15600624024961,-0.5199999999999996,0.15432098765432098,0.15432098765432098,0.30864197530864196,6.33,1,0
OneSource Speci.,18.80508351488744,0.49504950495049505,8.639999999999999,0.15313935681470137,0.15313935681470137,0.30627871362940273,7.84,1,0
Lenskart Solut.,2.3203397124136305,0.38314176245210724,9.23,0.15220700152207,0.15220700152207,0.30441400304414,8.07,0,1
Dalmia BharatLtd,3.343720491029273,0.3717472118959108,9.35,0.1519756838905775,0.1519756838905775,0.303951367781155,8.06,0,0
Bank of Maha,46.1401589232439,0.3067484662576687,-0.9199999999999999,0.1488095238095238,0.1488095238095238,0.2976190476190476,7.359999999999999,0,0
UCO Bank,175.38739195417915,0.20790020790020788,0.16999999999999993,0.14792899408284024,0.14792899408284024,0.2958579881656805,6.47,0,0
I R F C,18.808626863024067,0.4739336492890995,5.550000000000001,0.14641288433382138,0.14641288433382138,0.29282576866764276,7.17,0,0
PB Fintech.,1.787498642337352,0.19569471624266144,14.38,0.14492753623188406,0.14492753623188406,0.2898550724637681,10.32,0,0
I O B,133.63088061156674,0.3058103975535168,-1.8200000000000003,0.14388489208633093,0.14388489208633093,0.28776978417266186,6.84,0,0
Pun. & Sind Bank,66.94115493571584,0.21551724137931033,-0.7499999999999982,0.14326647564469913,0.14326647564469913,0.28653295128939826,6.640000000000001,1,0
RBL Bank,156.48845542345933,0.20120724346076457,2.1799999999999997,0.14204545454545456,0.14204545454545456,0.2840909090909091,6.53,1,0
J & K Bank,58.08488519354661,0.1383125864453665,3.4499999999999993,0.13986013986013984,0.13986013986013984,0.2797202797202797,7.430000000000001,0,0
Zydus Wellness,7.984251968503937,0.3436426116838488,12.81,0.13966480446927373,0.13966480446927373,0.27932960893854747,11.43,0,1
Bank of India,53.78833478550561,0.26881720430107525,-1.709999999999999,0.1394700139470014,0.1394700139470014,0.2789400278940028,7.109999999999999,0,0
IDFC First Bank,22.748500804294732,0.4016064257028112,1.1399999999999997,0.13850415512465375,0.13850415512465375,0.2770083102493075,6.68,0,0
Biocon,4.070577519570676,0.4629629629629629,9.23,0.13793103448275862,0.13793103448275862,0.27586206896551724,8.69,0,0
Bank of Baroda,49.17604172577665,0.31347962382445144,-0.7899999999999991,0.13717421124828533,0.13717421124828533,0.27434842249657065,7.47,0,0
Aarti Industries,3.196453569762016,0.5617977528089888,9.5,0.13661202185792348,0.13661202185792348,0.27322404371584696,9.42,0,0
Punjab Natl.Bank,81.0130348047769,0.14064697609001406,1.4900000000000002,0.13661202185792348,0.13661202185792348,0.27322404371584696,7.390000000000001,0,0
Yes Bank,55.792125121332624,0.2145922746781116,3.51,0.1358695652173913,0.1358695652173913,0.2717391304347826,6.95,0,0
Indian Bank,48.27267292813868,0.2808988764044944,-0.22000000000000064,0.13550135501355015,0.13550135501355015,0.2710027100271003,7.73,0,0
Devyani Intl.,3.7097822951110713,0.7142857142857143,4.470000000000001,0.1347708894878706,0.1347708894878706,0.2695417789757412,6.22,0,0
Sobha,5.28792554250448,0.45454545454545453,8.02,0.13440860215053763,0.13440860215053763,0.26881720430107525,7.050000000000001,0,0
Piramal Pharma,5.4303705362140375,0.41152263374485604,7.860000000000001,0.1342281879194631,0.1342281879194631,0.2684563758389262,7.03,0,0
SBI,133.0773155191804,0.5102040816326531,-2.3200000000000003,0.13386880856760375,0.13386880856760375,0.2677376171352075,7.619999999999999,0,0
IndusInd Bank,23.79535953966318,0.2680965147453083,2.9799999999999995,0.13386880856760375,0.13386880856760375,0.2677376171352075,6.949999999999999,0,0
JSW Energy,17.998234135872565,0.5649717514124294,7.3500000000000005,0.13351134846461948,0.13351134846461948,0.26702269692923897,8.95,0,0
DLF,0.33944715844636014,0.37735849056603776,15.42,0.13315579227696406,0.13315579227696406,0.2663115845539281,13.809999999999999,0,0
Mindspace Busine,5.578422969257066,0.7352941176470589,8.09,0.13280212483399734,0.13280212483399734,0.2656042496679947,8.56,0,1
Godrej Propert.,7.276703010635737,0.4291845493562232,9.68,0.1321003963011889,0.1321003963011889,0.2642007926023778,9.24,1,1
HDFC Life Insur.,0.19867855361500084,0.5235602094240838,7.82,0.13192612137203166,0.13192612137203166,0.2638522427440633,7.09,0,0
Shree Cement,0.4352400672176018,0.3215434083601286,12.69,0.1297016861219196,0.1297016861219196,0.2594033722438392,10.68,0,0
Union Bank (I),74.61667410356742,0.2976190476190476,0.370000000000001,0.1295336787564767,0.1295336787564767,0.2590673575129534,7.96,0,0
S A I L,3.395074279144353,0.5405405405405405,8.93,0.1288659793814433,0.1288659793814433,0.2577319587628866,8.66,0,0
IDBI Bank,12.97437850577787,0.29154518950437314,6.37,0.12853470437017994,0.12853470437017994,0.2570694087403599,8.75,0,0
Canara Bank,27.508132906145057,0.14064697609001406,-0.2400000000000002,0.12836970474967907,0.12836970474967907,0.25673940949935814,7.87,0,0
City Union Bank,63.46295050030994,0.2222222222222222,4.650000000000001,0.1272264631043257,0.1272264631043257,0.2544529262086514,8.370000000000001,0,1
GMR Airports,12.041384497438699,0.5586592178770949,4.55,0.12626262626262627,0.12626262626262627,0.25252525252525254,4.0,0,1
Aegis Vopak Term,4.182937518260362,0.49019607843137253,10.02,0.12484394506866417,0.12484394506866417,0.24968789013732834,9.4,0,0
Federal Bank,35.87764260524977,0.2617801047120419,2.3900000000000006,0.12453300124533,0.12453300124533,0.24906600249066,8.280000000000001,0,1
Axis Bank,34.258432864673125,0.31347962382445144,3.6799999999999997,0.12330456226880396,0.12330456226880396,0.24660912453760792,8.89,0,1
Anupam Rasayan,39.28846771602955,0.4081632653061224,11.639999999999999,0.12004801920768307,0.12004801920768307,0.24009603841536614,10.57,1,0
I O C L,4.22707194293533,0.591715976331361,9.78,0.11961722488038279,0.11961722488038279,0.23923444976076558,9.83,0,0
Karur Vysya Bank,25.1796313791198,0.30959752321981426,2.51,0.11933174224343678,0.11933174224343678,0.23866348448687355,9.11,0,0
Clean Max Enviro,5.755194990037005,0.5681818181818182,5.18,0.11918951132300357,0.11918951132300357,0.23837902264600713,7.569999999999999,0,0
NHPC Ltd,8.93597616163304,0.4504504504504505,10.98,0.11876484560570072,0.11876484560570072,0.23752969121140144,10.85,0,0
Niva Bupa Health,0.1510427994876628,0.7575757575757576,10.32,0.1183431952662722,0.1183431952662722,0.2366863905325444,10.07,0,0
Grasim Inds,11.962470261754797,0.5235602094240838,8.04,0.11764705882352941,0.11764705882352941,0.23529411764705882,9.19,1,0
HDFC Bank,27.291999848478703,0.3367003367003367,5.019999999999999,0.11750881316098707,0.11750881316098707,0.23501762632197415,9.25,0,0
IndiGrid Trust,7.5918059388339385,0.4484304932735426,5.319999999999999,0.11750881316098707,0.11750881316098707,0.23501762632197415,8.87,0,0
HFCL,3.9797984886649873,0.35842293906810035,11.429999999999998,0.11695906432748537,0.11695906432748537,0.23391812865497075,10.02,0,1
Prestige Estates,110.17767653758543,0.45248868778280543,9.1,0.11547344110854503,0.11547344110854503,0.23094688221709006,8.81,0,0
UPL,2.957249802994484,0.4444444444444444,8.92,0.11547344110854503,0.11547344110854503,0.23094688221709006,8.61,0,0
Piramal Finance.,7.334708621130725,0.20449897750511245,9.610000000000001,0.1145475372279496,0.1145475372279496,0.2290950744558992,8.33,1,0
PTC Industries,12.287868403015764,0.16891891891891891,17.51,0.11441647597254004,0.11441647597254004,0.22883295194508008,12.72,0,0
IRB Infra.Devl.,10.57269763361914,0.425531914893617,10.16,0.11337868480725623,0.11337868480725623,0.22675736961451246,9.83,0,0
Bandhan Bank,60.36061786999743,0.22573363431151244,5.98,0.11337868480725623,0.11337868480725623,0.22675736961451246,9.31,0,0
Godrej Industrie,9.0387982406081,0.4694835680751174,6.699999999999999,0.11325028312570781,0.11325028312570781,0.22650056625141562,10.05,1,0
ICICI Bank,15.54079954881779,0.37037037037037035,6.24,0.11273957158962794,0.11273957158962794,0.22547914317925588,10.05,0,0
Prime Focus,17.729134336414546,0.6024096385542168,3.93,0.111731843575419,0.111731843575419,0.223463687150838,6.29,0,0
IFCI,3.5617117208603286,0.36900369003690037,10.959999999999999,0.11013215859030837,0.11013215859030837,0.22026431718061673,9.65,1,0
JSW Steel,4.837655502392344,0.47846889952153115,9.629999999999999,0.10976948408342481,0.10976948408342481,0.21953896816684962,9.76,0,0
Max Financial,0.21902236375826073,0.5050505050505051,9.0,0.10952902519167579,0.10952902519167579,0.21905805038335158,8.360000000000001,0,0
Kotak Mah. Bank,35.893445127988684,0.3333333333333333,9.23,0.10905125408942203,0.10905125408942203,0.21810250817884405,10.85,0,0
Altius Telecom,7.281426873443515,0.5494505494505495,6.409999999999999,0.10905125408942203,0.10905125408942203,0.21810250817884405,9.47,0,1
AU Small Finance,26.142696594251575,0.30303030303030304,4.410000000000001,0.10638297872340426,0.10638297872340426,0.2127659574468085,9.98,0,0
ACME Solar Hold.,8.418090439243015,0.42372881355932196,8.77,0.10615711252653928,0.10615711252653928,0.21231422505307856,10.129999999999999,0,0
Ujjivan Small,20.782860240488862,0.23148148148148145,6.73,0.10493179433368312,0.10493179433368312,0.20986358866736624,10.18,0,0
Exide Inds.,1.2910511029123164,0.4504504504504505,13.68,0.10362694300518134,0.10362694300518134,0.20725388601036268,12.57,0,1
F A C T,27.21515216003405,0.5235602094240838,7.14,0.10362694300518134,0.10362694300518134,0.20725388601036268,9.02,0,0
Adani Green,10.538314405260012,0.6097560975609756,7.140000000000001,0.10309278350515465,0.10309278350515465,0.2061855670103093,11.02,0,0
L&T Finance Ltd,5.906274604370761,0.23752969121140144,10.57,0.10298661174047373,0.10298661174047373,0.20597322348094746,11.080000000000002,1,0
Canara HSBC,0.0,0.4629629629629629,10.18,0.10277492291880781,0.10277492291880781,0.20554984583761562,9.02,0,0
Finolex Inds.,0.055306505421184315,0.1589825119236884,19.56,0.1023541453428864,0.1023541453428864,0.2047082906857728,14.27,0,0
M & M Fin. Serv.,7.779908580979922,0.2680965147453083,8.29,0.1023541453428864,0.1023541453428864,0.2047082906857728,10.459999999999999,1,0
IIFL Finance,12.273851224322069,0.23529411764705882,8.850000000000001,0.1019367991845056,0.1019367991845056,0.2038735983690112,10.13,1,0
Tata Steel,4.06770309461098,0.5747126436781609,9.78,0.1017293997965412,0.1017293997965412,0.2034587995930824,10.05,0,0
LIC Housing Fin.,16.42665126244945,0.5813953488372093,4.369999999999999,0.10070493454179255,0.10070493454179255,0.2014098690835851,10.73,1,1
Laurus Labs,3.6700572471583843,0.43103448275862066,13.62,0.09852216748768472,0.09852216748768472,0.19704433497536944,12.76,0,0
Tata Consumer,1.2519670497898088,0.39370078740157477,14.83,0.09842519685039369,0.09842519685039369,0.19685039370078738,13.42,0,0
Aditya Birla Cap,5.603823146283079,0.684931506849315,6.249999999999999,0.0968054211035818,0.0968054211035818,0.1936108422071636,10.65,1,0
Can Fin Homes,38.64275394115821,0.3021148036253776,7.239999999999999,0.09671179883945842,0.09671179883945842,0.19342359767891684,11.54,0,0
Indian Renewable,4.835945624515987,0.6134969325153374,6.979999999999999,0.09643201542912247,0.09643201542912247,0.19286403085824494,11.76,1,0
JM Financial,2.0396090978296777,0.17094017094017094,16.009999999999998,0.09624639076034648,0.09624639076034648,0.19249278152069296,12.260000000000002,0,0
Adani Enterp.,24.24955805143882,0.5076142131979695,11.15,0.09569377990430622,0.09569377990430622,0.19138755980861244,12.209999999999999,0,0
PNB Housing,8.025096976787143,0.4329004329004329,9.670000000000002,0.09560229445506692,0.09560229445506692,0.19120458891013384,11.98,1,1
Trident,1.6968742069198886,0.3802281368821293,15.770000000000001,0.09541984732824427,0.09541984732824427,0.19083969465648853,14.49,0,0
Vertis Infra.,9.034058977423209,0.35714285714285715,14.08,0.09514747859181732,0.09514747859181732,0.19029495718363465,13.879999999999999,0,0
Jubilant Pharmo,2.686422514211164,0.3802281368821293,15.37,0.09487666034155598,0.09487666034155598,0.18975332068311196,14.18,0,1
CreditAcc. Gram.,17.851069119840872,0.2150537634408602,12.27,0.0947867298578199,0.0947867298578199,0.1895734597156398,11.43,0,0
Bajaj Housing,5.508432659653652,0.5586592178770949,8.25,0.0947867298578199,0.0947867298578199,0.1895734597156398,11.9,1,0
Sagility,1.0138922037413483,0.35211267605633806,16.36,0.0945179584120983,0.0945179584120983,0.1890359168241966,14.66,0,0
Tata Capital,7.139928123539675,0.42016806722689076,6.8,0.0945179584120983,0.0945179584120983,0.1890359168241966,11.3,1,0
FSN E-Commerce,3.0088317687060284,0.4629629629629629,11.69,0.09442870632672333,0.09442870632672333,0.18885741265344666,11.54,0,0
H U D C O,4.013381357291733,0.5025125628140703,6.019999999999999,0.09416195856873824,0.09416195856873824,0.18832391713747648,12.059999999999999,1,0
ITC Hotels,0.09973273665237119,0.24330900243309006,18.4,0.09407337723424271,0.09407337723424271,0.18814675446848542,15.3,0,0
Sundaram Finance,7.32559632772291,0.3225806451612903,10.05,0.09398496240601503,0.09398496240601503,0.18796992481203006,12.3,1,0
Reliance Industries,2.0961646073954694,0.47619047619047616,14.69,0.09354536950420955,0.09354536950420955,0.1870907390084191,14.02,0,0
Power Fin.Corpn.,10.84813368019806,0.425531914893617,5.95,0.09319664492078285,0.09319664492078285,0.1863932898415657,12.48,1,0
HDB FINANC SER,6.644052796842815,0.6711409395973155,7.76,0.09267840593141799,0.09267840593141799,0.18535681186283598,11.95,1,0
S C I,3.3055108111603624,0.33557046979865773,18.480000000000004,0.09250693802035152,0.09250693802035152,0.18501387604070305,16.83,0,0
Bajaj Holdings,0.007457502451781628,0.5681818181818182,19.9,0.09242144177449169,0.09242144177449169,0.18484288354898337,19.14,0,0
Gujarat Fluoroch,3.1524604569420034,0.37593984962406013,16.830000000000002,0.09182736455463728,0.09182736455463728,0.18365472910927455,15.4,0,0
NTPC,5.053359293137274,0.53475935828877,13.749999999999998,0.09132420091324202,0.09132420091324202,0.18264840182648404,14.209999999999999,0,0
REC Ltd,13.213337333495797,0.43103448275862066,7.830000000000002,0.09124087591240876,0.09124087591240876,0.18248175182481752,12.690000000000001,1,0
Dr Agarwal's Hea,2.719757562339136,0.41152263374485604,14.06,0.09099181073703366,0.09099181073703366,0.18198362147406733,13.14,0,0
Graphite India,0.5366797677712827,0.21645021645021645,20.169999999999998,0.09000900090009001,0.09000900090009001,0.18001800180018002,16.6,0,0
Aether Industri.,2.128697200514393,0.3003003003003003,19.05,0.08944543828264759,0.08944543828264759,0.17889087656529518,16.81,0,0
Adani Energy Sol,5.237331852230049,0.4291845493562232,12.98,0.08904719501335707,0.08904719501335707,0.17809439002671415,13.600000000000001,0,0
JP Power Ven.,2.0516650342801173,0.2631578947368421,17.419999999999998,0.08880994671403197,0.08880994671403197,0.17761989342806395,14.899999999999999,0,0
Cholaman.Inv.&Fn,5.789538210935656,0.1996007984031936,9.5,0.08818342151675485,0.08818342151675485,0.1763668430335097,12.719999999999999,1,0
Century Plyboard,440.5495978552279,0.4854368932038835,15.56,0.08787346221441124,0.08787346221441124,0.17574692442882248,15.170000000000002,0,0
SBI Cards,22.986425149197277,0.5464480874316939,11.0,0.08771929824561403,0.08771929824561403,0.17543859649122806,13.5,1,0
Ambuja Cements,0.5677038890253983,0.48309178743961345,18.57,0.08695652173913043,0.08695652173913043,0.17391304347826086,17.52,0,1
NLC India,2.7141584206938645,0.5524861878453039,14.78,0.08688097306689835,0.08688097306689835,0.1737619461337967,15.19,0,1
MTAR Technologie,1.8138924019846285,0.3389830508474576,17.16,0.08688097306689835,0.08688097306689835,0.1737619461337967,15.46,0,0
H P C L,4.434320958848078,0.628930817610063,13.57,0.08680555555555555,0.08680555555555555,0.1736111111111111,14.09,0,0
Blackbuck,0.21832789939450398,0.17123287671232876,51.07999999999999,0.08680555555555555,0.08680555555555555,0.1736111111111111,46.25,0,0
Chola Financial,5.467258927031223,0.5181347150259067,0.17999999999999972,0.08643042350907519,0.08643042350907519,0.17286084701815038,12.93,1,1
Jindal Steel,1.7696120817074614,0.5025125628140703,15.6,0.0856898029134533,0.0856898029134533,0.1713796058269066,15.0,0,1
Aster DM Health.,4.904330477643469,0.3225806451612903,14.759999999999998,0.08561643835616438,0.08561643835616438,0.17123287671232876,13.12,0,0
Phoenix Mills,2.3554946847296314,0.44052863436123346,17.67,0.0851063829787234,0.0851063829787234,0.1702127659574468,16.86,0,0
Go Digit General,0.21806445985433295,0.9009009009009008,13.0,0.0847457627118644,0.0847457627118644,0.1694915254237288,12.97,0,0
Tata Power Co.,5.526546010271906,0.5813953488372093,12.72,0.0846740050804403,0.0846740050804403,0.1693480101608806,13.86,0,0
Vardhman Textile,0.8990211575875486,0.16,22.92,0.08453085376162299,0.08453085376162299,0.16906170752324598,17.82,0,1
UltraTech Cem.,2.3621785893954055,0.591715976331361,16.42,0.08410428931875526,0.08410428931875526,0.16820857863751051,16.080000000000002,0,0
Shriram Finance,5.367555878303618,0.1996007984031936,14.129999999999999,0.08368200836820085,0.08368200836820085,0.1673640167364017,13.989999999999998,1,0
Bajaj Finserv,6.314196822790261,0.4716981132075471,9.98,0.0831255195344971,0.0831255195344971,0.1662510390689942,13.989999999999998,1,0
Manappuram Fin.,82.05494364480185,0.13089005235602094,17.16,0.0831255195344971,0.0831255195344971,0.1662510390689942,13.54,1,0
Chalet Hotels,2.6156570912033974,0.6172839506172839,13.22,0.08244023083264633,0.08244023083264633,0.16488046166529266,13.330000000000002,0,1
Anant Raj,5.77266673496568,0.1680672268907563,24.430000000000003,0.08216926869350863,0.08216926869350863,0.16433853738701726,19.61,0,0
Capri Global,3.892279439044297,0.29850746268656714,13.669999999999998,0.08210180623973727,0.08210180623973727,0.16420361247947454,13.84,1,0
CESC,7.284027105517909,0.4807692307692307,14.379999999999999,0.08176614881439084,0.08176614881439084,0.1635322976287817,14.780000000000001,0,0
Bajaj Finance,5.830800227773354,0.26525198938992045,14.26,0.08097165991902834,0.08097165991902834,0.16194331983805668,15.34,0,0
DCM Shriram,1.9288371928208219,0.4081632653061224,17.349999999999998,0.08084074373484236,0.08084074373484236,0.16168148746968472,16.2,0,1
Aadhar Hsg. Fin.,5.814915858834409,0.2004008016032064,17.169999999999998,0.08051529790660225,0.08051529790660225,0.1610305958132045,15.73,0,0
Apollo Tyres,2.4770138256932035,0.4424778761061947,16.97,0.08038585209003216,0.08038585209003216,0.1607717041800643,16.0,0,1
Inox Wind,8.20293609671848,0.29940119760479045,19.459999999999997,0.07987220447284345,0.07987220447284345,0.1597444089456869,17.29,0,1
Ircon Intl.,4.626214510188829,0.3802281368821293,16.169999999999998,0.07936507936507936,0.07936507936507936,0.15873015873015872,15.34,1,0
Syrma SGS Tech.,1.86830835117773,0.35714285714285715,17.72,0.07892659826361484,0.07892659826361484,0.15785319652722968,16.04,0,0
Navin Fluo.Intl.,2.05788636085413,0.26666666666666666,20.37,0.07886435331230283,0.07886435331230283,0.15772870662460567,17.95,0,0
Ventive Hospital,3.7996492055537536,0.373134328358209,15.990000000000002,0.07855459544383346,0.07855459544383346,0.15710919088766692,14.83,0,0
Craftsman Auto,11.644286568424016,0.4694835680751174,15.489999999999998,0.07849293563579278,0.07849293563579278,0.15698587127158556,15.45,0,0
Gland Pharma,0.3300645386740633,0.19493177387914232,22.4,0.07757951900698215,0.07757951900698215,0.1551590380139643,18.3,0,0
ICICI Pru Life,0.27565796741818427,0.49019607843137253,13.18,0.07727975270479134,0.07727975270479134,0.1545595054095827,12.33,1,0
Fortis Health.,2.2419697809716967,0.5102040816326531,19.25,0.07716049382716049,0.07716049382716049,0.15432098765432098,18.630000000000003,0,0
Star Health Insu,0.3406759881415763,0.8695652173913044,15.34,0.07704160246533127,0.07704160246533127,0.15408320493066255,15.25,0,0
Leela Palaces Hotels,3.092095760814617,0.28735632183908044,14.8,0.07704160246533127,0.07704160246533127,0.15408320493066255,12.6,0,0
O N G C,1.9370459888549683,0.53475935828877,17.58,0.07668711656441718,0.07668711656441718,0.15337423312883436,17.189999999999998,0,0
Shyam Metalics,0.568648703661298,0.4716981132075471,18.99,0.07662835249042145,0.07662835249042145,0.1532567049808429,17.97,0,0
Fractal Analyt.,1.079145728643216,0.3508771929824561,20.55,0.07662835249042145,0.07662835249042145,0.1532567049808429,18.950000000000003,0,0
Bharat Forge,3.7045689741506895,0.47619047619047616,17.29,0.07587253414264036,0.07587253414264036,0.15174506828528073,16.9,0,0
ERIS Lifescience,2.2409170645678747,0.5235602094240838,17.900000000000002,0.075642965204236,0.075642965204236,0.151285930408472,17.76,0,0
SRF,1.8505077376240213,0.4739336492890995,18.979999999999997,0.07535795026375283,0.07535795026375283,0.15071590052750566,18.22,0,0
Asahi India Glas,3.9617737215140716,0.3891050583657587,18.75,0.07434944237918216,0.07434944237918216,0.14869888475836432,17.95,0,1
Whirlpool India,0.10988165783907562,0.29154518950437314,20.62,0.07336757153338225,0.07336757153338225,0.1467351430667645,18.21,0,0
Minda Corp,2.816666666666667,0.5181347150259067,19.05,0.07320644216691069,0.07320644216691069,0.14641288433382138,18.75,0,0
JK Tyre & Indust,6.72575582125368,0.45454545454545453,16.799999999999997,0.07256894049346879,0.07256894049346879,0.14513788098693758,16.52,0,0
Power Grid Corpn,3.753937482280536,0.5291005291005291,18.209999999999997,0.07256894049346879,0.07256894049346879,0.14513788098693758,18.689999999999998,0,0
Atul,0.3077979904987337,0.22675736961451246,23.67,0.0724112961622013,0.0724112961622013,0.1448225923244026,20.29,0,0
Oil India,3.1636833541574014,0.390625,20.89,0.07199424046076314,0.07199424046076314,0.14398848092152627,19.97,0,0
Kansai Nerolac,0.4105084947130807,0.2188183807439825,24.130000000000003,0.07127583749109052,0.07127583749109052,0.14255167498218105,20.6,0,0
Alembic Pharma,16.736593591905564,0.3861003861003861,22.35,0.07117437722419928,0.07117437722419928,0.14234875444839856,21.04,0,0
Jubilant Food.,2.734349910125824,0.6578947368421053,14.260000000000002,0.07102272727272728,0.07102272727272728,0.14204545454545456,15.85,0,0
Vishal Mega Mart,1.3361903333404759,0.41493775933609955,20.82,0.07092198581560284,0.07092198581560284,0.14184397163120568,19.68,0,0
Hatsun Agro,1.391883937536789,0.628930817610063,18.509999999999998,0.0708215297450425,0.0708215297450425,0.141643059490085,19.0,0,0
CCL Products,5.598782207850287,0.4132231404958678,21.759999999999998,0.07072135785007072,0.07072135785007072,0.14144271570014144,21.12,0,0
Knowledge Realty,1.0983980265331446,0.27322404371584696,17.05,0.07057163020465773,0.07057163020465773,0.14114326040931546,14.46,0,0
Muthoot Finance,5.274528394711733,0.24937655860349128,16.939999999999998,0.07047216349541931,0.07047216349541931,0.14094432699083861,17.86,0,0
Aegis Logistics,4.361272554945546,0.24875621890547267,24.08,0.07042253521126761,0.07042253521126761,0.14084507042253522,21.47,0,0
General Insuranc,0.0006929726503421869,0.6711409395973155,17.19,0.06983240223463687,0.06983240223463687,0.13966480446927373,16.7,0,0
Brigade Enterpr.,5.3948068372293765,0.4504504504504505,17.12,0.0697350069735007,0.0697350069735007,0.1394700139470014,16.73,0,0
Sansera Enginee.,1.1635766500688631,0.3205128205128205,22.0,0.06954102920723226,0.06954102920723226,0.13908205841446453,20.03,0,0
Bharti Airtel,2.115355749634915,0.7092198581560284,17.470000000000002,0.06906077348066299,0.06906077348066299,0.13812154696132597,18.83,0,1
Syngene Intl.,0.4976895430429574,0.36764705882352944,22.429999999999996,0.06887052341597796,0.06887052341597796,0.13774104683195593,20.83,0,0
Escorts Kubota,0.10307810274947968,0.2136752136752137,27.179999999999996,0.06854009595613433,0.06854009595613433,0.13708019191226867,23.509999999999998,0,0
MRF,1.9430757705479451,0.38759689922480617,21.63,0.06839945280437756,0.06839945280437756,0.13679890560875513,20.24,0,0
Samvardh. Mothe.,3.1456721593078,0.47846889952153115,18.82,0.06821282401091405,0.06821282401091405,0.1364256480218281,18.259999999999998,0,1
Kirloskar Oil,7.4682271535529905,0.4484304932735426,17.86,0.0681198910081744,0.0681198910081744,0.1362397820163488,18.27,0,0
Paradeep Phosph.,4.039920404322968,0.4716981132075471,19.16,0.06793478260869565,0.06793478260869565,0.1358695652173913,18.91,0,0
Thangamayil Jew.,2.645591660980258,0.4,20.16,0.06784260515603799,0.06784260515603799,0.13568521031207598,19.62,0,0
Adani Ports,3.3000392400889753,0.4716981132075471,22.66,0.06756756756756756,0.06756756756756756,0.13513513513513511,22.39,0,0
GE Shipping Co,0.47345527043151237,0.11627906976744186,32.28,0.06729475100942127,0.06729475100942127,0.13458950201884254,24.759999999999998,0,0
Container Corpn.,0.5283088278229998,0.1869158878504673,27.33,0.06724949562878278,0.06724949562878278,0.13449899125756556,23.049999999999997,0,0
United Breweries,3.291124761703029,0.4273504273504274,21.07,0.06720430107526881,0.06720430107526881,0.13440860215053763,19.91,0,0
JSW Infrast,2.5285994365768234,0.2544529262086514,25.88,0.06702412868632708,0.06702412868632708,0.13404825737265416,23.47,0,0
M & M,39.885712397027206,0.425531914893617,19.259999999999998,0.06697923643670463,0.06697923643670463,0.13395847287340926,19.439999999999998,0,0
J K Cements,3.3549080339519373,0.4464285714285714,19.34,0.066711140760507,0.066711140760507,0.133422281521014,19.1,0,0
GAIL (India),1.4256007229264795,0.5235602094240838,22.94,0.06644518272425248,0.06644518272425248,0.13289036544850497,22.28,0,0
Sai Life,1.3253769242977305,0.3424657534246575,22.130000000000003,0.06644518272425248,0.06644518272425248,0.13289036544850497,20.39,0,0
G M D C,0.26239897394305767,0.16181229773462785,28.200000000000003,0.06640106241699867,0.06640106241699867,0.13280212483399734,23.060000000000002,0,0
Aurobindo Pharma,1.985546232187527,0.3508771929824561,23.16,0.06587615283267458,0.06587615283267458,0.13175230566534915,21.53,0,0
JBM Auto,8.055378304466727,0.48780487804878053,17.03,0.06578947368421052,0.06578947368421052,0.13157894736842105,18.22,0,0
Ashok Leyland,421.04804201745577,0.425531914893617,15.749999999999998,0.0655307994757536,0.0655307994757536,0.1310615989515072,18.73,0,1
Kaynes Tech,10.62614018242919,0.3236245954692557,23.419999999999998,0.06544502617801047,0.06544502617801047,0.13089005235602094,21.52,0,0
Belrise Industri,2.0105190036717278,0.3246753246753247,21.44,0.06535947712418301,0.06535947712418301,0.13071895424836602,19.65,0,0
Welspun Living,3.8964120874335975,0.38314176245210724,21.970000000000002,0.06489292667099286,0.06489292667099286,0.12978585334198572,20.92,0,0
Larsen & Toubro,14.626213883652726,0.4444444444444444,19.4,0.0645577792123951,0.0645577792123951,0.1291155584247902,19.47,0,1
Amber Enterp.,3.923934877579401,0.4504504504504505,18.31,0.0645577792123951,0.0645577792123951,0.1291155584247902,17.86,0,0
Ipca Labs.,0.9671788976949605,0.28901734104046245,24.9,0.06361323155216285,0.06361323155216285,0.1272264631043257,22.61,0,0
Rail Vikas,2.6504451385969485,0.3205128205128205,22.720000000000002,0.06361323155216285,0.06361323155216285,0.1272264631043257,21.12,0,0
CIE Automotive,0.33827384072820854,0.4,24.21,0.06353240152477764,0.06353240152477764,0.12706480304955528,22.77,0,0
Tata Comm,4.578248580779652,0.684931506849315,15.79,0.06333122229259025,0.06333122229259025,0.1266624445851805,20.009999999999998,0,0
Hindalco Inds.,3.0673876531072057,0.40485829959514175,22.220000000000002,0.06329113924050632,0.06329113924050632,0.12658227848101264,21.310000000000002,0,0
Max Healthcare,2.2426881963418728,0.5586592178770949,23.660000000000004,0.06297229219143577,0.06297229219143577,0.12594458438287154,23.200000000000003,0,0
Cohance Life,1.5588947295614883,0.25839793281653745,26.5,0.06293266205160478,0.06293266205160478,0.12586532410320955,23.75,0,0
360 ONE,5.707053033538292,0.25380710659898476,22.580000000000002,0.06285355122564425,0.06285355122564425,0.1257071024512885,21.11,0,1
Krishna Institu.,5.4684282772820865,0.5813953488372093,22.64,0.0625,0.0625,0.125,23.32,0,0
Kalyan Jewellers,4.407600793126239,0.4366812227074236,20.45,0.06238303181534622,0.06238303181534622,0.12476606363069244,20.16,0,0
Aptus Value Hou.,5.201428256431777,0.06146281499692686,36.169999999999995,0.06230529595015576,0.06230529595015576,0.12461059190031153,22.47,0,0
Granules India,2.08275989257351,0.43859649122807015,24.180000000000003,0.06195786864931846,0.06195786864931846,0.12391573729863692,23.35,0,0
Guj.St.Petronet,0.05095464740959572,0.4,24.87,0.06188118811881188,0.06188118811881188,0.12376237623762376,23.380000000000003,0,1
TVS Holdings,9.751444465498274,0.5235602094240838,14.650000000000002,0.061690314620604564,0.061690314620604564,0.12338062924120913,19.990000000000002,0,0
Sarda Energy,3.0230630427427543,0.2008032128514056,27.38,0.06146281499692686,0.06146281499692686,0.12292562999385372,23.78,0,0
TVS Motor Co.,9.015414164706957,0.4807692307692307,17.689999999999998,0.061162079510703356,0.061162079510703356,0.12232415902140671,20.5,0,0
Firstsour.Solu.,3.3740777666999002,0.5076142131979695,24.36,0.06108735491753208,0.06108735491753208,0.12217470983506416,23.93,0,0
CEAT,2.8488874249743814,0.6060606060606061,20.03,0.06097560975609757,0.06097560975609757,0.12195121951219513,20.060000000000002,0,0
Patanjali Foods,14.568610677804056,0.3225806451612903,26.45,0.060422960725075525,0.060422960725075525,0.12084592145015105,24.59,0,0
BEML Ltd,3.617097545079296,0.2881844380403458,22.780000000000005,0.06038647342995168,0.06038647342995168,0.12077294685990336,20.55,0,0
Lodha Developers,6.146048768032682,0.35335689045936397,22.7,0.0601684717208183,0.0601684717208183,0.1203369434416366,21.32,0,0
Deepak Fertilis.,2.3609530696670316,0.4098360655737705,23.9,0.05998800239952009,0.05998800239952009,0.11997600479904018,23.14,0,0
Siemens,0.3867447431461273,0.2824858757062147,25.819999999999997,0.05941770647653001,0.05941770647653001,0.11883541295306002,23.29,0,0
Kalpataru Proj.,5.276408546915131,0.4444444444444444,18.869999999999997,0.058997050147492625,0.058997050147492625,0.11799410029498525,18.31,0,0
Torrent Power,2.170490084083972,0.44052863436123346,24.95,0.058997050147492625,0.058997050147492625,0.11799410029498525,24.229999999999997,0,0
Mankind Pharma,3.4661693685335364,0.4672897196261683,25.46,0.058892815076560655,0.058892815076560655,0.11778563015312131,24.87,0,0
Carborundum Uni.,1.009107587472153,0.2557544757033248,27.440000000000005,0.05841121495327103,0.05841121495327103,0.11682242990654206,24.61,0,0
B P C L,2.2368892160452454,0.5376344086021506,22.98,0.05807200929152149,0.05807200929152149,0.11614401858304298,22.68,0,0
Thermax,1.7348317190239415,0.4291845493562232,22.86,0.05807200929152149,0.05807200929152149,0.11614401858304298,21.89,0,0
Radico Khaitan,1.7171105174740435,0.37735849056603776,25.659999999999997,0.0580046403712297,0.0580046403712297,0.1160092807424594,24.22,0,0
Deepak Nitrite,1.9880134249640402,0.24038461538461536,29.07,0.057870370370370364,0.057870370370370364,0.11574074074074073,26.14,0,1
Blue Dart Expres,1.4679671792642504,0.4608294930875576,23.49,0.05770340450086556,0.05770340450086556,0.11540680900173111,22.979999999999997,0,0
Five-Star Bus.Fi,8.008030976624122,0.09090909090909091,33.330000000000005,0.05767012687427912,0.05767012687427912,0.11534025374855825,24.560000000000002,0,0
Privi Speci.,3.799688064939208,0.4444444444444444,23.980000000000004,0.057405281285878296,0.057405281285878296,0.11481056257175659,23.590000000000003,0,0
Techno Elec.Engg,0.1348648708178234,0.17421602787456444,30.88,0.05701254275940707,0.05701254275940707,0.11402508551881414,26.159999999999997,0,0
EID Parry,1.3759387629749302,0.4166666666666667,23.970000000000002,0.05685048322910745,0.05685048322910745,0.1137009664582149,22.88,0,0
Godrej Agrovet,2.2245501576766906,0.5714285714285714,23.43,0.05685048322910745,0.05685048322910745,0.1137009664582149,23.87,0,0
Apollo Hospitals,3.7368765790212404,0.37878787878787884,25.17,0.056689342403628114,0.056689342403628114,0.11337868480725623,24.41,0,0
Balkrishna Inds,2.085936526281201,0.49504950495049505,27.7,0.05659309564233163,0.05659309564233163,0.11318619128466326,27.03,0,0
Amara Raja Ener.,0.20809475366952476,0.3861003861003861,27.58,0.056338028169014086,0.056338028169014086,0.11267605633802817,26.03,0,0
Affle 3i,0.09000210777769971,0.2169197396963124,31.509999999999998,0.05611672278338945,0.05611672278338945,0.1122334455667789,27.91,0,0
SBI Life Insuran,0.0,0.5076142131979695,18.41,0.055928411633109625,0.055928411633109625,0.11185682326621925,17.439999999999998,0,0
Linde India,0.11529250769757099,0.5319148936170213,26.75,0.0558659217877095,0.0558659217877095,0.111731843575419,25.89,0,0
Shaily Engineer.,1.9605630887071732,0.47846889952153115,26.45,0.05564830272676684,0.05564830272676684,0.11129660545353368,25.7,0,0
Cupid,2.2042833607907744,0.12269938650306748,36.17,0.055248618784530384,0.055248618784530384,0.11049723756906077,29.090000000000003,0,0
Kajaria Ceramics,0.577840196019841,0.28901734104046245,27.889999999999997,0.05515719801434087,0.05515719801434087,0.11031439602868175,25.53,0,0
Sundram Fasten.,1.746953590873736,0.3278688524590164,29.330000000000002,0.05512679162072767,0.05512679162072767,0.11025358324145534,27.46,0,1
Nava,0.739463867843655,0.11415525114155252,38.43,0.0550357732526142,0.0550357732526142,0.1100715465052284,30.87,0,0
Indian Hotels Co,1.469451618633761,0.33222591362126247,29.92,0.05491488193300384,0.05491488193300384,0.10982976386600768,28.19,0,0
V-Guard Industri,0.15650182944622773,0.36900369003690037,27.54,0.05485463521667581,0.05485463521667581,0.10970927043335162,25.86,0,1
Endurance Tech.,0.8017929261624986,0.4065040650406504,27.730000000000004,0.054764512595837894,0.054764512595837894,0.10952902519167579,26.470000000000002,0,0
Interglobe Aviat,3.1208441890325234,0.41152263374485604,15.83,0.05452562704471101,0.05452562704471101,0.10905125408942203,23.23,0,0
ACC,0.28347192375969354,0.33112582781456956,28.900000000000002,0.054229934924078085,0.054229934924078085,0.10845986984815617,26.900000000000002,0,0
Bharti Hexacom,1.4414434069290514,0.7633587786259541,23.73,0.054229934924078085,0.054229934924078085,0.10845986984815617,24.48,0,0
Adani Total Gas,2.0801455118306094,0.6211180124223603,26.819999999999997,0.05414185165132648,0.05414185165132648,0.10828370330265295,26.659999999999997,0,0
Voltas,7.796188530051974,0.40485829959514175,25.39,0.0536480686695279,0.0536480686695279,0.1072961373390558,24.2,0,0
Finolex Cables,0.10333733493397358,0.11534025374855825,37.120000000000005,0.05356186395286555,0.05356186395286555,0.1071237279057311,29.450000000000003,0,0
Oberoi Realty,1.3991070355614306,0.1890359168241966,32.07,0.05339028296849973,0.05339028296849973,0.10678056593699946,27.96,0,0
Tega Inds.,1.5579248074274346,0.2824858757062147,30.2,0.05319148936170213,0.05319148936170213,0.10638297872340426,27.87,0,0
Sona BLW Precis.,0.27234311186693977,0.19379844961240308,33.160000000000004,0.053134962805526036,0.053134962805526036,0.10626992561105207,29.04,0,0
Avenue Super.,0.6530883087050574,0.28653295128939826,32.23,0.052770448548812667,0.052770448548812667,0.10554089709762533,29.81,0,0
KEC International,12.63606065655724,0.4566210045662101,20.98,0.05268703898840885,0.05268703898840885,0.1053740779768177,20.73,0,0
BASF India,0.36978926319027844,0.36363636363636365,25.8,0.052576235541535225,0.052576235541535225,0.10515247108307045,24.09,0,1
Jindal Stain.,1.4540043565229186,0.46511627906976744,26.430000000000003,0.05219206680584551,0.05219206680584551,0.10438413361169102,25.66,0,0
Bikaji Foods,1.5927697212794405,0.3105590062111801,31.439999999999998,0.05219206680584551,0.05219206680584551,0.10438413361169102,29.43,0,0
Honeywell Auto,0.21717762695998127,0.21321961620469085,32.05,0.051546391752577324,0.051546391752577324,0.10309278350515465,28.38,0,0
Tech Mahindra,0.33773998997701626,0.35335689045936397,29.36,0.05112474437627812,0.05112474437627812,0.10224948875255624,27.599999999999998,0,0
Neuland Labs.,0.8308624913625227,0.33783783783783783,30.84,0.0508646998982706,0.0508646998982706,0.1017293997965412,29.04,0,0
Motil.Oswal.Fin.,12.911969397828235,0.3802281368821293,26.720000000000002,0.05083884087442806,0.05083884087442806,0.10167768174885612,26.310000000000002,0,0
Rainbow Child.,2.057479957646347,0.22271714922048996,32.120000000000005,0.05078720162519045,0.05078720162519045,0.1015744032503809,29.17,0,0
Usha Martin,0.6249645188759579,0.2463054187192118,33.22,0.05063291139240506,0.05063291139240506,0.10126582278481013,30.25,0,0
Uno Minda,2.659011440879465,0.4291845493562232,29.059999999999995,0.05042864346949068,0.05042864346949068,0.10085728693898136,28.189999999999998,0,0
Redington,8.884510591921531,0.4132231404958678,25.14,0.05025125628140704,0.05025125628140704,0.10050251256281408,24.009999999999998,0,0
AIA Engineering,0.878407303298347,0.1579778830963665,37.77,0.0502008032128514,0.0502008032128514,0.1004016064257028,32.58,0,0
Crompton Gr. Con,0.2524071992524478,0.41493775933609955,29.46,0.04997501249375312,0.04997501249375312,0.09995002498750624,28.1,0,0
Lumax Auto Tech.,3.809839102542111,0.49751243781094534,26.709999999999997,0.04995004995004995,0.04995004995004995,0.0999000999000999,26.75,0,0
Titan Company,22.998154981549817,0.4424778761061947,28.67,0.04965243296921549,0.04965243296921549,0.09930486593843098,28.380000000000003,0,0
Happy Forgings,0.6566334878647395,0.24096385542168672,35.27,0.04957858205255329,0.04957858205255329,0.09915716410510658,32.22,0,0
L T Foods,3.8931175836030207,0.33222591362126247,29.82,0.049554013875123884,0.049554013875123884,0.09910802775024777,28.240000000000002,0,0
Gallantt Ispat L,1.132804415315626,0.2824858757062147,33.49,0.04950495049504951,0.04950495049504951,0.09900990099009901,31.16,0,0
Godrej Consumer,1.5957676268063232,0.5025125628140703,29.790000000000003,0.04948045522018803,0.04948045522018803,0.09896091044037605,29.14,0,0
PG Electroplast,7.61000128882588,0.32679738562091504,28.970000000000002,0.049115913555992145,0.049115913555992145,0.09823182711198429,27.11,0,0
Jindal Saw,2.2233579891788233,0.39525691699604737,27.6,0.049091801669121256,0.049091801669121256,0.09818360333824251,26.5,0,0
Glenmark Pharma.,1.477395607048033,0.37735849056603776,29.61,0.04901960784313726,0.04901960784313726,0.09803921568627452,28.089999999999996,0,0
Metro Brands,2.059510686727843,0.2801120448179272,31.470000000000006,0.04897159647404505,0.04897159647404505,0.0979431929480901,29.69,0,0
Hitachi Energy,0.05651705613572657,0.36900369003690037,26.900000000000002,0.04892367906066536,0.04892367906066536,0.09784735812133072,25.21,0,0
Aditya Infotech,4.522155264090747,0.40485829959514175,27.12,0.04880429477794046,0.04880429477794046,0.09760858955588092,25.729999999999997,0,0
Gujarat Gas,0.08370875441373433,0.48780487804878053,30.02,0.04878048780487805,0.04878048780487805,0.0975609756097561,28.990000000000002,0,0
Wipro,0.9539708208409076,0.3067484662576687,32.400000000000006,0.04875670404680643,0.04875670404680643,0.09751340809361286,30.330000000000002,0,0
Bharat Dynamics,0.007363857711265515,0.30303030303030304,26.9,0.0484027105517909,0.0484027105517909,0.0968054211035818,24.6,0,0
Astral,0.40532825880114176,0.35714285714285715,31.96,0.048285852245292124,0.048285852245292124,0.09657170449058425,30.23,0,0
Varun Beverages,0.7145180909948123,0.3401360544217687,33.68,0.048285852245292124,0.048285852245292124,0.09657170449058425,31.87,0,0
Global Health,1.512420769575517,0.29411764705882354,33.35,0.048216007714561235,0.048216007714561235,0.09643201542912247,31.2,0,0
R R Kabel,0.7925312878482035,0.3508771929824561,30.939999999999998,0.04814636494944632,0.04814636494944632,0.09629272989889263,29.259999999999998,0,0
K P R Mill Ltd,0.2463489075246734,0.13774104683195593,39.53,0.04798464491362764,0.04798464491362764,0.09596928982725528,33.33,0,1
Acutaas Chemical,0.06996815820345231,0.2173913043478261,35.64000000000001,0.04780114722753346,0.04780114722753346,0.09560229445506692,32.050000000000004,0,0
Choice Intl.,1.652914100047384,0.36764705882352944,28.630000000000003,0.0477326968973747,0.0477326968973747,0.0954653937947494,27.31,0,0
Tata Motors PVeh,1.0658447300445304,0.5263157894736842,27.91,0.047687172150691466,0.047687172150691466,0.09537434430138293,27.619999999999997,0,0
Poly Medicure,0.9922541628696878,0.20449897750511245,37.120000000000005,0.04743833017077799,0.04743833017077799,0.09487666034155598,33.31,0,0
ZF Commercial,0.22428545421445478,0.14124293785310735,38.9,0.047281323877068564,0.047281323877068564,0.09456264775413713,32.839999999999996,0,0
Sun Pharma.Inds.,0.37057248976592916,0.2801120448179272,35.68,0.04714757190004715,0.04714757190004715,0.0942951438000943,33.18,0,0
Dabur India,0.6547251917997736,0.35335689045936397,33.01,0.04708097928436912,0.04708097928436912,0.09416195856873824,31.299999999999997,0,0
Coforge,0.7846700589613117,0.3891050583657587,31.82,0.046860356138706656,0.046860356138706656,0.09372071227741331,30.39,0,0
Cochin Shipyard,3.8796889464913904,0.43103448275862066,28.25,0.046838407494145196,0.046838407494145196,0.09367681498829039,27.11,0,1
Alkem Lab,1.2308238933244158,0.28653295128939826,35.99,0.046772684752104776,0.046772684752104776,0.09354536950420955,33.68,0,1
Sun TV Network,0.08789240901879718,0.10515247108307045,43.37,0.04672897196261683,0.04672897196261683,0.09345794392523366,34.87,0,0
Nuvama Wealth,24.118808954341457,0.39840637450199207,23.58,0.04672897196261683,0.04672897196261683,0.09345794392523366,24.439999999999998,0,0
Divi's Lab.,0.05441354292623942,0.14925373134328357,39.660000000000004,0.046641791044776115,0.046641791044776115,0.09328358208955223,33.97,0,0
Vinati Organics,0.0,0.16611295681063123,39.269999999999996,0.04627487274409996,0.04627487274409996,0.09254974548819991,34.25,0,0
Emcure Pharma,1.945819798055611,0.3968253968253968,30.869999999999997,0.04604051565377532,0.04604051565377532,0.09208103130755065,29.7,0,0
Narayana Hrudaya,2.3715721842761304,0.31746031746031744,34.540000000000006,0.04597701149425287,0.04597701149425287,0.09195402298850575,32.97,0,0
Indraprastha Gas,0.046181471042822074,0.4587155963302753,33.120000000000005,0.04576659038901602,0.04576659038901602,0.09153318077803203,31.950000000000003,0,0
AWL Agri Busine.,0.5095899455523576,0.45454545454545453,27.810000000000002,0.04568296025582458,0.04568296025582458,0.09136592051164916,26.72,0,0
Grindwell Norton,0.1739754945700668,0.27548209366391185,35.449999999999996,0.04566210045662101,0.04566210045662101,0.09132420091324202,32.86,0,0
Timken India,0.03919649755343806,0.22675736961451246,38.24,0.045599635202918376,0.045599635202918376,0.09119927040583675,34.84,0,0
Birlasoft Ltd,0.25717052946373953,0.19880715705765406,37.059999999999995,0.04555808656036447,0.04555808656036447,0.09111617312072894,33.07,0,0
Data Pattern,0.06393045774647887,0.10834236186348863,41.41,0.045454545454545456,0.045454545454545456,0.09090909090909091,33.18,0,0
Allied Blenders,1.5537811662888936,0.42372881355932196,28.049999999999997,0.045289855072463775,0.045289855072463775,0.09057971014492755,27.369999999999997,0,0
Bosch,0.045948450134770884,0.3597122302158273,33.58,0.045228403437358664,0.045228403437358664,0.09045680687471733,31.81,0,0
Welspun Corp,1.027015890527491,0.4329004329004329,31.289999999999996,0.04496402877697842,0.04496402877697842,0.08992805755395684,30.169999999999998,0,0
Zensar Tech.,0.20724381625441696,0.21231422505307856,37.730000000000004,0.04488330341113106,0.04488330341113106,0.08976660682226212,34.05,0,0
KEI Industries,7.077988557663354,0.2232142857142857,36.43,0.04486316733961418,0.04486316733961418,0.08972633467922836,32.989999999999995,0,0
Lupin,2.0716842056155738,0.3484320557491289,35.26,0.04484304932735426,0.04484304932735426,0.08968609865470852,33.71,0,0
Jupiter Wagons,2.931581039451456,0.32894736842105265,34.449999999999996,0.0444642063139173,0.0444642063139173,0.0889284126278346,32.62,0,1
Gravita India,1.5718624196624056,0.1594896331738437,41.54,0.044444444444444446,0.044444444444444446,0.08888888888888889,36.47,0,0
Ratnamani Metals,0.4488291575146123,0.2145922746781116,37.22,0.0444247001332741,0.0444247001332741,0.0888494002665482,33.620000000000005,0,0
Pfizer,0.06504729474082481,0.15673981191222572,41.01,0.044208664898320066,0.044208664898320066,0.08841732979664013,35.64,0,0
Maruti Suzuki,0.006190665047220088,0.5208333333333334,34.31,0.04405286343612335,0.04405286343612335,0.0881057268722467,33.39,0,0
Tube Investments,0.580504113108423,0.35842293906810035,30.869999999999997,0.043802014892685065,0.043802014892685065,0.08760402978537013,29.169999999999998,0,0
Elgi Equipments,1.3462618014799694,0.3205128205128205,35.7,0.04364906154517678,0.04364906154517678,0.08729812309035356,33.84,0,0
Himadri Special,1.929151967132586,0.2976190476190476,36.35,0.0434593654932638,0.0434593654932638,0.0869187309865276,34.2,0,0
Supreme Inds.,0.3205370650529501,0.3448275862068966,37.33,0.043402777777777776,0.043402777777777776,0.08680555555555555,35.489999999999995,0,0
APL Apollo Tubes,0.5892133610040519,0.43859649122807015,33.5,0.04280821917808219,0.04280821917808219,0.08561643835616438,32.379999999999995,0,0
Afcons Infrastr.,30.429287352416544,0.4347826086956522,26.75,0.042498937526561836,0.042498937526561836,0.08499787505312367,26.18,1,0
Adani Power,2.2539039191967674,0.38759689922480617,35.75,0.04248088360237893,0.04248088360237893,0.08496176720475786,35.0,0,1
Dr Reddy's Labs,1.2606055385675523,0.3508771929824561,37.330000000000005,0.04221190375685943,0.04221190375685943,0.08442380751371886,35.64,0,0
Mphasis,1.0382069037876402,0.45248868778280543,35.39,0.04217629692113032,0.04217629692113032,0.08435259384226064,34.39,0,0
Cipla,0.093362338642983,0.20161290322580647,41.39,0.04215851602023609,0.04215851602023609,0.08431703204047218,37.44,0,1
Supreme Petroch.,0.40947432941245143,0.3436426116838488,35.94,0.04208754208754208,0.04208754208754208,0.08417508417508417,34.09,0,0
P I Industries,0.17128712871287127,0.19801980198019803,41.35,0.041911148365465216,0.041911148365465216,0.08382229673093043,37.32,0,0
Coromandel Inter,0.5969260856687265,0.39525691699604737,34.51,0.04132231404958678,0.04132231404958678,0.08264462809917356,33.1,0,0
Godawari Power,0.21413113803181402,0.23529411764705882,40.32,0.041237113402061855,0.041237113402061855,0.08247422680412371,37.11,0,0
EIH,0.3027309703660662,0.25,41.08,0.04093327875562833,0.04093327875562833,0.08186655751125665,38.129999999999995,0,0
N S D L,0.03449941844859981,0.4566210045662101,37.26,0.0407000407000407,0.0407000407000407,0.0814000814000814,36.08,0,0
UTI AMC,0.0,0.5813953488372093,40.459999999999994,0.04045307443365696,0.04045307443365696,0.08090614886731393,39.739999999999995,0,0
Hindustan Copper,0.2611542058645541,0.42194092827004215,37.95,0.04040404040404041,0.04040404040404041,0.08080808080808081,36.63,0,0
Avanti Feeds,0.025659423260899275,0.17825311942959002,44.28,0.040016006402561026,0.040016006402561026,0.08003201280512205,39.67,0,1
Zydus Lifesci.,1.4217359871342787,0.3401360544217687,40.51,0.039510075069142635,0.039510075069142635,0.07902015013828527,38.95,0,1
Jyoti CNC Auto.,6.804942215540731,0.29940119760479045,39.28,0.03944773175542406,0.03944773175542406,0.07889546351084813,37.34,0,1
KSB,0.05555555555555556,0.33003300330033003,37.79,0.03918495297805643,0.03918495297805643,0.07836990595611286,35.76,0,0
Bayer Crop Sci.,0.38783269961977185,0.303951367781155,38.620000000000005,0.03875968992248062,0.03875968992248062,0.07751937984496124,36.36,0,0
Indegene,0.27545721381801763,0.16778523489932887,43.910000000000004,0.03875968992248062,0.03875968992248062,0.07751937984496124,38.99,0,0
ICICI Lombard,0.0,0.78125,28.93,0.038669760247486466,0.038669760247486466,0.07733952049497293,28.65,0,0
Berger Paints,0.549057123735286,0.3367003367003367,40.15,0.03861003861003861,0.03861003861003861,0.07722007722007722,38.29,0,0
Alivus Life,0.15400489147049834,0.16501650165016502,45.33,0.038580246913580245,0.038580246913580245,0.07716049382716049,40.29,0,0
Engineers India,0.17944298285403248,0.4608294930875576,37.56,0.03844675124951941,0.03844675124951941,0.07689350249903883,36.400000000000006,0,0
Sumitomo Chemi.,0.10567055140024352,0.24154589371980673,42.169999999999995,0.03825554705432287,0.03825554705432287,0.07651109410864575,39.05,0,0
Vedanta,2.150115006445416,0.5780346820809249,33.64000000000001,0.03808073115003808,0.03808073115003808,0.07616146230007616,35.03,0,0
Havells India,0.18860508214127905,0.36363636363636365,38.33,0.037993920972644375,0.037993920972644375,0.07598784194528875,36.61,0,0
Petronet LNG,0.5693806661635128,0.1996007984031936,44.2,0.037893141341417205,0.037893141341417205,0.07578628268283441,40.31,0,0
Shriram Pistons,1.2324865634618036,0.2840909090909091,42.89,0.03745318352059925,0.03745318352059925,0.0749063670411985,40.57,0,0
Asian Paints,0.8038694135088227,0.31446540880503143,40.9,0.037425149700598806,0.037425149700598806,0.07485029940119761,38.9,0,0
J B Chemicals &,0.021285073883446786,0.20876826722338204,45.07,0.037327360955580445,0.037327360955580445,0.07465472191116089,41.29,0,1
Angel One,2.3937039186603903,0.40485829959514175,34.279999999999994,0.03731343283582089,0.03731343283582089,0.07462686567164178,33.58,0,0
Tata Technolog.,0.352345590860407,0.38759689922480617,38.37,0.03731343283582089,0.03731343283582089,0.07462686567164178,36.86,0,0
Caplin Point Lab,0.012252809377668043,0.10905125408942203,52.34,0.037243947858472994,0.037243947858472994,0.07448789571694599,44.17,0,1
Rubicon Research,3.5430765388937444,0.42194092827004215,36.98,0.03696857670979667,0.03696857670979667,0.07393715341959334,36.49,0,1
Gabriel India,0.19754509697545095,0.35460992907801414,40.269999999999996,0.036845983787767135,0.036845983787767135,0.07369196757553427,38.47,0,0
DOMS Industries,0.875766288721315,0.29411764705882354,44.26,0.03679175864606328,0.03679175864606328,0.07358351729212656,42.01,0,0
Blue Star,1.4950440448720739,0.43859649122807015,35.03,0.03676470588235294,0.03676470588235294,0.07352941176470588,34.08,0,0
Godfrey Phillips,1.6190300230946881,0.30959752321981426,43.269999999999996,0.036603221083455345,0.036603221083455345,0.07320644216691069,41.07,0,0
Fine Organic,0.07980487804878049,0.07770007770007771,56.03,0.03650967506389193,0.03650967506389193,0.07301935012778386,44.17,0,1
United Spirits,0.21149897330595482,0.3367003367003367,40.760000000000005,0.03636363636363636,0.03636363636363636,0.07272727272727272,38.84,0,0
TBO Tek,2.4800207039337474,0.4329004329004329,31.34,0.036127167630057806,0.036127167630057806,0.07225433526011561,30.55,0,0
Chambal Fert.,0.07195497885153057,0.3058103975535168,42.830000000000005,0.03602305475504323,0.03602305475504323,0.07204610951008646,40.57,0,0
Torrent Pharma.,1.091214217492682,0.4166666666666667,41.38,0.035650623885918005,0.035650623885918005,0.07130124777183601,40.31,0,1
Inventurus Knowl,2.402270375364546,0.42016806722689076,44.949999999999996,0.03546099290780142,0.03546099290780142,0.07092198581560284,43.91,0,0
Jain Resource,42.11015193370166,0.4065040650406504,41.050000000000004,0.03546099290780142,0.03546099290780142,0.07092198581560284,40.489999999999995,0,0
HBL Engineering,0.36328808195219453,0.2463054187192118,45.63999999999999,0.03529827038475115,0.03529827038475115,0.0705965407695023,42.62,0,0
Kirl. Brothers,0.5663355065714581,0.3472222222222222,41.26,0.03497726477789437,0.03497726477789437,0.06995452955578874,39.480000000000004,0,0
LTIMindtree,0.5240168910002638,0.2232142857142857,46.839999999999996,0.0349283967865875,0.0349283967865875,0.069856793573175,43.46,0,0
Hind. Unilever,0.1493227896020863,0.47846889952153115,42.09,0.03466204506065858,0.03466204506065858,0.06932409012131716,41.04,0,0
eClerx Services,0.6025899148897227,0.17271157167530224,49.75,0.03451846738004833,0.03451846738004833,0.06903693476009666,45.11,0,0
Emmvee Photovol.,3.344367629117527,0.42016806722689076,39.36000000000001,0.03447087211306446,0.03447087211306446,0.06894174422612892,40.13,0,0
Bajaj Auto,14.000895796156609,0.5154639175257733,44.05,0.034411562284927734,0.034411562284927734,0.06882312456985547,43.69,0,0
Tilaknagar Inds.,0.2713186935681641,0.13661202185792348,54.75,0.0342583076396026,0.0342583076396026,0.0685166152792052,48.45,0,1
L&T Technology,0.4250725322177991,0.30303030303030304,44.41,0.03414134516899966,0.03414134516899966,0.06828269033799932,42.21,0,0
Concord Biotech,0.006557510589768655,0.12531328320802004,54.42,0.034071550255536626,0.034071550255536626,0.06814310051107325,47.44,0,0
Anthem Bioscienc,0.2570944818047408,0.17513134851138354,50.52,0.03389830508474576,0.03389830508474576,0.06779661016949153,45.85,0,0
Dr Lal Pathlabs,0.27373703697204727,0.22172949002217296,51.43,0.03346720214190094,0.03346720214190094,0.06693440428380187,47.989999999999995,0,0
Bharat Coking,0.29237984175350157,0.4464285714285714,37.68,0.03342245989304812,0.03342245989304812,0.06684491978609625,36.480000000000004,0,1
Indus Towers,1.0662526722997048,0.4065040650406504,46.13,0.03334444814938313,0.03334444814938313,0.06668889629876626,45.25,0,0
NMDC,1.9203336710143093,0.25839793281653745,49.36,0.032690421706440015,0.032690421706440015,0.06538084341288003,46.6,0,0
Polycab India,0.12330273606958714,0.3401360544217687,46.79,0.032552083333333336,0.032552083333333336,0.06510416666666667,44.87,0,0
Schaeffler India,0.029333392878408953,0.2808988764044944,49.68,0.03247807729782397,0.03247807729782397,0.06495615459564794,47.129999999999995,0,0
Eicher Motors,0.11197914050018588,0.3861003861003861,50.23,0.03245699448231094,0.03245699448231094,0.06491398896462187,48.66,0,0
Pidilite Inds.,0.19354965619440204,0.31746031746031744,48.16,0.0324254215304799,0.0324254215304799,0.0648508430609598,46.06,0,0
A B B,0.0694949693573231,0.3278688524590164,44.77,0.03236245954692557,0.03236245954692557,0.06472491909385114,42.73,0,1
Force Motors,0.0,0.35460992907801414,43.339999999999996,0.032268473701193935,0.032268473701193935,0.06453694740238787,41.519999999999996,0,0
Hexaware Tech.,0.39118441468881104,0.4098360655737705,45.91,0.03225806451612903,0.03225806451612903,0.06451612903225806,44.58,0,0
Hero Motocorp,0.16705557196997015,0.34602076124567477,47.81999999999999,0.03190810465858328,0.03190810465858328,0.06381620931716656,45.96,0,0
TD Power Systems,0.8820335636722606,0.3003003003003003,47.18,0.03189792663476874,0.03189792663476874,0.06379585326953748,44.89,0,0
Persistent Systems,0.3488496614619317,0.2898550724637681,49.67,0.031806615776081425,0.031806615776081425,0.06361323155216285,47.28,0,0
Trent,1.4131837053974368,0.4464285714285714,48.88999999999999,0.031535793125197095,0.031535793125197095,0.06307158625039419,48.03,0,0
Authum Invest,1.6616132926223106,0.3389830508474576,63.92999999999999,0.03139717425431711,0.03139717425431711,0.06279434850863422,62.150000000000006,0,0
Corona Remedies,0.32748446394067576,0.41152263374485604,49.8,0.030797659377887282,0.030797659377887282,0.061595318755774564,48.47,0,0
HCL Technologies,0.3045548468241847,0.303951367781155,50.74999999999999,0.030665440049064706,0.030665440049064706,0.06133088009812941,48.56,0,0
Ajanta Pharma,0.21229807551177227,0.2544529262086514,54.669999999999995,0.029967036260113877,0.029967036260113877,0.059934072520227755,51.8,0,0
Emami,0.08023548825903708,0.267379679144385,57.87,0.029922202274087373,0.029922202274087373,0.059844404548174746,55.150000000000006,0,0
Netweb Technol.,1.2653061224489794,0.3194888178913738,49.7,0.029895366218236172,0.029895366218236172,0.059790732436472344,47.6,0,0
Suzlon Energy,0.36323378714683063,0.38314176245210724,54.71000000000001,0.029832935560859187,0.029832935560859187,0.059665871121718374,53.150000000000006,0,0
Apar Inds.,0.5447323799716624,0.4,41.89,0.029673590504451036,0.029673590504451036,0.05934718100890207,40.53,0,0
KFin Technolog.,0.11852963240810203,0.1858736059479554,57.17999999999999,0.02962962962962963,0.02962962962962963,0.05925925925925926,52.83,0,0
Natco Pharma,0.15355165508304866,0.19607843137254904,61.08,0.02960331557134399,0.02960331557134399,0.05920663114268798,57.010000000000005,0,0
NBCC,0.00048618180160743855,0.45454545454545453,39.050000000000004,0.029265437518290898,0.029265437518290898,0.058530875036581796,37.85,0,0
Astrazeneca Phar,0.5242616033755274,0.3484320557491289,48.72,0.029069767441860465,0.029069767441860465,0.05813953488372093,46.89,0,0
Hind.Aeronautics,0.0008355039334645711,0.31347962382445144,44.89,0.0286697247706422,0.0286697247706422,0.0573394495412844,42.7,0,0
Indiamart Inter.,0.04533730635523301,0.30303030303030304,50.46,0.028376844494892167,0.028376844494892167,0.056753688989784334,48.17,0,0
CRISIL,0.3874500691851813,0.3472222222222222,54.25,0.028089887640449437,0.028089887640449437,0.056179775280898875,52.47,0,0
Waaree Energies,0.9308149822265692,0.4016064257028112,48.57,0.02782415136338342,0.02782415136338342,0.05564830272676684,47.339999999999996,0,0
Aditya AMC,0.09690195636240627,0.5050505050505051,60.91,0.027389756231169543,0.027389756231169543,0.054779512462339086,59.95,0,0
The Bombay Burmah,1.0812460774804586,0.48780487804878053,54.08,0.027382256297918947,0.027382256297918947,0.054764512595837894,53.42,0,0
Tata Elxsi,0.2080001968068095,0.1858736059479554,63.769999999999996,0.026838432635534086,0.026838432635534086,0.05367686527106817,59.45,0,0
Cummins India,0.014443666733892496,0.24038461538461536,60.33,0.02679528403001072,0.02679528403001072,0.05359056806002144,57.17,0,0
Garden Reach Sh.,1.9276672694394215,0.4566210045662101,42.84,0.026567481402763018,0.026567481402763018,0.053134962805526036,41.66,0,0
ITC,0.020590491058563518,0.24752475247524752,61.98,0.026462026991267533,0.026462026991267533,0.052924053982535066,58.95,0,0
Zen Technologies,0.12188497317851564,0.11337868480725623,66.41,0.026164311878597593,0.026164311878597593,0.052328623757195186,58.599999999999994,0,0
CG Power & Ind,0.12356413022783524,0.36764705882352944,53.709999999999994,0.02598752598752599,0.02598752598752599,0.05197505197505198,52.01,0,1
Infosys,0.24642106737638325,0.35587188612099646,57.82,0.025974025974025976,0.025974025974025976,0.05194805194805195,56.120000000000005,0,0
Inox India,0.8082459136374726,0.37593984962406013,54.88999999999999,0.025654181631605953,0.025654181631605953,0.051308363263211906,53.33,0,0
Solar Industries,0.3546966652623392,0.3472222222222222,59.379999999999995,0.02555583950932788,0.02555583950932788,0.05111167901865576,57.67,0,0
3M India,0.2901432181971356,0.3048780487804878,55.59,0.02552974214960429,0.02552974214960429,0.05105948429920858,53.370000000000005,0,0
Lloyds Metals,6.7671303280998725,0.4926108374384236,59.95,0.02545824847250509,0.02545824847250509,0.05091649694501018,59.980000000000004,0,0
Bharat Electron,0.10021782784792893,0.35460992907801414,53.910000000000004,0.02507522567703109,0.02507522567703109,0.05015045135406218,52.09,0,0
Siemens Ener.Ind,0.0402059328266732,0.3367003367003367,54.260000000000005,0.02500625156289072,0.02500625156289072,0.05001250312578144,52.32,0,0
Dixon Technolog.,1.2071431674994568,0.49751243781094534,47.94,0.02442002442002442,0.02442002442002442,0.04884004884004884,47.27,0,1
KPIT Technologi.,0.3805383558786937,0.5181347150259067,58.940000000000005,0.024372410431391663,0.024372410431391663,0.048744820862783325,58.17,0,0
Oracle Fin.Serv.,0.015455247965816628,0.151285930408472,70.22,0.024038461538461536,0.024038461538461536,0.04807692307692307,64.61,0,0
Nippon Life Ind.,0.07074375484161163,0.3278688524590164,71.16000000000001,0.023986567522187575,0.023986567522187575,0.04797313504437515,69.13,0,0
Schneider Elect.,1.7065622066107675,0.36101083032490977,56.370000000000005,0.02386634844868735,0.02386634844868735,0.0477326968973747,55.4,0,0
Premier Energies,1.2024461658203922,0.35842293906810035,60.339999999999996,0.023741690408357077,0.023741690408357077,0.04748338081671415,59.019999999999996,0,0
Triveni Turbine,0.2045490864539498,0.3215434083601286,61.459999999999994,0.023607176581680833,0.023607176581680833,0.047214353163361665,59.379999999999995,0,0
Akzo Nobel,0.2283515073765234,0.4132231404958678,57.809999999999995,0.02344116268166901,0.02344116268166901,0.04688232536333802,56.419999999999995,0,0
Travel Food,0.5535198433470987,0.36900369003690037,64.65,0.0234246896228625,0.0234246896228625,0.046849379245725,63.17999999999999,0,0
C D S L,0.004561506768687463,0.3067484662576687,70.93,0.023277467411545624,0.023277467411545624,0.04655493482309125,68.67,0,0
Motherson Wiring,0.6908966648441771,0.3891050583657587,61.6,0.02297266253158741,0.02297266253158741,0.04594532506317482,60.17,0,0
Multi Comm. Exc.,0.000778021931807429,0.4484304932735426,58.57,0.022799817601459188,0.022799817601459188,0.045599635202918376,57.34,0,0
Mazagon Dock,0.0008850196002982131,0.4166666666666667,52.87,0.022629554197782304,0.022629554197782304,0.04525910839556461,51.47,0,0
HDFC AMC,0.0,0.5952380952380952,74.19,0.022558087074216106,0.022558087074216106,0.04511617414843221,73.50999999999999,0,1
Natl. Aluminium,0.00962268667202791,0.2531645569620253,71.92,0.02224199288256228,0.02224199288256228,0.04448398576512456,68.97,0,0
Marico,0.4215542521994135,0.3448275862068966,67.92999999999999,0.021663778162911613,0.021663778162911613,0.043327556325823226,66.17,0,1
Abbott India,0.18013704040124795,0.26666666666666666,74.42,0.021164021164021163,0.021164021164021163,0.042328042328042326,71.72,0,0
BSE,4.817303755088277e-05,0.373134328358209,62.28,0.021021652301870926,0.021021652301870926,0.04204330460374185,60.6,0,0
Coal India,0.47211843841885764,0.36101083032490977,63.93,0.020391517128874388,0.020391517128874388,0.040783034257748776,62.29,0,0
Central Mine Pla,0.0017109530752521796,0.18726591760299627,80.34,0.020189783969311526,0.020189783969311526,0.04037956793862305,76.0,0,0
I R C T C,0.09371892707821691,0.3215434083601286,70.99000000000001,0.01998800719568259,0.01998800719568259,0.03997601439136518,68.9,0,0
Britannia Inds.,0.8850160175689562,0.5154639175257733,77.86,0.018521948508983144,0.018521948508983144,0.03704389701796629,77.51,0,0
Life Insurance,0.00011262036985404182,0.19880715705765406,58.03,0.018474043968224642,0.018474043968224642,0.036948087936449284,54.0,1,0
Indian Energy Ex,0.008685555039479795,0.28901734104046245,77.3,0.018311664530305805,0.018311664530305805,0.03662332906061161,74.84,0,0
International Ge,0.28357526347186324,0.16233766233766234,91.30000000000001,0.01830831197363603,0.01830831197363603,0.03661662394727206,86.24,0,0
Hyundai Motor I,0.2014335703804041,0.4291845493562232,75.5,0.01809954751131222,0.01809954751131222,0.03619909502262444,74.22,0,0
GE Vernova T&D,0.033684140706184085,0.43859649122807015,70.77,0.01794043774668102,0.01794043774668102,0.03588087549336204,69.5,0,0
Cams Services,0.14734610092260494,0.26246719160104987,88.1,0.017937219730941704,0.017937219730941704,0.03587443946188341,85.35,0,0
Gillette India,0.0001520450053215752,0.36101083032490977,79.67,0.01752541184717841,0.01752541184717841,0.03505082369435682,77.9,0,0
Anand Rathi Wea.,0.33287084268516626,0.24038461538461536,92.0,0.01746419839329375,0.01746419839329375,0.0349283967865875,88.94,0,0
LG Electronics,0.2855718506970251,0.32894736842105265,80.79,0.017292062943109112,0.017292062943109112,0.034584125886218224,78.82,0,0
Tenneco Clean,0.03997231047764426,0.4444444444444444,80.8,0.017152658662092625,0.017152658662092625,0.03430531732418525,79.57,0,0
Page Industries,0.22259025892627368,0.3802281368821293,88.22,0.016556291390728478,0.016556291390728478,0.033112582781456956,86.78,0,0
Ingersoll-Rand,0.036869996617431504,0.3058103975535168,92.29,0.016388069485414616,0.016388069485414616,0.03277613897082923,90.04,0,0
Castrol India,0.05756364902762248,0.37593984962406013,89.16,0.016321201240411292,0.016321201240411292,0.032642402480822584,87.53,0,0
Hindustan Zinc,0.7905577576443941,0.5376344086021506,91.0,0.016199578810950917,0.016199578810950917,0.03239915762190183,90.96,0,1
Billionbrains,0.38079862120519953,0.47846889952153115,83.78,0.015730690577316343,0.015730690577316343,0.031461381154632685,82.74000000000001,0,0
Glaxosmi. Pharma,0.02766287086528778,0.3597122302158273,87.81,0.01556420233463035,0.01556420233463035,0.0311284046692607,86.05,0,1
TCS,0.22351714408391093,0.29154518950437314,99.03,0.015236934328813043,0.015236934328813043,0.030473868657626087,96.69999999999999,0,0
RRPSemiconductor,0.736602628918099,0.12121212121212122,127.41999999999999,0.012313754463735994,0.012313754463735994,0.024627508927471987,121.72999999999999,0,0
Nestle India,0.16234020460619267,0.5405405405405405,123.51,0.010345541071798055,0.010345541071798055,0.02069108214359611,122.75999999999999,0,0
P & G Hygiene,0.0034667878359502533,0.42194092827004215,137.88,0.0095428953144384,0.0095428953144384,0.0190857906288768,136.51,0,0
Colgate-Palmoliv,0.04298940851045533,0.4366812227074236,152.82000000000002,0.009403799134850479,0.009403799134850479,0.018807598269700958,151.57,0,0
