S.No.,company_name,CMP Rs.,P/E,Mar Cap Rs.Cr.,Div Yld %,NP Qtr Rs.Cr.,Qtr Profit Var %,Sales Qtr Rs.Cr.,Qtr Sales Var %,ROCE %,Ind PE,current_ratio,debt_to_equity,ROA 12M %,Debt Rs.Cr.,CF Operations Rs.Cr.,inflation
1,Maruti Global Industries,38.5,,19.25,0,0.02,-99.86,6,-58.04,6847.37,17.01,1.16,,2478.1,22.72,14.06,5.649143189
2,Carnation Inds.,82.96,,28.68,0,-0.54,-100,0,,392.11,23.31,0.1,6.99,78.67,8.95,-1.01,5.649143189
3,Monotype India,0.41,4.61,28.83,0,-0.07,-107.87,0,-100,285.75,19.45,0.8,,145.03,9.34,7.97,5.649143189
4,Union Qual. Pla.,16.49,2.13,11.42,0,-0.02,75,0,,201.56,17.11,0.68,,52.85,5.4,0.02,5.649143189
5,IMEC Services,151.2,1.24,28.73,0,-0.72,-181.82,0.01,-99.35,177.14,35.4,51.9,0,148.22,0,8.63,5.649143189
6,Mediaone Global,16.24,,23.91,0,-1.1,-1671.43,0.92,-43.21,165.29,116.11,4.22,,7.77,37.23,-8.36,5.649143189
7,Connplex Cinemas,232.75,19.84,444.54,0,13.05,36.08,64.06,57.43,163.38,116.11,3.32,0.01,37.97,1.77,2.8,5.649143189
8,Ksolves India,285.3,22.18,676.76,5.44,9.8,-5.04,42.3,12.2,157.26,20.87,3.62,0.08,71.54,2.5,34.11,5.649143189
9,iStreet Network,40,55.54,273.19,0.24,1.2,4100,24.66,,150,23.07,1.07,0,6.38,0,-0.02,5.649143189
10,SSMD Agrotech,56.98,9.17,49.38,0,,,,,124.88,49.54,1.61,0.88,57.33,6.06,2.46,5.649143189
11,Reganto Enterprises,7.9,2.1,115.57,0,4.7,2573.68,76.59,,117.18,23.62,1.09,0.15,9.72,10.43,-7.76,5.649143189
12,Brandman Retail,128.7,11.34,237.53,0,,,,,115.79,34.09,1.4,0.4,33.46,11.87,-0.7,5.649143189
13,Ambitious Plasto,10.98,42.53,6.38,0,0.06,100,3.22,380.6,112.5,29.99,0.42,,2.47,0.9,-0.04,5.649143189
14,Stellant Secu.,659,9.21,243.97,0,-4.64,-4740,1.24,726.67,106.67,35.5,8.15,0,79.38,0,0.93,5.649143189
15,Magnus Steel,63.01,102.85,330.14,0,1.08,775,6.2,260.47,105.56,23.32,1.53,2.65,6.38,2.09,-0.11,5.649143189
16,Noble Polymers,1.54,,1,0,0.03,-91.18,0,,103.91,21.33,8.79,0.06,71.83,0.4,3.15,5.649143189
17,Yuvraaj Hygiene,4.48,10.39,40.61,0,0.55,-78.17,9.03,-51.66,103.66,27.96,2.6,4.66,54.35,14.76,5.67,5.649143189
18,Mobilise App,45,9.05,42.8,0,,,,,103.25,36.5,1.76,0.01,51.27,0.11,4.13,5.649143189
19,Krishna Fil. Ind,6.06,,4.72,0,-0.02,0,0,,100,21.33,0.06,,1.41,2.93,0,5.649143189
20,TPI India,16.52,81.58,70.98,0,0.51,200,8.39,2.44,99.12,17.11,0.38,,3.95,17.36,0.88,5.649143189
21,Workmates Core2,310.05,24.89,400.56,0,9.09,30.23,74.69,55.99,92.32,20.87,1.95,0.27,32.12,8.66,5.06,5.649143189
22,Apsis Aerocom,168.65,30.56,203.25,0,3.12,,13.65,,91.95,18.41,1.21,0.17,43.59,2.33,1.63,5.649143189
23,Bridge Securitie,13.71,77.24,53.3,0,0.33,-54.79,0.42,-44,90.26,35.5,3.16,0,35.08,0,-0.61,5.649143189
24,Glottis,43.2,10.4,399.17,0,2.7,-79.96,143.87,-27.24,89.96,20.97,3.07,0.25,47.13,50.08,1.09,5.649143189
25,Ravelcare,143,18.79,98.09,0,,,,,89.71,43.13,2.61,0,46.54,0,-0.55,5.649143189
26,B.A.G. Converge.,108.75,20.41,230.76,0,6.03,45.65,21.86,58.75,89.63,19.92,2.84,0,30.27,0,3.61,5.649143189
27,Shri Kanha Stain,21,5.65,32.73,0,,,,,88.66,18.24,0.99,0.49,6.21,6.01,-7.95,5.649143189
28,Saffron Industri,25.59,4.72,18.39,0,0.84,95.35,1.52,-38.71,86.9,19.78,0.66,,24.05,2.94,5.1,5.649143189
29,Shantidoot Infra,271.55,9.65,48.83,0,0.65,-27.78,17.53,247.13,86.13,26.49,-3.47,0.01,41.79,0.06,0.5,5.649143189
30,Nexus Surgical,17.5,16.52,9.58,0,0.17,54.55,2.93,97.97,83.95,35.5,2.45,0,24.51,0,0.1,5.649143189
31,Newtrac Foods,4.48,,30.11,0,-0.26,-273.33,0,-100,83.28,29.99,1.68,0.18,9.26,2.05,-16.23,5.649143189
32,Icodex Publish.,36.05,5.55,56.36,0,5.5,27.02,13.89,28.14,82.77,23.07,4.44,0.08,50.59,4.2,6.35,5.649143189
33,TechD Cybersec.,515.05,40.81,385.23,0,6.37,48.83,18.18,41.15,81.46,23.07,8.2,0,43.97,0.08,-2.38,5.649143189
34,Family Care,2.91,,15.71,0,-0.96,54.29,0.06,100,79.25,35.33,1.13,0.59,52.92,4.85,-17.32,5.649143189
35,DCM,61.41,21.42,114.19,0,-0.3,-101.46,17.68,1.96,78.63,23.07,0.88,0.03,18.21,1.3,0.64,5.649143189
36,Standard Battery,42,,21.71,0,-0.09,40,0,,78.1,17.01,1.56,0,38.5,0,1.01,5.649143189
37,Sunsky Logistics,70.75,29.33,87.98,0,1.8,26.76,12.23,17.82,75.19,20.97,1.38,0.85,38.69,5.33,2.34,5.649143189
38,Swojas Foods,10.3,26.91,39.83,0,0.36,-82.09,33.24,-7.85,73.33,49.54,2.78,0,44.34,0.01,-3.52,5.649143189
39,Marc Loire,51.95,10.24,36.88,0,1.18,-48.47,15.32,1.06,72.75,34.09,3.83,0.04,24,1.26,0.62,5.649143189
40,Studio LSD,9.7,43.41,50.34,0,-3.49,-149.64,39.27,-37.2,72.75,36.15,5.46,0,28.09,0.17,5.76,5.649143189
41,Maha Rashtra Apx,125.4,15.34,177.64,0,4.91,166.48,1.97,3840,72.01,35.5,0.51,0,60.28,0,-4.3,5.649143189
42,Game Changers,112,13.18,200.4,0,8.31,60.42,57.23,3.87,71.16,20.44,2,0.47,26.05,13.67,3.27,5.649143189
43,Australian Prem,301.6,11.22,608.01,0.03,28.13,114.41,300.77,83.88,70.83,32.95,2.02,0.23,27.13,31.2,24.29,5.649143189
44,Ontic Finserve,1.09,12.74,9.81,0,0.01,-97.06,0,-100,68.44,35.5,0.74,0.09,45.09,0.35,-0.37,5.649143189
45,NINtec Systems,286.65,17.38,532.48,0,7.75,15.16,43.28,22.99,67.11,20.87,2.19,0.03,29.11,2.01,23.73,5.649143189
46,JD Cables,165.45,15.78,373.11,0,11.93,15.71,121.26,12.82,65.58,19.08,2.41,0.34,27.63,42.64,-18.21,5.649143189
47,Sharvaya Metals,106.5,6.1,106.81,0,9.39,128.47,89.97,117.79,65.49,15.71,4.26,0.22,32.58,16.23,1.59,5.649143189
48,Dam Capital Advi,128.1,11.22,905.52,0.76,19.98,-61.15,69.89,-32.75,64.78,17.17,2.34,0.01,33.97,3.96,95.3,5.649143189
49,Prime Urban,8,9.69,21.32,0,-0.16,-220,0,,64.68,26.49,0.76,,-0.35,1.43,2.32,5.649143189
50,Helloji Holidays,114.25,18.66,39.19,0,,,,,64.26,40.27,4.2,0.01,32.09,0.04,2.48,5.649143189
51,PAE,17.28,0.13,1.73,0,-0.15,-15.38,0,,,25.26,0.04,,2779.38,5.09,-2.08,5.649143189
52,Mipco Seaml Ring,26.88,964,9.64,0,0.03,250,0.6,,,28.11,1.22,,-64.52,1.44,-0.72,5.649143189
53,Quantum Digital,20.09,19.68,6.1,0,-0.29,-222.22,0,,,17.11,0.19,,35.1,1.98,-0.01,5.649143189
54,Modern Dairies,33.79,4.28,96.03,0,1.22,-37.76,87.48,-1.44,,26,0.95,0.29,26.11,12.82,20.13,5.649143189
55,Omega Ag Seeds,8.17,10.59,6.46,0,0.08,214.29,1.65,,,24.87,0.78,,162.79,0.52,-0.1,5.649143189
56,Monind,29.49,,10.86,0,-0.68,-9.68,0,,,18.24,0,,-9.96,28.74,-0.24,5.649143189
57,Suryo Foods,18.55,58.43,12.85,0,-0.06,-500,0,,,49.54,0.12,,7.39,0,0.06,5.649143189
58,Ansal Properties,3.33,,52.42,0,13.21,270.03,12.77,-84.66,,26.49,0.55,,-41.27,203.23,-20.45,5.649143189
59,Modipon,32,,37.05,0,-0.15,16.67,0,,,26.49,0.09,,-8.62,45.42,0.04,5.649143189
60,Cresanto Global,4.43,,1.89,0,-0.09,64,0,,,27.73,0.31,,-766.67,2.47,-0.47,5.649143189
61,Switching Tech.,79.3,,19.43,0,-2.11,-18.54,1.93,-3.98,,23.32,0.47,,-75.94,0,0.21,5.649143189
62,Vas Infra.,8.93,,13.51,0,0.02,133.33,0,,,26.49,0.23,,-0.36,119.89,2.21,5.649143189
63,Starcom Info.,58,,29,0,-1.94,-189.55,0.33,-62.92,,20.87,0.07,,-17.01,17.13,6.02,5.649143189
64,Guj. State Fin.,10.01,,89.21,0,-31.93,3.61,0,100,,17.97,,,-58.81,661.68,-13.67,5.649143189
65,Quadrant Tele.,0.35,,21.43,0,1.72,115.51,51.41,-11.86,,37.25,0.02,,-104.76,2095.78,28.89,5.649143189
66,TCI Finance,13.65,6.59,17.39,0,-1.09,-336,0,,,17.01,0,,19.78,1.59,4.26,5.649143189
67,Manipal Fin. Cor,11.48,,9.62,0,0.3,64.29,0.05,0,,17.01,0.16,,-18.68,3.89,-7.44,5.649143189
68,Jayabharat Cred.,16.53,,8.27,0,-0.28,-21.74,0,,,17.01,0,,-1010,60.92,-1.33,5.649143189
69,Invigorated Bus.,5.99,,24.11,0,-0.05,16.67,0,,,35.4,0.03,,-1.94,9.78,-0.27,5.649143189
70,Popees Cares,11.58,,7.03,0,-0.1,54.55,0,,,21.36,0.22,,-221.05,0,0.01,5.649143189
71,Amalgamated Elec,45.34,,12.59,0,-0.16,-700,0,,,19.45,0,,-40.82,0.69,0,5.649143189
72,Premium Capital,8.26,,5.41,0,-0.12,-100,0.04,-95.4,,17.01,0.2,,-50,1.33,0.05,5.649143189
73,Tricom Fruit,2.12,,4.05,0,-0.07,,0,,,20.21,0.07,,0,65.9,1.17,5.649143189
74,Impex Ferro Tech,1.58,,13.9,0,-1.81,1.09,0,,,15.44,0.03,,-4.18,267.69,-0.23,5.649143189
75,Yashraj Contain.,4.56,,7.75,0,-0.15,34.78,0,,,17.11,0.06,,5.61,102.08,-17.52,5.649143189
76,T N Telecom.,8.71,,42.25,0,-3.46,-0.87,0,,,50.01,0.05,,-78.54,37.8,-1.5,5.649143189
77,Shyam Telecom,8.73,,9.96,0,-0.27,34.15,0,,,29.99,0.02,,-9.91,0,-0.02,5.649143189
78,GTL,6.47,,102.68,0,-2.63,93.71,55,7.78,,18.84,0.02,,-5.09,5461.9,198.12,5.649143189
79,Shree Precoated,11.07,,4.59,0,-0.18,-12.5,0,,,18.24,0.13,,-11.07,0,0.05,5.649143189
80,Mukat Pipes,15.49,,18.32,0,0.11,57.14,1.5,29.31,,18.24,1.14,,-3.45,3.6,-0.3,5.649143189
81,Deccan Polypacks,29.75,10.66,6.29,0,-0.02,-100,0,,,17.11,2,,910,13.66,-0.21,5.649143189
82,Omkar Overseas,9.28,,4.64,0,-0.03,0,0,,,20.44,1.09,,-130.43,0.31,-0.17,5.649143189
83,Ventura Textiles,7.7,,14.98,0,-0.11,-10,0,,,20.44,0.14,,-123.81,7.54,0.07,5.649143189
84,Anirit Ventures,34.23,,41.78,0,-0.91,-435.29,0,-100,,20.44,0.59,,-376.19,8.7,-0.82,5.649143189
85,Vardhman Polytex,7.55,44.49,346.48,0,0.15,-99.38,50.6,-32.85,,20.44,0.71,,0.03,48.65,-98.28,5.649143189
86,Eureka Industrie,4.13,3.09,3.62,0,0.36,-54.43,34.13,-5.04,,20.44,1.03,,43.5,1.48,0.25,5.649143189
87,Mid India Inds.,5.75,,9.38,0,-0.06,-250,3.38,42.02,,20.44,0.32,,-1.03,0,-0.16,5.649143189
88,Sri Lak.Sar.Arni,25.55,,8.51,0,-4.88,10.79,21.14,-20.65,,20.44,0.16,,-52.84,40.92,-19,5.649143189
89,Manor Estates,10.22,,8.42,0,-0.16,52.94,0,,,19.82,1.25,,30.53,0.51,-1.78,5.649143189
90,Modella Woollens,69.9,,6.36,0,-0.04,33.33,0,,,29.99,0.21,,-55.74,0,-0.18,5.649143189
91,Meyer Apparel,2.74,,22.06,0,-0.17,37.04,0.01,-96.15,,19.82,0.02,,-86.18,0.23,-0.01,5.649143189
92,Priya,20.25,,6.07,0,7.13,14.29,0,,,29.99,0.02,,-156.71,26.17,-0.22,5.649143189
93,Rajvir Inds.,7.65,,3.06,0,-8.52,2.29,6.45,-15.91,,20.44,0.15,,-21.3,174.96,24.91,5.649143189
94,E-Land Apparel,13.9,,66.71,0,-12.48,-498.72,65.99,-1.87,,20.44,0.86,,6.69,172.51,14.34,5.649143189
95,NB Footwear,7.58,,10.23,0,-0.03,40,0,,,25.7,0,,,0,0,5.649143189
96,Welterman Intl.,21.04,,9.34,0,-0.07,22.22,0,,,25.7,0.16,,-27.56,6.4,-0.01,5.649143189
97,Coral Newsprints,8.81,,4.46,0,-0.09,25,0,,,19.78,0.11,,-21.95,1.99,-0.25,5.649143189
98,Univa Foods,10,,14.32,0,-0.01,91.67,0,,,28.3,0,,-840,0.97,-0.21,5.649143189
99,Galaxy Supermarket,15.59,73.21,77.61,0,-0.61,13.04,9.23,238.1,,49.54,0.52,,-19.72,20.12,1.41,5.649143189
100,Infomedia Press,5.1,,25.54,0,-0.91,13.51,0,,,13.74,2.23,,-30.36,38.5,-1.09,5.649143189
101,Foundry Fuel,6.6,,5.29,0,-0.04,20,0,,,14.68,0.03,,-192.31,1.16,-0.18,5.649143189
102,Rajeswari Infra.,6.48,,3.58,0,-0.08,61.9,0,-100,,25.13,0.49,,-1.57,0,,5.649143189
103,Esha Media,24.96,,19.49,0,-0.58,-422.22,0.51,-57.85,,26.6,0.03,,-244.44,9.35,-0.2,5.649143189
104,Integ. Thermopl.,8.73,,5.49,0,-1.09,61.89,0.15,-93.09,,21.17,0.14,,-52.2,40.93,-2.43,5.649143189
105,Rajas. Petro Syn,13.71,35.24,22.2,0,0.01,0,0.06,0,,19.72,0.16,,2560,0,0,5.649143189
106,Shree Mfg. Co.,20.08,,16.67,0,-0.01,0,0,,,19.72,0.02,,0,2.4,-0.18,5.649143189
107,Thakral Services,13.11,,15.38,0,0.03,,0.11,22.22,,27.92,0.4,,-7.5,8.07,-0.36,5.649143189
108,Binny Mills,314.45,,81.23,0,-2.73,-7.91,1.62,5.19,,29.2,0.02,,-7.12,144.71,26.34,5.649143189
109,Rekvina Labs,32.21,,19.42,0,-0.12,-500,0.35,,,27.29,0.08,,-116.67,0.81,-0.19,5.649143189
110,Axentra Corp,357.3,,703.88,0,-0.05,-66.67,0,,,15.54,9.95,0.12,45.28,1.22,0.15,5.649143189
111,Standard Shoe,20.33,,10.53,0,-0.01,0,0,,,25.11,0.15,,-135.71,0.46,-0.16,5.649143189
112,Harig Crankshaft,7.15,,7.51,0,4.26,259.55,6.49,,,23.76,2.83,,-29.95,74.02,-2.55,5.649143189
113,TECIL Chemical,13,,24.65,0,-0.07,-16.67,0,,,15.15,0.1,,-7.98,12.83,0.66,5.649143189
114,Grand Foundry,12.36,,37.61,0,-0.24,-60,0,,,18.03,0.01,,-3400,6.06,-0.7,5.649143189
115,Natl. Plywood,5.24,,12.91,0,-0.55,-184.62,2.11,-79.37,,39.92,0.73,,0.78,10.94,-14.06,5.649143189
116,Miven Mach. Tool,69.55,,20.89,0,-0.15,0,0,,,27.92,0.07,,-488,3.51,-0.74,5.649143189
117,Adline Chem Lab,12.5,243.67,7.31,0,-0.06,50,0,,,27.29,3,,-200,1.65,-0.23,5.649143189
118,B J Duplex Board,21.73,,41.35,0,-0.28,-600,0,,,19.41,0.72,,,1.5,-0.14,5.649143189
119,Future Ent. DVR,2.8,,10.86,0,6.1,-90.68,2899.46,22.43,,38.46,,,,,,5.649143189
120,Jain Irrigat-DVR,21.2,,41.3,0,20.42,85.3,1092.49,7.78,,21.17,,,,,,5.649143189
121,Aananda Lakshmi,10.13,0.91,3.54,0,-1.26,106.9,0.31,-40.38,,19.72,0.15,,28.93,11.99,6.92,5.649143189
122,Bluegod Enterta.,3.04,34.56,199.41,0,5.08,2108.7,12,4515.38,,34.84,7.95,0.14,38.2,5.76,-2.36,5.649143189
123,Adhbhut Infra.,13.13,,14.44,0,-0.3,,0.15,200,,25.13,4.98,,-2,3.28,-0.42,5.649143189
124,Balkrishna Paper,15.99,,51.52,0,-0.21,-40.56,1.71,163.08,,19.41,0.15,,-27.33,167.29,-4.14,5.649143189
125,Aban Offshore,24.51,,143.05,0,29.56,110.69,91.31,-21.49,,17.85,0.02,,-58.36,16278.41,138.89,5.649143189
126,Arshiya,1.39,,36.62,0,-2417.06,-59.78,34.02,-3.63,,21.07,0.08,6.65,-27.05,1848.24,95.46,5.649143189
127,BIL Vyapar,6.1,,19.1,0,0.06,115.38,0,,,16.17,0.06,,-10.95,174.63,-1.57,5.649143189
128,Cranes Software,3.84,,58.35,0,-0.72,-50,1.35,8.87,,36.05,0.01,,-23.26,452.6,-4.97,5.649143189
129,Dish TV India,2.29,,421.65,0,-276.23,-343.12,299.05,-19.83,,15.68,0.13,,-6.09,16.34,409.98,5.649143189
130,Educomp Sol.,1,,12.25,0,-160.68,-5.4,112.6,-5.71,,23.68,0.04,,-14.03,2697.95,-0.75,5.649143189
131,Essar Shipping,23.91,,496.1,0,-88.2,-155.06,0.04,-98.7,,10.72,0.04,,-0.91,1644.97,530.63,5.649143189
132,Golden Tobacco,28.47,9.44,50.02,0,-1.55,-187.04,3.8,-18.28,,25.13,0.05,,6.53,2.33,-0.15,5.649143189
133,Hitech Corp.,131.35,22.13,227.03,0.76,-2.62,-149.21,145.12,17.98,,16.94,1.05,0.47,,132.11,48.1,5.649143189
134,IDream Film,299.95,,4.5,0,2.5,-133.33,0,,,20.81,0,,-2200,4,-0.11,5.649143189
135,IL&FS Engg.,24,,309.85,0,1.78,136.91,62.36,-8.17,,15.54,0.12,,-1.97,2671.72,-48.81,5.649143189
136,Trans India,5,26.51,35.53,0,0.37,640,6.55,-57.25,,27.92,2.42,0.19,,13.52,0.64,5.649143189
137,Muller & Phipps,209.05,,13.06,0,-0.39,-225,1.39,-7.95,,29.2,0.72,,-13.84,0.89,-0.42,5.649143189
138,Satchmo Holdings,3.44,,50.16,0,1128.32,278.87,3.21,-15.53,,19.69,0.39,,-1.69,46.98,3.59,5.649143189
139,Rama Petrochem,15.36,,20.46,0,-1.85,-4.52,0.13,333.33,,16.27,0.2,,-98.84,68.29,-15.61,5.649143189
140,Kridhan Infra,2.41,27.89,23.71,0,-0.27,-82.14,0.22,,,15.54,0.05,,0.64,22.72,5.28,5.649143189
141,Reliance Communi,0.87,,237.9,0,-2767,-11.29,63,-27.59,,35.91,0.27,,-25.62,47211,26,5.649143189
142,Royal India Corp,5.2,5.5,61.34,0,0.41,355.56,0,-100,,19.16,3.39,0.07,,7.59,-23.37,5.649143189
143,Sea TV Network,4,7.07,4.81,0,-0.26,76.15,2.07,65.6,,15.68,0.24,,-4.48,29.61,-0.45,5.649143189
144,S T C,108,14.6,649.88,0,16.55,928.57,0,,,29.2,0.35,,1.93,1176.65,-170.78,5.649143189
145,Supreme Infra.,70.25,,649.32,0,-49.22,86.46,29.62,314.27,,15.54,0.43,4.19,-34.74,1435.65,10.97,5.649143189
146,Sylph Industries,0.88,17.56,108.51,0,1.26,181.82,15.57,1411.65,,21.98,5.99,0.03,,3.45,17.12,5.649143189
147,Siti Networks,0.49,,28.78,0,-44.13,2.98,270.68,-12.21,,15.68,0.3,,-16.15,771.76,82.54,5.649143189
148,Zenith Steel,5,11.59,71.41,0,1.47,964.71,9.4,-73.66,,18.03,0.23,,0.28,215.31,7.31,5.649143189
149,Delphi World,9.72,,235.83,0,0.4,-93.18,63.92,408.11,,35.08,0.93,0.81,,186.12,,5.649143189
150,Radhagobind Comm,3.87,,5.57,0,-0.12,-33.33,0,,,14.97,0.02,,-300,1.49,-0.18,5.649143189
151,Le Lavoir,237.5,66.57,114.5,0,0.7,118.75,3.5,493.22,,29.2,,,,,,5.649143189
152,N K Industries,63,,37.86,0,-0.81,-88.37,2.72,-29.53,,21.26,8.07,,-0.19,0.77,-3.02,5.649143189
153,Premier,3,,9.05,0,-1.75,8.85,0,,,27.92,0.05,,-4.36,175.91,-1.6,5.649143189
154,Aryavan Enterprise,53.99,14.63,37.6,0.93,0.82,254.17,9.97,11.52,,18.03,7.41,0.01,,0.22,-7.25,5.649143189
155,Nagarjuna Fert.,3.97,,238.02,0,-5.75,-118.63,8.46,105.01,,17.13,0.31,,246.5,19.44,-211.06,5.649143189
156,TV Vision,5.43,,20.1,0,-6.01,8.94,0.48,-95.06,,15.68,0.06,,-40.03,5.75,-0.43,5.649143189
157,Jalan Transol.,2.2,,3.19,0,0.04,-96.46,0.94,77.36,,21.07,0.01,,-40.31,34.9,0.17,5.649143189
158,Shrenik,0.4,18.83,24.48,0,1.07,1628.57,9.19,97.63,,19.41,0.01,,-4.05,123.94,-0.79,5.649143189
159,SMVD Poly Pack,11.15,,11.18,0,31.95,114.51,0.04,-86.21,,21.17,39.92,0,-78.81,0,3.21,5.649143189
160,Maxgrow India,51.98,0.97,207.63,0,94.53,157650,5304.87,,,19.16,3.54,0,,1.74,41.45,5.649143189
161,Eiko Lifescience,52.7,18.75,75.61,0,1.43,195.12,11.98,59.95,,25.11,8.4,0.02,,1.01,2.92,5.649143189
162,Diksha Greens,1.13,,1.12,0,-1.48,-0.68,0,,,29.2,0.03,,-26.26,24.49,2.74,5.649143189
163,Mahip Industries,21.33,513,41.04,0,2.54,310.26,7.18,3490,,16.94,1.09,,-8.01,6.55,-0.2,5.649143189
164,Suumaya Corp.,1.05,,2.6,0,-3.83,-410.67,29.2,1680.49,,19.72,0.14,,-0.16,0.02,23.52,5.649143189
165,Fidel Softech,126,13.28,173.26,1.59,3.3,100,25.3,78.8,,20.81,6.34,0.38,,18.46,9.18,5.649143189
166,Sofcom Systems,26.5,68.24,64.14,0,0.4,233.33,0.61,-35.79,,20.81,1.96,0.01,,0.49,-0.17,5.649143189
167,ZR2 Bioenergy,92.5,160.05,147.25,0.11,0.23,188.46,0,,,15.15,36.14,0,,0,31.05,5.649143189
168,Arihant Academy,470,42.29,284.59,0.21,1.77,51.28,13.95,42.49,,23.68,0.86,0,,0,5.91,5.649143189
169,Anka India,19.55,,100.77,0,-0.03,92.11,3.94,-19.43,,26.28,0.99,0.12,,3.18,,5.649143189
170,Khaitan (India),97,6.14,45.63,0,1.22,58.44,26.83,49.97,,35.77,0.47,1.03,,15.39,,5.649143189
171,Vaxfab Enterp.,41.5,166.07,81.38,0,-3.24,-150.55,15.66,-65.79,,29.2,1.42,0.02,,0.34,,5.649143189
172,Yudiz Solutions,27.1,,27.97,0,-1.12,-918.18,10.31,-7.53,,20.81,8.44,0.02,,0.94,-5.22,5.649143189
173,Vishnusurya Pro.,139.5,11.19,343.31,0.72,23.1,5.87,168.14,20.85,,11.4,1.56,0.42,,75.3,7.79,5.649143189
174,Qualitek Labs,353.95,65.55,412.43,0,4.77,,54.24,,,35.58,1.45,0.51,,72.41,10.5,5.649143189
175,Fundviser Capit.,328,121.26,194.02,0,1.9,-26.04,51.33,676.55,,23.81,1.26,0.64,,16.07,-10.15,5.649143189
176,NHC Foods,0.77,7.98,50.65,0,2.65,27.5,129.19,76.08,,20.21,1.81,0.55,,47.95,-37.66,5.649143189
177,Cosmic CRF,677,17.3,622.01,0,24.5,89.92,304.45,79.74,,18.03,2.49,0.27,,114.76,-72.6,5.649143189
178,Delaplex,95.6,6.69,87.09,0,7.2,15.34,37.18,3.45,,20.81,6.68,0,,0,8.11,5.649143189
179,Madhusudan Masa,140,11.24,202.58,0,4.7,104.35,76.32,20.3,,20.21,2.07,0.74,,75.35,-38.93,5.649143189
180,Uravi Defence &,125.9,69.67,143.52,0,-0.05,-77.14,12.07,8.54,,23.76,1.88,0.51,,25.71,-2.78,5.649143189
181,Akiko,216.95,16.73,233.65,0,5.71,258.91,50.52,174.86,,35.08,2.8,0.12,,5.94,-26.92,5.649143189
182,Skybiotech Healthcare,163.8,,31.37,0,-0.48,-23.08,0.96,-61.9,,19.72,0.75,0.8,,7.2,-1.04,5.649143189
183,Sahasra Electro.,226.4,775.12,565.83,0,5.82,2.17,60.65,30.99,,22.91,2.87,0.25,,56.62,-5.93,5.649143189
184,Indef Manufactur,230.38,27.19,740,0.87,4.9,-26.21,50.64,13.19,,27.92,1.38,0.02,,4.02,4.83,5.649143189
185,PropsharePlatina,1050000,14.85,352.91,6.54,14.18,1532.32,7.71,261.97,,18.41,13.88,0,,0,,5.649143189
186,Captain Pipes,8.89,13.76,136.59,0,1.88,72.48,20.12,-2.61,,21.17,1.39,0.71,,33.34,-2.38,5.649143189
187,Supershakti Met.,220,13.96,253.56,0.23,10.61,,328.78,,,18.03,5.15,0,,0.46,48.38,5.649143189
188,Shubhshree Bio.,303.85,19.69,159.28,0,4.2,,96.05,,,22.91,1.84,0.28,,9.74,-8.67,5.649143189
189,ROX Hi-Tech,30,2.33,68.81,0,9.6,,104.81,,,21.98,1.66,0.45,,53.71,-34.35,5.649143189
190,Arvind Port &,30.4,8.56,51.88,0,0.39,,4.57,,,10.72,7.83,0.06,,4.67,7.98,5.649143189
191,Abate As Indust,11.53,17.19,181.72,0,3.06,15400,42.69,,,43.38,2.61,0.05,,9.33,-0.71,5.649143189
192,Sunrest Lifescie,45.9,11.13,19.7,0,0.66,-41.38,34.01,120.99,,27.29,1.87,0.94,,15.69,2.92,5.649143189
193,Remedium Life,0.38,15.74,33.52,0,8.62,,111.06,,,29.2,1.07,10.34,,1087.55,-1134.81,5.649143189
194,Shashwat Furnis.,100.76,84.16,21.04,0,-0.18,,8.96,,,28.09,2.77,0.38,,1.35,0.26,5.649143189
195,Monolithisch Ind,405.95,44.7,882.37,0,6.08,54.31,37.36,42.65,,31.4,13.4,0,,0,4.01,5.649143189
196,Emkay Tools,920,20.07,981.76,0.27,24.36,22.17,61.89,14.74,,27.92,2.95,0,,0,35.44,5.649143189
197,Mittal Life Styl,0.99,18.23,43.94,0,0.83,144.12,21.51,18.97,,21.23,2.73,0.14,,8.97,-3.09,5.649143189
198,Avro India,131.3,47.95,173.6,0,1.36,,24.91,,,30.13,1.92,0.27,,23.4,,5.649143189
199,Yash Trad.& Fin.,162,506.25,162,0,-0.03,40,4.04,,,35.08,1.57,0.56,,5.92,,5.649143189
200,Rajkamal Synth.,37,64.27,24.42,0,0.08,214.29,2.7,5300,,19.72,5.31,0.02,,0.25,,5.649143189
201,Marble City,95.75,24.38,244.31,0,1.51,,17.97,,,11.4,2.9,1.62,,117.42,,5.649143189
202,Current Infra.,110.4,22.51,211.39,0,3.89,-1.77,44.49,-1.53,,15.54,4.66,0.38,,26.5,-1.1,5.649143189
203,STL Networks,18.34,,896.9,0,-10.51,54.89,335.14,16.48,,18.23,1.35,0.96,,826.73,,5.649143189
204,Kody Technolab,681.15,72,868.3,0,4.48,,31.68,,,20.81,2.78,0.03,,3.42,-7.55,5.649143189
205,Ecoline Exim,121.5,12.72,249.26,0,12.91,6.43,139.22,6.23,,16.94,2.72,0.29,,46.23,-4.98,5.649143189
206,Ganesha Ecoverse,23.05,,56.69,0,-6.12,,0,,,29.2,8.65,0.57,,19.97,-1.83,5.649143189
207,Solvex Edibles,18.1,4.12,16.2,0,0.79,-16.84,41.88,-9.94,,21.26,1.49,1.45,,57.62,9.73,5.649143189
208,Prime Industries,35.68,18.69,74.94,0,6.33,309.76,26.24,,,21.26,1.75,0.6,,25.38,-18.88,5.649143189
209,Ducol Organics,108.65,35.82,176.6,0,2.82,12.35,64.52,67.24,,15.04,1.71,0.45,,41.64,,5.649143189
210,Auro Labs.,281,79.6,175.13,0,0.72,100,8.84,185.16,,27.29,0.61,1.01,,43.94,,5.649143189
211,Greenhitech Ven.,86.3,100.99,112.1,0,0.11,-78.43,19.07,71.65,,12.19,3.78,0.03,,3.31,,5.649143189
212,HP Telecom,276,150.16,328.85,0,-1.2,-200.84,238.53,18.59,,29.2,1.85,0.58,,44.52,-21.47,5.649143189
213,Valencia Nutrit.,56.5,33,97.35,0,0.66,154.1,3.69,138.06,,46.65,33.04,0.48,,17.79,-15.73,5.649143189
214,Goldstar Power,7.4,15.35,211.79,0,10.41,1037.84,269.61,3655.01,,23.76,2.36,0.16,,13.03,,5.649143189
215,Super Iron,29.39,16.85,68.76,0,0.36,-94.88,76.06,186.16,,23.99,2.23,0.56,,96.65,5.71,5.649143189
216,KSR Footwear,36.01,,65.49,0,-3.83,35.16,45.17,-9.55,,29.2,1.47,0.44,,32.32,,5.649143189
217,Simandhar Impex,123.9,,37.88,0,-0.05,,0,,,19.16,,,,,,5.649143189
218,Fractal Industries,201.5,14.4,158.16,0,6.7,101.79,47.3,16.05,,21.23,1.67,1.04,,24.63,-5.31,5.649143189
219,Panth Infinity,7.2,4.17,39.71,0,9.26,734.23,43.24,229.07,,23.37,,,,,,5.649143189
220,Constronics,49.79,25.15,62.38,0,0.31,-67.71,9.05,-42.97,,29.2,,,,,-26.21,5.649143189
221,V R Woodart,101.83,90.49,294.1,0,3.28,11033.33,314.58,,,24.23,,,,,,5.649143189
222,Filtron Engineer,98.35,734.92,624.68,0,1.09,1916.67,10.95,10850,,29.2,,,,,,5.649143189
223,Acetech E-Commerce,139.35,33.18,228.3,0,5.74,,40.43,,,38.32,4.25,0.02,,0.42,-1.06,5.649143189
224,DCM Shriram Fine Chemicals,22.52,12.88,197.09,0,-1.49,-162.34,96.95,3.86,,25.11,,,,,,5.649143189
225,DCM Shriram Intl,92.92,15.6,805.44,0,3.89,-74.58,118.44,-18.62,,19.72,,,,,,5.649143189
226,SHRI NIWAS L& F.,10.66,0,4.26,0,0.33,466.67,0.39,254.55,-55664.59,16.27,0.13,,-198.85,1162.98,-0.07,5.649143189
227,MPL Plastics,6.4,,8,0,-0.06,60,0,,-4800,16.94,0.17,,-19.92,3.74,-0.6,5.649143189
228,Pasupati Fincap,12.88,,6.05,0,-0.08,-300,0.04,,-2700,16.27,0.81,,-538.46,0.73,-0.3,5.649143189
229,Sharp India,42.22,,109.52,0,-5.9,-15.91,0,,-1695.92,35.77,0.01,,-605.65,130.35,-8.79,5.649143189
230,CMX Holdings,27.84,,31.58,0,-0.18,-28.57,0,,-1250,35.08,0.57,,-263.16,6.76,-0.27,5.649143189
231,EMA India,418.2,,42.24,0,-0.12,25,0,,-1036.36,27.92,5.37,0,-146.15,0,-0.6,5.649143189
232,Unitech Internat,3.4,,3.44,0,-0.34,94.04,0,100,-536.59,25.11,0.74,,-17.21,27.84,-0.1,5.649143189
233,India Radiators,14.4,,1.3,0,-0.19,-26.67,0.02,0,-454.55,23.76,0.15,,-4.65,0,-0.01,5.649143189
234,Reliance Home,2.7,,130.97,0,-0.69,89.78,0,-100,-432.21,13.62,0.05,,-25.86,40.27,8.99,5.649143189
235,MEP Infrast.,0.91,,16.7,0,-604.9,-767.36,20.49,1.84,-401.21,13.54,0.48,0.92,-55.1,217,5.76,5.649143189
236,Svarnim Trade Ud,14.25,,3.46,0,-0.02,0,0,,-400,25.51,0.29,,-254.55,0.25,-0.09,5.649143189
237,Risa Internatio.,0.57,,9.09,0,-0.73,-711.11,0,,-331.09,29.2,0.01,,-78.26,6.94,0.16,5.649143189
238,Epsom Properties,5.59,,4.16,0,-0.04,0,0,,-270.59,25.13,9,,-323.81,1.85,-0.35,5.649143189
239,Heera Ispat,6.83,,4.01,0,-0.01,0,0,,-235.9,18.03,0.08,,-129.58,0.8,-0.45,5.649143189
240,Jagjanani Text.,3.8,,5.93,0,-0.22,-144.44,0,,-233.33,19.72,0.14,,-60.87,0,0.08,5.649143189
241,Intl. Data Mgt.,35,,7.7,0,-0.04,0,0,,-200,35.58,0.02,,-144.44,4.37,-0.14,5.649143189
242,SAB Events,11.59,,12.14,0,0.13,-35,0.44,0,-200,801.94,0.22,,-40.77,2.01,-0.27,5.649143189
243,Span Divergent,34.93,,19.08,0,-1.13,-535.94,3.86,103.16,-186.79,27.29,0.52,,-7.62,7.34,1.86,5.649143189
244,Roselabs Finance,20.99,,20.99,0,-0.04,63.64,1.21,,-175.76,35.08,1,,-33.14,4.94,-0.32,5.649143189
245,RSC Internl.,27.35,,15.72,0,-0.24,-220,0,-100,-167.74,19.72,2.13,0.5,-43.7,0.09,-0.47,5.649143189
246,Tacent Projects,42.46,,14.9,0,-0.03,25,0,,-160,19.16,0.9,,-2.03,0.33,-0.1,5.649143189
247,SER Industries,717.8,338.38,71.06,0,0.22,100,0.1,-33.33,-157.45,11.72,1.5,0,-101.3,0,-0.3,5.649143189
248,Sir Shadi Lal,244.95,,128.6,0,-16.99,-7.3,78.05,37.63,-153.83,11.39,0.68,,-15.71,360.79,-253.09,5.649143189
249,Pratiksha Chem.,16.39,,9.13,0,0.09,140.48,0.16,-90.48,-150.99,25.11,0.62,0,-58.67,0,-0.3,5.649143189
250,Tarai Foods,6.95,,12.32,0,-0.11,-57.14,0,,-150,24.87,0.27,,-6.42,2.56,-0.12,5.649143189
251,Ace Engitech,141.1,,12.12,0,-0.05,82.76,0,,-147.69,21.98,0.52,,-71.11,0,-0.12,5.649143189
252,Lexoraa Ind,17.92,,7.04,0,0.02,114.29,1.16,110.91,-130.3,27.92,5.75,,-128,0,-0.8,5.649143189
253,Satani Bearings,296.55,,593.1,0,0.15,400,19.02,,-126.67,27.92,40.98,0,-86.36,0.03,-0.2,5.649143189
254,PFL Infotech,5.1,,3.82,0,-0.02,-100,0,,-125,36.05,0.03,,-61.95,0,-0.31,5.649143189
255,Madhur Inds,7.76,,3.17,0,-0.15,-200,0,,-123.74,24.87,20.59,0,-91.04,0.01,-3.54,5.649143189
256,Aadi Industries,8.14,,8.14,0,-0.04,0,0,,-123.08,14.25,0.27,,-94.44,9.44,-0.17,5.649143189
257,Tejassvi Aaharam,36.58,,25.61,0,-0.07,63.16,30.11,752.97,-123.08,19.72,0.7,,-116.8,7.29,-0.67,5.649143189
258,Winny Immigratio,47.95,,10.41,0,-1.7,14.57,1.79,-58.08,-116.4,39.94,1.57,0.5,-70.8,2.12,-2.85,5.649143189
259,Glittek Granites,40.72,4.16,105.7,0,-0.3,91.4,0,-100,-115.33,11.4,7.69,0.06,-115.44,0.7,0.08,5.649143189
260,TMT (I),7.31,,3.62,0,-0.04,42.86,0,,-107.32,27.92,0.68,,-68.75,6.95,-0.3,5.649143189
261,AI Champ.Inds.,25.8,,79.35,0,-5.92,71.21,41.75,63.15,-107.23,15.17,1.57,,-26.86,61.6,-23.11,5.649143189
262,Callista Indus.,216.6,,65.98,0,-0.48,-1500,0,,-104.13,29.2,1.4,,-84.56,1.5,-0.62,5.649143189
263,BEML Land Assets,166,,693.36,0,-0.46,-4.55,0,,-100,23.81,1.31,,-38.5,0,0.94,5.649143189
264,Siddha Ventures,3.8,,3.8,0,-1.01,96.35,0,,-90.31,16.27,98.83,0,-90.3,0,5.85,5.649143189
265,Chrome Silicon,41.02,,67.25,0,-2.13,12.7,0.54,-97.6,-86.58,15.05,0.53,1.9,-36.72,37.73,4.86,5.649143189
266,Rama Paper Mills,12.96,,12.53,0,-1.62,-16.55,0.04,-93.22,-83.31,19.41,0.09,,-22.09,51.42,6.73,5.649143189
267,G-Tec Janix,20.2,,20.59,0,-0.47,82.2,2.92,113.14,-79.63,20.99,1.99,0.62,-55.15,1.05,-0.78,5.649143189
268,Nilachal Refract,44.61,,90.83,0,-3.53,-740.48,0.45,55.17,-77.79,31.4,0.49,,-70.58,42.01,-1.15,5.649143189
269,Silveroak Comm,4.34,,1.2,0,-0.14,84.62,0,-100,-77.32,16.27,0.54,,-38.18,12.08,-0.67,5.649143189
270,Future Lifestyle,1.25,,25.23,0,-7.53,96.27,177.61,-78.68,-72.64,38.46,0.68,,-35.23,1609.67,683.38,5.649143189
271,Sri Chakra Cem.,40,,36,0,-9.44,26.08,26.61,4.52,-69.71,27.03,0.35,,-33.99,30.28,-15.57,5.649143189
272,Peoples Invest,199.7,,3.99,0,0,100,0.02,,-66.67,19.69,,0,-66.67,0,-0.02,5.649143189
273,Saptak Chem &,46,,4.94,0,-0.11,,0,,-66.67,29.2,0.09,,-62.07,2.55,-0.06,5.649143189
274,Incon Engineers,12.45,,5.39,0,-0.13,-85.71,0,-100,-64.15,27.92,0.1,,-48.24,0.9,-0.43,5.649143189
275,Tarapur Trans,25.71,,49.44,0,-0.24,72.73,0,,-63.15,31.3,0.63,0,-66.53,0,25.57,5.649143189
276,Blu.Coast Hotel.,19.25,,32.53,0,-0.38,72.26,0.1,,-62.61,27.88,0.15,,-57.46,17.69,-0.52,5.649143189
277,Harmony Capital,84.54,,25.36,0,-0.02,85.71,0,,-57.69,19.69,2.53,0.07,-39.09,0.05,-0.41,5.649143189
278,VXL Instruments,3.05,22.56,4.06,0,-0.15,87.88,0,,-56.25,35.77,0.57,,-8.24,2.83,0.08,5.649143189
279,Unipro Technolgy,27.4,,16.67,0,0.07,450,0,,-56,21.98,1.42,,-9.09,2.34,-0.91,5.649143189
280,SC Agrotech,31.22,107.84,237.26,0,2.72,189.36,37.56,,-53.93,24.49,1.09,0.03,-46.15,0.1,1.11,5.649143189
281,Kobo Biotech,2.46,,5.86,0,-1.33,-8.13,0,,-52.9,15.15,0.23,,-6.72,139.69,0.2,5.649143189
282,Williamson Magor,27,1.79,29.89,0,22.71,294.96,0.92,87.76,-52.89,23.81,1.14,,-36.47,554.19,44.65,5.649143189
283,Integ. Hitech,4.94,,4.94,0,-0.17,-240,0.01,,-52.6,36.05,0.05,,-49.86,0.58,-0.2,5.649143189
284,Trustwave,13.95,,9.12,0,-0.05,50,0,,-51.43,16.27,73,,-48.65,1.74,-0.85,5.649143189
285,Hasti Finance,8.35,,9.05,0,0,,0.03,-72.73,-50.56,16.27,0,0,-46.16,0,0,5.649143189
286,Beeyu Overseas,2.71,,3.83,0,0.01,0,0,,-50,29.2,20.33,0,-1.36,0,0.02,5.649143189
287,GCM Commodity,4.55,,3.38,0,-1.96,-732.26,0,,-49.66,35.08,1.1,0,-26.01,0,2.75,5.649143189
288,Innovative Tyres,90,,90,0,-7.07,-2337.93,27.29,92.45,-49.53,24.23,0.39,,-33.12,42.8,-4.64,5.649143189
289,NDTV,70.95,,799.84,0,-80.25,-34.67,150.41,13.31,-47.81,15.68,0.53,,-34.14,464.13,-144.37,5.649143189
290,Satiate Agri,22.1,,6.47,0,-0.25,,5.65,,-46.05,27.29,0.8,,-41.43,10.41,-4.09,5.649143189
291,Lypsa Gems,4.53,,13.49,0,1.26,12500,4.64,-21.75,-45.08,19.16,1.3,0,-21.51,0,-6.84,5.649143189
292,Khyati Multimed.,2.42,87.02,2.61,0,-0.04,55.56,0,-100,-44.17,27.88,0.35,0,-28.53,0,-0.9,5.649143189
293,Net Avenue,4.9,,10.51,0,-1.18,46.85,11.69,-17.56,-43.93,38.32,1.69,0.16,-23.87,0.77,-0.25,5.649143189
294,Regency Ceramics,39.15,941.02,103.51,0,-5.16,-34.73,11.52,190.91,-43.47,40.58,0.91,,2.33,90.42,-13.46,5.649143189
295,SGN Telecoms,0.66,,5.33,0,-0.03,0,0,,-43.37,23.45,17.23,0,-5.92,0,0.37,5.649143189
296,Brawn Biotech,19.15,,5.75,0,0.05,111.63,4.31,12.24,-42.52,27.29,1.15,0,-9.92,0,0.05,5.649143189
297,Sikozy Realtors,1.28,,5.71,0,-0.11,-57.14,0.14,,-41.67,25.13,0.91,,-34,0.43,-0.17,5.649143189
298,Ceenik Exports,263.7,,106,4.74,2.3,118.61,0,,-41.23,19.16,0.55,1.57,-30.17,25.56,-22.61,5.649143189
299,Spectra Industri,5.25,,3.72,0,-1.23,16.89,0,,-40.85,23.76,0.03,,-30.08,57.24,5.76,5.649143189
300,Gayatri BioOrga.,15.52,,122.28,0,-0.22,-37.5,0,,-40.72,15.15,0.05,,-45.06,37.29,-0.55,5.649143189
301,Ecoboard Inds.,56.9,,130.67,0,-0.78,76.99,9.47,406.42,-40.18,29.77,0.35,1.97,-18.69,17.21,-1.22,5.649143189
302,Waaree Tech.,161,,173.37,0,-1.72,34.35,4.11,-26.61,-39.85,31.67,0.47,,-25.51,19.55,-1.74,5.649143189
303,ANS Industries,17.5,,16.2,0,-0.16,0,0,,-39.82,46.65,0.09,0.56,-28.83,1.54,-1.14,5.649143189
304,Venlon Enterpris,4.42,,23.09,0,-0.7,-59.09,1.3,-57.24,-38.61,15.15,0.34,3.38,-22.49,21.98,-4.56,5.649143189
305,Gravity (India),13.08,2.06,11.78,0,4.5,1263.64,59.51,,-38.2,19.72,1.09,0.66,-29.62,2.37,-0.39,5.649143189
306,Iykot Hitech,18.25,,18.94,0,-0.31,-106.67,0.16,-79.75,-37.66,27.92,8,0,-32.13,0,-2.08,5.649143189
307,Varvee Global,58.7,9.36,300.91,0,5.35,177.09,12.14,104.38,-37.31,19.72,0.74,0.27,-28.65,28.1,27.47,5.649143189
308,Supreme Engg.,1.17,,29.24,0,0.07,111.86,6.88,45.15,-37.17,18.03,0.13,,-35.44,92.18,0.4,5.649143189
309,Mantra Capital,14.36,,45.89,0,-3.06,-59.38,4.84,528.57,-36.86,16.27,1.41,1.31,-34.51,44.91,-8.29,5.649143189
310,Rishabh Sp. Yarn,58.88,,20.97,0,-0.01,0,0,,-36.67,19.72,0.17,7.43,-27.33,0.52,0,5.649143189
311,Pan India Corpor,1.63,,34.92,0,-0.1,-66.67,0,,-36.35,23.81,2.67,0,-25.56,0,-0.12,5.649143189
312,HCL Infosystems,11.8,,387.16,0,-9.75,-44.38,4.22,-25.96,-35.14,23.51,0.32,,-6.06,355,-28.21,5.649143189
313,Simplex Papers,1488.4,,4.47,0,-0.03,0,0,,-34.78,19.41,0.11,,-9.79,12.44,-0.15,5.649143189
314,Ankit Met.Power,1.55,,22.44,0,-76.06,-76.27,146.87,-25.51,-34.2,19.58,0.33,,-8.18,1104.91,53.97,5.649143189
315,Nihar Info Glob.,6.35,,6.61,0,0.3,275,9.01,267.76,-34.03,36.05,1.16,0.32,-27.38,1.97,-0.04,5.649143189
316,Oswal Overseas,127.05,,164.18,0,-1.92,58.44,1.18,-91.71,-33.5,11.39,0.14,,-11.44,25.32,3.33,5.649143189
317,Finelistings Tec,13.03,,4.74,0,-1.89,-52.42,4.54,-61.56,-32.56,38.32,5.04,0.13,-32.77,1.64,-8.3,5.649143189
318,SRM Energy Ltd,19.6,,17.76,0,-0.1,16.67,0,,-32.34,31.67,0.01,,-28.68,5.38,-0.18,5.649143189
319,Tomorrow Tech.,9.13,,104.82,0,0.11,112.22,0.02,-60,-32.3,35.08,,0,-32.23,0,-7.22,5.649143189
320,Suvidhaa Info.,2.94,,61.26,0,-2.17,31.97,0.8,-37.5,-32.08,20.28,0.88,0.04,-19.4,1.23,-5.03,5.649143189
321,SVP Global,2.6,,31.53,0,-53.14,6.69,0,-100,-31.53,19.72,0.55,,-22.51,2495.04,-157.24,5.649143189
322,Inditrade Cap.,3.71,,8.66,0,-96.08,-3238.02,-10.25,-124.96,-31.28,35.08,2.78,2.44,-29.3,173.75,-45.01,5.649143189
323,Grandma Trading,0.49,,6.4,0,-0.03,-50,0.11,450,-31.02,29.2,0.85,,-30.46,0.16,-0.35,5.649143189
324,Shahi Shipping,13.64,,19.77,0,-0.46,-4700,1.67,-32.66,-30.97,10.72,0.9,4.4,-23.06,7.18,2.77,5.649143189
325,Pan Electronics,36.22,,14.49,0,-0.44,15.38,0.44,-57.69,-30.73,27.92,3.3,,-30.22,37.79,-2,5.649143189
326,Charms Industrie,6.56,,2.7,0,-0.04,0,0,-100,-30.3,35.08,0.29,,-23.26,0.4,-0.04,5.649143189
327,Jindal Leasefin,56.25,,16.92,0,-0.2,81.31,-0.21,84.89,-30.21,23.81,0.02,0.75,-22.52,4.99,-3.11,5.649143189
328,Sh. Rajas. Synt.,12.87,,52.43,0,-2.22,65.93,3.52,3.83,-30.2,19.72,0.28,,-18.55,15.08,-4.05,5.649143189
329,Krebs Biochem,49.19,,104.72,0,-3.13,59.56,7.27,-36.62,-30.09,27.29,0.09,,-15.59,221.47,-7.89,5.649143189
330,Panyam Cement,120.2,,96.42,0,-16.64,17.54,23.58,-22.38,-30.06,27.03,0.77,,-42.43,384.9,-10.89,5.649143189
331,Duke Offshore,29.84,,29.41,0,0.89,214.1,0,,-30.04,10.12,0.44,0.1,-28.66,0.4,-0.34,5.649143189
332,Arigato Universe,60.99,41.31,37.18,0,0.46,113.98,6.33,,-29.62,27.92,1.75,0,-23.03,0,-6.73,5.649143189
333,Ahimsa Industrie,26,,14.24,0,-0.22,76.09,0.05,-99.26,-28.68,21.17,36.35,0,-29.27,0.01,-1.6,5.649143189
334,Quintegra Soln.,1.25,,3.35,0,0,100,0,,-28.57,20.81,0,,-6.67,13.28,-0.06,5.649143189
335,Hindoo. Mills,151.95,63.05,25.22,0,-0.42,100,3.47,-5.96,-28.43,19.72,1.65,0.02,-20.38,0.74,4.16,5.649143189
336,Capricorn System,11.14,,31.16,0,0.03,160,12.01,4519.23,-28.26,19.69,0.54,0,-25.82,0,-0.03,5.649143189
337,Vikalp Securitie,31.5,,9.61,0,-0.04,,0,,-27.98,19.69,10.73,0,-21.86,0,-0.67,5.649143189
338,Vineet Laborator,29.66,,56.74,0,0.85,114.89,15.65,-13.54,-27.95,27.29,0.95,3.01,-20.9,42.78,11.49,5.649143189
339,Madhucon Project,4.33,,31.87,0,-115.9,74.75,139.33,25.03,-27.56,15.54,0.39,,-13.37,3395.06,84.74,5.649143189
340,Zee Media,7.43,169.68,459.84,0,52.77,335.37,240.32,50.72,-27.11,15.68,0.54,0.55,-12.55,107.17,63.54,5.649143189
341,Mudunuru,13.1,,41.4,0,0.19,165.52,1.32,65,-27.01,20.81,1.7,5.06,-21.78,3.29,-0.68,5.649143189
342,Onelife Capital,14.79,,55.29,0,-1.87,37.5,0.51,-61.65,-26.66,17.02,0.9,1.29,-11.87,32.74,57.8,5.649143189
343,Tips Films,320,,138.27,0,-2.87,-18.11,4.06,361.36,-26.64,113.46,0.86,4.53,-24.16,163,-179,5.649143189
344,LCC Infotech,5.21,,65.95,0,0,100,0,-100,-26.46,23.68,1.68,4.91,-17.68,2.26,-0.56,5.649143189
345,Sh. Ganesh Elas.,13.81,,7.6,0,-0.32,72.17,1.32,-27.07,-26.44,29.2,5.94,0.13,-23.75,0.5,-3.05,5.649143189
346,Droneacharya Aer,33.9,,81.32,0,1.94,20.5,9.58,-64.39,-26.29,19.69,5.43,0.05,-18.59,2.98,-7.14,5.649143189
347,Kesar Enterprise,4.68,,47.18,0,-6.23,61.54,104.31,-36.31,-26.18,11.39,0.05,0.1,-12.59,8.96,-5.26,5.649143189
348,Morarjee Text.,7.01,,23.31,0,-105.59,-201.43,13.22,-74.2,-26.12,19.72,0.05,,-39.3,505.66,3.05,5.649143189
349,Shah Alloys,58.15,,114.47,0,38.46,345.83,10.58,-79.65,-25.75,18.03,0.2,,-8.73,79.37,-4.51,5.649143189
350,Shanti Overseas,6.21,3.54,6.89,0,1.62,167.78,1.03,-94.23,-25.29,21.26,1.92,0.38,-13.74,4.4,-2.21,5.649143189
351,Ortin Global,16.72,,13,0,-0.05,61.54,0.01,-66.67,-25.11,27.29,2.08,0.72,-16.65,0.93,-0.41,5.649143189
352,Oxygenta Pharma,47.85,,176.97,0,-4.84,-23.16,33.93,2.17,-24.93,27.29,0.42,,-12.84,72.83,2.6,5.649143189
353,Alliance Integ.,1.7,,67.14,0,-23.54,-23.7,21.86,13.15,-24.67,18.03,0.17,,-21.48,246.67,7.52,5.649143189
354,Solve Plastic,16.2,,7.08,0,0.42,121.54,21.83,8.72,-24.67,21.17,1.23,1.04,-20.62,10.85,-3.08,5.649143189
355,Hipolin,52.25,,16.36,0,0.01,89.47,3.76,-25.4,-24.64,27.18,0.9,0.14,-22.42,1.01,-3.18,5.649143189
356,Fraser & Company,10.64,,8.64,0,-0.15,-150,1,,-24.63,29.2,1.41,0.19,-12.23,0.96,-0.74,5.649143189
357,Keerthi Indus,51.8,,41.54,0,-5.7,44.54,15.89,-36.03,-24.53,27.03,0.63,1.68,-13.38,55.42,4.63,5.649143189
358,Grill Splendour,110.25,,64.59,0,-3.24,-123.45,4.97,12.7,-24.53,62.53,1.2,0.14,-18.41,3.2,-3.42,5.649143189
359,Shree Ram Prote.,0.49,,10.5,0,-0.32,33.33,0,,-23.95,21.26,1.62,1.97,-23.82,36.81,2.12,5.649143189
360,Max India Ltd,142.4,,744.74,0,-42.85,-24.55,43.1,24.06,-23.63,16.17,2.03,0.44,-19.41,203.75,-127.6,5.649143189
361,Hanman Fit,4.19,,4.4,0,-0.01,98.08,0.1,,-23.46,40.08,0.24,0,-19.22,0,1.21,5.649143189
362,Shriram AMC,288.9,,490.58,0,-5.19,-0.19,3.5,150,-23.16,26.98,0.69,0,-22.45,0,-12.51,5.649143189
363,V R Films & Stud,11.8,,12.95,0,0.22,139.29,3.59,2.87,-23.09,113.46,1.56,0.96,-16.7,8.19,2.85,5.649143189
364,Vadivarhe Speci.,22.25,,28.44,0,-3.85,-18.79,17.04,17.76,-22.66,25.11,0.67,,-21.79,31.37,-7.15,5.649143189
365,Banas Finance,5.95,,53.3,0,-40.5,-15476.92,12.95,-57.64,-22.62,23.81,199.65,0,-15.36,0.58,-0.24,5.649143189
366,Yunik Managing,6.2,,8.86,0,-0.08,-166.67,0,,-22.22,35.08,1.68,0,-13.53,0,0,5.649143189
367,Kati patang Life,22.6,,103.06,0,-2.84,-149.56,2.6,-40.09,-22.08,32.24,6.32,0.58,-14.75,13.24,-1.26,5.649143189
368,Shivamshree Busi,1.9,,14.37,0,0.02,115.38,3.64,182.17,-22.02,47.53,1.52,0.23,-9.71,1.75,3.38,5.649143189
369,Omnipotent,3.89,,2.35,0,-0.07,89.71,0,-100,-21.75,13.74,,0.01,-19.92,0.12,-0.36,5.649143189
370,Natl. Oxygen,67.5,,34.03,0,-1.55,21.72,5.04,-53.25,-21.54,28.51,0.52,,-21.51,25.28,-0.18,5.649143189
371,Suncity Synth.,10.37,,5.13,0,0.08,-227.27,0.22,10,-21.4,19.72,0.6,,-11.8,0.25,2.7,5.649143189
372,Wherrelz IT,182.5,,7.11,0,0.23,-11.54,12.79,-29.61,-21.16,20.81,4.43,0,-20.9,0,-10.24,5.649143189
373,Astron Paper,3.94,,18.37,0,-5.06,81.9,1.45,5.84,-20.33,19.41,0.63,0.94,-22.27,76.65,3.97,5.649143189
374,Avasara Finance,17.12,,25.68,0,-0.55,-1000,0,,-20.18,16.27,1.05,0,-16.25,0,-0.01,5.649143189
375,Cinevista,15.47,,88.85,0,3.52,256.44,8.25,27400,-19.91,34.84,1.6,0.44,-19.54,22.85,2.54,5.649143189
376,Fynx Capital,4.58,,91.6,0,-0.82,-82.22,1.57,3825,-18.86,16.27,2.26,0.88,-18.97,15.07,-2.73,5.649143189
377,Cambridge Tech.,24.95,,48.96,0,1.25,128.22,46.77,-9.33,-18.79,20.81,1.89,1.18,-20.41,79.76,52.14,5.649143189
378,NRB Indl Bearing,28.51,,67.02,0,-10.98,-63.72,18.63,10.56,-18.67,51.38,0.67,,-23.7,129.88,-19.22,5.649143189
379,Daikaffil Chem,41.7,,25.02,0,-0.34,5.56,1.47,-58,-18.57,25.11,1.68,0,-13.37,0,-6.3,5.649143189
380,Kuberan Global,42.36,,8.92,0,-0.22,4.35,0,-100,-18.22,23.68,16.5,0.02,-18.62,0.04,-0.18,5.649143189
381,IL&FS Transport,2.2,,73.02,0,-248.01,-1100.85,806.58,7.66,-18.13,15.54,0.07,,-6.59,15512.54,-19.25,5.649143189
382,Eurotex Industri,14.75,6.6,11.93,0,-1.03,-33.77,0.02,,-18.07,19.72,0.29,,-8.66,35.71,-1.65,5.649143189
383,Blue Chip India,2.56,,14.16,0,-0.1,-233.33,0,,-17.91,23.81,0.11,,-2.03,1.5,-0.02,5.649143189
384,Crescentis Capital,120.1,729.76,204.33,0,1.19,127.74,3.72,187.12,-17.84,16.27,79.43,0,-16.45,0,-1.72,5.649143189
385,SecureKloud Tech,22.4,,74.83,0,-2.14,70.24,9.61,-65.6,-17.55,21.98,0.39,,-21.26,105.44,-48.71,5.649143189
386,Pharmaids Pharma,33,,116.38,0,-2.65,-9.47,5.43,15.29,-17.43,27.29,0.81,0.39,-12.7,20.13,-13.99,5.649143189
387,Adarsh Plant,31.84,,31.56,0,-0.05,-600,2.57,-33.07,-17.41,21.25,0.93,17.55,-13.25,5.44,0.57,5.649143189
388,Libord Securitie,15.95,,7.98,0,0.18,140,0,,-17.09,35.08,41,0,-16.85,0,0.17,5.649143189
389,Aerpace Indus,22.48,,345.87,0,-2.36,-3.78,0,,-16.99,18.03,0.32,0.5,-16.75,21.85,-5.15,5.649143189
390,Cadsys (India),44.95,,44.96,0,-22.19,-82.85,69.2,15.05,-16.91,21.36,4.5,8.84,-17.97,127.24,-4.42,5.649143189
391,Asian Petroprod.,7.75,111.95,19.03,0,0.1,122.22,9.08,-10.54,-16.51,15.15,1.2,0.58,-5.29,6.88,-3.56,5.649143189
392,Phaarmasia,81.18,24.21,55.44,0,16.27,215.71,16.05,240.04,-16.47,27.29,0.76,0,-6,0,0,5.649143189
393,Umiya Tubes,28.95,27.99,37.51,0,1.2,1600,4.33,,-16.46,18.03,4.62,0.02,-15.07,0.32,3.68,5.649143189
394,Tierra Agrotech,39.11,,256.54,0,-5.69,9.11,14.73,207.52,-16.34,24.87,1.5,0.17,-7.25,17.82,-29.59,5.649143189
395,Galada Power,5.91,,5.24,0,-0.11,56,0,,-16.1,23.45,0.36,,-15.08,8.98,-1.2,5.649143189
396,Gogia Capital,80,,50.57,0,-0.99,-175,-0.06,95.71,-16.07,17.02,21.27,0,-14.88,0,-1.02,5.649143189
397,Cupid Breweries,23.51,,214.75,0,-0.15,-175,0,-100,-16.07,32.24,1.39,0.01,-13.16,2.06,-1.66,5.649143189
398,Naturite Agro,160.95,327.85,85.24,0,0.21,147.73,6.24,940,-16.07,24.87,1.15,1.01,-10.67,11.45,-10.69,5.649143189
399,Pearl Polymers,16.56,,28.01,0,-1.64,26.13,4.7,-14.39,-15.93,30.13,7,0,-13.11,0,-4.82,5.649143189
400,Relic Tech.,70,,39.13,0,-0.48,52,0.32,-31.91,-15.87,35.08,4.86,0.16,-15.42,2.38,-0.37,5.649143189
401,K G Denim,14,,35.9,0,-4.22,57.66,8.53,-33.93,-15.85,19.72,1.04,9.54,-15.13,245.44,-1.76,5.649143189
402,Srestha Finvest,0.25,,41,0,0.57,102.32,1.23,-64.66,-15.84,23.81,14.24,0.29,-16.87,47.95,-53.5,5.649143189
403,Manugraph India,12.39,9.69,38.29,0,0.44,111.91,17.69,175.98,-15.63,27.92,0.91,0.1,-10.22,6,0.33,5.649143189
404,Cybele Industrie,51.26,3.86,54.82,0,6.16,404.95,15.22,142.74,-15.59,23.45,7.44,0.53,-17.02,29.17,-6.43,5.649143189
405,Cerebra Integr.,4.2,,49.93,0,-16.75,-168,0.82,-92.36,-15.41,23.51,1.08,0.29,-10.42,41.41,4.21,5.649143189
406,GTT Data,53.45,,204.16,0,-1.82,-83.02,42.15,818.3,-15.35,20.81,1.41,0.21,-17.2,18.62,-11.75,5.649143189
407,Clenon Enterpri,62.96,,68.88,0,-0.59,-13.46,1.85,,-15.12,48.18,15.4,1.27,-17.35,7.78,-0.36,5.649143189
408,Rap Corp,33.01,0.45,19.42,0,-0.01,99.21,0,,-15.04,14.81,54.6,0.24,-5.76,13.23,-6.04,5.649143189
409,Global Infratech,16.06,,2.27,0,-0.19,29.63,0.01,,-14.66,19.69,2097,0.08,-14.55,1.59,24.33,5.649143189
410,TCI Industries,1410,,126.9,0,0.38,159.38,1.55,63.16,-14.63,19.69,0.73,0.14,-13.7,2.03,-1.95,5.649143189
411,Khandwala Sec.,15.75,,24.54,0,-0.49,-190.74,1.06,-60.74,-14.51,17.02,1.56,0.1,-10.01,2.86,4.02,5.649143189
412,Fourth Gen.,8.57,,3.04,0,-0.18,-125,0,-100,-14.5,36.05,0.6,,-19.5,3.88,0.48,5.649143189
413,Visagar Polytex,0.55,,16.37,0,-0.22,31.25,0.01,,-14.42,21.23,-34.45,26.65,-19.95,6.13,0.04,5.649143189
414,Ramasigns Indus.,0.96,,2.74,0,0.63,165.62,0.19,-82.57,-14.3,29.2,1.49,1.14,-8.72,10,-0.09,5.649143189
415,VK Global,25.24,,10.69,0,0.05,162.5,0.24,700,-14.24,29.2,45.25,0,-14.25,0,-0.34,5.649143189
416,Alan Scott Ente.,251.4,,143.74,0,-1.13,-212.9,8.26,5.76,-14.21,113.46,1.74,1.45,-13.21,11.72,-1.68,5.649143189
417,GCM Securit.,0.61,,11.59,0,0.03,102.1,0,,-14.12,17.02,0.38,0.44,-10.47,6.43,-0.27,5.649143189
418,T. Spiritual,2.09,,4.18,0,0.01,133.33,0,,-13.99,36.05,0.21,0,-13.79,0,0,5.649143189
419,Bloom Dekor,12,,8.22,0,-0.51,-59.38,0.6,-28.57,-13.89,21.17,1.11,,-3.95,12.65,-0.24,5.649143189
420,Global Longlife,14.54,,15.27,0,-1.32,-206.45,0,-100,-13.69,43.38,2166,0,-13.59,0,12.32,5.649143189
421,Piccadily Sugar,31.47,39.13,73.17,0,0.19,112.26,0.81,-37.21,-13.66,11.39,0.34,1.72,-3.9,22.03,19.69,5.649143189
422,Purohit Const.,15.77,,6.95,0,-0.24,-118.18,0,,-13.6,25.13,4.48,0.17,-11.57,0.29,-0.05,5.649143189
423,Winsome Yarns,1.81,,12.58,0,-3.66,-94.68,0.78,85.71,-13.51,19.72,0.04,,-8.55,556.58,18.76,5.649143189
424,Aksh Optifibre,4.67,,75.17,0,-5.81,-16.33,26.4,-8.93,-13.45,48.18,0.63,,-9.58,100,-19.15,5.649143189
425,Ortel Commu.,1.8,,5.94,0,-9.31,-278.46,10.47,-42.41,-13.42,15.68,0.14,,-5.71,229.82,2.71,5.649143189
426,Prashant India,14.21,,6.02,0,-2.67,-2866.67,0.01,-80,-13.33,19.72,0.04,,-9.3,27.7,-0.9,5.649143189
427,Supra Trends,14.2,,19.22,0,-0.32,5.88,2.56,,-13.23,35.08,7.49,0.61,-11.89,8.21,-2.83,5.649143189
428,Celebrity Fash.,7.15,,42.61,0,-3.42,-1.48,45.38,18.92,-13.18,21.23,0.86,5.65,-12.61,55.78,3.07,5.649143189
429,Purple Finance,54.95,,323.79,0,0.01,100.55,13.37,254.64,-13.17,16.27,3.37,0.78,-13.62,84.91,-77.93,5.649143189
430,Benara Bearings,8.99,,15.92,0,-7.6,65.25,2.67,-46.81,-13.1,27.92,0.45,,-32.9,62.71,-1.94,5.649143189
431,Restile Ceramics,6.26,,61.52,0,-0.19,25,1.46,440.74,-12.98,40.58,0.04,,-12.38,37.48,1.04,5.649143189
432,Xelpmoc Design,100.55,,149.15,0,-2,16.5,1.12,34.94,-12.95,36.05,8.31,0,-11.51,0.28,-4.87,5.649143189
433,Sparkle GoldRock,72.45,22.38,32.45,0,0.81,2760,45.73,1905.7,-12.93,19.72,1.08,0.54,-7.29,1.25,-0.4,5.649143189
434,Gallops Enterp.,26.12,118.97,13.09,0,0.03,125,0.01,,-12.81,25.13,20,0,-12.29,0,-0.13,5.649143189
435,Shalimar Paints,45.64,,379.04,0,-26.65,10.22,131.33,-11.55,-12.8,30.86,0.98,0.67,-11.69,189.6,-58.61,5.649143189
436,MPIL Corporation,369.9,,21.08,0.12,0.05,150,0.02,0,-12.79,35.08,0.74,0.01,-10.83,0.19,-0.8,5.649143189
437,Raj Television,37.09,,193.98,0,0.05,-81.48,16.39,-61.63,-12.7,15.68,1.19,0.2,-11.27,24.51,-5.17,5.649143189
438,SEL Mfg. Co,29.93,,101.79,0,-40.75,3.46,2.05,-54.65,-12.62,19.72,0.03,,-17.26,968.19,67,5.649143189
439,ISL Consulting,26.8,,64.32,0,0.18,110.17,5.34,26.24,-12.47,35.08,198.5,0,-12.12,0,-0.46,5.649143189
440,Parmax Pharma,27.83,,10.41,0,-0.73,-87.18,4.33,-31.05,-12.45,27.29,0.81,,-5.99,11.51,-0.96,5.649143189
441,Aimco Pesticides,44.5,,43.53,0,-2.53,-586.54,30.38,-40.3,-12.42,21.25,0.88,0.69,-4.45,16.76,2.68,5.649143189
442,Shashijit Infra.,2.77,,20.13,0,-0.11,88.3,3.95,-21.31,-12.28,15.54,1.28,0.57,-9.39,8.66,-3.25,5.649143189
443,Arcee Industries,18.36,,9.43,0,-0.06,-20,0.01,,-12.07,21.17,1.69,0.06,-2.79,0.18,0.02,5.649143189
444,Golden Legand Ls,10.39,2.55,15.45,0,-5.62,-249.07,57.38,2968.45,-11.71,16.27,0.54,0.02,-6.5,0.44,1.71,5.649143189
445,I Power Solution,21.15,,12.48,0,-0.45,-400,0,,-11.63,21.98,4.7,0.01,-12.24,0.04,-0.1,5.649143189
446,Vanta Bioscience,17.45,,12.41,0,-1.82,12.08,0.3,-70.87,-11.58,49.62,0.8,1.59,-15.52,30.57,-2.41,5.649143189
447,Thrive Future Habitats,106.9,,102.21,0,0.34,288.89,0.08,-87.3,-11.44,41.82,2.85,0,-8.45,0,0.17,5.649143189
448,Compuage Info.,1.13,,9.43,0,-137.42,-1417.55,388.94,-69.83,-11.29,23.51,0.65,5.71,-12.92,656.37,-200.66,5.649143189
449,Kairosoft AI,44.17,,5.23,0,0.75,240.91,1.27,,-11.1,23.76,9.55,0,-10.49,0.19,-0.7,5.649143189
450,Loyal Textile,199,,95.02,0,-12.21,15.94,105.38,-32.1,-11.1,19.72,0.78,1.37,-12.16,330.94,147.98,5.649143189
451,Ind-Agiv Commer.,36.31,,11.1,0,-0.02,97.18,0.06,-92.94,-11.1,29.2,1.43,,-5.21,0,-6.26,5.649143189
452,Delta Manufact.,53.65,,57.06,0,-5.2,-255.68,15.53,3.53,-11.08,22.91,0.62,3.09,-14.97,30.62,1.06,5.649143189
453,Digikore Studios,76.85,,97.33,0,6.11,116.67,34.47,52.72,-11.06,34.84,1.53,1,-10.18,41.03,-21.92,5.649143189
454,Orosil Smiths,4.12,16.85,17.02,0,-0.07,-333.33,0.41,57.69,-10.95,19.16,0.39,0,21.82,0.01,0.02,5.649143189
455,Kalpa Commer.,8.36,,8.57,0,0.57,296.55,8.79,,-10.94,29.2,6.45,0,-10.97,0.05,0.36,5.649143189
456,Sturdy Industrie,0.2,,3.03,0,-0.24,83.56,0,-100,-10.9,21.17,0.11,,-7.89,176.42,2.52,5.649143189
457,Spel Semiconduct,136.45,,629.31,0,-12.47,53.91,1.53,10.07,-10.85,23.45,0.61,12.46,-6.07,26.79,-1.67,5.649143189
458,Future Enterp.,0.49,,29.24,0,-1422.11,-118.4,7.89,-97.55,-10.84,38.46,0.02,,-9.9,5396.05,1071.52,5.649143189
459,Rollatainers,1.31,,32.52,0,17.59,-252.74,0,,-10.82,16.94,0.01,,-2.56,11.22,-3.75,5.649143189
460,Revati Media,11.07,,3.32,0,-0.07,-16.67,0,,-10.79,29.2,3,2.47,-10.49,1.88,-0.29,5.649143189
461,Kshitij Polyline,2.33,,35.94,0,0.61,222,10.54,-0.66,-10.76,24.64,4.18,0.19,-10.44,11.24,-8.63,5.649143189
462,Yuranus Infrast.,159.95,,55.98,0,0.25,196.15,2.93,-58.44,-10.73,15.54,1.64,0.75,-8.68,2,0.82,5.649143189
463,Cura Tech.,124.46,,119.98,0,0.02,108,0.12,,-10.69,20.81,0.26,0.55,-6.72,4.32,5.49,5.649143189
464,Tradewell Hold,77.41,9.18,23.22,0,0.13,124.07,0.75,837.5,-10.68,35.58,1.5,1.8,-7.35,13.59,1.85,5.649143189
465,Waterbase,43.69,,180.99,0,-2.63,32.74,101.56,52.06,-10.62,19.15,1.38,0.34,-7.45,49.86,-12.54,5.649143189
466,Bijoy Hans,52.6,,39.45,0,-0.16,-433.33,0,-100,-10.6,29.2,56.67,0,-11.86,0,0.22,5.649143189
467,Vivo Collaborat.,72.6,,14.63,0,-2.03,-394.2,0,-100,-10.56,18.23,9.77,0,-9.77,0,-3.58,5.649143189
468,M M Rubber,66.53,,41.46,0,-0.68,51.08,10.59,1.34,-10.55,24.22,0.84,0.75,-11.02,10.7,-2.31,5.649143189
469,Omkar Spl.Chem.,3.85,,7.8,0,-2.9,-27.19,3.74,-49.18,-10.53,25.16,0.15,,-15.91,225.51,0.89,5.649143189
470,Andhra Cements,53.86,,497.08,0,-44.14,-0.94,110.26,66.23,-10.52,27.02,0.38,12.22,-13.58,931.21,59.55,5.649143189
471,Drone Destinatio,41.35,,100.9,0,1.51,48.04,14.84,7.3,-10.52,23.68,2.87,0.56,-8.77,34.17,-10.13,5.649143189
472,Neueon Corporation,14.58,,82.44,0,-8.8,292.46,1.22,12100,-10.37,31.3,4.62,0.06,-7.43,52.4,-1226.77,5.649143189
473,Ace Integrated,15.86,,16.17,0,-0.27,-19.05,0.11,-92.31,-10.3,19.69,26.51,0.01,-7.14,0.11,-0.14,5.649143189
474,Tapi Fruit,55,,23.66,0,-1,-35.14,10.92,18.7,-10.28,47.64,0.79,0.65,-9.96,7.17,2.33,5.649143189
475,Indo-City Info.,12.12,22.52,12.61,0,0.57,195,4.48,111.32,-10.22,35.78,100.57,0,-10.32,0,-1.27,5.649143189
476,Aanchal Ispat,22.16,19.03,6.28,0,0.57,359.09,19.42,-42.54,-10.21,17.86,1.06,0,-0.97,0,-2.68,5.649143189
477,Norris Medicines,13.97,,13.97,0,0.7,350,3.27,194.59,-10.13,29.2,0.57,,-8.86,21.47,0.51,5.649143189
478,Northlink Fiscal,15.77,,8.28,0,-0.51,-466.67,0.04,-69.23,-10.1,16.36,3.84,0.17,-11.32,0.81,-0.67,5.649143189
479,Jagsonpal Services,60,,109.23,0,-1.65,-1169.23,0,,-10.06,16.36,3.85,0,-9.41,0,-0.86,5.649143189
480,BNR Udyog,33.71,,10.11,0,-0.24,63.64,0.62,8.77,-10.04,21.31,18.53,0,-5.06,0,-2.87,5.649143189
481,Innocorp,4.78,,3.8,0,-0.08,-300,0,,-10,21.17,1.3,1.87,-12.38,4.02,-0.23,5.649143189
482,Brooks Lab.,54.26,7.39,159.56,0,5.5,358.22,16.57,-19.25,-9.93,27.25,1.73,0.07,-9.33,7.83,2.63,5.649143189
483,Gem Spinners,5.58,,34.25,0,-0.09,35.71,0,,-9.92,20.34,1.64,,-9.57,0,-2.15,5.649143189
484,Olympic Cards,3,13.58,4.89,0,3.31,392.92,3.36,48.02,-9.91,21.83,1.05,,-9.19,23.77,3.15,5.649143189
485,Accord Synergy,26.65,10.76,9.25,0,1.15,217.35,19.14,47.91,-9.91,18.23,4.22,0.05,-8.22,0.71,-2.22,5.649143189
486,Paul Merchants,480.45,227.96,148.17,0,-14.4,332.17,504.79,-32.7,-9.84,34.92,12.92,0.01,-6.24,12.02,447.85,5.649143189
487,MPS Pharmaa,1.65,,3.15,0,-0.22,-29.41,0,,-9.79,27.25,0.25,11.55,-9.34,7.51,-0.57,5.649143189
488,Spencer's Retail,29.25,,262.66,0,-58.35,-23.26,502.87,-2.73,-9.72,38.28,0.23,,-17.76,1702.32,37.41,5.649143189
489,Lloyds Luxuries,47.05,,113.55,0,-34.73,-42.94,27.57,25.55,-9.68,,1.69,0,-9.45,0,-0.48,5.649143189
490,Trinity League,12.17,,9.63,0,-0.05,16.67,0,,-9.67,34.92,62.5,0,-10.13,0,-0.21,5.649143189
491,Indergiri Fin.,25.91,,13.11,0,0.1,-23.08,0.28,-59.42,-9.66,16.36,0.06,12.14,-10.83,13.48,-12.72,5.649143189
492,Praxis Home,6.44,,119.11,0,-15.89,-90.76,26.2,-22.85,-9.63,25.47,1.39,3.1,-10.32,160.15,-27.49,5.649143189
493,Next Mediaworks,5.12,,34.25,0,-1.03,-6.19,0,,-9.35,34.74,1,,-82.85,36.84,-0.43,5.649143189
494,Shemaroo Entert.,95.13,,259.82,0,-54.9,-52.41,160.68,-2.24,-9.31,34.74,1.68,0.78,-8.95,297.38,75.15,5.649143189
495,Bharat Immunolog,16.65,,71.9,0,-4.92,-59.74,0,-100,-9.27,27.25,0.33,0.94,-8.56,74.36,10.89,5.649143189
496,Steelco Gujarat,90.75,,45.07,0,-8.7,-36.36,5.53,235.15,-9.27,17.86,0.92,4.13,-12.4,113.54,5.24,5.649143189
497,Innovassynth Technologies,57.31,,432.4,0,-4.94,17.31,0,,-9.18,23.06,0.01,0.16,-9.71,4.86,-0.73,5.649143189
498,HB Stockholdings,49.33,,35.96,2.03,-3.73,67.37,1.39,334.38,-9.14,16.36,5.5,0.13,-10.98,12.35,-4.64,5.649143189
499,Anjani Portland,111.99,,334.02,0,-19.63,4.82,80.11,-23.93,-9.07,27.02,0.52,2.26,-8.37,463.38,9.7,5.649143189
500,Ashiana Ispat,27.4,,21.82,0,37.82,198.55,612.6,6125900,-9.02,17.86,0.94,,-8.28,78.84,12.48,5.649143189
501,Kerala Ayurveda,186,,224.32,0,-4.6,-53.98,32.96,5.88,-9.01,27.25,0.47,15.49,-10.66,84.55,4.83,5.649143189
502,Aplab,67.76,16.12,165.72,0,0.78,109.27,11.29,-29.17,-8.82,23.45,1.24,1.42,0.37,26.81,1.89,5.649143189
503,Rajasthan Cylind,30.85,,10.37,0,-0.29,-16,0,,-8.79,27.98,1.34,0.02,-4.67,0.35,1.15,5.649143189
504,Wardwizard Foods,8.78,,225.77,0,-0.6,83.87,116.65,139.23,-8.78,20.21,1.44,0.42,-9.86,33.28,-1.92,5.649143189
505,India Homes,14.78,,588.36,0,0.43,112.54,0,,-8.76,17.86,0.5,3.88,-3.94,84.43,-6.27,5.649143189
506,Steelman Telecom,69.65,,67.4,0,-8.97,18.08,116.82,15.09,-8.61,18.23,0.94,2.74,-6.87,87.87,-7.43,5.649143189
507,Inspire Films,11.1,,15.11,0,-1.73,53.99,6.93,72.39,-8.59,34.74,2.3,0.59,-10.71,15.87,0.08,5.649143189
508,Noida Tollbridg.,3.35,2.26,62.01,0,15.48,431.03,10.59,6.86,-8.55,13.59,0.59,,-5.42,42.91,15.12,5.649143189
509,Vista Pharma.,7.38,,45.42,0,-2.32,-75.76,2.42,-5.47,-8.53,27.25,1.13,0.19,-7.86,8.5,-6.98,5.649143189
510,Landmark Prop.,5.94,476.79,81.05,0,0.25,92.31,1.59,245.65,-8.51,14.81,4.53,0,-8.73,0,-0.37,5.649143189
511,Shentracon Chem.,59.66,331,26.48,0,-0.01,-125,0,,-8.49,15.16,2.75,,-8.48,3.36,-1.55,5.649143189
512,Oil Country,40.7,,210.63,0,-17.47,-1165.24,5.62,-86.36,-8.41,10.09,3.61,0.11,-7.78,24.88,30.49,5.649143189
513,Walchan. Inds.,145.5,,986.45,0,4.66,135.14,80.95,37.04,-8.33,27.98,1.21,0.56,-10.61,194.06,15.62,5.649143189
514,Orchasp Ltd,2.15,19.15,75.84,0,0.19,-62,4.35,-27.62,-8.26,20.79,1.43,0,-5.53,0,-15.58,5.649143189
515,Zodiac Cloth. Co,68.49,,186.75,0,-8.64,14.96,41.27,-9.77,-8.18,21.02,1.02,0.62,-10.02,113.85,-14.04,5.649143189
516,Organic Coatings,20.83,,20.77,0,-0.96,-7.87,5.87,73.16,-8.15,25.16,0.8,4.52,-11.39,8.31,0.89,5.649143189
517,Advance Meter.,13.38,,21.49,0,-3.13,30.91,2.33,-29.61,-8.13,31.67,2.8,0.21,-8.49,18.96,-3.9,5.649143189
518,Nakoda Group,24.27,,42.29,0,0.35,,10.65,-25.16,-8.11,47.64,2.05,0.42,-8.82,13.82,-1.42,5.649143189
519,The Ravalgaon,879.7,,29.91,0,-0.2,25.93,0,,-8.1,11.31,0.28,0.1,-6.76,1.4,-4.89,5.649143189
520,Bodhtree Consul.,16,76.06,34.99,0,0.56,-52.54,5.58,38.12,-8.1,21.92,9.66,0.01,-8.15,0.26,-1.65,5.649143189
521,Vivimed Labs.,6.39,,52.34,0,-16.55,-176.76,15.99,-56.2,-8.1,27.25,0.78,,-3.42,384.04,-1.75,5.649143189
522,Dhanlaxmi Fabric,56.01,,48.06,0,-0.07,90.76,11.6,387.39,-8.07,20.34,4.06,0,-8.09,0,0.19,5.649143189
523,Ekam Leasing,5.51,,3.31,0,-0.16,0,0,-100,-7.95,19.69,1.6,0.24,-9.21,1.81,-0.64,5.649143189
524,Sparc Electrex,3.45,,3.51,0,-0.97,-1716.67,0.06,-93.94,-7.92,20.79,5.37,0.01,-7.27,0.15,-2.89,5.649143189
525,Kabra Drugs,27.01,14.89,64.03,0,2.57,575.93,30.42,,-7.82,27.25,1.87,0.02,-7.32,0.47,-4.71,5.649143189
526,Standard Inds.,13.97,,90.97,3.94,-4.62,17.79,7.73,0.13,-7.81,14.81,2.69,0.02,-8.23,2.43,0.62,5.649143189
527,Shamrock Indl.,21.38,,11.61,0,-0.55,-2650,0,,-7.78,29.2,3.69,0,-7.67,0,-0.13,5.649143189
528,Mefcom Capital,10.94,,49.99,0,-1.25,-25.25,26.04,-36.05,-7.74,6.37,2.68,0.52,-8.85,12.06,-8.21,5.649143189
529,Skyline Ventures,22.8,,9.04,0,-0.2,-400,0,,-7.7,25.46,3.44,0.32,-6.88,1.16,-0.07,5.649143189
530,Sayaji Industr,99.49,,251.51,0,3.6,393.22,282.9,5.05,-7.62,24.87,0.55,3.5,-7.48,274.76,-33.48,5.649143189
531,Banka Bioloo,48.74,,53.24,0,-0.13,89.73,15.26,8.69,-7.61,15.51,1.21,1.06,-10.78,32.39,0.87,5.649143189
532,Yash Innoventure,47.89,,76.77,0,-0.45,40.79,0,100,-7.58,19.69,1.34,1.44,-10.96,20.5,-7.42,5.649143189
533,Jetmall Spices,27.1,,16.24,0,-0.32,-1500,0.18,-50,-7.56,20.21,852,0,-7.05,0,-0.26,5.649143189
534,Baron Infotech,1.58,,1.61,0,-0.09,83.02,0,-100,-7.55,35.78,0.15,,-9.47,1.1,-0.01,5.649143189
535,Alchemist Corp.,28.99,,14.23,0,-0.82,-2633.33,1.8,,-7.45,15.16,3.33,0,-7.63,0,-0.74,5.649143189
536,Puretrop Fruits,177.1,63.01,141.15,0,2.71,177.84,26.37,33.32,-7.35,24.87,6.17,0.02,7.04,2.17,39.55,5.649143189
537,Aditya Ispat,9.7,,5.19,0,-0.44,-151.16,8.19,-29.82,-7.34,17.86,0.88,4.45,-10.83,26.22,6.06,5.649143189
538,Globus Power,11.82,,116.96,0,-0.02,-27.27,0,,-7.29,31.67,0.4,0,-5.5,0,3.61,5.649143189
539,Golech.Glob.Fin.,31.41,,17.28,0,-0.42,-235.48,1.84,-59.29,-7.28,19.69,157.5,0,-6.78,0,0.13,5.649143189
540,Bombay Wire,40.28,,21.51,0,0.02,115.38,0,,-7.15,17.86,46.13,0,-16.41,0,-1.31,5.649143189
541,Sampre Nutrition,21.57,,204.93,0,0.66,222.22,7.39,32.44,-7.13,47.64,1.97,0.17,-9.03,16.72,0.09,5.649143189
542,ACE EduTremd Ltd,4.66,,4.27,0,-0.12,36.84,0,,-7.12,23.68,1.24,0,-5.26,0,-0.01,5.649143189
543,JK Agri Genetics,330,107.76,153.02,0,-5.27,42.07,23.63,-9.12,-7.09,24.87,1.36,0,-4.95,0.28,3.43,5.649143189
544,Bohra Industries,17.5,,37.05,0,-0.6,-39.53,0,,-7.01,17.16,12.2,0.02,-6.14,1.18,-0.44,5.649143189
545,HB Leasing &Fin.,12.35,,15.89,0,-0.05,-350,0.04,-66.67,-6.93,16.36,6.5,0.01,-6.05,0.05,-2.11,5.649143189
546,Ganesh Holdings,95.98,,8.55,0,-0.04,42.86,0,-100,-6.93,19.69,1,0,-6.86,0,1.09,5.649143189
547,Jattashankar Ind,418,1310.71,183.5,0,0.31,381.82,55.94,279600,-6.93,20.34,1860,0,-6.63,0.01,1.52,5.649143189
548,Chambal Brewer,34.38,,25.75,0,-0.04,-300,0,,-6.9,29.2,51.5,0,-6.84,0,-0.17,5.649143189
549,CLC Industries,15.25,,15.85,0,-4.93,-200.82,31.68,422.77,-6.84,20.34,0.87,10.25,-8.96,63.46,-21.75,5.649143189
550,Andrew Yule & Co,18.73,89.35,915.81,0,-8.8,38.07,75,9.76,-6.83,19.17,0.73,0.33,-3.69,120.37,-11.05,5.649143189
551,Oscar Global,17.79,,5.87,0,0,100,0,,-6.81,19.16,86,0,-6.46,0,-0.36,5.649143189
552,Pro CLB,35.09,,17.91,0,0.24,500,0.32,,-6.72,34.76,48.2,0,-6.47,0,-1.87,5.649143189
553,Suryavanshi Spg.,18.33,5.62,9,0,2.65,1525,2.48,933.33,-6.7,20.34,0.27,,-27.1,18.86,1.4,5.649143189
554,Bhagawati Oxygen,37,61.03,8.54,0,-0.08,61.9,0.05,-80.77,-6.68,15.16,1.23,0.16,-4.01,0.65,-0.56,5.649143189
555,Salem Erode Inv.,31.69,,36.33,0,-1.26,7.35,0.82,1.23,-6.67,16.36,1.37,0.06,-11.24,1.05,2.56,5.649143189
556,Yash Mgmt & Sat.,7.97,,13.55,0,0.26,111.65,7.68,-4.48,-6.49,29.2,5.66,0.15,-6.83,3.23,4.19,5.649143189
557,Subex,8.17,139.81,459.99,0,2.93,260.62,70.79,-2.61,-6.44,35.78,2.57,0.09,-7.08,29.7,9.75,5.649143189
558,Shreyas Interm.,6.33,,44.85,0,-0.39,-8.33,0,,-6.34,15.16,4.21,0.49,-5.86,7.74,1.35,5.649143189
559,Tasty Dairy,5.8,,11.85,0,-0.74,68.78,0.08,-95.29,-6.34,24.42,0.19,,-17.71,49.37,9.7,5.649143189
560,Eastern Treads,31,,16.22,0,0.15,131.91,16.18,0.75,-6.31,24.22,0.54,,-8.77,34.65,0.46,5.649143189
561,A B M Internatl.,45.2,,42.53,0,-3.34,-62.14,15.33,-8.09,-6.25,29.2,1.26,1.09,-3.57,14.26,-1.23,5.649143189
562,Hi-Klass Trading,51,1401.03,154.11,0,1.23,1637.5,3.42,6740,-6.25,34.92,,0.75,-5.24,9.1,-1.49,5.649143189
563,Flex Foods,39.64,,49.36,1.26,-7.86,-2.61,45.94,63.49,-6.18,24.87,0.82,15.46,-8.33,305.16,-2.33,5.649143189
564,Cemantic Infra,4.73,,11.86,0,-0.06,0,0,,-6.14,25.46,1.16,1.02,-5.14,2.5,-0.47,5.649143189
565,Rapicut Carbides,140,43.21,75.18,0,1.57,197.52,20.78,78.06,-6.11,27.98,2.04,0.33,-7.46,6.48,-3.9,5.649143189
566,Lynx Machinery,169.9,,17.42,0,-0.24,20,0,,-6.07,27.98,37.06,,-11.96,12.98,-1.42,5.649143189
567,Ashoka Refinerie,13.38,,4.55,0,-0.04,20,0.03,50,-6.06,24.87,4,0.06,-6.01,0.15,0.26,5.649143189
568,Akshar Spintex,0.4,,31.5,0,-3.8,-63.09,34.35,32.27,-6.01,20.34,6.61,0.06,-5.16,4.89,-29.57,5.649143189
569,GKB Ophthalmics,58.63,,29.56,0,0.7,121.67,56.79,120.12,-6,33.17,1.5,0.28,-5.93,14.66,-3.43,5.649143189
570,PBM Polytex,48.97,,33.68,0,2.49,288.64,37.13,-12.94,-5.99,20.34,5.04,0.03,-4.35,3.55,-5.61,5.649143189
571,Tusaldah,120,,28.12,0,-0.18,-500,0.12,,-5.97,20.34,2.44,0.63,-5.41,0.51,-0.13,5.649143189
572,Turner Industrie,0.69,,0.28,0,0,,0,,-5.94,19.16,0.08,3.55,-5.88,0.39,0,5.649143189
573,Boston Commerce,7.57,,5.3,0,-0.01,80,0.06,,-5.89,36.86,0.86,0.8,-4.32,4.77,-4.59,5.649143189
574,ACI Infocom,1.23,,13.59,0,-1.81,-50,0,,-5.89,23.31,44.55,0,-5.68,0,-0.22,5.649143189
575,K-Lifestyle,0.23,,23.51,0,-1.13,82.4,0.92,-65.54,-5.85,20.34,0.11,,-25.44,326.26,-0.13,5.649143189
576,Vallabh Steels,13.9,,6.88,0,-0.29,17.14,0,,-5.73,17.86,0.08,,-5.47,46.33,-0.02,5.649143189
577,Indian Acrylics,4.64,,62.78,0,-2.2,55.19,89.3,-7.33,-5.71,14.25,0.83,439.89,-7.93,193.55,-9.54,5.649143189
578,Ahasolar Technol,62,10.56,19.11,0,-0.12,95.83,36.02,56.13,-5.71,38.36,1.65,0.02,-5.22,0.23,-1.75,5.649143189
579,Elango Industrie,8.77,,3.35,0,-0.03,0,0,-100,-5.67,17.86,3.36,0,-4.66,0,0,5.649143189
580,Shyam Century,4.46,,94.21,0,-6.14,-10333.33,0.84,-97.43,-5.67,14.97,26.92,0.01,-5.17,1.13,-1.54,5.649143189
581,Krishna Vent.,19.03,,20.55,0,0.03,-57.14,0.19,-85.04,-5.65,25.46,11.41,0,-4.27,0,1.32,5.649143189
582,Innokaiz India,10.64,,10.88,0,-1.74,-102.33,5.76,3.41,-5.62,26.62,2.21,0.38,-4.8,16.02,-1.36,5.649143189
583,Sanmitra Commerc,47.27,811.28,235.27,0,-0.05,-400,0,,-5.58,19.69,2.99,0.36,-4.99,0.57,-0.27,5.649143189
584,Rasandik Engg.,54.06,,32.3,0,-0.83,-113.52,22.16,54.32,-5.56,23.73,0.61,0.26,-1.48,24.41,4.65,5.649143189
585,Cistro Telelink,1.07,,5.49,0,-0.02,0,0.03,50,-5.55,29.2,,0,-5.54,0.01,0.08,5.649143189
586,Photon Capital,126.3,476.75,19.07,0,0.22,159.46,0.05,-16.67,-5.55,19.69,171.5,0,-8.66,0.02,-0.47,5.649143189
587,Kandagiri Spinng,42.68,,16.43,0,-0.68,-25.93,0.07,-83.72,-5.54,20.34,0.39,,-6.1,19.64,0.3,5.649143189
588,Visa Steel,30.83,,400.33,0,-16.53,4.28,144.97,22.06,-5.46,14.97,0.04,,-6.03,1395.94,25.54,5.649143189
589,MSR India,6.95,,43.7,0,-0.29,-107.14,0,,-5.44,18.25,0.13,,-4.18,7.73,-0.53,5.649143189
590,Nectar Lifesci.,11.09,,215.25,0,14.27,-9026.09,0,-100,-5.36,27.25,0.24,0.64,-5.37,458.84,169.44,5.649143189
591,Panther Indl. Pr,44.96,,6.29,0,-0.05,90,0,,-5.21,29.2,0.67,7,-5.13,7.42,-0.02,5.649143189
592,Hind.Organ.Chem.,27.01,,181.43,0,-3.88,89.81,147.24,-10.85,-5.2,15.16,3.54,0.23,-6.84,232.38,631.4,5.649143189
593,JHS Sven.Lab.,7.94,,69.31,0,0.79,142.93,23.27,2.69,-5.19,41.83,2.39,0.06,-9.27,10.59,-5.18,5.649143189
594,Indian Terrain,28,,141.59,0,2.56,185.17,101.4,4.67,-5.17,21.02,1.72,0.6,-8.93,109.11,19.24,5.649143189
595,Chennai Meena,37,,27.64,0,-0.54,14.29,9.11,3.17,-5.14,36.86,0.69,,-6.05,10.63,2.17,5.649143189
596,CDG Petchem,124.5,239.54,114.98,0,2.73,2766.67,22.18,306.97,-5.1,21.17,12.03,12.99,-8.48,5.76,-7.22,5.649143189
597,Filmcity Media,2.39,,7.31,0,-0.06,-20,0,,-5.07,113.43,4.15,0,-4.41,0,-0.01,5.649143189
598,Global Offshore,47.91,,147.29,0,-2,14.34,12.24,50.55,-5.07,10.73,0.96,0.47,-5.77,62.3,9.41,5.649143189
599,Tijaria Polypipe,4.52,,12.13,0,-0.33,55.41,0,,-5.05,21.17,1.06,,-4.22,72.4,-5.16,5.649143189
600,JPT Securities,22.34,,6.72,0,-0.06,-200,0,-100,-4.98,16.36,0.17,,-2.77,0.79,0.02,5.649143189
601,Oriental Trimex,5.13,5.56,37.22,0,0.11,108.4,3.31,76.06,-4.92,22.67,3.95,0.03,-4.83,2.87,-72.68,5.649143189
602,Music Broadcast,5.27,,183.55,0,3.68,2.22,46.48,-28.91,-4.9,34.74,1.84,0.27,-5.16,133.19,16.61,5.649143189
603,Universal Office,6.6,967,9.67,0,0,100,0,,-4.89,29.2,133,0,-4.81,0,-0.15,5.649143189
604,Inducto Steel,51.11,,20.54,0,0.14,123.73,33.29,-0.89,-4.89,17.86,1.08,0.72,-7.16,27.53,-11.87,5.649143189
605,Lippi Systems,36.05,6.11,25.24,0,4.97,3413.33,0,,-4.88,27.98,3.09,0.1,-3.13,2.14,2.09,5.649143189
606,Alkali Metals,55.49,66.74,56.73,0.9,-1.39,47.94,24.91,11.5,-4.87,25.16,1.02,0.43,-3.55,18.1,5.44,5.649143189
607,Dhoot Indl.Fin,199,,125.73,0.75,4.86,-53.85,2.52,-57.93,-4.87,29.2,19.1,0,-4.78,0.18,-15.25,5.649143189
608,Patspin India,6.08,,18.8,0,-3.21,20.29,11,2.04,-4.86,20.34,0.05,,-11.49,81.59,1.44,5.649143189
609,Globesecure Tech,33.7,,53.72,0,-0.89,-470.83,7.88,-25.1,-4.85,21.92,2.5,0.15,-5.99,6.58,-24.06,5.649143189
610,Vikram Aroma,64.06,,20.09,0,-0.04,63.64,4.76,-49.09,-4.83,25.16,0.85,0.03,-4.55,0.57,-2.66,5.649143189
611,Bluechip Tex Ind,113,,22.26,0,-0.01,90.91,54.19,-11.13,-4.77,20.34,3.18,0.11,-3.74,2.72,2.4,5.649143189
612,Colorchips New,13.35,,22.71,0,-0.32,-23.08,0.06,-64.71,-4.76,15.55,0.66,0,-4.52,0,-9.44,5.649143189
613,Khoobsurat Ltd,0.52,6.74,24.45,0,2.35,209.3,0,,-4.75,20.34,6.92,0,-4.88,0,-13.29,5.649143189
614,Sinnar Bidi Udy.,912.8,192.19,36.52,0,-0.07,-200,0.89,-39.86,-4.72,20.11,16.44,0,-2.18,0,-1.28,5.649143189
615,Kesoram Inds.,8.23,,255.39,0,6.02,132.82,64.79,-1.07,-4.71,27.02,0.67,0.58,265.35,199.39,37.34,5.649143189
616,Encash Entert.,27.55,,10.73,0,-0.2,-5.26,0.02,0,-4.7,113.43,46.53,0,-4.31,0,0.01,5.649143189
617,Stanrose Mafat.,64,,25.41,0,-0.88,-1.15,0.67,,-4.69,23.06,1.58,0.06,-4.74,2.2,0.04,5.649143189
618,Kothari Products,63.39,10.67,381.88,0,9.91,-105.1,161.9,-26.9,-4.68,29.2,4.19,0.23,-5.26,256.25,100.26,5.649143189
619,Decipher Labs,6.02,,6.08,0,-0.54,8.47,3.21,-44.66,-4.67,27.25,4.56,0.02,0.88,0.43,-9.82,5.649143189
620,Millen. Online,1.51,,7.55,0,0.04,233.33,0.61,38.64,-4.61,19.69,37,0.38,-3.89,1.55,0.07,5.649143189
621,Kallam Textiles,2.81,,14.84,0,-19.79,-130.12,71.17,12.29,-4.5,20.34,0.25,4.65,-7.89,369.39,1,5.649143189
622,Williamson Fin.,5.89,,4.92,0,-0.16,-128.57,0,,-4.49,16.36,0.4,,-2.68,440.54,23.92,5.649143189
623,Dhunseri Tea,127.94,,135.89,0.78,-7.12,57.37,141.21,15.32,-4.45,19.17,0.82,0.43,-5.02,237.52,-1.55,5.649143189
624,Vistar Amar,187,18.13,107.71,0,6.47,1604.65,65.93,657.82,-4.38,20.21,4.3,0,-3.87,0,-10.02,5.649143189
625,Bharat Parenter.,1003.35,,691.51,0.1,-9.67,-162.87,65.19,-9.78,-4.38,27.25,2.17,0.39,-7.46,130.68,-27.25,5.649143189
626,Alphageo (India),184.37,,117.81,4.34,-5.97,24.84,16.84,50.9,-4.32,17.98,6.49,0,-3.32,0,-9.55,5.649143189
627,Prakash Woollen,22.29,,22.87,0,-1.86,62.5,51.09,-10.48,-4.25,20.34,1.1,1.02,-6.55,49.61,7.11,5.649143189
628,CMI,3.8,,6.09,0,-2.85,65.79,13.46,-53.71,-4.24,19.08,0.22,,-3.54,381.15,-6.94,5.649143189
629,Cityman,14.8,,17.31,0,-0.09,-28.57,0,,-4.18,19.16,371,,-4.12,14.17,-0.31,5.649143189
630,Prajay Engineers,19.52,,136.59,0,-1.02,65.45,8.07,-29.95,-4.18,25.46,2.62,0.34,-3.44,163.98,19.26,5.649143189
631,ANG Lifesciences,22.08,,28.83,0,-4.75,8.48,18.73,-24.26,-4.18,27.25,1.04,1.52,-5.08,89.88,-0.26,5.649143189
632,GSL Securities,38.92,,16.64,0,-0.27,-800,0,,-4.17,16.36,5.9,0,-2.76,0,-0.26,5.649143189
633,Oxford Industrie,11.26,12.87,6.69,0,0.35,3400,0,-100,-4.17,20.34,1.44,,-3.75,1.79,-0.59,5.649143189
634,Kanco Tea,58.1,,29.77,0,-3.37,31.78,28.2,50.08,-4.12,19.17,1.07,0.71,-6.73,51.95,-1.1,5.649143189
635,Malu Paper,31.14,,53.03,0,-5.1,-38.96,76.9,22.55,-4.11,19.47,0.47,,-7.14,145.64,3.82,5.649143189
636,South Asian Ent.,34.15,,13.66,0,-0.07,97.79,0.06,-14.29,-4.07,39.9,28.25,0,-2.7,0,-0.85,5.649143189
637,Abhishek Infra.,7.85,,3.96,0,-0.04,-33.33,0,,-4.05,25.46,2.79,0.33,-2.74,1.23,-0.01,5.649143189
638,Polytex India,5.9,,7.97,0,-0.03,0,0,,-4.04,16.36,0.1,0.12,-3.76,0.28,-0.07,5.649143189
639,N2N Technologies,28.5,6.05,9.2,0,0.01,120,0.5,47.06,-4.04,19.69,0.58,0.09,17.37,0.65,-0.4,5.649143189
640,Kiran Syntex,13.42,,5.7,0,-0.01,0,2.76,,-3.86,20.34,1.15,0.08,-3.52,0.16,-0.08,5.649143189
641,MT Educare,1.34,,10.35,0,-2.09,60.71,6.97,-42.21,-3.82,23.68,0.51,,-11.17,134.39,-0.83,5.649143189
642,KMF Builders,7.03,8.82,8.56,0,-0.08,93.98,0,,-3.78,25.46,52.7,0,-3.89,0,-0.82,5.649143189
643,Kamanwala Housin,16.17,0.52,22.79,0,-1.38,-355.56,5.95,,-3.77,25.46,19.46,0.01,-4.92,1.26,-4.4,5.649143189
644,Ind Bank Housing,40.95,,40.95,0,0.06,220,0,,-3.74,13.84,38.96,,-3.53,129,-0.34,5.649143189
645,Vardhman Concr.,9.5,10.3,6.8,0,-0.03,72.73,0,,-3.73,27.02,0.16,,-7.2,15.76,0.23,5.649143189
646,Dindigul Farm,10.8,,26.39,0,0.91,-54.73,38.28,17.06,-3.73,24.42,2.77,0.54,-9.23,19.56,-12.43,5.649143189
647,Deepak Spinners,106.7,147.51,76.71,0,2.81,724.44,135.16,2.42,-3.67,20.34,1.58,0.13,-2.89,29.86,16.34,5.649143189
648,Toyam Sports,0.79,,45.65,0,-8.15,-113.91,0.89,81.63,-3.64,34.92,8.67,0,-3.49,0,-5.11,5.649143189
649,Dharan Infra-EPC,0.14,,53.94,0,-4.19,-874.42,3.5,-43.55,-3.61,25.46,8.29,0.07,-3.58,68.39,16.7,5.649143189
650,Athena Construc.,3.52,,2.64,0,-0.36,-5.88,0,,-3.6,25.46,3.07,1.12,-3.59,6.87,0.42,5.649143189
651,Lovable Lingerie,65.82,13.73,97.47,0,0.54,212.5,10.53,26.26,-3.58,21.02,5.68,0.02,-0.66,2.78,5.73,5.649143189
652,Hindustan Agrig.,40.15,588.87,17.67,0,-0.04,-300,0,-100,-3.53,24.87,298.75,0,-3.5,0,0.07,5.649143189
653,Delta Industrial,12.75,,6.88,0,0.08,500,0,,-3.52,34.92,38,0.22,-2.93,1.03,0.73,5.649143189
654,Swadha Nature,10.1,,4.14,0,-0.01,0,0,-100,-3.51,19.69,,0.36,-2.61,0.23,0.36,5.649143189
655,Jayatma Industri,12.05,,7.44,0,-0.3,-150,15.25,50.54,-3.5,20.34,2.17,2.09,-6.49,20.72,3.89,5.649143189
656,Indsil Hydro,36.23,,100.68,1.38,3.88,43.17,36.29,5.96,-3.49,14.97,14.11,0,-4.43,0,-11.26,5.649143189
657,Eco Hotels,11.15,,58.58,0,-2.02,-56.59,1.79,4375,-3.47,27.77,0.26,0.4,-4.2,39.05,-4.72,5.649143189
658,Vivanta Indust.,1.68,,21.64,0,1.24,3000,67.14,2072.82,-3.43,15.51,1.18,1.15,-1.52,19.37,-5.38,5.649143189
659,Prag Bosimi Syn.,1.62,,12.05,0,-1.68,28.21,0.5,-25.37,-3.42,20.34,19.9,,-4.95,161.25,-1.21,5.649143189
660,Micropro Softwar,20.95,,29.96,0,-2.11,-62.31,8.13,27.83,-3.38,20.79,8.52,0,-3.45,0,-0.63,5.649143189
661,FratelliVineyard,72.39,,314.7,0,-8.72,-214.8,63.6,9.83,-3.35,32.45,1.47,0.97,-4.99,142.15,-7,5.649143189
662,DCM Financial,7.01,,15.43,0,-0.26,-8.33,0,,-3.32,23.06,0.07,,-5.27,69.35,-1.6,5.649143189
663,Rich Universe,5.55,,4.03,0,-0.02,33.33,0,,-3.3,16.36,1.04,0.25,-1.5,1.77,0.09,5.649143189
664,COSYN,20.5,96.08,15.37,0,0.03,-25,2.14,-35.35,-3.3,35.78,2.67,0,-4.59,0,-0.21,5.649143189
665,Hind.Urban Infra,490.9,,354.15,0,14.69,8061.11,95.48,40.43,-3.29,23.45,2.11,0.23,-4.1,90.91,-6.65,5.649143189
666,Shikhar Cons.,15.52,,7.05,0,-0.01,0,0,,-3.27,16.36,0.6,0.56,-3.08,0.98,-0.09,5.649143189
667,Agio Paper,3.7,,5.96,0,-0.5,-31.58,0,,-3.24,19.47,0.03,,-6.17,15.97,-0.41,5.649143189
668,Vikas Wsp,0.96,,19.62,0,-8.72,-0.11,0,,-3.21,24.87,0.89,0.4,-1.82,306.67,0,5.649143189
669,SAB Industries,133.35,,202.83,0,-14.69,-89.55,4.23,-62.16,-3.19,15.51,1.51,0.15,-3.49,64.25,6.27,5.649143189
670,Bombay Talkies,4.42,,23.86,0,-0.03,-50,0.02,-50,-3.14,113.43,11.1,0,-3.05,0,0.05,5.649143189
671,Kakatiya Cement,100.66,,77.75,2.98,-4.91,-6.97,13.07,-24.45,-3.11,27.02,3.75,0.05,-4.4,9.32,14.37,5.649143189
672,Jackson Invest,0.44,,12.79,0,0.14,133.33,0.13,-13.33,-3.1,23.06,43.71,0,-3.06,0,-0.03,5.649143189
673,Team24 Consumer,28.22,249.6,72.39,0,0.02,113.33,0.12,,-3.09,20.21,16.07,0,-4.28,0,-0.34,5.649143189
674,Shiva Mills,53.89,,45.86,0,-0.71,51.7,34.26,-4.78,-3.08,20.34,3.18,0.07,-3.31,6.36,4.05,5.649143189
675,Garware Synth,18.45,22.81,10.72,0,0.22,320,2.49,-2.35,-3.05,29.2,0.16,,-1.74,5.4,0.04,5.649143189
676,Rudra Ecovation,18.45,,220.16,0,-0.99,23.26,8.44,21.97,-3.03,20.34,0.9,0.01,-3.63,0.79,15.05,5.649143189
677,Link Pharma Chem,23.5,74.5,10.43,0,0.07,110.45,6.73,26.03,-3,15.16,1.21,0.62,-4.18,8.1,2.69,5.649143189
678,Shiva Cement,15.65,,461.68,0,-33.9,5.21,126.09,118.56,-2.97,27.02,0.58,39.62,-8.47,1602.92,-56.5,5.649143189
679,Prima Industries,18.84,52.13,20.33,0,0.25,204.17,1.96,-5.31,-2.95,21.1,4.5,0.14,-2.5,2.76,-0.97,5.649143189
680,Gita Renewable,79.38,,32.64,0,-0.06,40,0,-100,-2.93,31.67,0.4,0,-2.81,0,-0.01,5.649143189
681,Raj Packaging,26.55,,12.13,0,0,100,7.46,2.9,-2.9,17.02,4.21,0.33,-3.85,4.28,-1.6,5.649143189
682,B P Capital,9.46,,5.69,0,-0.04,0,0,,-2.87,16.36,1.42,0.25,-1.88,1.11,-0.12,5.649143189
683,MPDL Ltd,37.98,,28.14,0,-0.95,-106.52,2.43,-4.33,-2.87,25.46,1.44,0.59,-2.62,55.55,-10.38,5.649143189
684,Golden Carpets,8.79,,5.7,0,-0.22,-214.29,0.02,-88.24,-2.85,28.09,5.26,,-1.72,4.66,0,5.649143189
685,Sutlej Textiles,29.07,,477.88,0,-16.17,38.85,635.79,-2.85,-2.84,20.34,1.21,0.98,-3.5,825.46,66.03,5.649143189
686,Ruparel Food,125.95,,38.82,0,-0.02,60,0.88,,-2.83,47.64,4.88,0,-2.82,0.01,0.44,5.649143189
687,Punjab Commun.,50.4,14.85,60.58,0,-0.91,-727.27,4.99,40.56,-2.82,48.27,1.53,0,-1.09,0,-9.39,5.649143189
688,Libord Finance,18.38,55.5,28.86,0,0.22,133.33,0.24,50,-2.81,16.36,26.25,0,-2.49,0,-6.73,5.649143189
689,Vivanza Biosci.,1.91,,7.64,0,0.2,400,45.25,2916.67,-2.77,27.25,1.1,2.2,-3.73,10.14,-2.5,5.649143189
690,Nova Iron &Steel,11.94,,43.15,0,-1.06,-10.97,108.04,8.71,-2.76,17.86,0.39,,-2.87,248.45,35.68,5.649143189
691,Tulive Developer,812,,174.94,0,-0.27,3.57,0,,-2.74,27.98,552.5,0,-2.78,0,1.03,5.649143189
692,RCC Cements,14.24,,7.97,0,-0.03,0,0,-100,-2.71,20.79,0.71,0.4,-1.68,1.24,-0.06,5.649143189
693,Senthil Infotek,31.5,,15.91,0,0,100,0.01,-66.67,-2.69,20.79,255,0,-2.68,0,-0.18,5.649143189
694,SJ Corp,71.47,124.4,59.71,0,0.13,161.9,7.06,1096.61,-2.67,19.16,187,0,-2.19,0,0.74,5.649143189
695,Eastcoast Steel,17.86,24.1,9.64,0,0.08,-74.19,0,,-2.65,17.86,4.88,0.23,-1.41,4.56,-1.28,5.649143189
696,S K Internation.,32.38,11.93,23.74,0,-0.18,,0.01,-99.08,-2.65,19.16,101,0,-2.64,0,-0.48,5.649143189
697,Facor Alloys,2.12,,41.46,0,-4.37,-181.53,0.27,,-2.63,14.97,0.48,0.13,2.5,13.15,-4.02,5.649143189
698,Affordable Robo.,146.79,36.58,164.26,0,1.31,178.92,19.93,-42.1,-2.63,27.98,1.51,0.64,-4.95,65.39,-5.78,5.649143189
699,Orient Paper,15.88,,338.58,0,-21.26,-102.28,236.39,2.73,-2.6,19.47,0.6,0.16,-2.01,254.65,-12.25,5.649143189
700,Velan Hotels,5.44,,17.38,0,-0.5,-13.64,0,,-2.6,27.77,1.4,,-21.19,62.82,-0.74,5.649143189
701,BirlaNu Ltd,1224.6,,922.95,2.45,-53.03,-49.46,857.84,6.53,-2.58,28.09,0.9,0.88,-3.15,1041.24,82.09,5.649143189
702,Palash Securi.,86.06,6.79,86.12,0,21.62,1852.34,10.15,-21.32,-2.53,47.64,3.23,0.07,-2.82,40.56,-4.87,5.649143189
703,Palred Technolog,29.44,,36.56,0,-1.44,38.04,18.08,-11.07,-2.52,21.92,1.5,1.3,-8.47,58.6,13.54,5.649143189
704,Athena Global,64.2,,90.28,0,1.14,129.69,2.21,-47.26,-2.5,20.79,0.2,0.59,-6.05,85.21,9.61,5.649143189
705,Kaya Ltd,288.05,,438.54,0,-35.56,-166.87,60.04,3.3,-2.5,,0.77,,30.9,277.56,1.21,5.649143189
706,Naturo Indiabull,2.85,,5.38,0,-0.2,-140.82,0,-100,-2.5,41.83,1.71,0.32,-1.41,12.15,3.78,5.649143189
707,Indian Infotech,0.61,,103.05,0,-0.84,90.88,5.83,-4.11,-2.49,23.06,94.83,0,-2.56,0,-14.27,5.649143189
708,Sh. Steel Wire,19.66,,6.51,0,-0.17,-466.67,1.1,-61.27,-2.47,17.86,20.71,0,-1.68,0,-0.17,5.649143189
709,Nivaka Fashions,1.65,,16.94,0,-0.53,-165,0.05,-44.44,-2.47,25.25,2.36,0.2,-3.71,1.67,-0.98,5.649143189
710,Octal Credit Cap,23.7,,11.85,0,-0.33,38.89,0.14,55.56,-2.45,16.36,,0,-2.4,0,-0.28,5.649143189
711,Sh. Rajiv. Oil,22.81,66.71,9.34,0,0.02,-60,0,,-2.44,24.87,,0.08,-2.43,0.43,-0.72,5.649143189
712,Munoth Fin.Serv.,21.94,,11.27,0,-0.22,-175,0.09,-40,-2.41,34.92,0.7,0.05,-2.72,0.48,-0.1,5.649143189
713,Kush Industries,5.87,,8.95,0,-0.03,-400,0,,-2.4,20.34,0.15,,-2.32,8.93,-0.12,5.649143189
714,Peeti Securities,17.85,,6.69,0,-0.07,-133.33,6.01,-8.1,-2.39,20.34,11.61,0,-2.16,0,-0.88,5.649143189
715,UTL Industries,1.5,98.88,4.94,0,-0.03,25,0.03,0,-2.38,25.46,21.14,0.02,-2.26,0.07,-0.06,5.649143189
716,Aviva Industries,59.37,132.62,123.34,0,0.89,1880,13.78,,-2.35,29.2,1.04,0.3,-2.16,0.93,0,5.649143189
717,OnMobile Global,48.93,29.82,519.09,0,3.51,275.74,135.69,-17.27,-2.34,22.62,1.32,0.12,-3.62,79.64,-23.88,5.649143189
718,Kanoria Chem.,60.37,,260.35,0,3.55,394.54,265.82,47.39,-2.33,27.98,0.89,0.62,-5.74,327.37,14.68,5.649143189
719,KK Shah Hospital,37.45,,25.5,0,-0.32,-186.49,4.82,19.6,-2.33,43.53,2.66,0,-2.16,0,2.25,5.649143189
720,Goa Carbon,306.3,,278.66,0,-23.37,-180.22,193.58,49.53,-2.28,16.32,1.31,2.08,-4.19,390.64,-53.93,5.649143189
721,Aion-Tech Soluti,38.58,,204.48,0,-1.76,153.49,40.59,83.58,-2.28,35.78,1.03,0.34,-2.78,100.28,-12.29,5.649143189
722,A F Enterprises,1.97,,6.59,0,-0.14,6.67,5.64,370,-2.24,29.2,1.4,0.17,-0.57,6.29,-0.03,5.649143189
723,RKD Agri,4.15,,24.26,0,-0.12,,0.41,5.13,-2.22,24.87,14.47,0.39,-2.25,1.68,-0.69,5.649143189
724,Vijay Textiles,5.97,,10.93,0,-3.83,80.03,1.41,-53.77,-2.2,20.34,1.79,7.04,-4.22,217.04,2.95,5.649143189
725,Sundaram Multi.,1.2,74.67,56,0,1.62,153.9,26.07,22.05,-2.2,27.17,2.36,0.31,-4.16,21.16,6.89,5.649143189
726,Sarvottam Finve.,19.8,212.22,14.86,0,-0.08,69.23,0.43,48.28,-2.18,16.36,4.63,0.01,-2.33,0.16,-0.73,5.649143189
727,Martin Burn,39,3.49,20.09,0,0.29,-63.75,0,-100,-2.17,25.46,1.89,0,-2.05,0.14,15.35,5.649143189
728,Kreon Finnancial,29.91,9.91,60.48,0,1.07,128.76,9.94,54.11,-2.17,16.36,6.99,0.79,-6.56,28.93,-2.29,5.649143189
729,Medi Caps,25,,31.17,0,-0.77,62.44,4.3,6.97,-2.12,27.25,13.16,0,-1.86,0,5.07,5.649143189
730,Reliable Ventur.,19.13,,21.06,0,-0.14,-133.33,0,,-2.11,27.77,12.49,0,-1.91,0,-0.61,5.649143189
731,Omansh Enterpri.,167.55,,293.68,0,-0.06,-50,0,,-2.11,29.2,6,0.83,-5.56,1.78,-0.37,5.649143189
732,Patidar Buildcon,8.58,,4.72,0,-0.1,0,0.05,-90.38,-2.1,25.46,0.84,0.3,-4.02,1.97,0.33,5.649143189
733,Darjeeling Industriies,34.8,22.61,27.36,0,1.05,2200,2.55,,-2.1,34.92,1.09,0,-2.49,0,12.1,5.649143189
734,Karnavati Financ,1.2,,12.06,0,0.7,1266.67,2.28,456.1,-2.09,16.36,0.53,6.31,-6.67,59.54,5.48,5.649143189
735,Niyogin Fintech,35.7,,397.15,0,0.48,101.74,63.1,-43.26,-2.06,16.36,1.31,0.48,-3.19,154.58,-86,5.649143189
736,Encode Packaging,12.33,,3.89,0,0,100,0,,-2.05,9.36,,0.03,-1.98,0.1,-1.36,5.649143189
737,Munoth Commun.,7.15,,6.9,0,-0.06,-117.65,0,,-2.03,34.92,0.4,0.08,-4.75,1.3,-0.2,5.649143189
738,G G Dandekar,59.4,,28.28,0,-2.66,-105.76,0.81,-11.96,-2.03,27.98,11.48,0.07,0.11,3.95,1.41,5.649143189
739,JP Associates,2.42,,594.01,0,-693.46,31.66,726.15,-50.86,-2.03,15.51,1.47,,-4.05,17466.65,557.5,5.649143189
740,Samtel (India),18.49,,13.11,0,0.08,366.67,0,,-2.01,35.77,1.49,0.1,-2.14,0.13,-0.38,5.649143189
741,Starlog Enterp.,38.04,,56.94,0,-2.05,-310.85,2.42,-51.79,-2,21.25,2.71,0.01,-2.01,0.42,-16.47,5.649143189
742,Sreechem Resins,29.5,,12.39,0,-0.55,-66.67,6.75,-29.69,-1.99,15.16,4.14,0.07,-2.73,0.98,3.29,5.649143189
743,Bang Overseas,33.49,8.92,46.05,0,0.24,-47.83,59.21,17.95,-1.98,21.02,1.72,0.35,-1.32,31.86,-1.52,5.649143189
744,Welcast Steels,670,,42.88,0,-3.16,-2709.09,2.62,-88.65,-1.97,22.94,3.64,0,-1.31,0,-3.74,5.649143189
745,Kaiser Corporat.,4.61,,24.26,0,0.29,111.89,2.32,36.47,-1.97,29.2,1.01,4.66,-5.26,20.6,-5.08,5.649143189
746,Global Surfaces,60.68,,256.61,0,-3.34,71.06,59.27,28.68,-1.97,22.67,1.46,0.71,-5.39,211.73,-31.23,5.649143189
747,Prima Agro,14.73,5.34,7.64,0,0.14,124.14,2.43,0,-1.95,24.87,5.73,0.35,-2.5,5.59,-0.97,5.649143189
748,Trescon,8.84,41.88,64.07,0,2.2,284.87,16.63,,-1.93,25.46,2.32,0.31,-1.85,38.73,-88.91,5.649143189
749,Emami Realty Ltd,58.25,,259.06,0,-37.28,-91.47,4.89,-91.45,-1.92,25.46,1.35,,-5.71,1910.28,-75.4,5.649143189
750,Milestone Furn.,28.4,,26.4,0,-0.17,39.29,0,,-1.91,28.09,76.86,0.02,-1.89,0.5,-0.08,5.649143189
751,Galaxy Agrico,41.98,,68.81,0,5.31,-400,0.75,1.35,-1.89,27.98,2.75,0.38,-1.74,1.4,-0.21,5.649143189
752,Progrex Ventures,26.84,,9.67,0,-0.02,0,0,,-1.89,20.21,56.86,0,-1.63,0,-0.16,5.649143189
753,GFL,44.16,408.94,482.55,0,13,183.84,0.95,15.85,-1.89,16.29,70.57,0,-2.79,0,0.5,5.649143189
754,Classic Filament,44.62,,27.28,0,-0.01,50,0,,-1.85,20.34,1.02,0.06,-1.48,0.34,-0.67,5.649143189
755,Mcleod Russel,34.55,,357.42,0,-36.41,58.31,445.45,20.21,-1.85,19.17,0.13,30.1,-6.09,1910.54,72.43,5.649143189
756,Gala Global,1.44,,7.86,0,-0.41,-783.33,8.55,21.1,-1.82,27.17,1.79,0.82,-4.02,29.12,19.78,5.649143189
757,Samsrita Labs,15.42,,35.08,0,-2.94,,0,,-1.8,36.86,1.09,0.11,-1.8,1.66,-0.23,5.649143189
758,LGB Forge,6.13,,146.02,0,-1.86,-181.4,23.85,-1.45,-1.79,23.73,1.66,1.4,-4.95,25.82,15.6,5.649143189
759,Mukta Arts,41.7,,94.62,0,-1.46,91.24,46.46,-3.41,-1.79,113.43,0.72,,-7.51,95.77,23.49,5.649143189
760,Adroit Info.,8.62,,45.76,0,1.52,181.48,14.33,86.59,-1.79,21.92,2.84,0.29,-2.84,22.49,-1.14,5.649143189
761,Global Cap.Mkt.,0.51,17.07,20.31,0,0.45,124.19,0.75,87.5,-1.77,16.36,1.5,0,-1.58,0.06,-3.28,5.649143189
762,Bharatiya Glob.,2.83,,4.48,0,0.53,429.41,0,,-1.77,21.92,3.04,0.04,-3.82,3.45,0.03,5.649143189
763,Lexus Granito,30.33,,62.15,0,0.71,-5950,13.71,-28.33,-1.77,28.09,1.64,3.33,-4.14,53.71,-3.13,5.649143189
764,Transgene Biotek,2.45,,18.56,0,-0.37,-311.11,0.05,-37.5,-1.75,36.86,0.08,1.79,-0.47,16.5,1.2,5.649143189
765,Soma Textiles,94.92,421.53,311.93,0,1.94,183.45,28.01,4647.46,-1.74,20.34,40.44,0,-1,0.3,-5.96,5.649143189
766,Tahmar Enterp.,6.25,,97.37,0,-0.09,-325,0.01,-98.97,-1.73,32.45,0.94,0.46,-2.4,39.09,-18,5.649143189
767,Prit Nandy Comm.,20.58,4.47,29.53,0,-10.18,2194.29,9.77,222.44,-1.72,113.43,9.39,0.02,-0.95,1.47,4.75,5.649143189
768,Inland Printers,48.8,,24.12,0,-0.1,-25,0,,-1.7,13.31,0.04,0.83,-4.91,1.33,-0.18,5.649143189
769,Sanwaria Consum.,0.25,,18.4,0,-0.94,26.56,0.27,3.85,-1.65,20.21,0.27,,-1.28,899.07,-0.15,5.649143189
770,Veejay Lak. Eng.,35.9,,18.2,0,-1.73,-978.95,15.98,-30.16,-1.64,27.98,0.95,2.71,-5.64,30.91,-2.2,5.649143189
771,Nikki Glob.Fin.,22.32,,7.63,0,-0.02,0,0,,-1.64,16.36,0.21,0.42,-0.33,0.51,0.01,5.649143189
772,Shricon Indus.,151.25,10.48,18.75,0,1.18,11900,2.21,7266.67,-1.64,14.81,8.73,0,-1.63,0,-0.07,5.649143189
773,Padmalaya Tele.,4.4,,7.48,0,0,100,0,,-1.62,113.43,5.26,0.03,-1.34,0.54,-0.19,5.649143189
774,Tulasee Bio-Eth.,24.13,,14.22,0,-0.04,-100,0,,-1.61,15.16,10.79,13.71,-1.55,7.54,0,5.649143189
775,Antarctica,0.79,6.25,12.25,0,0.22,-62.71,22.44,25.86,-1.59,17.02,1.19,0.65,-0.92,11.17,-2.29,5.649143189
776,Ramgopal Polytex,19.11,,27.71,0,-0.1,-150,0.21,,-1.59,29.2,23.49,0,-1.59,0,-0.36,5.649143189
777,VIRAT LEASING,41.51,,107.76,0,-1.04,-1385.71,0.2,-4.76,-1.59,16.36,0.22,0,-1.83,0,0.02,5.649143189
778,Skyline Millars,16.01,,64.4,0,-0.03,72.73,0.68,,-1.58,25.46,61.72,0,-1.73,0,-2.53,5.649143189
779,Andhra Petrochem,36.62,,311.17,0,-10.77,28.91,67.39,-45.88,-1.57,15.16,15.39,0.15,-2.2,78.86,-56.73,5.649143189
780,Space Incubatric,0.2,0.73,6.93,0,-0.19,-137.5,0,,-1.57,20.79,17.63,0.06,-1.57,1.14,-1.43,5.649143189
781,Sybly Industries,1.81,,1.65,0,-0.02,-100.58,0,,-1.54,20.34,3.58,6.09,-1.55,17.54,-11.98,5.649143189
782,Swagtam Trading,57.19,,6.81,0,0.02,-33.33,0,,-1.54,29.2,2.63,0,-0.97,0,-0.43,5.649143189
783,Semac Construct,288.05,26.68,90.7,0,1.57,204.48,58.96,28.03,-1.53,15.51,1.31,0.66,-2.83,49.17,-2.69,5.649143189
784,Tree House Edu.,8.54,,36,0,-0.99,-30.26,0.87,-53.72,-1.53,23.68,4.89,0,-8.4,0,-0.11,5.649143189
785,Fruition Venture,32.5,50,13,0,0.22,466.67,1.63,55.24,-1.52,29.2,0.81,0.25,-2.69,1.22,0.23,5.649143189
786,Sampann Utpadan,28.2,18.37,138.17,0,1.9,207.95,36.37,52.56,-1.51,18.37,2.37,2.23,-2.39,94.42,0.27,5.649143189
787,Vertex Secur.,2.9,,42.93,0,-0.41,6.82,1.92,6.67,-1.51,34.92,1.73,0.87,-1.85,7.2,-0.44,5.649143189
788,Lerthai Finance,453,,31.71,0,-0.1,-600,0,,-1.48,11.58,41.29,0,-0.19,0,-0.43,5.649143189
789,GTN Textiles,8.6,,10.01,0,-0.42,,3.38,,-1.48,20.34,0.06,,-0.66,18.28,-4.4,5.649143189
790,Mac Charles(I),607,,795.17,0,-63.45,69.4,32.73,1081.59,-1.47,27.77,1.25,16.21,-10.17,1053.96,-112.92,5.649143189
791,Zenith Exports,182.02,50.66,98.29,0,0.17,-74.63,14.17,-23.69,-1.46,25.12,7.07,0.04,-2.44,3.05,-3.03,5.649143189
792,Advance Syntex,5.73,,6.36,0,-0.02,80,0,,-1.46,17.02,0.54,,-1.35,23.96,2.24,5.649143189
793,GVP Infotech,6.58,,107.16,2.28,-1.31,-92.65,0.14,-44,-1.44,20.79,2.12,0,-1.35,0,50.38,5.649143189
794,Ravinder Heights,35.04,4.23,215.18,0,12.48,1185.22,20.01,14192.86,-1.44,25.46,9.47,0,-1.03,0,-8.04,5.649143189
795,Katare Spinning,98.5,,28.07,0,-0.3,26.83,1.02,-51.66,-1.43,20.34,0.76,0.03,-1.46,3.95,-0.49,5.649143189
796,Parker Agrochem,15,10.39,7.17,0,0.11,83.33,1.46,-97.27,-1.42,29.2,1.65,0.14,-3.69,0.6,0.26,5.649143189
797,Diana Tea Co,24.24,14.36,36.33,0,5.3,386.24,31.07,25.28,-1.4,19.17,0.96,0.6,-4.14,42.84,-3.55,5.649143189
798,Gopal Iron Stl.,12.1,,5.95,0,-0.16,-900,0,-100,-1.4,17.86,0.37,0.58,-0.73,0.53,0.01,5.649143189
799,Svaraj Trading,7.76,31.81,11.45,0,-0.22,-46.67,0,,-1.4,34.92,115,0,-1.44,0,-0.8,5.649143189
800,Catvision Ltd,17.5,,9.55,11.43,0,-100,5.67,15.71,-1.37,29.2,2.04,0.01,-0.84,0.31,3.11,5.649143189
801,Paos Industries,51.45,,31.4,0,-1.19,-1181.82,24.5,36.11,-1.35,21.1,0.75,,-3.14,53.41,-30.07,5.649143189
802,Nag. Agri Tech.,46.5,484.15,43.57,0,-0.45,,9.85,,-1.34,24.87,1.21,1.38,-1.12,10.01,-7.03,5.649143189
803,Sastasundar Ven.,281.05,33.7,873.99,0,0.37,104.35,345.74,22.91,-1.33,36.86,1.56,0.01,4.58,5.15,-17.31,5.649143189
804,Sical Logistics,64.22,,515.53,0,47.94,-30.26,93.16,87.03,-1.29,21.07,1.19,238.91,-5.82,606.83,20.01,5.649143189
805,Aditya Consumer,33,,48.29,0,-2.17,5.24,45.19,-6.24,-1.26,38.28,1.53,0.42,-2.53,7.78,3.23,5.649143189
806,Silver Oak (I),78.04,,29.58,0,-0.55,-205.56,0,-100,-1.26,32.45,1.24,1.6,-3.64,9.15,1.46,5.649143189
807,SRU Steels,1.44,4.93,8.63,0,-0.04,92,1.18,-87.41,-1.25,29.2,4.84,0,-1.23,0,-38.74,5.649143189
808,Aditya Spinners,15.45,,25.86,0,-0.02,94.87,16.15,-3.98,-1.17,20.34,1.05,0.34,-2.64,15.63,1.65,5.649143189
809,USG Tech,8.91,,35.12,0,-0.07,75,0,,-1.17,21.92,17.73,0.47,-1.52,17.42,-1.84,5.649143189
810,Shanti Guru Inds,8.14,,10.02,0,-0.23,-360,0,,-1.15,38.28,8.15,0,-1.09,0,-0.41,5.649143189
811,Amraworld Agrico,0.46,,5.54,0,-0.01,99.78,0,,-1.13,20.34,0.01,0,-0.98,0,4.04,5.649143189
812,Tulsyan NEC,22.96,,37.79,0,-28.63,-6.19,156.1,-13.39,-1.13,17.86,0.58,1.66,-8.84,387.39,39.05,5.649143189
813,India Lease Dev.,8.02,,11.79,0,0,100,0.13,0,-1.12,16.36,7.58,0,-1.09,0,-0.66,5.649143189
814,Surat Trade,4.13,12.36,91.71,0,2.51,-58.24,11.4,-20.06,-1.11,20.34,48.29,0.01,0.55,1.64,-8.72,5.649143189
815,Oswal Yarns,16.87,,6.76,0,-0.03,-400,0.42,-41.67,-1.11,29.2,9.36,0.16,-1.33,0.49,0.27,5.649143189
816,Silver Pearl,7,,5.5,0,0.1,433.33,0.52,-7.14,-1.11,27.77,79.5,0,-1.23,0,5.9,5.649143189
817,Agri-Tech India,106.75,,63.16,0,-0.59,-436.36,0.05,66.67,-1.1,24.87,91.68,0,-1.08,0,-0.64,5.649143189
818,Alka India,13.49,,6.75,0,-0.11,-650,0,,-1.1,20.34,1.26,,-0.97,12.63,-37.44,5.649143189
819,GEE,63.1,,327.97,0,4.27,231.01,92.35,14.08,-1.09,23.45,1.3,0.4,-2.91,78.92,13.76,5.649143189
820,Madhuveer Com,203,587.8,517.26,0.02,1.02,3.03,8.15,257.46,-1.08,113.43,6.42,0.06,-3.58,2.48,-12.94,5.649143189
821,Jauss Polymers,28.03,,12.97,0,-4.57,-9040,0,,-1.07,17.02,207,0,-1.04,0,-0.04,5.649143189
822,Hind Aluminium,85.14,5.66,53.64,0,-0.03,96.25,2.35,840,-1.04,16.04,20.95,0.01,10.59,0.77,-3.19,5.649143189
823,APM Industries,39.58,44.32,85.54,0,0.42,356.25,68,-13.92,-1.02,20.34,2.44,0.02,-0.23,2.85,24.72,5.649143189
824,Bansisons Tea,15.86,,10.04,0,-0.01,0,0,,-1.01,19.17,1.55,0,-0.98,0,-0.18,5.649143189
825,Lasa Supergeneri,7.4,136.74,36.92,0,-2.55,-8.97,2.2,-93.35,-1,27.25,0.79,0.13,0.72,7.34,-2.82,5.649143189
826,Guj. Credit Corp,26.75,,66.88,0,-0.12,-123.53,0,,-0.99,34.92,0.01,1.36,-2.67,17.11,5.56,5.649143189
827,Parsvnath Devl.,6.65,,288.97,0,-149.47,-54.84,61.04,4.81,-0.98,25.46,0.76,,-8.19,3300.3,38,5.649143189
828,Ushanti Colour,73.15,,82.2,0,-4.42,-87.61,55.07,49.16,-0.98,15.22,0.71,1.31,-6.17,55.63,5.08,5.649143189
829,Bacil Pharma,48.55,94.17,69.68,0,0.04,166.67,0,,-0.97,27.25,13.65,0,-0.97,0,0.4,5.649143189
830,Uniinfo Telecom,12.22,81.66,13.07,0,-0.61,0,11.02,38.1,-0.97,18.23,4.18,0.16,-1.75,5.14,-2.59,5.649143189
831,Geetanjali Cred.,5.85,,2.59,0,-0.02,,0,,-0.96,16.36,0.36,0.02,-0.92,0.06,-0.03,5.649143189
832,GTN Industries,23.87,,41.87,0,-2.9,19.63,42.31,2.35,-0.95,20.34,4.55,0.37,-3.27,29.78,5.44,5.649143189
833,Ampvolts,30.2,29.64,77.64,0,1.53,1375,6.88,1620,-0.95,53.77,2.23,0.45,1.26,22.14,-21.66,5.649143189
834,Vision Cinemas,1.24,,8.78,0,-0.07,-146.67,0,-100,-0.95,26.62,2.77,0,-0.78,0,-0.02,5.649143189
835,Steel Strips Inf,18.79,,16.24,0,-10.88,-71.88,0.33,3.12,-0.95,25.46,0.67,0,-17.6,0,0.98,5.649143189
836,Valiant Laborato,55.29,,302.79,0,-7.06,-400.43,52.46,48.91,-0.95,27.25,2.85,0.17,-0.9,53.77,1.31,5.649143189
837,Sanchay Finvest,39,,12.29,0,-0.39,62,-0.07,73.08,-0.94,19.69,2.26,0,-7.51,0.01,1.84,5.649143189
838,PS IT Infra,1.29,,6.93,0,-0.22,0,0,,-0.93,34.92,3.91,0.26,-1.12,8.53,-2.5,5.649143189
839,Systematix Sec.,11.92,,5.96,0,-0.01,0,0.07,0,-0.92,16.36,,0,-0.9,0,-0.17,5.649143189
840,Udayshivakumar,22.79,,126.43,0,-4.79,-419.33,47.41,5.92,-0.92,15.51,1.57,0.39,-2.67,63.47,-8.05,5.649143189
841,Nureca,241.3,21.58,229.6,0,3.73,233.21,39.64,49.81,-0.9,33.17,8.16,0.03,-1.04,5.39,-19.08,5.649143189
842,MFS Intercorp,14.65,,6.33,0,-0.1,-900,0,-100,-0.88,17.86,1.36,0,-0.18,0,0.07,5.649143189
843,Ironwood Educa,41.23,20.64,62.13,0,5.24,1191.67,29.6,3048.94,-0.88,23.68,1.46,1.59,-1.06,28.86,-26.14,5.649143189
844,Indo Credit Cap.,5.49,66.13,3.97,0,0.02,150,0,,-0.86,16.36,,0,-0.51,0,0.02,5.649143189
845,Gokak Textiles,64.07,,41.64,0,-6.67,10.46,18.56,-23.87,-0.85,20.34,0.31,,-10.88,291.71,42.92,5.649143189
846,IEC Education,28.52,,43.52,0,-0.07,-133.33,0,,-0.84,35.78,14.84,0.06,-0.83,1.68,-0.02,5.649143189
847,Premier Energy,6.63,,27.41,0,-0.39,-56,0,,-0.82,18.41,0.54,0.94,-0.3,34.34,-5.93,5.649143189
848,Kemp & Co.,956,,103.25,0,-0.67,-204.55,0.74,-1.33,-0.8,19.69,1.93,0,-0.68,0,-1.7,5.649143189
849,Sanco Industries,2.52,,3.3,0,-0.17,-112.5,0,,-0.79,21.17,0.04,,-0.64,56.42,-0.32,5.649143189
850,Voltaire Leasing,12.49,,5.15,0,-0.03,70,0.16,-84.16,-0.78,16.36,10.54,0,-0.67,0,-0.12,5.649143189
851,Vaarad Ventures,9.02,,225.41,0,-0.03,50,0,,-0.77,16.36,2.86,0.19,-0.67,4.11,-0.07,5.649143189
852,Debock Industrie,1.18,,19.2,0,-0.19,5,0,-100,-0.77,27.77,1.81,0.03,-0.62,6.46,-88289.66,5.649143189
853,Diggi Multitrade,10,,9.68,0,-0.13,-333.33,0.12,,-0.75,29.2,9.18,0.08,-0.71,0.76,-0.73,5.649143189
854,Cosmo Ferrites,103.95,,125.05,0,-1.32,-137.78,19.18,-15.17,-0.74,27.98,0.67,2.86,-4.76,68.95,4.4,5.649143189
855,Ravi Leela Gran,39.13,7.14,41.42,0,0.26,116.15,9.1,9.11,-0.74,11.58,1.15,2.73,-4.56,49.12,-2.28,5.649143189
856,Kanel Indust.,16.23,,25.56,0,-0.09,-350,0,,-0.72,29.2,0.42,0.01,-0.65,0.11,-0.43,5.649143189
857,Oswal Leasing,67.95,,3.4,0,-0.01,0,0.03,0,-0.72,19.69,6,0,-0.71,0,-0.03,5.649143189
858,Kartik Invest.,1855.5,8.91,45.28,0,5.09,51000,5.85,,-0.69,34.92,17.67,0,-0.59,0,-0.06,5.649143189
859,Madhusudan Sec.,18.55,13.03,39.73,0,3.67,2138.89,5.14,25600,-0.69,16.36,1.57,0,-0.66,0,-8.72,5.649143189
860,Disha Resources,20.5,,14.99,0,-0.03,89.29,0.47,,-0.68,19.69,3.13,0.02,-1.43,0.5,4.22,5.649143189
861,Regis Industries,2.23,27.41,57.56,0,0.04,107.41,0.66,-86.56,-0.68,16.36,2425,0,-0.68,0,-9.35,5.649143189
862,Shalimar Prod.,0.49,,48.23,0,-0.21,36.36,0.16,,-0.67,34.74,6.02,0.01,-0.66,0.91,0.51,5.649143189
863,True Green,155.82,392.01,513.54,0,2.19,4280,84.2,4476.09,-0.63,20.34,1.36,1.91,-1.08,244.97,-31.14,5.649143189
864,SVC Industries,2.01,,32.78,0,-0.55,15.38,0.19,5.56,-0.62,19.69,0.65,0.66,-0.62,175.4,-1.5,5.649143189
865,Omni Ax's,4.21,,7.24,0,0.01,0,0.04,-20,-0.61,35.78,32.5,0,-0.59,0,-0.02,5.649143189
866,52 Weeks Enter.,1.22,,4.25,0,-0.02,0,0,,-0.61,47.64,9.36,0.24,-0.6,3.84,-0.12,5.649143189
867,Bharat Bhushan,20.59,42.18,13.92,2.91,0.04,133.33,0.15,1400,-0.59,34.92,4.42,0,-0.51,0,-0.57,5.649143189
868,Sujala Trading &,38.39,115.61,21.97,0,-0.36,62.11,0.21,-43.24,-0.58,16.36,0.09,0,-0.62,0,0.06,5.649143189
869,NCL Res. & Finl.,0.43,14.43,46.02,0,0.41,295.24,2.13,-41.64,-0.57,16.36,2.63,0,-1.15,0,-17.47,5.649143189
870,Quint Digital,38,801.94,179.29,0,39.04,9.32,31.32,268.04,-0.57,801.94,4.11,0.14,-4.74,23.93,-29.92,5.649143189
871,Salora Intl.,29.31,,25.82,0,-0.49,-48.48,16.44,-60.68,-0.56,29.2,1.18,0.38,-1.65,20.4,-4.71,5.649143189
872,Ludlow Jute,199.65,12.43,215.02,0,3.43,231.92,135.52,158.82,-0.56,15.07,1.25,0.83,-2.93,149.83,-5.49,5.649143189
873,Virtual Global,0.47,,26.61,0,0.05,113.51,0,,-0.56,23.68,5.51,0,-0.5,0,-5.16,5.649143189
874,Kranti Industrie,54.99,31.19,70.17,0,0.07,132.04,25.01,37.27,-0.56,23.73,1.34,1.05,-3.31,45.71,1.63,5.649143189
875,Bervin Invest.,67,,39.52,0,-0.2,96.88,0,,-0.55,34.92,3.14,0.47,-1.97,8.73,-20.27,5.649143189
876,Step Two Corp.,27.4,11.45,20.26,0,0.31,120.39,0.54,671.43,-0.53,34.92,4.29,0,-0.35,0,-0.42,5.649143189
877,Aryan Share,19.15,2.67,5.74,0,0.39,34.48,0.07,40,-0.53,34.92,0.72,0,-1.8,0,1.12,5.649143189
878,KLG Capital,20.69,,6.62,0,-0.06,14.29,0,-100,-0.52,16.36,0.19,,-0.36,0.45,0.1,5.649143189
879,Ace Men,100,,129.14,0,-0.01,-200,0,,-0.52,14.97,0.34,0,-0.45,0,0,5.649143189
880,Max Heights,12.47,18.36,19.46,0,0.09,550,0.14,-17.65,-0.51,25.46,296,0.1,-1.06,3.29,-6.89,5.649143189
881,Seya Industries,9.97,,25.76,0,-0.62,57.82,0,,-0.51,25.16,0.27,0.94,-0.39,773.18,-17.09,5.649143189
882,Rajasthan Securities,35,13.11,269.06,0,-23.99,-474.26,0,,-0.49,13.11,6.95,0.26,-0.48,20.25,2.28,5.649143189
883,Pearl Green Club,107.55,,28.79,0,-0.04,-300,0.61,-89.2,-0.49,24.87,6.6,0,-0.34,0,-0.63,5.649143189
884,Caprolactam Chem,50,47.92,23,0,0.44,1566.67,2.56,11.79,-0.48,15.16,0.5,1.7,-5.47,9.04,-0.62,5.649143189
885,Globale Tessile,10.74,,11.44,0,-0.37,27.45,2.59,-78.47,-0.47,25.25,1.64,1.07,-2.55,11.12,-0.71,5.649143189
886,C C C L,14.69,,651.21,0,3.52,129.86,74.14,42.11,-0.45,25.46,1.85,0,-6.67,0.3,155.52,5.649143189
887,Vipul Ltd,11.12,,156.61,0,1.21,-67.56,9.19,-18.38,-0.44,25.46,1.37,0.19,-2.21,80.47,42.97,5.649143189
888,Newjaisa Tech,18.8,,67.26,0,-4.9,-238.81,23.25,-31.05,-0.44,23.31,4.72,0.18,-1.4,12.39,-6.61,5.649143189
889,Johnson Pharma,0.5,,27.5,0,-0.06,-100,0,,-0.43,19.69,13.98,0.02,-0.42,1.11,-1.91,5.649143189
890,KIC Metaliks,25.78,,91.51,0,0.69,125.56,201.44,61.1,-0.42,19.58,1.09,0.7,-1.44,121.76,20.76,5.649143189
891,Popular Estate,14.7,158.34,20.58,0,-0.05,58.33,0,,-0.42,15.51,699.71,0.19,-0.41,8.17,-0.41,5.649143189
892,Prism Medico,25.54,25.38,15.48,0,-0.01,0,0.07,-66.67,-0.4,16.36,32.55,0,-0.32,0,-0.02,5.649143189
893,Silverline Tech,11.66,7.92,181.82,0,4.09,539.78,0,,-0.39,35.78,2.88,0.23,-0.37,32.6,-93.87,5.649143189
894,Biogen Pharma,0.54,19.58,48.74,0,0.46,248.39,0,,-0.39,34.92,25.67,0,-0.39,0,-1.08,5.649143189
895,Futuristic Solu,43.25,94.34,45.28,0,0.55,5600,1,,-0.39,34.92,190.5,0.03,-0.49,0.5,0.22,5.649143189
896,GKW,1585,133.27,946.24,0,5.08,116.27,10.16,647.06,-0.37,23.06,14.58,0,-0.6,0.41,-202.91,5.649143189
897,Yogi Infra Proj.,5.4,,9.1,0,-5.66,-2595.24,0.32,6.67,-0.36,34.92,1.51,1.81,-0.09,56.92,-255.91,5.649143189
898,Emkay Taps & Cut,95.55,,101.97,0,2.34,-93.32,32.13,3818.29,-0.35,27.98,1.61,0,-0.33,0,19.28,5.649143189
899,Ashram Online,4.47,,5.36,0,-0.05,-150,0.12,0,-0.32,36.86,0.47,0.35,-0.54,4.44,-0.08,5.649143189
900,Jyotirgamya Ent.,155.75,,35.82,0,-0.01,0,0,,-0.32,29.2,0.26,0.06,-0.24,0.17,0.79,5.649143189
901,Laxmi Cotspin,13.04,13.08,22.36,0,-1.47,-707.41,24.57,-40.29,-0.31,20.34,1.81,0.65,-4.02,42.04,2.09,5.649143189
902,Olympic Oil Ind.,26.53,,7.56,0,-0.03,40,0,,-0.3,24.87,0.93,,-0.07,107.22,0,5.649143189
903,Docmode Health,40.9,,12.85,0,-0.09,82.69,17.85,-12.59,-0.29,20.99,0.81,0.9,-5.85,7.45,6.68,5.649143189
904,Azad India,91.31,468.98,497.12,0,0.66,386.96,28.68,,-0.28,17.86,18.54,0.01,0.05,0.65,-51.04,5.649143189
905,Mahan Industries,10.06,,4.53,0,-0.27,-2600,1.59,69.15,-0.26,29.2,16.56,0.66,-0.65,3.47,-1.93,5.649143189
906,Interworld Digi.,0.23,,11,0,-0.06,-20,0,-100,-0.26,113.43,3.4,0.01,-0.25,1.1,-0.13,5.649143189
907,Fortune Interntl,62,13.43,43.65,0,0.58,-7.94,0,,-0.26,29.2,69.5,0.01,10.07,0.43,-0.4,5.649143189
908,Alexander Stamps,8.28,,7.71,0,0,-100,0.06,-45.45,-0.24,23.38,21.76,0.01,-0.23,0.15,0.01,5.649143189
909,Quick Heal Tech,144.04,135.71,781.69,0,6.61,5909.09,71.54,1.32,-0.24,35.78,4.23,0,0.53,0,-22.3,5.649143189
910,Sri Nacha. Cott.,30.16,,12.97,0,-3.06,-173.21,16.75,-2.84,-0.23,20.34,1.3,2.13,-3.48,43.53,0.39,5.649143189
911,IND Renewable,10.25,,14.28,0,-0.15,-200,0,,-0.23,31.67,39.1,0.02,-0.3,0.47,-0.06,5.649143189
912,Woodsvilla,13.25,,7.97,0,0.03,-70,0.19,35.71,-0.21,27.77,97,0,0,0,0.05,5.649143189
913,Kotia Enterprise,27.42,,19.25,0,-0.11,-1200,0,,-0.21,14.97,4.85,0,-0.18,0,2.05,5.649143189
914,VSF Projects,38.43,,62.83,0,-0.21,-223.53,0,,-0.2,15.51,0.6,0.74,-0.22,72.82,-10.53,5.649143189
915,Shree Hanuman Sg,4.3,,7.95,0,-0.19,-111.11,0,,-0.2,11.31,0.04,0.37,-0.18,55.84,0.46,5.649143189
916,IGC Industries,2.16,,7.5,0,-0.29,-3.57,0,,-0.19,29.2,2.88,0.23,-0.18,10.01,-21.83,5.649143189
917,Dolphin Medical,4.43,,6.69,0,0.02,100,0.21,-12.5,-0.18,36.86,2.88,0.08,-0.25,0.83,-0.06,5.649143189
918,Natura Hue Chem,11.78,,4.88,0,-0.03,-50,0,,-0.18,24.87,4.5,0.03,-0.09,0.31,0.4,5.649143189
919,Integ. Capital,4.48,,15.94,0,-0.6,-1350,0.04,-78.95,-0.17,34.76,0.58,0.25,-0.08,2.5,1.96,5.649143189
920,Trio Merc. Trad.,0.95,,6.45,0,-0.18,63.64,0.63,43.18,-0.16,34.92,1.67,0.01,-0.18,0.26,0.67,5.649143189
921,Arman Holdings,112.6,130.37,58.67,0,0.32,900,1.1,,-0.16,23.06,79.6,0,-0.31,0,-0.02,5.649143189
922,Explicit Finance,10.41,87.74,9.65,0,0.15,87.5,0.89,-27.64,-0.13,19.69,17.25,0,0,0,0.69,5.649143189
923,Samtex Fashion,1.3,,9.69,0,-0.06,45.45,0,,-0.12,21.02,0.01,,-0.11,563,-0.13,5.649143189
924,H D I L,2.13,,100.96,0,-2.47,-2.49,0.41,-2.38,-0.11,25.46,0.52,,-0.01,2483.64,-0.41,5.649143189
925,Kohinoor Foods,22.58,,83.28,0,-4.25,48.8,55.29,183.68,-0.1,24.87,0.21,,-7.66,154.39,438.86,5.649143189
926,Sri Havisha,1.35,,20.41,0,-0.68,11.69,4.3,6.7,-0.09,27.77,0.7,2.08,-5.66,46.26,0.86,5.649143189
927,Alstone Textiles,0.14,13.83,87.85,0,2.64,4300,0,,-0.09,14.97,100.13,2.16,-0.09,1422,1.62,5.649143189
928,Kapil Raj Financ,2.49,49.53,27.24,0,0.28,366.67,0.3,,-0.07,16.36,237.2,0,-0.07,0.04,-0.02,5.649143189
929,Ladam Affordab.,7.9,,14.46,0,-0.03,-50,0,,-0.07,25.46,0.74,0.46,-0.11,13.34,-0.89,5.649143189
930,Genus Prime,20.73,51.57,30.94,0,0.06,,1.23,1950,-0.06,15.16,0.29,0.15,-0.06,34.18,0,5.649143189
931,Unishire Urban,1.33,,3.24,0,-0.44,-344.44,0.13,-63.89,-0.05,25.46,2.06,0.69,-0.08,14.33,-5.94,5.649143189
932,Square Four Pro.,8.66,,16.99,0,-0.06,14.29,0,,-0.04,15.16,0.36,0.07,-0.36,1.42,0.89,5.649143189
933,Tiaan Consumer,6.88,,7.07,0,-0.03,-160,0.05,-28.57,-0.01,41.83,148493,361.27,-0.01,2500,-3.23,5.649143189
934,Kashyap TeleMed.,4.82,,23,0,-0.09,,0,-100,0,21.92,7.11,0,0,0,-0.09,5.649143189
935,FGP,9.43,53.39,11.21,0,0.04,118.18,0.1,66.67,0,16.36,27.79,0,-0.82,0,-0.27,5.649143189
936,Golkonda Alumin.,6.79,39.7,3.57,0,0.03,-72.73,0.1,-41.18,0,16.04,,297.62,0,2500,0.03,5.649143189
937,Worldwide Alumi.,20.9,114.41,6.86,0,0,-100,25.23,66.32,0,29.2,2.52,0,0,0,-3.16,5.649143189
938,Sharp Investment,0.39,,9.44,0,-0.04,-300,0,,0,16.36,1.22,0,0,0,0.27,5.649143189
939,Siddhes. Garment,21.46,710.33,7.1,0,0.01,0,0,,0,29.2,64,0,0,0,-0.51,5.649143189
940,Ghushine Fintrra,21.14,,10.45,0,0,,2.59,107.2,0,20.34,2.56,0.1,0,0.5,-0.55,5.649143189
941,Transpact Enter.,201.5,77.92,7.79,0,0.05,200,0.1,,0,33.17,2.95,0.12,1.47,0.06,-0.4,5.649143189
942,GSS Infotech,11.02,,28.72,0,0.2,122.73,16.74,-19.98,0.02,21.92,3.42,0.41,-0.25,143.91,-116.95,5.649143189
943,Available Fin.,132.6,1.13,135.3,0,26.62,28.97,0.15,7.14,0.03,34.92,18.5,0,9.15,0,0.09,5.649143189
944,Superior Finleas,1.61,,4.83,0,0.02,128.57,0.08,0,0.04,16.36,140,8.71,0.02,44.85,-1.35,5.649143189
945,MASK INVESTMENTS,136.07,4152.23,41.52,0,0.05,400,0.13,225,0.04,23.06,1.58,0.01,0.02,0.75,-0.12,5.649143189
946,E & E Enterprises,19.21,,0.46,5.21,-0.05,-131.25,0,-100,0.05,34.92,,0,0.02,0,-16,5.649143189
947,Hexa Tradex,159,,870.62,0,-4.35,-116.61,0.02,,0.05,23.06,0.16,0,-0.5,19.84,22.49,5.649143189
948,Mohit Industries,23.39,,32.69,0,-0.28,50.88,36.29,22.68,0.05,20.34,0.97,0.4,-0.86,66.23,-4.68,5.649143189
949,R O Jewels,1.37,62.81,6.91,0,0,-100,0.02,-91.67,0.05,19.16,1.89,0.85,0.04,11.32,-0.09,5.649143189
950,Uniphos Enter.,93.37,33.09,656.22,0.54,-1.01,45.7,0,-100,0.06,61.29,9.06,0,0.01,0.75,-2.72,5.649143189
951,Computer Point,4.02,,12.06,0,-0.14,-800,0,,0.06,23.31,279.8,0,-0.36,0,-1.58,5.649143189
952,Thinkink Picture,0.16,,22.76,0,0.42,-54.35,1.25,-27.33,0.06,26.62,9.79,0,-0.06,0.13,-43.79,5.649143189
953,Alfavision Overs,10.68,,33.67,0,-0.04,-500,0,-100,0.07,24.87,23.97,3.22,0.07,135.66,0.45,5.649143189
954,R G F Capital,1.06,,15.9,0,-0.02,-100,0,,0.07,16.36,2.19,0,0,0,0.61,5.649143189
955,Gajanan Sec.Serv,57.49,23.77,17.83,0,0.17,666.67,0.03,400,0.08,34.92,7.21,0,0.19,0,-0.02,5.649143189
956,Vikas Proppant,0.3,,15.44,0,-0.06,14.29,0,,0.09,24.87,0.98,0.26,0.06,48.59,-15.8,5.649143189
957,Svam Software,8.01,,13.53,0,0.07,-22.22,0.06,0,0.1,35.78,20.5,0.24,0.1,4.64,-0.06,5.649143189
958,Polycon Intl.,27.48,,13.44,0,-0.69,54.61,4.84,-10.87,0.11,17.02,2.39,12.79,-4.98,34.66,-0.34,5.649143189
959,Omnitex Industri,720,,302.4,1.11,-0.19,-1050,0,-100,0.11,20.34,1.75,0,15.04,0,-27.7,5.649143189
960,VL E-Governance,11.27,,122.33,0,-0.71,-175.53,4.48,-70.55,0.11,21.92,2.39,0,0.11,0,-59.23,5.649143189
961,Indifra Ltd,13.45,,9.81,0,-0.13,-148.15,2.6,-72.77,0.11,13.77,58.39,0,0.05,0,0.89,5.649143189
962,P.M. Telelinnks,12.2,,12.3,0,0.04,-20,0.3,-86.61,0.12,17.86,4.18,0,0,0,0.01,5.649143189
963,Madhav Marbles,33.41,,29.97,0,-0.49,-53.12,6.6,-3.65,0.12,22.67,3.42,0.08,-1.16,10.3,2.02,5.649143189
964,Croissance Ltd,3.06,44.63,20.98,0,0.02,107.41,0,,0.13,25.46,0.81,0,0,0,1.75,5.649143189
965,Jaihind Synth,48,,41.02,0,0,-100,0.08,100,0.13,20.34,17.65,0.07,0.12,1.04,-0.05,5.649143189
966,Gleam Up Jwel Limiteed,14.22,712.5,14.25,0,0.04,33.33,7.86,,0.13,29.2,1.62,0.54,0.04,5.39,-0.13,5.649143189
967,Mahalaxmi Fab.,23.26,13.2,26.4,0,-0.76,253.27,31.53,-19.48,0.13,20.34,1.12,0.66,-1.29,63.83,-11.92,5.649143189
968,Vintage Secur.,12.41,91,4.55,0,0.01,200,0,,0.14,16.36,1,0,0.12,0,0.01,5.649143189
969,Vels Film,48.05,3.39,62.02,0,-4.51,50.87,1.35,-90.57,0.14,113.43,1.3,1.41,-2.73,79.24,-55.06,5.649143189
970,Krishna Capital,23.51,742.42,7.42,0,0.03,200,0.12,33.33,0.16,16.36,,0,0.16,0,-0.18,5.649143189
971,Jayshree Chem.,5.74,,16.83,0,0.04,250,5.68,24.29,0.18,15.16,2.33,0.07,-0.22,0.74,-0.76,5.649143189
972,Subhash Silk,38.38,,16.28,0,-0.16,-328.57,0.01,0,0.18,20.34,0.62,0.04,-1.55,0.37,0.65,5.649143189
973,Sunshine Capital,0.2,4.25,104.58,0,0.42,-77.78,1.14,-50.22,0.18,16.36,17.03,0,0.17,0,-75.26,5.649143189
974,Amerise BioScie,0.71,67.03,4.69,0,0.01,150,0.04,,0.19,21.17,0.01,0,0.14,0,3.07,5.649143189
975,National Perox.,391.25,,224.86,0,1.83,257.24,69.09,11.15,0.2,15.16,3.43,0.04,-0.31,14.13,18.67,5.649143189
976,Mah. Corporation,0.31,,19.25,0,-0.04,-110,0,-100,0.21,29.2,22.94,0,0.18,0,48.1,5.649143189
977,BKV Industries,8.83,,13.64,0,0.04,0,0.2,0,0.22,47.64,1.23,0,0,0,0.01,5.649143189
978,RLF,10.51,,10.5,0,0.03,50,0.25,-28.57,0.22,20.34,0.69,0.13,-1.07,3.63,0.46,5.649143189
979,Source Industrie,5.83,51.15,6.65,0,0.02,200,0.1,900,0.22,20.34,60.4,0.05,0.22,0.2,-0.17,5.649143189
980,Vikas Lifecare,1.3,,243.32,0,-3.95,-40.43,92.38,0.31,0.24,29.2,1.77,0.14,-0.64,76.7,-222.2,5.649143189
981,Retro Green,1.25,,4.75,0,0.02,-93.1,0.08,-88.57,0.24,19.17,45.5,0.01,0.18,0.54,12.18,5.649143189
982,Perfect-Octave,4.65,10.98,16.13,0,1.47,1733.33,0.03,-66.67,0.25,15.55,0.05,0.43,0.08,3.55,-0.08,5.649143189
983,Sirohia & Sons,7.27,32.43,7.46,0,0.16,633.33,0,,0.25,29.2,45.54,0,0.14,0,0.01,5.649143189
984,CHD Chemicals,5,,5.05,0,-0.05,-150,1.32,-29.41,0.25,61.29,8.53,0.46,-0.9,5.97,2.69,5.649143189
985,Shoora Designs,50.15,77.3,23.19,0,0.02,109.09,1.9,-18.45,0.25,19.16,15.37,0.05,0.49,0.96,-13.71,5.649143189
986,ASL Industries,89.95,407.41,93.7,0,0.26,136.36,0,,0.26,23.73,351.4,0,0.26,0,-0.02,5.649143189
987,Munjal Showa,120.76,14.96,485.45,3.73,10.91,109.53,349.68,9.59,0.27,23.73,3.77,0,0.57,0,36.61,5.649143189
988,Spectrum Foods,11.08,,26.63,0,0.63,173.91,7.68,35.45,0.27,20.21,5.76,0.02,0.19,0.65,-24.15,5.649143189
989,Surana Solar,22.02,330.56,109.09,0,0.22,29.41,2.56,-75.94,0.27,31.3,2.29,0,0.37,0.14,1.51,5.649143189
990,Natural Biocon,4.37,,11.27,0,-0.04,-116,0,-100,0.27,21.26,1.05,0.01,0.14,0.18,1.3,5.649143189
991,First Fintec,6.8,,7.07,0,0.16,-38.46,0.77,50.98,0.28,35.78,6.52,0.02,-0.73,0.18,-0.09,5.649143189
992,Lak. Prec. Screw,4.9,,5.36,0,-12.66,30.21,51.35,-16.37,0.28,23.73,0.84,11.16,-8.39,260.75,30.23,5.649143189
993,V B Industries,5.68,10.48,7.44,0,0.36,263.64,0,-100,0.28,23.06,2.54,0,-0.09,0,0.06,5.649143189
994,Patron Exim,2.12,14.88,4.91,0,0.01,103.57,23.72,,0.28,61.29,3.91,0.05,0.16,2.15,-0.01,5.649143189
995,Jolly Plastic,25.25,64.88,16.87,0,0,,0.07,75,0.29,23.06,,0,0.29,0,-0.01,5.649143189
996,Ashtasidhhi Ind,19.85,165.58,14.9,0,0.07,800,3.77,756.82,0.29,16.36,3.15,0,0.19,0,0.01,5.649143189
997,Cressanda Railwa,2.17,,90.04,0,-4.44,-387.91,0.29,-94.18,0.29,21.92,1.78,0,0.12,0.68,4.51,5.649143189
998,Typhoon Fin Ser,47.55,285.4,14.27,0,0.02,,0.1,66.67,0.29,16.36,0.75,0.06,0.13,0.45,-2.65,5.649143189
999,Hind.Appliances,93,932.38,93.24,0,0,-100,0,,0.3,29.2,1.2,2.45,0.3,36,-0.48,5.649143189
1000,Ishaan Infrastru,7.73,,5.01,0,-0.05,-127.78,0,-100,0.3,15.51,19.54,0,-0.83,0,-0.12,5.649143189
1001,Evexia Lifecare,0.77,90.34,144.55,0,0.29,141.67,25.24,16.31,0.3,61.29,1.75,2.16,0.1,1221.6,-2.26,5.649143189
1002,SVS Ventures,10.01,712.32,21.37,0,0.1,-37.5,0.17,-45.16,0.3,25.46,65.58,0,0.23,0.01,1.05,5.649143189
1003,Wagend Infra,1,,4.71,0,0,-100,0.66,,0.32,19.69,7.8,0.15,0.21,1.42,-0.85,5.649143189
1004,Apoorva Leasing,36.95,,73.81,0,0.18,500,0.21,10.53,0.32,34.92,18.95,0,0.29,0.05,13.33,5.649143189
1005,Diensten Tech,99.6,,82.28,0,-0.44,-142.86,44.75,178.99,0.32,19.69,1.83,1.71,-4.36,32.6,-0.99,5.649143189
1006,Ravikumar Distll,18.81,388.19,46.58,0,0.02,0,4.84,-51.94,0.33,32.45,1.11,1.01,0.1,42.41,-0.44,5.649143189
1007,VCU Data Managem,6.25,,9.69,0,0.02,-75,0,,0.33,23.31,18.2,0,0.26,0,-0.94,5.649143189
1008,BGIL Films & Tec,10.54,,11.94,0,0.02,120,0.16,,0.34,113.43,5.32,0.1,-0.56,1.93,-0.54,5.649143189
1009,Ramchandra Leas.,9.46,174.5,76.78,0,0.31,,2.09,1206.25,0.34,16.36,3.31,0,0.3,0,-0.43,5.649143189
1010,OTCO Intl,8.25,,10.7,0,-0.1,-1100,0,,0.34,34.76,1.28,2.59,0.33,6.35,0.68,5.649143189
1011,Panafic Industri,0.73,24,6,0,0.13,85.71,0.22,69.23,0.34,16.36,0.38,0.35,0.25,3.55,-3.42,5.649143189
1012,G K Consultants,9.09,14.91,10.29,0,0.24,200,0.29,93.33,0.35,16.36,139.25,0,0.26,0,-7.58,5.649143189
1013,NBI Indl. Fin.,1729.5,31.58,511.04,0.03,6.49,1808.82,9.52,1435.48,0.35,16.36,0.49,0,0.26,0,4.97,5.649143189
1014,Sungold Media,11.5,1264.79,12.65,0,0.01,-66.67,0.43,-17.31,0.35,26.62,52.5,0,0.26,0,1.12,5.649143189
1015,Evoq Remedies,2.68,3.79,6.67,0,0.05,103.09,25.51,,0.35,29.2,6.83,0,0.21,0,-14.62,5.649143189
1016,Lesha Industries,0.75,50.8,21.34,0,0.07,40,1.11,146.67,0.36,29.2,16.61,0,0.5,0.12,-38.64,5.649143189
1017,West Leisure,86.6,,26.44,0.12,0.01,-66.67,0.12,-33.33,0.36,34.92,1.29,0,-0.2,0,-0.24,5.649143189
1018,Mitshi India,14.88,,13.09,0,0.03,-25,0.57,-57.78,0.36,29.2,14.42,0.06,0.33,0.16,-0.18,5.649143189
1019,Devine Impex,8.16,64.81,7.78,0,0.1,400,0.46,35.29,0.37,29.2,207.17,0,0.22,0,0.01,5.649143189
1020,Setubandhan Inf.,0.38,,4.77,0,-0.47,-161.04,0,-100,0.39,15.51,0.44,,0.02,160.2,-0.47,5.649143189
1021,Veer Energy,11.62,69.54,17.39,0,0.36,414.29,0.52,-77.97,0.39,31.67,10.15,0,0.25,0,-4.59,5.649143189
1022,S & T Corporatio,4.05,,12.89,0,-0.01,-150,1.49,3625,0.39,20.34,229,0,0.39,0,1.43,5.649143189
1023,Minolta Finance,1.49,,14.9,0,2.31,7600,4.56,1972.73,0.4,16.36,0.27,4.43,0.03,47.53,-0.26,5.649143189
1024,Looks Health,7.69,38.44,8.07,0,0.01,133.33,0.12,,0.4,36.86,0.6,0,0.13,0,-0.5,5.649143189
1025,Tirth Plastic,24.08,44.66,10.72,0,0.08,700,3.41,,0.4,29.2,3.44,0.12,0.36,0.31,0.13,5.649143189
1026,SSPDL Ltd,13.58,2.41,17.55,0,8.93,658.12,13.96,7247.37,0.4,25.46,0.69,,-2.53,45.33,10.6,5.649143189
1027,Diamant Infra.,0.76,44.67,2.68,0,0.03,50,0,,0.41,15.51,2.2,0.65,0.4,7.16,0.09,5.649143189
1028,Excel Realty,1.02,,139.93,0,-0.26,-127.08,0,-100,0.42,29.2,56.53,0,0.39,0.86,-5.92,5.649143189
1029,Oswal Green Tech,24.22,30.9,621.99,0,8.58,1518.87,13.04,-14.88,0.43,23.06,37.59,0,0.34,5.11,110.15,5.649143189
1030,Rajapalayam Mill,744.8,8.69,686.72,0.07,59.53,73.25,242.68,5.82,0.43,20.34,0.79,0.5,0.46,1162.59,115.64,5.649143189
1031,Sh. Krish. Infr.,9.76,,10.74,0,-1.09,-5550,0.31,-27.91,0.43,25.46,6.5,0,0.26,0,2.49,5.649143189
1032,Kinetic Engg.,223.1,384.94,531.22,0,0.15,-93.61,38.37,32.77,0.43,23.73,1.66,0.66,-2.08,72.3,-21.56,5.649143189
1033,Stellar Capital,5.25,,13.1,0,0.57,-64.15,1.62,6.58,0.45,34.92,0.13,0.01,0.23,0.84,11.38,5.649143189
1034,Sunraj Diamond,18.32,,9.76,0,0.01,-90.91,1.41,166.04,0.46,19.16,1.03,16.27,0.19,15.94,-0.37,5.649143189
1035,Kaizen Agro,8.11,18.62,41.7,0,0.59,427.78,19.83,83.95,0.47,15.51,12.88,0,0.33,0,-24.47,5.649143189
1036,Scintilla Comm,13.39,,13.43,0,-0.44,-728.57,0.13,-18.75,0.47,16.36,8.5,0.08,0.28,0.83,-0.08,5.649143189
1037,Elgi Rubber Co,38.24,,191.58,0,-28.67,-699.44,100.09,9.41,0.47,18.37,1.08,1.83,-4.15,305.38,-8.09,5.649143189
1038,Vishwaraj Sugar,4.96,,108.04,0,-6.71,-1165.08,77.68,-16.65,0.49,11.31,0.88,1.46,-4.58,353.81,50.36,5.649143189
1039,Padmanabh Inds.,9.25,70.25,5.62,0,0.22,2100,7.2,2471.43,0.5,15.16,1.81,,0.37,3.63,-2.84,5.649143189
1040,CLIO Infotech,6.93,28.27,7.63,0,0.28,1300,1.94,9600,0.5,35.78,518,1.67,0.38,17.57,-0.39,5.649143189
1041,Neelkanth,36.67,24.98,15.99,0,0.41,920,1.37,114.06,0.5,29.2,6.67,0.08,0.09,0.74,0.84,5.649143189
1042,Mihika Industrie,9.62,,9.62,0,0.01,-95.24,0.22,-60,0.5,29.2,84,0.01,0.23,0.16,19.89,5.649143189
1043,Shukra Jewellery,7.4,18.25,10.04,0,0.01,200,0.44,193.33,0.51,19.16,6.08,0,0.66,0,0.54,5.649143189
1044,ESI,66.71,9.96,33.36,0,0.34,326.67,6.49,32.72,0.51,20.34,2.55,1.03,2.77,64.49,-1,5.649143189
1045,Lancer Containe.,9,,317.94,0,-7.43,-282.11,54.4,-73.33,0.51,21.07,2.3,0.1,-0.58,50.38,309.58,5.649143189
1046,Phoenix Township,84.03,65.31,172.42,0.3,0.73,-66.97,9.28,-16.32,0.51,27.77,5.35,0.86,0.2,314.15,-61.27,5.649143189
1047,KMG Milk Food,48.36,,25.65,0,-0.12,36.84,0.42,-16,0.53,47.64,12.36,,-4.44,5.81,-1.25,5.649143189
1048,Easun Capital Ma,36.78,76.92,19.23,0,0.18,-21.74,0.31,-18.42,0.55,16.36,3,0,0,0,-0.16,5.649143189
1049,P B A Infra.,8.65,,11.68,0,-1.65,-600,2.23,-74.16,0.57,15.51,0.27,,0.73,404.07,1.4,5.649143189
1050,Mukta Agricultur,2.7,58.5,5.85,0,0.08,119.05,0,,0.57,29.2,349,0,0.61,0,0.77,5.649143189
1051,Nibe Ordnance,11.61,,1.78,0,0.88,-81.08,38.75,,0.57,19.16,0.82,0.02,0.21,5.44,15.82,5.649143189
1052,Rajnish Wellness,0.47,,47.72,0,-0.91,-1400,23.24,156.51,0.59,27.25,8.69,0,0.17,0,-4.25,5.649143189
1053,Winsome Brew.,22.36,,61.87,0,-0.17,-230.77,0.08,-87.1,0.6,32.45,1.92,0.27,0.28,9.34,-2.58,5.649143189
1054,Pankaj Polymers,61.51,16.31,34.1,0,0.02,,0,-100,0.61,17.02,2.29,0.13,-0.92,1.64,0.06,5.649143189
1055,Asia Pack,37.85,21.71,9.98,0,0.15,314.29,0.05,0,0.62,20.34,19.31,0,0.68,0,-0.33,5.649143189
1056,Shree Ganesh Bio,0.56,,22.32,0,0.32,-58.44,0.7,-95.14,0.62,46.16,8.77,0.02,0.41,1.43,-10.21,5.649143189
1057,Filatex Fash.,0.17,33.42,141.68,0,0.05,-98.66,22.36,-59.51,0.63,21.02,1.87,0.02,0.38,51.81,2.36,5.649143189
1058,Sun Retail,0.33,,5.12,0,-0.05,-112.82,1.04,-97.35,0.64,29.2,3.83,0.34,0.3,5.69,-0.34,5.649143189
1059,Landmarc Leisur.,1.79,,175.42,0,-0.19,-11.76,0.03,0,0.66,16.36,2.58,0.13,0.58,3.57,-0.78,5.649143189
1060,Margo Finance,66.08,201.34,30.2,0,0.06,220,0.31,93.75,0.68,16.36,35,0,0.18,0,0.09,5.649143189
1061,Dalmia Industria,9.4,22.39,19.03,0,-0.11,74.42,0.39,8.33,0.68,29.2,0.85,0,0.24,0,-0.74,5.649143189
1062,Sibar Auto Parts,7.69,,12.71,0,-0.23,-228.57,6.23,11.65,0.69,23.73,0.9,0.05,-0.96,0.45,1.11,5.649143189
1063,Surana Telecom,17.33,8.93,238.91,0,3.7,430.26,23.42,521.22,0.69,31.67,2.01,0.04,0.32,6.55,3.5,5.649143189
1064,PVP Ventures,24.96,,652.26,0,-4.06,-709.37,13.96,462.9,0.7,25.46,1.83,0.85,-0.5,187.65,19.54,5.649143189
1065,Jocil,110.19,15.99,97.85,0.45,1.58,160.08,262.72,19.45,0.71,15.16,3.08,0.03,0.35,5.47,10.42,5.649143189
1066,Hercules Investments,102.95,42.24,329.44,0,2.61,-4.4,0,,0.72,27.98,61,0,0.65,0,7.59,5.649143189
1067,Futuristic Sec.,38.3,747.29,7.47,0,0.02,300,0.02,0,0.72,16.36,93,0,0.72,0,-0.1,5.649143189
1068,Creative Eye,6.58,,13.5,0,-3.68,58.75,0,,0.72,34.74,2.95,0.33,-2.54,6.16,-1.12,5.649143189
1069,KCD Industries,4.99,,12.62,0,-0.19,-416.67,0,-100,0.72,29.2,1.39,0.08,0.38,3.37,-29.39,5.649143189
1070,Sanblue Corp.,36.24,75.5,18.12,0,0.14,-12.5,1.56,,0.73,25.25,31.25,0,0.53,0,-0.15,5.649143189
1071,Rajkot Inv.Trust,38.58,11.71,3.86,0,0.08,166.67,0.04,-77.78,0.74,16.36,32.08,4.81,0.54,23.64,1.26,5.649143189
1072,Nirav Commercial,628,,24.49,0,-0.19,-35.71,1.5,-57.02,0.75,29.2,6.67,0,-0.03,0,-0.28,5.649143189
1073,Everest Inds.,321.85,,511.39,0.78,-37.98,-58.33,282.95,-23.74,0.75,11.58,1.32,0.54,-0.52,308.95,-90.23,5.649143189
1074,K Z Leasing,18.98,,5.77,0,-0.59,85.4,0.1,-56.52,0.77,16.36,0.33,0.38,-0.67,6.83,0.98,5.649143189
1075,AG Ventures,93.6,15.64,93.5,0,2.24,-6.49,31.14,5.03,0.77,15.16,4.7,0.11,0.05,29.33,8.09,5.649143189
1076,Caprihans India,62.91,,92,0,-15.96,-65.97,173.35,-9.26,0.78,21.17,0.94,1.76,-4.17,692.94,90.44,5.649143189
1077,Haria Exports,7.29,64.76,8.42,0,0,-100,0,,0.78,19.16,6,0,0.78,0,-0.24,5.649143189
1078,HB Portfolio,59.43,98.42,63.98,1.68,1.45,268.6,6.65,-31.65,0.8,34.92,5.05,0,-0.01,0.68,8.32,5.649143189
1079,EKI Energy,78.13,,216.32,2.56,-4.63,-272.34,16.77,-75.14,0.8,34.76,10.21,0,-2.25,0.8,42.62,5.649143189
1080,Amit Internation,3.33,52.58,6.31,0,0,-100,0,,0.81,20.34,1.43,0,0.65,0,-0.69,5.649143189
1081,Modern Malleable,16.29,8.89,189.82,0,4.17,795,31.46,138.15,0.81,17.86,1.94,0.01,0.95,1.65,-10.76,5.649143189
1082,Integra Capital,14.25,8.59,6.7,0,0.65,316.67,1.06,465.52,0.82,16.36,143,0,0.6,0,0.53,5.649143189
1083,Jet Solar,14.03,,16.66,0,0.02,-90,0.35,-47.76,0.82,25.46,15.05,0.02,0.27,0.37,-2.46,5.649143189
1084,Symbiox Investme,1.78,,5.57,0,0.01,-93.75,0.09,-80,0.82,34.92,531.5,0,0.6,0,3.58,5.649143189
1085,Welspun Investme,1265.1,148.32,468.7,0,-0.13,-285.71,0.13,-31.58,0.83,23.06,0.38,0,0.56,0,-1.52,5.649143189
1086,Fortis Malar,49.52,20.44,92.81,0,0.02,100,0,,0.83,43.53,12.22,0,0.51,0,1.54,5.649143189
1087,Sarda Proteins,76.63,,13.23,0,-0.12,-220,0.25,-98.96,0.84,21.1,1.03,0.07,0.39,0.16,-0.11,5.649143189
1088,Sambandam Spg.,90.25,,38.45,0,-2.19,46.97,65.26,7.32,0.84,20.34,1.09,1.46,-2.94,124.5,16.79,5.649143189
1089,Mega Nirman,40.13,1029.23,102.92,0,0.36,227.27,6.22,21.01,0.84,25.46,47.36,0,0.3,0,-6.02,5.649143189
1090,Lakshmi Mills,7192.2,,500.57,0,2.04,157.11,61.9,11.65,0.86,20.34,0.52,0.15,-0.46,133.51,27.54,5.649143189
1091,Likhami Consult.,400,1326.68,398,0,0.04,33.33,0.15,50,0.86,34.76,111.43,0,0.63,0,0.16,5.649143189
1092,Anik Industries,38.74,64.72,108.73,0,0.74,21.31,16.58,-43.28,0.86,29.2,6.13,0.05,0.58,19.1,-119.34,5.649143189
1093,Eraaya Lifespace,21.02,,434.47,0,-23.54,-2182.29,609.28,36826.06,0.86,27.73,0.79,17.75,-15.23,1342.2,-219.89,5.649143189
1094,Rajdarshan Inds,38.92,,12.44,0,0.09,212.5,0.07,,0.87,124.24,18.52,0,1.04,0,-0.88,5.649143189
1095,Rish.Digh.Steel,33.74,20.35,18.52,0,0.06,108,0.08,,0.87,17.86,65.64,0.01,0.55,0.17,-0.87,5.649143189
1096,Citizen Infoline,256.6,1259,138.49,0,-0.09,-1000,0.09,-90.43,0.87,9.36,0.8,0,0.65,0,0.03,5.649143189
1097,Shiva Global,39.06,185.86,39.03,0,-1.5,-74.05,82.22,-16.89,0.87,17.16,4.19,0.37,-2.96,33,3.15,5.649143189
1098,U. H. Zaveri,14.04,858.75,42.94,0,0.01,-50,18.25,17.67,0.87,19.16,43.05,0.43,0.66,8.49,-1.4,5.649143189
1099,DE Nora India,717.15,29.35,382.49,0,2.57,132.91,35.84,104.1,0.88,31.52,2.89,0,1.64,0,3.13,5.649143189
1100,Ucal,97.01,,215.64,0,-9.69,-212.5,198.52,-2.35,0.9,23.73,0.88,0.87,-2.88,301.37,14.61,5.649143189
1101,Chandrima Mercan,5.45,44.61,181.58,0,0.41,2.5,11.79,93.6,0.9,29.2,18.82,0.02,0.79,1.91,-38.26,5.649143189
1102,Tridev Infra.,7.25,157.67,4.73,0,0,,0.08,60,0.91,19.47,,0,0,0,0.02,5.649143189
1103,Raconteur Global,14,,7.3,0,-0.8,-700,0,,0.91,25.47,1.72,1.24,0.77,21.98,0.77,5.649143189
1104,Shri Vasuprada,95,,78.71,0,5.13,21.85,45.62,24.47,0.92,19.17,0.83,0.58,-1.99,70.49,5.51,5.649143189
1105,Perfect Infraeng,1.65,3.52,2.88,0,0.71,-49.29,2.66,-41.41,0.92,23.45,6,0.24,2.12,7.79,-6.15,5.649143189
1106,Shreeshay Engi.,23.5,258.58,31.03,0,0.07,-30,1.59,84.88,0.92,15.51,2.7,0,0.36,0,3.28,5.649143189
1107,Tranway21 Tech.,4.09,,4.34,0,-0.66,-214.29,2.15,-16.99,0.92,20.79,3.42,0.31,-0.79,5.01,0.52,5.649143189
1108,Parle Industries,5.59,,27.31,0,-0.21,4.55,0.15,,0.95,19.69,3.32,0.02,0.48,2.52,-9.48,5.649143189
1109,Lee & Nee Soft.,7.42,165.54,41.39,0,0.11,-42.11,2.78,-13.12,0.95,21.92,8.71,0,0.56,0.14,-0.86,5.649143189
1110,Navkar Urban.,0.89,232.76,97.76,0.56,2.62,187.91,5.3,-38.44,0.96,15.51,2.99,0.04,0.22,6.03,0.99,5.649143189
1111,Novelix Pharma.,53.77,58.9,107.19,0,1,566.67,48.4,813.21,0.96,49.54,1.53,0,0.46,0,-13.68,5.649143189
1112,Saianand Commer.,0.26,9.85,5.91,0,0.08,-89.04,0,,0.97,29.2,10.68,0.06,0.86,2.3,-4.81,5.649143189
1113,Sh. Bajrang All.,159,3.95,143.11,0,6.17,-9.4,46.96,-56.21,0.97,17.86,1.09,0.23,7.38,81.17,-23.66,5.649143189
1114,Odigma Consultan,22.92,,72.49,0,-1.44,-992.86,9.56,-6,0.97,21.92,3.33,0,0.5,0,15.13,5.649143189
1115,Decillion Financ,46.22,59.9,16.17,0,-0.25,16.67,0.25,-3.85,0.98,16.36,0.08,0,0.52,0,0.48,5.649143189
1116,Shyama Computro.,2.99,15.84,3.01,0,0.04,100,0.07,16.67,1,27.25,,0,0.79,0,-0.21,5.649143189
1117,Mirza Internatio,30.47,,420.16,0,-7.31,-28.47,118.21,3.35,1,25.12,2.47,0.04,-0.6,22.78,28.24,5.649143189
1118,Coffee Day Enter,23.83,,502.63,0,70.49,161.13,286.39,2.13,1.01,62.45,2.52,0.44,-1.29,1145.27,195.89,5.649143189
1119,Guj. Lease Fin.,4.39,297.75,11.91,0,0.03,-40,0,,1.02,34.92,14.14,,0.95,10,-0.38,5.649143189
1120,Integra Switch,143.1,,41.24,0,-0.06,-700,0,,1.03,23.45,18.22,0,0.93,0,-0.03,5.649143189
1121,Sanathnagar Ent.,31.65,34.39,9.97,0,-0.08,0,0,,1.03,25.46,0.24,,-74.15,13.45,-0.38,5.649143189
1122,Vivid Mercantile,7.69,8.19,77.1,0,7.22,1010.77,30.26,1501.06,1.03,25.46,7.91,0.1,0.86,5.78,-6.26,5.649143189
1123,Trustedgecapital,133.05,,122.78,0,0.14,0,1.31,385.19,1.05,23.06,1.66,0,0.74,0,1.58,5.649143189
1124,Parampara Dairy,11.25,62.16,11.81,0,0.06,50,9.8,23.74,1.05,17.02,0.96,0.87,0.59,7.71,-0.29,5.649143189
1125,Naperol Invest.,547.9,33.93,314.88,1.64,-0.59,-130.77,1.02,-26.62,1.06,23.06,10.66,0,0.92,0,-3.42,5.649143189
1126,Super Sales Ind.,623.75,53.04,191.49,0.4,-0.87,76.77,103.86,3.88,1.07,20.34,1.55,0.18,-0.29,95.14,29.01,5.649143189
1127,STL Global,10.77,296.15,29.62,0,0.31,158.33,29.75,-15.17,1.08,20.34,2.09,0.56,-1.02,14.87,5.47,5.649143189
1128,Victoria Mills,6009.9,8.99,59.5,0.83,2.64,214.29,19,20.63,1.1,25.46,35.96,0,0.53,0,-10.23,5.649143189
1129,GCM Capital,3.63,,6.15,0,-0.06,-127.27,1.18,42.17,1.1,34.92,24.87,0.02,-0.66,0.4,0.13,5.649143189
1130,Bilcare,55.99,,131.83,0,-12.81,-83.74,181.32,-8.48,1.1,49.54,1.16,1.48,-3.53,672.02,84.99,5.649143189
1131,SKIL Infrastr,0.97,2.36,21.01,0,-4.01,-195.93,0,,1.1,15.51,0,10.09,0.28,1952.25,44.05,5.649143189
1132,Ganges Securitie,110.96,66.13,111.77,0,1.46,48.98,11.24,-14.2,1.1,19.17,3.37,0,0.89,0,21.3,5.649143189
1133,BITS,7.6,160.42,85.02,0,0.27,200,0.39,25.81,1.12,35.78,2.95,0,1.09,0,6.55,5.649143189
1134,Tarini Internat.,6.99,5.86,9.09,0,0.99,-7.48,1.08,2.86,1.13,34.76,1.52,0.49,3.98,13.45,-0.67,5.649143189
1135,Moxsh Overseas,127.4,,119,0,-2.39,-1891.67,2.41,-57.12,1.13,23.68,1.04,0.87,-3.15,6.41,-0.37,5.649143189
1136,Sumeru Industrie,1.62,194.43,11.67,0,0.02,-33.33,0,,1.15,29.2,96.25,0,0.86,0.01,0.02,5.649143189
1137,Shristi Infra,26.27,,58.32,0,-6.47,-824.29,17.04,-8.97,1.16,25.46,1.04,,-2.47,373.04,90.31,5.649143189
1138,Veerkrupa Jewel,0.62,45.13,8.12,0,0.02,0,24.53,196.61,1.17,19.16,1.93,0.67,1.05,9,-6.89,5.649143189
1139,Graviss Hospital,28.44,,200.56,0,3,112.77,19.11,6.28,1.18,27.77,0.67,0.06,3.97,11.64,3.1,5.649143189
1140,The Peria Karamalai Tea,820.35,,253.97,0.12,0.41,111.57,17.57,41.24,1.2,19.17,1.53,0.21,0.07,44.89,-4.57,5.649143189
1141,Kanani Industrie,1.34,14.6,26.14,0,0.39,-45.07,28.47,36.42,1.21,19.16,3.36,0,0.81,0.32,5.64,5.649143189
1142,Atharv Enter,3.63,30.85,6.17,0,0.05,25,0.18,,1.22,16.36,0.68,0.03,0.55,0.55,2,5.649143189
1143,MILGREY FIN.&INV,53.85,93.55,116,0,0.39,85.71,0,,1.22,19.69,6.08,1.19,0.92,41.82,-11.16,5.649143189
1144,Ashnisha Indus.,3.45,269.02,91.47,0,0.06,500,2.59,-3.72,1.23,29.2,10.98,0.08,0.15,5.12,-12.75,5.649143189
1145,Pagaria Energy,8.08,,3.52,0,-0.06,,0.23,,1.24,35.78,10.57,0.86,0.9,5.44,-0.18,5.649143189
1146,Nexome Cap. Mkt.,72.28,40.33,63.71,0,-1,-500,1.12,-84.82,1.24,34.92,2.74,0.04,0.66,6.82,-6.23,5.649143189
1147,Polysil Irrigati,159.7,,359.4,0,1.43,2.88,15.37,76.06,1.24,21.17,1.56,0.46,-2.21,25.59,1.51,5.649143189
1148,AGS Transact,2.87,,36.24,0,-194.26,-1163.07,209.6,-43.92,1.26,20.22,1.19,2,-3.72,1069.16,349.23,5.649143189
1149,TCFC Finance,24.48,37.73,25.65,0,-0.05,90.2,1.48,460.98,1.27,16.36,186.79,0,1.07,0,0.11,5.649143189
1150,Indl. Inv. Trust,132.34,53.7,298.04,0,6.28,218.22,11.1,364.92,1.27,23.06,35.74,0,0.99,2.19,-138.83,5.649143189
1151,Softrak Venture,1.74,,78.44,0.29,0.62,-43.12,0,-100,1.28,16.36,17.89,0,0.77,0,11.63,5.649143189
1152,Transwar.Fin.,12.75,,70.71,0,-0.91,61.11,3.13,-11.33,1.28,16.36,2.25,1.15,-3.33,33.59,-4.57,5.649143189
1153,Newtime Infra.,1.99,,104.44,0,-0.46,70.13,1,-1.96,1.3,29.2,2.56,3.28,-3.78,53.14,11.51,5.649143189
1154,STEL Holdings,443.05,27.74,819.98,0,12.58,13877.78,17.2,5633.33,1.3,23.06,1.14,0,0.9,0,43.18,5.649143189
1155,Guj Apollo Inds,411.1,,532.94,0.49,0.63,-72.96,16.17,159.55,1.31,27.98,4.09,0.09,0.14,45.45,-15.57,5.649143189
1156,India Cem. Cap.,11.1,100.42,24.1,0,-0.19,450,1.21,-3.97,1.31,16.36,7.38,2.37,0.83,43.66,0.02,5.649143189
1157,Motor & Gen Fin,20.09,59.77,78.9,0,-0.03,-117.65,1.63,-6.32,1.32,19.69,2.02,0,0.47,0.37,0.95,5.649143189
1158,Mukesh Babu Fin.,111.95,15.13,78.04,1.07,2.29,195.16,5.64,354.05,1.33,16.36,14.86,0.14,0.12,43.67,-6.43,5.649143189
1159,M P Agro Inds.,8.5,123.27,4.93,0,0,-100,0,,1.35,17.16,1.86,0,0.83,0,-0.3,5.649143189
1160,Jagatjit Inds.,131.8,30.95,616.59,0,64.4,1605.37,22.97,-80.65,1.35,32.45,0.47,25.49,-3.44,408.63,-5.35,5.649143189
1161,Gautam Gems,3.08,39.32,12.58,0,0.09,-30.77,12.95,-1.22,1.35,19.16,3.02,0.1,0.39,5.26,0.3,5.649143189
1162,KBS India,1.18,51.07,12.77,0,-0.14,-1300,0.54,-6.9,1.36,34.92,7.53,0,0.5,0,-0.68,5.649143189
1163,KJMC Financial,44.99,14.55,21.53,0,0.23,633.33,1.6,25.98,1.36,16.36,1.94,0.09,0.49,14.27,1.39,5.649143189
1164,Nyssa Corp.,2.31,,6.93,0,0.1,-73.68,0,-100,1.36,29.2,3.19,0.05,0.95,1.5,-5.25,5.649143189
1165,Urja Global,8.95,364.56,470.28,0,0.25,-48.98,14.61,-27.67,1.36,23.45,1.76,0.05,0.48,9.53,-6.51,5.649143189
1166,Naga Dhunseri,2607.4,25.87,260.74,0.1,-11.16,-173.77,137.66,7032.64,1.37,16.36,1.63,0.18,2,233.97,-8.03,5.649143189
1167,Karma Energy Ltd,38.72,27.27,44.44,0,0.22,115.71,1.2,27.66,1.38,31.67,4.76,0.04,1.49,1.74,1.66,5.649143189
1168,Mapro Industries,50,131.06,41.94,0,0.28,600,0.41,173.33,1.39,15.51,15.76,0,1.03,0,0,5.649143189
1169,Nanavati Venture,101.8,198.08,47.54,0,0.04,33.33,16.89,383.95,1.39,,2.31,0,0.91,0,-0.06,5.649143189
1170,S I Paper Mills,88.18,42.39,165.34,0,2.37,166.57,101.37,21.3,1.4,19.47,1.09,0.8,-2.49,171.57,40.29,5.649143189
1171,Sterling Green,18.29,,7.75,0,-0.32,36,0.01,0,1.4,27.77,0.33,1.13,-1.98,12.41,-0.77,5.649143189
1172,Zodiac-JRD MKJ,33.75,68.6,37.04,0,0.13,-38.1,6.25,12.82,1.41,19.16,29.01,0,0.62,0.24,0.01,5.649143189
1173,Bartronics India,8.13,62.13,247.91,0,2.45,842.42,48.34,454.99,1.42,21.92,0.82,0.01,0.8,0.17,-2.52,5.649143189
1174,SW Investments,74.4,39.41,6.7,0,0.06,20,0.12,50,1.42,19.69,5.11,0,1.02,0,4.52,5.649143189
1175,Atvo Enterprises,19.44,1155.44,207.98,0,0.07,250,1.56,31.09,1.43,20.34,8.67,0,0.91,0,0.03,5.649143189
1176,Kkalpana Plastic,27.07,499,14.97,0,0.01,-75,0,,1.44,21.17,211,0,1.43,0,-0.54,5.649143189
1177,Mid East Port.,18.04,5.82,9.08,0,-0.01,-105.26,0,,1.46,34.92,330,0,1.46,0,0.63,5.649143189
1178,Syschem (India),44.37,26.52,217.47,0,4.17,734,141.5,81.97,1.47,27.25,1.47,0,0.24,0,-10.09,5.649143189
1179,Warren Tea,37.38,,44.67,0,0.66,-72.15,0,,1.47,19.17,3.07,0.02,1.55,1.48,-9.48,5.649143189
1180,S V Global Mill,134.55,41.73,243.31,0,6.5,1126.42,0.55,-64.52,1.48,25.46,36.22,0,0.54,0,2.53,5.649143189
1181,T T,9.06,,237.19,0.55,-1,-199.01,40.59,-28.26,1.49,20.34,2.82,0.58,-3.16,73.19,0.31,5.649143189
1182,Triveni Glass,6.06,,7.65,0,-0.17,-88.89,0,,1.51,11.58,0.14,,0.87,18.72,-0.53,5.649143189
1183,Shervani Indl Sy,371.1,45.25,95.48,0.81,0.03,-94.23,6.61,-43.55,1.51,25.46,1.69,0.38,1.83,56.62,14.37,5.649143189
1184,Deccan Cements,642.75,28.33,901.43,0.09,-0.55,-167.9,130.85,13.34,1.53,27.02,1.02,1.02,0.35,760.19,-37.63,5.649143189
1185,SIL Investments,404.85,9.7,429.15,0.62,19.64,40.91,27.2,21.7,1.53,23.06,6.05,0,1.05,0,9.87,5.649143189
1186,Mercantile Vent.,21.97,19.69,245.88,0,0.81,54.59,25.07,36.7,1.53,19.69,3.37,0,2.66,0,-32.81,5.649143189
1187,Tarmat,54.07,35.03,134.87,0,1.13,232.35,27.31,4.48,1.55,15.51,3.82,0.06,0.65,11.34,-9.16,5.649143189
1188,Gloster Ltd,529.65,75.75,576.43,3.78,-0.74,-189.16,382.59,115.31,1.55,15.07,1.33,0.7,-0.83,753.32,-99.04,5.649143189
1189,Equilateral Ent.,21.76,63.89,26.84,0,0.03,-80,9.51,31.9,1.56,23.45,1.93,0.05,0.82,0.53,6.69,5.649143189
1190,Repro India,360.55,,505.16,0,0.75,-35.9,130.26,3.43,1.56,13.31,1.15,0.35,-0.38,127.38,50.07,5.649143189
1191,Titan Securities,38.4,8.68,96.07,0,3.67,44.49,1.01,-69.85,1.56,16.36,18.73,0,10.67,0.01,2.14,5.649143189
1192,Asian Warehous.,33.98,169.32,11.85,0,0,100,0.48,108.7,1.58,,0.05,0.25,0.17,6.6,0.98,5.649143189
1193,Amit Securities,55.64,31.86,39.5,0,0.42,281.82,0.99,33.78,1.61,16.36,4.61,0,4.62,0,-0.03,5.649143189
1194,Visagar Finan.,0.3,,17.52,0,1.44,58.24,2.98,-73.97,1.62,34.92,,0.65,-0.15,38.77,0.27,5.649143189
1195,ERP Soft Systems,46.25,73.27,18.32,0,0.03,-25,2.35,-7.48,1.63,19.69,4.4,0.09,0.79,1.68,0.67,5.649143189
1196,Sambhaav Media,5.53,,102.5,0,0.22,-52.24,11.29,1.07,1.64,801.94,4.47,0.11,0.3,9.06,20.92,5.649143189
1197,Ushakiran Fin.,51.39,,13.05,0,0.02,140,0.12,100,1.65,16.36,12.75,0,1.32,0,0.19,5.649143189
1198,Deccan Healthcar,11.05,12.05,27.34,0,1,614.29,17.39,-14.88,1.65,36.86,4.62,0.02,1,1.97,-6.43,5.649143189
1199,R R Securities,22.1,66.69,6.67,0,0.02,166.67,0,,1.66,19.69,131.67,0.05,1.66,0.25,-0.08,5.649143189
1200,New Markets Advi,15.48,,7.65,0,-0.28,-211.11,0,-100,1.67,35.78,98,0.42,1.63,0.49,0.04,5.649143189
1201,SGL Resources,2.05,,51.35,0,-0.4,-165.57,-8.27,-203.76,1.67,21.92,3.04,0.08,0.67,14.66,-25.31,5.649143189
1202,Aro Granite Inds,23.24,,35.65,0,-2.97,,14.69,-51.23,1.68,22.67,1.4,0.81,-1.47,148.21,33.01,5.649143189
1203,NDL Ventures,114.61,429.01,381.82,0.44,0.23,228.57,0,,1.69,34.92,10.74,0,0.87,0,-4.21,5.649143189
1204,Frontline Fin.,2.36,6.62,1.39,0,-0.01,50,0.41,1950,1.69,19.69,1.13,0.04,0.38,0.25,-0.18,5.649143189
1205,Arihant's Secur.,16.6,,8.31,0,0.11,-78.85,0.27,-57.14,1.7,19.69,20.68,0,1.2,0,-0.14,5.649143189
1206,Aravali Sec,5.6,,8.49,0,-0.04,33.33,0,,1.73,29.2,0.16,,-8.57,3.69,0.09,5.649143189
1207,Epuja Spiritech,2.02,,17.39,0,-2.78,-672.22,0.04,-95.96,1.75,16.36,36.6,0,1.61,0,-3.58,5.649143189
1208,Paragon Finance,51.7,7.47,21.97,0,1.8,700,0.91,513.64,1.76,16.36,2.71,0.02,0.98,0.71,1.22,5.649143189
1209,Manraj Hsg.Fin.,44.01,,22.01,0,-0.05,-25,0,,1.76,13.84,46.5,,1.74,20.02,0.32,5.649143189
1210,Everest Organics,282,46.89,273.84,0,0.36,-68.42,42.59,1.28,1.76,27.25,1.08,0.68,-0.57,49.39,-5.38,5.649143189
1211,Vaxtex Cotfab,1.4,4.25,25.72,0,3.95,1112.82,8.88,,1.77,21.02,1.97,0.63,1.81,10.92,1.23,5.649143189
1212,Empower India,1.1,32.17,128.02,0,1.07,1.9,47.81,101.56,1.78,20.79,1.69,0.09,1.53,27.44,17.68,5.649143189
1213,Dynamic Portfol,23.38,182.27,27.34,0,0,100,0.12,,1.79,16.36,0.65,0.07,0.87,0.85,-0.36,5.649143189
1214,Ashima,13.86,,265.46,0,-2.74,148.47,0.78,-64.06,1.79,20.34,3.87,0.58,-3.44,167.5,-19.86,5.649143189
1215,Rander Corpn.,10.04,,12.38,0,0.37,1950,1.38,109.09,1.81,16.36,1.73,0,-4.87,0,-1.39,5.649143189
1216,Avance Tech.,1.07,141.38,212.07,0,2.01,15.52,49.5,52.87,1.81,35.78,0.57,0.31,1.07,116.74,-67.61,5.649143189
1217,Enterprise Intl.,20.13,,6.01,0,-0.1,-126.32,1.78,-10.55,1.82,29.2,5.26,0,1.73,0,0.59,5.649143189
1218,Saurashtra Cem.,59.72,22.61,666.15,0,-10.29,14.45,410.19,8.66,1.86,27.02,1.16,0.07,0.14,65.7,30.23,5.649143189
1219,Misquita Engg.,121.45,334.94,56.94,0,0.15,-21.05,8.87,60.69,1.86,27.98,2.43,0.13,1.54,1.83,-3,5.649143189
1220,Integ. Proteins,59.35,462.77,111.06,0,-0.02,-128.57,0,-100,1.87,21.1,3.46,0,1.14,0.09,-23.56,5.649143189
1221,Shree Rama News.,33.57,,493.65,0,-10.15,-14.51,8.84,-28.88,1.87,19.47,0.87,,-5.13,376.43,9.17,5.649143189
1222,Bharat Gears,96.49,11.34,149.18,0,2.57,124.98,189.35,33.27,1.88,23.73,1.2,0.64,-3.52,78.63,48.97,5.649143189
1223,Haryana Capfin,134,14.91,69.8,0,-0.06,-125,0.05,-90,1.88,23.06,,0,1.09,0,-2.18,5.649143189
1224,Maral Overseas,40.55,,167.34,0,5.3,155.49,247.45,-1.17,1.89,20.34,0.88,3.5,-3.26,392.72,75.87,5.649143189
1225,Indong Tea Co,8,,15.54,0,0.62,-80.32,14.73,2.29,1.9,19.17,1.83,0.13,0.39,7.72,-8.92,5.649143189
1226,Shelter Infra,13.56,121.04,4.84,0,-0.03,-250,0.54,-10,1.91,15.51,0.65,2.65,0.62,10.34,1.61,5.649143189
1227,Gemstone Invest.,1.26,85.59,9.42,0,-0.27,-145.45,0.58,2800,1.91,19.69,110.86,0,1.29,0,-0.42,5.649143189
1228,Surani Steel Tub,71.75,37.44,111.56,0,2.11,-13.68,50.94,-54.02,1.91,17.86,144.26,0,0.81,0,8.87,5.649143189
1229,Gujarat Winding,8.97,,4.36,0,-0.03,-160,0,,1.92,19.47,15.44,0,1.41,0,-0.11,5.649143189
1230,Yogi Ltd,163.95,37.32,707.61,0,1.86,964.71,57.25,,1.92,16.36,1.54,1.15,0.52,153.7,-72.44,5.649143189
1231,ISF,0.86,20.95,8.17,0,0.09,137.5,0.4,-4.76,1.93,16.36,5.22,0.21,-0.06,2.8,1.37,5.649143189
1232,Natraj Proteins,38.35,11.15,14.38,0,2.89,9533.33,28.77,-13.89,1.94,21.1,1.54,0.81,-2.14,23.67,21.66,5.649143189
1233,Orient Press,59.25,,59.26,0,0.08,110.67,31.99,-6.19,1.96,17.02,1.11,0.92,-2.05,58.64,7.8,5.649143189
1234,Dhansafal Fin,2.75,140.53,59.02,0,0.18,238.46,3.52,198.31,1.96,16.36,3.54,0.43,0.88,26.43,-35.13,5.649143189
1235,Dhyaani Trade,7.19,204,12.24,0,0.2,0,22.41,107.12,1.96,29.2,2.41,0.05,0.19,1.61,-31.37,5.649143189
1236,AVI Products,43.13,,14.26,0,-0.44,-1366.67,0.33,-70.8,1.97,29.2,8.64,0.1,0.74,0.59,-0.77,5.649143189
1237,Polymac Thermof.,16.6,,7.93,0,0.34,-67.31,4.44,14.73,1.97,21.17,2.37,0.16,0.21,1.75,0.02,5.649143189
1238,Indowind Energy,8.75,139.79,141.19,0,0.36,-6350,6.01,8.09,1.99,31.67,4.3,0.06,0.43,18.02,-9.17,5.649143189
1239,Sungold Capital,2.98,91.33,5.48,0,0.04,300,0.4,-9.09,2,16.36,0.54,0,0.15,0,6.61,5.649143189
1240,Tokyo Finance,22,255.5,15.33,0,0.05,-44.44,0.21,0,2.01,16.36,0.53,0,1.96,0,-1.47,5.649143189
1241,Golden Crest,334.65,1253.71,175.52,0,0.05,-28.57,0.09,12.5,2.05,23.68,225,0,1.49,0,0.26,5.649143189
1242,Rajnish Retail,2.94,,46.08,0,-0.68,-288.89,32.05,36.62,2.07,19.16,5.62,0,1.44,0,-10.69,5.649143189
1243,Acrow India,674.85,227.32,43.19,0,0.45,9.76,7.16,,2.1,17.86,6.37,0,-1.39,0,-0.78,5.649143189
1244,Decorous Investm,14.03,37.22,4.84,0,0.06,200,0.23,53.33,2.11,19.16,57,0,1.57,0,-0.32,5.649143189
1245,Globalspace Tech,17.72,243.6,60.9,0,0.36,-46.27,16.64,31.13,2.13,20.79,2.4,0.16,1.12,8.63,7.89,5.649143189
1246,Hit Kit Global,5.63,,30.34,0,0.01,-75,0.26,23.81,2.14,35.78,4.39,0,2.06,0,-0.02,5.649143189
1247,VLS Finance,224.9,12.58,710.16,0.67,18.05,130.96,29.18,150.48,2.15,23.06,10.28,0,1.48,0.03,200.2,5.649143189
1248,7NR Retail Ltd,3.34,5.31,9.35,0,0.1,0,2.71,442,2.16,25.47,3.69,0.16,0.79,4.66,3.05,5.649143189
1249,Divyashakti,48.29,34.2,49.59,4.14,0.11,-91.2,4.49,-76.27,2.18,11.58,9.93,0,1.4,0.59,-3.66,5.649143189
1250,Parvati Sweetner,7.45,,111.11,0,-3.73,-178.36,0.06,-98.45,2.18,11.31,5.07,0.28,0.38,26.48,24.64,5.649143189
1251,NPR Finance,18.53,55.5,11.1,0,0.26,-50.94,1.46,-2.67,2.2,34.92,2.73,0.01,1.12,0.27,2.99,5.649143189
1252,Quest Capital,255.3,6.37,255.3,0.98,20.7,6800,27.03,3934.33,2.2,6.37,22.95,0,1.59,0,38.13,5.649143189
1253,Minaxi Textiles,1.47,3.43,7.27,0,-0.25,44.44,4.51,-23.82,2.2,20.34,1.12,3.07,-4.61,12.44,3.4,5.649143189
1254,KCL Infra,1.32,15.37,22.29,0,1.1,340,12.86,920.63,2.22,15.51,2.07,0.06,0.77,3.54,9.85,5.649143189
1255,Jain Marmo Inds,19.1,,5.98,0,0,100,0.46,-16.36,2.24,11.58,3.24,0.26,-0.15,1.03,0.28,5.649143189
1256,Envair Electrody,40.41,,18.75,0,0.02,103.28,0,,2.25,27.98,18.54,0,-5.54,0,-0.06,5.649143189
1257,Shiva Granito,13.14,1736,17.36,0,0,-100,2.15,18.13,2.25,11.58,4.22,0.22,0.07,5.37,-7.65,5.649143189
1258,Octaware Tech.,67.11,,24.1,0,-0.05,-111.9,7.07,-10.39,2.25,21.92,1.14,0.09,1.44,1.14,0.43,5.649143189
1259,Achyut Healthcar,5.72,313.35,134.74,0,0,-100,1.57,,2.26,27.25,3.47,0,1.73,0,-4.06,5.649143189
1260,T & I Global,179.35,19.8,90.89,0,2.56,383.02,25.01,26.5,2.27,27.98,2.82,0,1.59,0,33.62,5.649143189
1261,Atlas Cycles,82.81,,53.22,0,-1.5,-655.56,1.52,-30.91,2.27,,0.46,0.02,1.83,9,-0.65,5.649143189
1262,Garbi Finvest,12.37,25.01,14.51,0,0.16,-87.2,0.62,-23.46,2.27,16.36,0.21,0,1.77,0,4.64,5.649143189
1263,Mizzen Ventures,179.5,260.46,380.27,0,-0.02,,0.48,700,2.27,19.69,5.75,0,1.84,0,-5.49,5.649143189
1264,Kachchh Minerals,28.84,,15.29,0,-0.06,14.29,0,,2.28,16.32,4.32,0.62,0.79,0.58,-0.04,5.649143189
1265,RTCL,13.88,8.5,16.66,0,0.15,-33.33,0,,2.28,25.46,1.08,0.05,1.96,2.41,-0.74,5.649143189
1266,Shilp Gravures,161.7,11.8,99.44,1.3,1.33,304.35,23.21,8.05,2.28,18.25,4.01,0.08,1.45,8.7,9.94,5.649143189
1267,Suncare Traders,0.54,7.87,13.77,0,0.28,-63.16,0.3,-71.43,2.28,29.2,4.28,0.14,1.09,5.71,-3.28,5.649143189
1268,Himalaya Food,7.9,10.32,66.99,0,0.78,1460,9.95,2.79,2.29,24.87,1.62,0,1.84,0,6.94,5.649143189
1269,Sera Investments,33.86,9.56,221.76,0,20.03,479.36,25.22,4944,2.29,16.36,23.38,0,1.14,1.13,9.6,5.649143189
1270,Triveni Enterpri,1.04,,5.95,0,0.01,-90,0,-100,2.29,29.2,13.99,0,1.67,0,-0.01,5.649143189
1271,Jainco Projects,4.76,119,4.76,0,0,-100,0.11,-15.38,2.3,29.2,1.43,0.83,0.04,8.86,-12.34,5.649143189
1272,Laffans Petroch,29.11,18.93,23.29,0,1.56,176.47,0.96,-11.93,2.3,61.29,1.28,0.01,1.59,0.45,-6.5,5.649143189
1273,Kisan Mouldings,22.98,,274.53,0,-3.6,-1000,60.57,-13.87,2.3,21.17,1.32,0.16,1.11,32.9,-41.37,5.649143189
1274,Lak. Electrical,751.35,67.95,184.83,0.53,-1.05,-892.31,58.39,18.27,2.3,23.45,1.81,0.05,1.08,14.5,5.41,5.649143189
1275,Bazel Internatio,20.9,13.21,16.11,0,0.21,75,1.21,57.14,2.3,16.36,5.76,0.39,0.86,21.35,-9.46,5.649143189
1276,Chothani Foods,11.78,58.1,12.2,0,0.13,116.67,3.95,21.91,2.3,47.64,3.58,0.1,0.73,1.49,-3.07,5.649143189
1277,3P Land Hold.,32.15,27.63,58.86,0,0.4,5.26,0.97,4.3,2.31,23.06,0.91,0,1.61,0,1.17,5.649143189
1278,DJS Stock,2,125.79,15.1,0,-0.05,-112.82,0.01,-98.04,2.32,34.92,18.31,0,1.8,0,-0.5,5.649143189
1279,Simplex Realty,123.9,,37.05,0,-0.36,-176.6,0.21,-19.23,2.32,25.46,26.2,0,1.02,0,-34.75,5.649143189
1280,Vani Commercials,7.43,30.35,21.85,0,0.23,53.33,1.02,24.39,2.33,16.36,0.03,0,0.51,0,11.22,5.649143189
1281,FCS Software,1.41,,239.4,0,-1.97,-180.95,14.86,60.65,2.33,21.92,1.96,0,0.79,0,10.21,5.649143189
1282,Vishal Bearings,48.69,,52.54,0,-2.45,8.58,20.6,7.4,2.33,23.73,1.55,1.54,-2.47,51.25,8.65,5.649143189
1283,Tirupati Innovar,6.2,4.8,15.16,0,0.28,75,21,,2.34,24.22,2.09,0.08,1.61,4.65,-4.46,5.649143189
1284,Hilltone Softwar,51.65,,68.06,0,0.99,890,6.64,374.29,2.34,28.49,1.3,0.03,-0.96,0.5,0.76,5.649143189
1285,Axita Cotton,8.8,140.84,336.6,0,2.6,242.86,89.4,-60.8,2.35,20.34,2.59,0.34,0.69,22.33,45.46,5.649143189
1286,G V Films,0.36,197.44,67.13,0,-0.02,95.35,0.65,,2.36,113.43,1.13,0.18,-1.52,20.7,-94.66,5.649143189
1287,Prerna Infra.,24.39,46.62,88.12,0,0.84,322.5,2.99,118.25,2.36,25.46,10.13,0.2,0.96,20.57,43.95,5.649143189
1288,Yarn Syndicate,12.57,,6.53,0,5,1328.57,11.94,-23.56,2.37,29.2,1.03,0.24,-1.37,4.04,-5.02,5.649143189
1289,Orient Bell,273.2,45.47,407.42,0.18,3.39,245.92,168.82,3.56,2.38,39.71,1.66,0.12,0.52,37.82,33.43,5.649143189
1290,Arco Leasing,3.75,,0.09,0,-0.49,-2550,0.05,-37.5,2.38,16.36,0.85,,0.35,0,-0.77,5.649143189
1291,Bhilwara Spinner,109.9,,99.5,0,0.49,1533.33,24.73,1389.76,2.39,20.34,0.86,2.18,1.14,93.99,11.67,5.649143189
1292,Swati Projects,28.7,7.63,28.99,0,0.71,113.04,2.36,362.75,2.39,16.36,25.39,0.07,-0.83,1.03,-9.95,5.649143189
1293,Gian Lifecare,6.49,,6.71,0,0.1,-71.43,1.12,-29.56,2.4,36.86,1.66,0.31,-0.12,5.73,0.27,5.649143189
1294,JMG Corporation,6.37,,14.75,0,-0.09,52.63,0.22,83.33,2.41,21.17,2.53,0.14,0.97,0.88,0.2,5.649143189
1295,Supreme Holdings,52.16,,206.52,0,0.12,-96.76,1.3,-93.39,2.41,25.46,5.68,0.01,1.74,6.03,-10.74,5.649143189
1296,Viji Finance,3.03,36.4,43.32,0,0.94,1040,1.59,169.49,2.42,16.36,3.06,0.55,0.55,11.55,-2.88,5.649143189
1297,Kovalam Investm.,14.13,2.57,3.14,0,0.82,428,1.14,914.29,2.43,19.69,0.38,0,1.99,0,-0.95,5.649143189
1298,Shreevatsaa Fin.,26.55,52.59,26.82,0,0.17,-15,0.24,4.35,2.44,19.69,136.65,0,1.98,0,0.16,5.649143189
1299,Jayatma Enterp.,15.41,14.9,4.62,0,0.15,150,0.11,-31.25,2.45,19.69,30.24,0.02,2.25,0.15,-0.3,5.649143189
1300,Morarka Finance,45.57,11.09,20.51,2.19,0.07,-22.22,0.25,47.06,2.46,16.36,0.24,0,2.15,0,3.21,5.649143189
1301,Polo Queen Ind.,16.58,194.64,556.67,0,0.78,14.71,16.66,-2.97,2.46,29.2,0.92,0.06,1.1,10.85,2.5,5.649143189
1302,TransIndia Real,24.16,17.86,594.31,2.07,10.86,-3.4,21.06,-8.55,2.46,21.07,5.4,0,1.44,0,85.17,5.649143189
1303,Mehta Integrat.,28.5,54.81,14.25,0,-0.14,-240,0,,2.47,16.36,106.75,0.05,2.28,0.92,0.68,5.649143189
1304,Phoenix Intl.,32.61,19.91,54.75,0,0.21,-71.62,6.76,12.67,2.47,19.69,1.33,0.17,0.35,58.47,19.46,5.649143189
1305,Khaitan Chemical,48.8,6.57,472.49,0,20.44,62.87,265.73,33.69,2.48,17.16,1.4,1.07,0.22,284.1,44.13,5.649143189
1306,Mehta Securities,34.2,75.5,10.57,0,-0.03,0,0.04,33.33,2.5,34.92,0.03,0.2,1.31,1.13,-0.97,5.649143189
1307,NCC Blue Water,25.65,,19.88,0,2.16,-120,0,,2.5,19.34,123.5,0,1.97,0,1.04,5.649143189
1308,IEL,6.08,,79.28,0,0.47,123.81,0.55,37.5,2.51,20.21,64.79,0.02,1.74,0.9,2.11,5.649143189
1309,H T Media,20.08,10.64,466.97,0,-23.7,373.86,496.61,1.39,2.51,9.36,1.13,0.48,0.1,800.86,56.56,5.649143189
1310,Shivansh Finserv,7.04,9.98,4.39,0,-0.03,62.5,0,,2.51,34.92,252.6,0.86,-1.05,6,-4.44,5.649143189
1311,Modulex Const.,21.06,,149.68,0,-4.47,-116.75,0,,2.51,15.51,0.25,0.06,1.49,17.63,-2.19,5.649143189
1312,Sar Auto Prod.,2000,7941.27,952.95,0,0.21,40,3.58,1.7,2.52,23.73,0.85,1.09,1.18,19.24,0.35,5.649143189
1313,Welcure Drugs,0.25,0.87,30.89,0,1.07,2575,0,-100,2.53,27.25,1.46,0.92,1.62,123.2,-222.03,5.649143189
1314,TruCap Finance,5.99,,70.73,0,-42.23,-3533.33,15.1,-70.71,2.54,16.36,5.77,3.03,-8.19,329.13,207.8,5.649143189
1315,Sanco Trans,697,23.81,125.46,0.39,1.08,125,37.99,34.86,2.55,21.07,1.36,0.07,0.76,7.79,7.1,5.649143189
1316,Ent.Network,105.52,120.75,505.93,1.9,-6.3,-82.28,164.96,3.81,2.56,34.74,2.03,0.23,0.54,176.05,25.54,5.649143189
1317,Times Green Ener,84.46,61.95,23.54,0,0.16,0,9.05,-10.04,2.56,24.87,1.63,0.09,0.77,3.12,-1.17,5.649143189
1318,RSWM Ltd,134.56,22.57,629.58,0,2.38,214.84,1090.81,-8.77,2.59,20.34,1.06,1.16,-1.13,1520.15,426.39,5.649143189
1319,MFL India,0.38,9.07,13.69,0,0.76,744.44,17.83,39.41,2.6,21.07,1.56,,-6.72,22.5,1.22,5.649143189
1320,Cindrella Fin.,8.89,28.46,3.7,0,0.14,40,0.17,13.33,2.61,16.36,,0,2.86,0,-0.21,5.649143189
1321,Magenta Life,9.89,67.94,6.79,0,0.05,25,5.44,-6.85,2.61,28.09,2.71,0.21,0.51,2.97,-4.15,5.649143189
1322,Radhe Develop.,1.46,14.84,80.13,0,-1.53,-10.87,0.08,,2.63,25.46,1.03,0.55,0.96,36.03,-0.83,5.649143189
1323,Valiant Organics,259.42,39.93,725.08,0,3.65,-98.35,159.27,-14.77,2.63,25.16,0.87,0.32,-0.28,235.92,56.43,5.649143189
1324,Dangee Dums,2.78,,42.8,0,0.23,53.33,8.75,15.28,2.64,47.64,0.49,1.22,-1.36,18.59,4.8,5.649143189
1325,Hemo Organic,13.07,50.33,4.53,0,-0.16,-100,0,,2.65,29.2,1.26,,5.3,1.64,-0.36,5.649143189
1326,Dalal Street Inv,359.85,,11.52,0,-0.18,-238.46,0,,2.65,23.06,0.81,0.32,1.8,1.56,-0.25,5.649143189
1327,Silly Monks,15.9,,19.82,0,-0.67,-615.38,5.64,-19.77,2.65,34.74,1.57,0.02,1.82,0.15,0.11,5.649143189
1328,Mishka Exim,39.9,40.32,57.66,0,0.63,6200,7.93,1368.52,2.66,19.16,3.3,0.07,1.67,1.23,-0.53,5.649143189
1329,Pentokey Organy,35.6,57.23,22.32,0,-0.29,-825,-2.09,,2.67,15.16,2.76,0,2.59,0,0.22,5.649143189
1330,Milestone Global,17.58,17.63,8.82,0,0.11,257.14,3.02,39.81,2.67,11.58,9.85,0,1.49,0,0.4,5.649143189
1331,Natural Capsules,145.52,,150.19,0,-7.12,-6572.73,37.75,-13.87,2.67,27.25,1.19,0.46,0.16,112.11,26.75,5.649143189
1332,KKalpana Inds.,7.06,60.93,66.41,0,0.01,0,10.89,64.25,2.68,25.16,1.36,0.03,-1.83,1.09,13.12,5.649143189
1333,Asian Tea & Exp,9.43,,23.52,0,-0.06,-110.17,16.64,368.73,2.69,29.2,2.35,0.16,0.13,11.38,-3.73,5.649143189
1334,Gretex Corporate,325.7,,763.42,0.14,6.86,-53.47,42.16,-35.83,2.7,6.37,6.57,0.06,0.81,7.86,-31.05,5.649143189
1335,S & S Power Swit,334.4,51.38,414.64,0,3.51,186.67,79.08,101.12,2.73,23.45,1.29,0.46,-1.6,36.1,11.61,5.649143189
1336,Utique Enterp.,4.23,6.79,23.55,0,3.64,4650,0,-100,2.74,,81.76,0.01,0.42,0.86,-1.95,5.649143189
1337,Kay Power &Paper,8.34,32.38,29.14,0,-0.09,-200,4.75,-49.14,2.75,19.47,0.81,0.06,2.3,3.18,-3.58,5.649143189
1338,Country Club Hos,12.7,25.23,205.91,0,-1.31,-16.96,15.88,38.93,2.75,27.77,0.58,0.07,0.72,23.73,-8.52,5.649143189
1339,Electro Force,19.7,22.6,46.1,0,0.86,760,9.56,-38.64,2.77,23.45,11.8,0,1.58,0,17.13,5.649143189
1340,Sakuma Exports,1.48,30.98,232.03,0,0.61,-81.9,363.46,-23.92,2.79,29.2,5.05,0.06,1.43,44.86,-138.04,5.649143189
1341,Intec Capital,10.78,3.9,19.8,0,-0.39,40,1.94,373.17,2.8,16.36,1.34,0.89,0.25,32.65,9.81,5.649143189
1342,Jeevan Scienti.,63,,125.49,0,2.4,1190.91,19.07,52.44,2.8,49.54,1.39,0.53,0.08,24.93,10.07,5.649143189
1343,Shukra Bullions,38.06,,19.09,0,0,100,0.38,153.33,2.81,19.69,1.01,0.01,0.38,0.01,0.16,5.649143189
1344,Shree Salasar,509.05,25.76,354.91,0,5.36,301.49,30.99,155.27,2.81,34.92,0.26,1.27,1.1,75.26,-26.59,5.649143189
1345,Dr Lalchand. Lab,15.58,28.72,13.5,0,0.2,33.33,2.05,-3.76,2.81,36.86,1.92,0.45,1.95,4.58,0.37,5.649143189
1346,Zuari Industries,228.95,5.2,680.13,0.44,-26.43,17.99,262.63,11.73,2.82,11.31,0.65,0.5,-0.92,2347.33,-1.29,5.649143189
1347,Prozone Realty,44.97,,688.68,0,6.79,123.75,58.23,29.83,2.83,25.46,2.03,0.9,-3.63,424.8,39.63,5.649143189
1348,Crane Infra,12.46,15.83,9.02,0,0.17,240,0.35,0,2.84,25.46,2.28,0,2.18,0,0.32,5.649143189
1349,Thacker & Co.,866.9,4.56,94.3,0,3.88,2.11,1.26,-3.82,2.86,34.92,11.35,0,13.7,0.15,-2.17,5.649143189
1350,Zinema Media,19.18,51.64,23.24,0.26,0.21,320,1.36,,2.86,29.2,4.6,0.02,2.77,0.3,-0.47,5.649143189
1351,BSEL ALGO,4.46,39.02,38.63,0,7.76,185.18,10.16,184.46,2.88,23.06,1.77,0,1.05,0,-6.68,5.649143189
1352,Indrayani Biotec,7.79,,35.47,0,0.11,-75,35.01,102.14,2.88,24.87,2.64,1.93,-2.43,146.19,-6.74,5.649143189
1353,Tanvi Foods,62,93.57,79.54,0,0.79,282.35,48.29,9.33,2.88,47.64,2.04,0.37,0.35,27.2,2.57,5.649143189
1354,Ishan Internat.,0.6,,12.97,0,0.09,-76.92,13.39,-55.29,2.88,27.98,1.6,0.2,0.25,4.59,-0.29,5.649143189
1355,Vasudhagama Ent.,1.71,37.55,7.51,0,-0.07,-275,0.09,-87.32,2.88,24.87,49.87,0,2.15,0,-62.35,5.649143189
1356,Ruchi Infrastr.,4.96,11.13,116.83,0,-0.47,58.04,13.74,2.61,2.89,19.69,1.94,0.44,0.52,90.97,23.54,5.649143189
1357,Mena Mani Inds.,9.87,,99.04,0,0.03,-84.21,5.99,23.51,2.9,16.36,4.89,,0.5,14.71,1.09,5.649143189
1358,Modern Threads,43.81,12.48,145.38,0,6,4100,74.9,3.55,2.9,20.34,1.73,0.18,0.86,24.67,-7.53,5.649143189
1359,Tridhya Tech,8,,18.63,0,-2.16,-1119.05,13.49,-38.2,2.9,19.69,0.84,1.88,-2.39,77.14,20.63,5.649143189
1360,Groarc Industrie,5.3,,10.84,0,0.82,2833.33,0.81,-58.46,2.91,35.78,70.47,0.04,2.14,1.49,5.98,5.649143189
1361,Rel. Indl. Infra,636.65,77.75,961.78,0.55,3.01,9.85,12.36,0,2.92,21.07,7.25,0,2.24,0,-3.03,5.649143189
1362,Virgo Global,4.16,,4.37,0,-0.11,72.5,0,,2.93,35.78,1.04,,0,0.45,2.53,5.649143189
1363,Damodar Indust.,23.43,7.09,54.35,0,0.99,-38.51,93.29,-22.43,2.93,20.34,1.3,1.22,-2,180.35,37.4,5.649143189
1364,CL Educate,45.99,,248.42,0,-16.93,-540.89,120.45,72.54,2.93,23.68,1.88,1.03,-1.27,284.47,16.36,5.649143189
1365,Indag Rubber,91.75,28.07,240.85,2.62,2.52,539.13,56.18,0.88,2.93,24.22,4.67,0.04,1.71,9.22,3.28,5.649143189
1366,Porwal Auto Comp,48.85,5.21,73.76,0,8.33,690.78,37.87,14.27,2.94,23.73,2.12,0.08,0.14,5.94,0.45,5.649143189
1367,KJMC Corporate,45.31,10.41,17.79,0,0.78,358.82,3.51,59.55,2.94,34.92,7.82,0.08,1.44,5.3,7.12,5.649143189
1368,Usha Mart. Edu.,6.2,50.87,16.28,0,0.08,-46.67,0.2,66.67,2.94,20.99,0.28,0.03,1.92,0.43,1.15,5.649143189
1369,Hind.Bio Science,8,58.59,8.2,0,0.08,300,0.38,,2.95,35.78,32.5,3.05,2.95,2.62,0.03,5.649143189
1370,ATV Projects,30.8,21.36,163.6,0,1.61,-3.59,18.35,17.1,2.96,27.98,2.21,0.18,2.81,36.72,5.85,5.649143189
1371,Parshva Enterpr.,163,790.9,166.09,0,0.04,-33.33,5.91,-4.06,2.96,29.2,4.79,0.06,1.31,0.78,3.35,5.649143189
1372,Samyak Internati,13.2,,10.56,0,-0.46,-138.66,13.79,62.24,2.97,19.69,1.23,0.09,-0.38,4.97,0.33,5.649143189
1373,Gayatri Highways,2.12,40.6,50.35,0,-2.76,89.77,0,-100,2.97,13.59,1.26,,75.86,408.28,174.98,5.649143189
1374,B&B Triplewall,169.26,35.72,347.18,0,4.7,174.74,155.43,25.92,2.98,17.02,1.12,1.87,-1.55,221.04,22.92,5.649143189
1375,Lotus Eye Hospit,104.7,335.2,217.88,0,-0.26,-8.33,13.55,10.61,2.99,43.53,1.4,0.08,1.07,4.8,2.7,5.649143189
1376,Trejhara Solutio,160.77,58.55,372.41,0,1.21,128.79,33.81,426.64,2.99,20.79,6.06,0.04,1.63,9.71,5.47,5.649143189
1377,Emrock Corporation,275.85,490.33,436.39,0,0.38,3700,0.52,,3,47.64,9.05,0.03,2.2,0.4,-0.96,5.649143189
1378,La Tim Metal & I,9.7,,126.72,0,1.89,190.77,85.92,79.15,3,22.15,1.83,0.62,-0.7,46.17,-3.94,5.649143189
1379,Garware Marine,24.49,45.54,14.12,0,0.05,-16.67,0.3,11.11,3.03,20.34,15.35,0,2.8,0,0,5.649143189
1380,Purshottam Inves,32.01,30.47,23.77,0,2.41,530.36,4.11,120.97,3.03,16.36,11.13,0.34,-0.44,19.27,6.9,5.649143189
1381,Omkar Pharmachem,29.5,330.56,29.75,0,0.03,-62.5,0.11,-21.43,3.04,15.16,6,0,2.08,0,0.24,5.649143189
1382,Terai Tea Co,95.95,,66,0,2.26,425.58,11.19,-68.12,3.05,19.17,2.09,0.21,0.99,34.01,19.39,5.649143189
1383,KEN Fin.Serv.,8.64,11.78,2.59,0,0.03,0,0.2,42.86,3.07,16.36,2.6,0.04,0.83,0.27,-0.16,5.649143189
1384,Pacific Inds,130,22.74,89.61,0,0.37,-71.97,26.69,-57.78,3.07,22.67,2.69,0.12,1.31,52.8,0.46,5.649143189
1385,Raw Edge Indust.,15.5,,15.59,0,0.19,480,8.74,-21.89,3.07,16.32,1.54,0.91,-2.04,18.38,8.65,5.649143189
1386,Jamshri Realty,75.09,,52.46,0,0,114.71,1.82,-3.7,3.08,25.46,0.23,,-3.08,49.95,1.32,5.649143189
1387,UR Sugar,2.25,21.49,11.82,0,0.08,-11.11,0,,3.08,29.2,43.58,0,2.25,0,-1.04,5.649143189
1388,Accedere,66.74,329.43,32.94,0,-0.01,-133.33,0.73,0,3.08,20.79,3.89,0.13,2.86,0.55,0.69,5.649143189
1389,IP Rings,110,149.93,139.44,0,0.11,102.8,84.99,47.04,3.08,23.73,0.96,1.09,-1.41,111.29,19.39,5.649143189
1390,Nutricircle,379.8,401.5,421.58,0,0.18,263.64,5.54,279.45,3.1,20.21,2.36,0.21,2.93,1.25,-3.97,5.649143189
1391,Chemiesynth(Vapi,41.48,,12.73,0,-0.7,-48.94,5.09,31.19,3.1,25.16,0.36,1.51,-0.35,15.21,2.65,5.649143189
1392,United Textiles,15.75,,4.73,0,-0.56,-5700,0.15,-95.93,3.11,20.34,1.06,0.94,0.08,9.89,1.74,5.649143189
1393,Gautam Exim,289,809.48,89.04,0,0.02,-50,17.86,-15.28,3.11,29.2,62.13,0.06,0.67,0.79,8.38,5.649143189
1394,Zenith Health,3.36,40.13,18.06,0,0.22,175.86,2.48,7.36,3.12,27.25,2.24,0,0.58,0,0.67,5.649143189
1395,Hemang Resources,10.72,15.55,14.15,0,-0.18,-162.07,0,,3.13,29.2,2.35,0.07,0.97,1.72,0.63,5.649143189
1396,Swadeshi Polytex,34.85,48.37,135.92,0,1.1,-9.09,0,-100,3.13,20.34,101.08,0,1.99,0,-6.53,5.649143189
1397,Neopolitan Pizza,7.41,,12.6,0,0.06,-92.77,13.12,-21.25,3.13,24.87,2.78,0.03,1.4,0.99,-5.82,5.649143189
1398,Ganga Forging,2.81,,37.88,0,0.04,-85.19,8.88,-23.91,3.13,23.78,1.47,0.58,0.61,16.85,-4.11,5.649143189
1399,Ugar Sugar Works,37.19,22.05,417.6,0,13.76,203.75,321.04,22.23,3.14,11.31,0.72,2.56,-1.61,439.77,21.31,5.649143189
1400,Veerhealth Care,20.07,50.81,40.14,0,0.4,471.43,7.26,89.06,3.14,27.25,2.26,0.2,1.26,4.54,-0.39,5.649143189
1401,SRG Fingrow Fin,25.4,42.66,13.65,0,0.15,-16.67,0.59,-9.23,3.15,16.36,16.95,0,2.32,0.01,-0.01,5.649143189
1402,Suraj Industries,43.45,,103.66,0,0.85,-42.14,12.45,316.39,3.15,32.45,1.24,1.36,2.82,125.77,1.86,5.649143189
1403,Hindustan Motors,13.17,77.19,274.81,0,0.07,-97.9,0,-100,3.16,28.19,2.05,0,1.66,0,-26.94,5.649143189
1404,Mudra Fin Ser,4.3,,2.15,0,-0.02,-112.5,0.26,18.18,3.16,34.92,10.12,0,2.45,0,-0.45,5.649143189
1405,India Power Corp,7.93,113.39,772.22,0.63,1.85,-30.19,155.32,-2.35,3.17,24.26,0.88,0.11,0.36,94.4,78.85,5.649143189
1406,Jhaveri Credits,215.4,155.98,204.33,0,-0.11,-110.38,16.53,3744.19,3.19,34.92,3.13,0,2.73,0,-6.88,5.649143189
1407,Kiran Print Pack,27,168.88,13.51,0,0.04,33.33,0.21,-8.7,3.19,13.31,1.6,0,1.93,0,-0.17,5.649143189
1408,Hariyana Ship,98.1,5.93,60.53,0,6.82,1523.81,2.2,,3.2,39.59,0.18,0.1,0.97,15.66,-1.56,5.649143189
1409,Hittco Tools,10.89,,6.71,0,-0.26,-62.5,1.91,23.23,3.21,27.98,1.1,1.52,-0.11,3.99,0.09,5.649143189
1410,Vikas Ecotech,1.25,32.71,221.09,0,-0.55,-201.82,68.72,-18.92,3.21,25.16,2.79,0.09,1.69,37.62,-60.35,5.649143189
1411,Archidply Decor,67.5,916.83,36.67,0,0.02,100,10.52,-12.33,3.21,29.8,2.07,0.37,0.08,18.82,2.11,5.649143189
1412,Goodricke Group,148.05,109.89,319.79,0,8.04,149.85,306.37,7.79,3.22,19.17,1.39,0.37,1.14,119.52,42.85,5.649143189
1413,Kothari Sugars,23.37,,193.72,0,11.96,-574.03,70.09,-15.3,3.22,11.31,2.36,0.17,1.03,48.65,52.45,5.649143189
1414,Natl. Gen. Inds.,44.3,,24.5,0,0.15,-25,2.73,3.8,3.22,17.86,7.46,0.02,2.15,0.91,-0.28,5.649143189
1415,Waa Solar,47.03,6.85,62.39,0,1.82,737.93,8.81,-38.73,3.22,31.67,4.2,0.88,2.45,162.72,-4.55,5.649143189
1416,Gini Silk Mills,56.08,18.56,31.37,0,0.22,-37.14,8.91,-4.6,3.23,29.2,2.08,0.08,1.72,3.84,1.82,5.649143189
1417,Simbhaoli Sugar,7.25,2.84,30.39,0,-4.53,-70.3,203.29,-8.1,3.23,11.31,0.23,,1.22,1010.75,38.55,5.649143189
1418,Julien Agro,1.98,8.71,23.59,1.89,2.76,2.99,62.21,61.04,3.24,15.51,2.15,0.01,1.62,0.79,22.77,5.649143189
1419,TTI Enterprise,8.86,,22.51,0,0,-100,0.69,-4.17,3.24,16.36,,0.04,3.18,1.08,-68.01,5.649143189
1420,Abhishek Finle.,42.26,1949,19.49,0,0.03,-25,0.26,116.67,3.24,16.36,11.66,0,1.97,0.01,-0.66,5.649143189
1421,Magson Retail,140,552.73,160.29,0,0.11,-57.69,37.93,18.05,3.24,47.64,1.21,0.15,1.5,9.15,-10.2,5.649143189
1422,Phyto Chem (I),24.44,,10.51,0,-0.48,-131.58,2.97,-18.63,3.27,21.26,1.19,2.76,-3.36,14.78,1.77,5.649143189
1423,Modi Rubber,110.29,17.59,276.16,0,5.08,-17.93,7.32,-29.07,3.28,24.22,2.75,0.03,2.56,19.48,-28.92,5.649143189
1424,Advent Hotels,152,27.96,819.35,0,30.44,175.27,114.72,4.02,3.28,27.77,0.19,0.91,0.35,786.66,2310.32,5.649143189
1425,Poona Dal & Oil,63.26,24.74,36.13,0,0.46,31.43,36.1,15.78,3.29,21.1,75.1,0,2.34,0,24.49,5.649143189
1426,Longspur Intl,6.27,8.31,8.56,0,0.3,500,1.34,94.2,3.29,34.92,0.12,0.12,1.82,3.57,-1.54,5.649143189
1427,Narendra Prop.,35.21,10.79,25.02,2.84,0.8,900,3.63,,3.31,25.46,105.4,0,2.43,0,-3.58,5.649143189
1428,Prem. Synthetic,14.2,,6.52,0,0.01,-275,2.01,148.15,3.31,20.34,2.53,0.3,2.29,8.1,-3.51,5.649143189
1429,Laddu Gopal,0.89,29.99,12,0,-0.01,-101.89,13.21,,3.31,25.46,0.11,0.03,2.39,1.88,-16.21,5.649143189
1430,Modern Shares,27.56,38.46,8.08,0,-0.05,-400,0.83,-8.79,3.32,34.92,3.63,0,1.34,0,0.23,5.649143189
1431,Acme Resources,29.35,,75.56,0,-3.03,-372.97,3.26,70.68,3.32,16.36,22.74,0.09,2.36,12.06,1.21,5.649143189
1432,Akash InfraProj.,24,51.22,40.47,0,0.91,1416.67,10.88,-21.56,3.32,15.51,1.77,1.03,0.4,86.22,9.55,5.649143189
1433,Indian Wood Prod,32.95,39.92,210.79,0.46,1,-18.7,53.32,-3.05,3.32,39.92,1.41,0.22,0.97,79.98,13.7,5.649143189
1434,Chemfab Alka.,359.5,,520.36,0.35,-4.45,-336.7,68.14,-18.51,3.32,15.16,1.03,0.29,1.75,109.35,39.91,5.649143189
1435,Diamines & Chem.,218.16,,213.09,0.46,-3.4,-553.33,7.64,-56.37,3.33,25.16,4.08,0.06,1.61,9.81,-5.02,5.649143189
1436,S.M. Gold,12.25,18.21,16.21,0,0.21,50,52.74,67.32,3.33,19.16,1.82,0.69,1.17,16.16,0.76,5.649143189
1437,Shivam Autotech,15.84,,206.88,0,-24.53,-97.98,96.18,-14.69,3.35,23.73,0.38,192.05,-8.91,338,77.39,5.649143189
1438,CCL Internationa,23.98,18.19,46.02,0,-0.53,59.85,2.88,14.29,3.35,15.51,2.84,0.3,0.92,14.41,1.63,5.649143189
1439,Smartlink Hold.,116.98,11.55,116.85,0,2.24,-11.81,62.7,16.69,3.35,23.31,3.25,0.02,2.58,3.01,-6.1,5.649143189
1440,Kemistar Corp.,73.63,188.62,79.22,0.41,0.01,-83.33,5.48,46.92,3.35,25.16,0.97,0.47,1.87,8.77,0.23,5.649143189
1441,Genpharmasec,0.92,,50.94,0,-0.83,-209.21,39.83,369.69,3.35,29.2,1.13,0.17,1.63,11.01,2.99,5.649143189
1442,Flora Corporatio,6.65,0.82,5.8,0,-3.08,66.99,28.81,-39.22,3.36,29.2,1.06,0,0.43,0,0.32,5.649143189
1443,Manbro Indust.,890.65,371.7,516.67,0,-0.15,-850,0,,3.37,19.16,0.76,0,2.68,0,0.5,5.649143189
1444,Neil Industries,6.18,9.22,12.08,0,0.35,-14.63,1,29.87,3.37,16.36,4.17,0.1,1.86,5.78,-2.63,5.649143189
1445,Nagpur Power,137.55,100.11,180.19,0,0.46,117.56,20.63,42.67,3.37,14.97,2.88,0.2,0.71,18.29,-9.13,5.649143189
1446,Hathway Bhawani,11.75,41.39,9.52,0,0.03,175,0.58,-1.69,3.38,15.55,1.04,0,1.54,0,-0.02,5.649143189
1447,Aatmaj Health,20.3,54.62,45.88,0,0.51,64.52,10.81,27.03,3.39,43.53,15.79,0.22,1.06,11.13,3.34,5.649143189
1448,Jai Mata Glass,1.94,,19.4,0,-0.08,-500,0,-100,3.4,11.58,35.67,0,-4.39,0,-0.02,5.649143189
1449,Megri Soft,81.98,49.51,25.74,0,0.09,-25,0.62,-8.82,3.4,,8.29,0,2.49,0,0.57,5.649143189
1450,Shiva Suitings,30.57,,4.73,0,-0.01,,0,-100,3.41,29.2,1.79,0,2.36,0,0.02,5.649143189
1451,Aeroflex Neu,67.55,78.57,173.63,0,0.74,7400,30.88,-4.48,3.42,17.02,2.32,0.27,0.18,28.58,7.56,5.649143189
1452,DHP India,477.6,2,143.28,0.84,1.23,25.51,12.24,-12.2,3.43,10.09,16.61,0.04,2.68,9.04,-1.52,5.649143189
1453,Sahara Maritime,17.57,10.8,5.4,0,-0.07,79.41,7.11,-8.73,3.44,21.07,5.52,0.05,1.69,0.6,-3,5.649143189
1454,AKG Exim,10.69,60.66,33.97,0,0.1,-33.33,18.19,-38.57,3.45,29.2,-2.12,0.16,1.08,8.39,1.21,5.649143189
1455,AksharChem (I),178.98,,146.36,0.42,-4.62,-488.24,80.38,-11.37,3.46,15.22,1.1,0.28,1.2,74.56,34.82,5.649143189
1456,Seasons Textiles,17.08,,12.79,0,0.01,105,3.97,-35.55,3.47,20.34,1.88,0.55,-0.54,19.23,3.16,5.649143189
1457,Thirani Projects,4.05,8.9,8.19,0,0.16,33.33,0.26,23.81,3.48,16.36,0.45,0.13,5.51,1.64,-0.11,5.649143189
1458,Inventure Grow.,1.01,14.69,105.02,0,3.08,7600,16.32,40.93,3.48,17,3.02,0.1,0.47,29.16,-34.21,5.649143189
1459,Sunil Agro Foods,86.93,79.11,26.11,0,0.03,143.33,49.19,-19.23,3.5,24.87,1.02,2.76,-1.22,44.39,9.61,5.649143189
1460,Visaka Industrie,56.98,16.18,493.28,0.88,1.92,117.49,367.55,4.59,3.5,27.02,1.43,0.53,-0.13,418.88,114.05,5.649143189
1461,Compucom Soft.,13.27,34.53,104.61,1.51,-0.24,-54.55,8.96,10.48,3.53,23.68,2.2,0.33,0.75,46.29,36.75,5.649143189
1462,Andhra Sugars,68.63,9.26,936.45,1.17,23.1,7082.32,631.34,23.57,3.54,15.16,4.66,0,1.96,7.4,127.8,5.649143189
1463,Archidply Inds.,70.92,25.77,141.72,0,1.61,236,168,11.44,3.54,29.8,1.12,1.78,-2.08,190.91,-23.36,5.649143189
1464,Machhar Industri,325,48.16,24.08,0,0.29,462.5,4.07,21.13,3.55,25.16,3.98,0.13,1.08,1.26,0.19,5.649143189
1465,JHS Svend.Retail,19.41,102.09,15.31,0,-0.22,54.17,4.63,1.98,3.55,38.28,2.97,0.25,-1.91,6.44,-2.64,5.649143189
1466,Dhatre Udyog,3.84,42.69,41.84,0,-0.32,-180,0,-100,3.56,17.86,20.01,0,2.37,0,-0.7,5.649143189
1467,Darshan Orna,2.44,42.09,24.41,0,0.09,-18.18,25.07,944.58,3.58,19.16,3.94,0.24,2.59,4.8,-1.54,5.649143189
1468,SPA CAPT SER,219.9,132.55,67.6,0,0.21,50,8.22,35.87,3.58,34.92,7.05,1.14,1.45,19.67,-2.76,5.649143189
1469,Earthstahl &All.,15.75,,19.28,0,-3.19,-569.12,33.92,-7.52,3.58,17.86,0.88,0.59,0.83,20.3,-0.66,5.649143189
1470,Precision Metal.,8.55,,19.63,0,-5.97,-614.66,10.46,-86.52,3.6,23.73,1.6,0.49,0.39,39.7,-10.91,5.649143189
1471,Elegant Marbles,183.2,14.21,54.28,0.55,1.11,92.98,10.74,111.42,3.62,22.67,5.33,0,2.82,0,-4.58,5.649143189
1472,Anjani Finance,9.39,43.28,9.52,0,0.06,-68.42,0.11,-63.33,3.62,16.36,41.92,0.08,2.17,1.26,0.42,5.649143189
1473,Sh. Karthik Pap.,6.24,,11.92,0,-0.33,,14.43,2.92,3.65,19.47,0.55,7.7,0.8,23.11,1.15,5.649143189
1474,Kokuyo Camlin,78.56,30.21,794.13,0,3.98,195.67,177.97,10.84,3.65,27.17,2.41,0.04,1.23,11.7,54.54,5.649143189
1475,Shantai Indust.,50.4,,37.81,0,-0.98,-1080,1.51,-81.63,3.68,27.98,9.58,0.05,2.78,0.41,-2.96,5.649143189
1476,Magnum Ventures,18.37,,126.47,0,0.26,-96.81,101.88,-1.24,3.68,19.47,2.46,0.39,0.89,267,39.96,5.649143189
1477,Multipurpose Trd,8.42,,4.17,0,0.03,-40,0.08,-11.11,3.68,19.69,3.5,0.02,3.25,0.1,-0.25,5.649143189
1478,Yamini Invest,0.68,,35.75,0,0.08,-95.43,0.32,-99.15,3.69,23.06,54.37,0.24,1.8,16.76,7.07,5.649143189
1479,Capfin India,107.8,,31.67,0,-0.05,-171.43,0.06,-25,3.7,16.36,3.33,0,3.46,0,-0.28,5.649143189
1480,Nahar Spinning,202.63,32.65,729.77,0.49,-12.92,-929.41,702.56,-13.5,3.71,20.34,1.92,0.5,0.37,760.26,93.1,5.649143189
1481,Metroglobal,102.4,4.67,126.3,1.95,5.89,120.64,64.89,14.26,3.72,29.2,19.18,0.01,2.86,3.83,14.04,5.649143189
1482,Befound Movement,2.8,4.06,2.8,0,0.17,312.5,0.45,800,3.74,34.76,0.95,,2.46,1.56,-0.01,5.649143189
1483,Jay Shree Tea,84.76,214.78,244.85,0.59,-1.5,-108.29,295.17,25.73,3.74,19.17,0.87,0.72,3.39,310.83,-42.51,5.649143189
1484,Adinath Textiles,17.9,135.43,12.19,0,0.12,400,0,,3.75,20.34,1.1,0,1.92,0.01,-1.17,5.649143189
1485,Odyssey Corpn.,7.56,39.13,56.74,0,1.95,525,7.89,-43.11,3.76,16.36,8.75,0.06,2.84,10.8,-31.12,5.649143189
1486,Vibrant Glo. Cap,31.61,34.64,72.41,2.06,2.86,124.83,35.04,-20.4,3.76,16.36,2.39,0.24,-0.23,38.38,47.62,5.649143189
1487,AFLOAT Enterpris,13.14,39.29,16.5,0,-0.17,46.88,1,,3.76,17.86,13.82,0.01,2.17,0.2,-10.43,5.649143189
1488,Neelkanth Rock,18.88,26.44,9.52,0,0.05,225,0,,3.77,11.58,267.33,0,2.83,0,-0.54,5.649143189
1489,Trans Freight,20.57,9.08,14.98,0,0.43,-14,0,,3.77,17.86,14.75,0,3.26,0,-0.6,5.649143189
1490,Cont. Controls,9.11,,5.59,0,-0.08,-366.67,0,,3.78,23.45,10.55,0.07,3.23,0.15,-0.04,5.649143189
1491,Nahar Capital,220.34,5.55,367.08,0.68,13.08,101.54,4.72,2.61,3.78,23.06,1.43,0,2.91,5.96,-0.2,5.649143189
1492,Digidrive Dist.,20.34,6.29,78.55,0,5.72,379.17,11.73,-18.49,3.79,38.36,4.5,0,2.7,1.12,-8.01,5.649143189
1493,Ashirwad Steels,23.99,13.15,29.98,0,0.44,-6.38,0.54,58.82,3.82,17.86,,0,2.8,0,-4.64,5.649143189
1494,Kuber Udyog,11.52,19.77,3.95,0,0.1,,0.18,50,3.83,16.36,2.28,0.73,0.42,2.85,-0.16,5.649143189
1495,Ashoka Metcast,14.06,3.86,35.19,0,4.49,150.84,6.69,-2.76,3.83,22.15,3.2,0.28,2.28,30.88,-6.27,5.649143189
1496,Gratex Industrie,17.28,58.22,5.24,0,0.03,-40,0.99,-1.98,3.85,19.47,5.73,0.01,2.17,0.04,0.21,5.649143189
1497,Exxaro Tiles,6.81,49.11,302.06,0,0.63,-49.19,71.11,-10.49,3.85,39.71,1.59,0.32,0.05,88.28,23.29,5.649143189
1498,Saboo Sodium,11.74,447.92,49.27,0,0.85,-41.78,17.19,20.29,3.86,20.21,42.84,0.41,0.39,20.49,-12.45,5.649143189
1499,Nahar Indl. Ent.,90.08,9.13,394.29,0,5.79,9.87,340.2,-20.82,3.86,20.34,1.7,0.51,0.63,514.8,77.66,5.649143189
1500,Mystic Electron.,3.18,7.4,6.29,0,0.01,102.38,0,,3.87,29.2,940,0,3.59,0,0.98,5.649143189
1501,Bhanderi Infra.,140,31.89,36.35,0,0.33,-39.02,1.04,20.93,3.87,25.46,1.49,1.57,2.58,41.77,-6.89,5.649143189
1502,Bombay Oxygen,19507,18.44,292.6,0.18,9.16,159.17,10.41,156.15,3.89,16.36,4,0,3.41,0,-2.61,5.649143189
1503,Energy Devl.Co.,14.91,,70.12,0,1.3,641.67,11.14,38.04,3.89,31.67,0.44,8.87,-14.66,143.26,21.97,5.649143189
1504,Norben Tea,88.84,,138.09,0,0.09,160,3.02,49.5,3.9,19.17,0.92,0.43,-0.67,8.59,0.96,5.649143189
1505,Shakti Press,27.28,13.92,9.61,0,0.54,1700,8.13,143.41,3.9,13.31,1.8,0.7,0.2,13,2.43,5.649143189
1506,B.C. Power,1.65,6.47,11.52,0,0.85,123.68,45.73,131.66,3.9,19.08,5.28,0.01,1.68,0.64,-8.26,5.649143189
1507,Superhouse Ltd,142.15,25.88,158.91,0.56,1.28,150.98,169.09,3.18,3.9,25.12,1.55,0.41,0.66,189.28,16.85,5.649143189
1508,Cindrella Hotels,54.79,73.04,19.72,1.83,0.02,,2.73,8.33,3.91,27.77,2.63,0.23,1.28,2.65,1.18,5.649143189
1509,Universal Arts,4.85,37.16,4.83,0,0.04,-33.33,0,,3.93,113.43,363,0,1.94,0,0.32,5.649143189
1510,Centenial Surgic,86.99,,31.74,0,0.15,117.65,14.86,21.8,3.94,33.17,2.03,0.35,-1.78,10.81,17.07,5.649143189
1511,Sunil Healthcare,61.95,22.21,63.53,0,0.59,209.26,21.84,6.74,3.96,27.25,1.02,0.88,-0.82,60,11.52,5.649143189
1512,Guj. Raffia Inds,36.4,27.72,20.51,0,0.11,37.5,23.9,291.8,3.97,17.02,2.04,0.1,2.02,2.18,7.7,5.649143189
1513,Dhampur Bio,96.47,26.9,637.91,1.3,16.9,431.37,486.34,4.74,3.97,11.31,1.13,0.58,0.67,562,129.57,5.649143189
1514,United Interacti,67.89,13.36,12.42,0,0.16,-36.36,0,,3.98,21.92,48.4,0,2.83,0,-2.38,5.649143189
1515,Teamo Production,0.48,7.97,51.59,0,5.12,989.36,17.85,-9.67,3.99,15.51,8.52,0,2.45,0,-23.49,5.649143189
1516,Ceeta Industries,44,167.89,63.8,0,0.1,66.67,6.69,4.69,4,47.64,1.44,0.23,2.36,6.43,1.28,5.649143189
1517,Panjon,26.19,59.15,44.96,0,0.22,10,14.14,26.7,4,47.64,2.75,0.21,2.14,3.55,-4.34,5.649143189
1518,Signature Green,3.59,2.8,1.29,0,0.03,125,0,,4.01,21.1,38.68,0,3.06,0,-10.04,5.649143189
1519,Arunjyoti Bio,7.07,,131.77,0,0.05,105.62,6.47,5.2,4.03,34.92,1.06,0.71,-3.2,24.13,1.45,5.649143189
1520,Vantage Knowledg,0.91,,31.07,3.66,0.11,-77.08,0.44,-56.86,4.03,23.68,14.33,0,2.47,0,6.02,5.649143189
1521,Sahara Housing,37.32,55.58,26.12,0,0.09,-18.18,1.71,-17.79,4.04,13.84,22.31,0.44,0.75,23.07,24.31,5.649143189
1522,Gujarat Cotex,8.29,20.02,11.81,0,0.05,-58.33,7.63,9.47,4.04,20.34,1.3,0.12,1.16,0.89,1.27,5.649143189
1523,Ishan Dyes,52.21,,137.1,0,-5.25,-10600,18.69,-11.8,4.04,25.16,1.1,0.63,0.54,88.25,11.61,5.649143189
1524,Bikewo Green,17.6,26.39,22.96,0,0.86,32.31,17.03,87.56,4.04,35.01,9.08,0.03,1.83,1.33,-13.67,5.649143189
1525,Abirami Fin.,32.46,35.78,17.53,4.62,0.11,-15.38,0,,4.05,16.36,30.77,0,2.81,0,-0.5,5.649143189
1526,Majestic Auto,298.75,16.36,310.7,3.35,5.45,280.46,3.4,-80.28,4.05,19.69,4.19,0.02,1,16.51,99.72,5.649143189
1527,Kiran Vyapar,167.55,362.82,457.15,0.6,-2.54,-130.32,35.38,12.57,4.05,16.36,4.57,0.16,2.46,355.67,-67.65,5.649143189
1528,Archies,13.6,,46.97,0,-0.07,-333.33,13.69,-23.18,4.06,21.83,1.69,0.33,1.73,43.59,7.67,5.649143189
1529,Manaksia Steels,51.87,14.15,336.59,0,9.1,240.82,298.34,109.66,4.06,19.58,1.52,0.63,2.07,202.91,13.18,5.649143189
1530,Shangar Decor,0.23,,11.26,0,0.68,-53.74,5.16,-21.22,4.06,19.69,4.91,0.01,1.76,0.81,-22.47,5.649143189
1531,Inani Marbles,9.18,,17.08,0.44,-0.33,-135.71,8.64,-13.94,4.07,11.58,1.86,0.41,0.76,21.83,4.29,5.649143189
1532,Aashka Hospitals,72,147.79,168.48,0,0.78,-82.72,10.44,-15.53,4.07,43.53,1.29,0.13,1.97,12.61,9.19,5.649143189
1533,Beryl Securities,30.93,1500.44,15,0,0.22,4.76,1.14,100,4.09,16.36,2.97,0.46,2.26,4.52,-1.41,5.649143189
1534,White Organic,3.74,7.08,13.09,0,-0.14,12.5,0.01,-99.67,4.09,24.87,0.94,0.01,2.82,0.43,-4.47,5.649143189
1535,Gujarat Hy-Spin,7,130.24,11.72,0,-0.3,0,36.59,-19.35,4.09,20.34,1.33,0.49,0.29,9.14,3.27,5.649143189
1536,Madhusudan Inds.,30.07,,16.18,0,-0.82,-17.14,0.34,6.25,4.1,21.1,61.63,0,4.94,0,-0.67,5.649143189
1537,Biofil Chemicals,29.42,17.24,47.76,0,0.08,-50,0.86,-93.94,4.12,27.25,1.44,0,1.14,0.02,-1.92,5.649143189
1538,CitiPort Fin.,40.07,51.75,12.42,0,0.08,700,0.19,111.11,4.17,16.36,44,0,0.62,0,-0.04,5.649143189
1539,Trigyn Techno.,47.66,27.33,146.49,0,0.69,26.02,258.03,24.78,4.17,20.79,5.25,0.01,1.39,6.75,51.49,5.649143189
1540,JMD Ventures,5.85,15.21,16.88,0,0.11,-45,0.07,-30,4.19,113.43,16.24,0,3.02,0,0.01,5.649143189
1541,Ras Resorts,39.79,32.91,15.8,0,0.3,130.77,3.78,1.34,4.19,27.77,0.55,0.12,1.08,2.24,1.28,5.649143189
1542,Sanginita Chemi.,16.68,,43.2,0,-2.78,-2085.71,43.47,-29.36,4.19,25.16,1.95,0.47,0.66,26.37,3.28,5.649143189
1543,Quality Foils,49.5,9.88,14.13,0,0.83,1.22,94.26,22.38,4.19,17.86,1.23,2.21,0.54,68.41,-1.92,5.649143189
1544,Asian Star Co.,591.2,26.04,946.32,0.25,9.41,-18.7,660.09,-4.09,4.2,19.16,3.04,0.32,1.66,513.84,230.41,5.649143189
1545,Murae Organisor,0.2,2.69,40.89,0,7.44,3200,3.99,1634.78,4.2,27.25,2.83,1.02,1.95,212.75,-322.97,5.649143189
1546,Vilin Bio Med,35.6,198.63,49.66,0,0.15,25,9.66,115.14,4.2,27.25,7.79,0.02,0.73,0.46,0.22,5.649143189
1547,Ram Info,56.53,21.24,46.3,0,0.86,290.91,7.81,89.1,4.21,21.92,1.74,0.06,1.31,4.36,-4.92,5.649143189
1548,Southern Latex,29.89,88.01,22,0,0.02,100,0,,4.21,20.34,157,0,3.39,0,-0.22,5.649143189
1549,Super Spinning,4.21,,23.41,0,1.13,43.24,1.58,0,4.21,20.34,0.31,0.37,-2.12,20.64,2.11,5.649143189
1550,RDB Real Estate,140.5,,369.63,0,-3.59,-4088.89,16.12,62.34,4.21,25.46,1.3,3.1,0.16,558.46,138.35,5.649143189
1551,Gajanand Inter.,7.4,,13.94,0,0.09,-92.04,17.99,-58.62,4.22,20.34,4.39,0.23,0.84,8.47,-13.91,5.649143189
1552,Hardwyn India,17.92,75.01,872.36,0,1.79,-55.14,49.08,5.8,4.23,28.09,1.75,0.02,2.47,6.2,1.56,5.649143189
1553,Tainwala Chem.,182.47,16.02,170.27,1.64,3.39,2018.75,10.08,119.61,4.24,21.17,7.05,0,3.09,0,-0.94,5.649143189
1554,Continental Seed,14.4,26.08,20.08,0,0.19,90,20.57,-52.75,4.24,29.2,2.64,0.13,1.87,3.72,-10.41,5.649143189
1555,Snowman Logistic,34.53,,573.88,2.9,-1.87,-514.75,143.72,9,4.25,21.07,1.22,0.8,0.72,326.44,65.42,5.649143189
1556,Makers Labs.,157.8,76.32,93.11,0,2.27,413.33,35.67,28.82,4.25,27.25,2.62,0.11,2.12,7.95,-4.08,5.649143189
1557,Quadpro ITeS,2.05,22.06,10.37,0,0.23,-42.5,3.15,-24.28,4.25,21.92,5.76,0.05,3.02,1.07,0.72,5.649143189
1558,Country Condo,4.19,64.06,32.67,0,0.07,-53.33,4.43,-9.59,4.26,25.46,2.58,0,1.69,0.01,-1.34,5.649143189
1559,Peninsula Land,15.04,,498.6,0,-11.98,-27.21,27.29,-72.83,4.26,25.46,0.95,2.19,-3.01,451.56,-44.04,5.649143189
1560,Sri KPR Inds.,19.7,6.4,39.7,0,1.98,,3.16,73.63,4.26,21.17,16.48,0.01,3.08,0.78,-5.74,5.649143189
1561,Amin Tannery,1.51,56.21,16.3,0,0.04,-33.33,7.35,-38.39,4.26,25.12,1.14,2.18,0.46,28.34,2.3,5.649143189
1562,Add-Shop E-Reta.,7.28,19.44,20.61,0,0.26,-71.74,34.85,3.02,4.26,38.36,8.52,0.12,2.4,13.17,-10.01,5.649143189
1563,KCK Industries,18.25,214.96,116.08,0,0.03,-86.36,8.11,-44.15,4.26,24.87,4.75,0.09,0.53,2.52,15.77,5.649143189
1564,Swastik Pipe,16.55,,38.44,0,-9.68,-899.13,240.27,-34.49,4.26,17.86,1.56,0.67,-1.49,131.03,23.83,5.649143189
1565,Garnet Intl.,57.46,24.58,112.82,0,0.11,157.89,0.28,-90.21,4.27,23.06,3.52,0.02,3.99,1.01,-2.83,5.649143189
1566,Lak. Fin. & Indl,124.74,31.18,37.42,2.41,1.34,166.34,2.44,20.79,4.28,23.06,2.36,0,5.91,0,-3.29,5.649143189
1567,Munoth Capital,123.5,566,113.2,0,-0.08,-366.67,0.08,-11.11,4.29,17,0.17,0.01,3.08,0.07,-0.07,5.649143189
1568,Dai-ichi Karkari,239.1,31.98,178.13,1.46,-0.86,-144.9,37.81,-7.12,4.29,25.16,1.86,0.07,3.4,12.39,16.12,5.649143189
1569,Zenith Fibres,50.45,8.33,19.9,1.98,2.61,135.14,9.7,-31.21,4.3,20.34,12.63,0,2.92,0.02,-2.56,5.649143189
1570,TGB Banquets,8.53,12.92,25.32,0,0.66,-2.94,10.57,3.32,4.3,27.77,2.82,0.24,1.72,18.56,10.51,5.649143189
1571,RTS Power Corpn.,97.75,33.19,89.62,0,1.64,680.95,36.04,-19.28,4.3,23.45,2.67,0.22,1.54,33.11,15.36,5.649143189
1572,Ashiana Agro Ind,7.7,70.84,3.54,0,0.02,0,0.18,-18.18,4.31,21.1,27.33,0,3.47,0,-0.05,5.649143189
1573,Vikram Kamats,40.03,1613.23,69.22,0.75,-1.79,-185.69,13.92,34.62,4.31,62.45,0.96,1.25,0.81,72.66,-1.52,5.649143189
1574,Prismx Global,0.59,14.39,25.91,0,1.47,26.72,0.27,-18.18,4.32,29.2,76.15,0,1.78,0.1,10.01,5.649143189
1575,Gourmet Gateway,7.88,,119.23,0,0,220,51.04,15.06,4.32,62.45,0.48,1.31,-1.12,82.34,28.28,5.649143189
1576,Bluspring Enter.,44.72,,666.92,0,-23.24,136.97,862.53,9.05,4.32,19.69,1.31,0.35,-2.2,243.16,-22.12,5.649143189
1577,S P Capital Fin.,56.12,5.33,33.73,2.67,1.87,2237.5,3.54,170.23,4.33,19.69,0.32,3.62,0.87,120.5,1.36,5.649143189
1578,Padmanabh Alloys,18.98,342.49,10.27,0,0,100,11.02,8.89,4.34,21.17,1.53,0.48,1.22,4.17,-1.13,5.649143189
1579,Koura Fine Diamo,36.4,41.55,19.11,0,0.36,414.29,60.01,269.98,4.35,19.16,10.4,0.07,1.47,1,0.38,5.649143189
1580,United Credit,21.79,16.82,11.61,0,0.16,-40.74,0.77,-13.48,4.36,16.36,5.63,0.01,3.31,0.34,-0.44,5.649143189
1581,Chaman Metallics,95,216.3,229.28,0,-2.55,-141.33,196.52,115.15,4.37,53.55,0.92,4.59,2.62,444.32,-51.86,5.649143189
1582,Vivaa Tradecom,37,13.01,14.57,0,0.6,150,128.09,-20.32,4.37,25.25,1.4,0.19,0.99,4.13,-0.16,5.649143189
1583,Roni Households,47.44,69.01,54.52,0,0.01,107.69,1.01,-86.69,4.38,29.2,3.4,0.23,2.29,3.79,1.49,5.649143189
1584,Guru Krupa Gems,37.95,73.17,57.07,0,0.27,145.45,9.96,-75.61,4.39,19.16,7.17,0.14,2.62,3.35,-6.65,5.649143189
1585,Softtech Enginee,253.5,115.81,350.9,0,1.17,933.33,32.49,50.77,4.39,20.79,2.14,0.27,0.59,45.37,27.96,5.649143189
1586,Heranba Inds,170.92,,688.3,0.59,-23.44,-128.16,301.37,-11.7,4.39,21.26,1.13,0.61,0.14,512.69,101.3,5.649143189
1587,Bhilwara Tech,32.69,165.94,190.83,0,3.02,211.44,8.6,207.14,4.4,25.25,11.64,0,4.08,0,-0.2,5.649143189
1588,Jiwanram Sheo,5.2,5.3,12.87,0,0.65,-28.57,11.1,-40.86,4.4,22.94,2.76,0.71,2.05,46.39,3.07,5.649143189
1589,California Soft.,12.36,11.03,19.08,0,1.01,405,2.54,93.89,4.41,20.79,7.79,0.02,2.92,0.59,-2.08,5.649143189
1590,Ekansh Concept,169.65,693.61,256.64,0,-3.28,-60.78,1.72,-64.32,4.41,34.76,1.37,0.62,-1,31.47,25.18,5.649143189
1591,Om Infra,84.59,28.64,807.44,0.47,8.08,74.14,111.82,-15.8,4.41,15.51,1.44,0.15,1.7,111.62,5.8,5.649143189
1592,Plaza Wires,33.41,27.89,145.88,0,1.8,757.14,66.46,33.91,4.41,19.08,2.56,0.27,1.69,33.75,10.96,5.649143189
1593,Rajshree Sugars,27.44,,90,0,-9.19,62.82,97.99,20.69,4.42,11.31,1.04,1.38,1.08,335.46,82.94,5.649143189
1594,Money Masters,0.69,10.34,6.93,0,0.4,471.43,0.87,171.88,4.42,16.36,0.14,0.81,1.71,12.73,0.59,5.649143189
1595,Advance Lifes.,21.01,18.96,13.08,0,0.17,0,0,,4.43,20.34,4.47,1.34,0.46,41.35,-0.32,5.649143189
1596,Bharat Agri Fert,24.63,,130.19,0,-3.88,-276.7,5.35,-13.29,4.45,17.16,1.2,1.55,0.72,74.59,-7.58,5.649143189
1597,Guj. Petrosynth.,59.99,14.8,35.81,0,1.01,90.57,7.29,70.73,4.45,14.25,7.14,0,2.77,0.15,-3,5.649143189
1598,Fine Line Cir.,81.71,170.87,39.3,0,0.12,20,7.87,-19.45,4.45,23.31,1.67,0.73,1.12,6.52,1.89,5.649143189
1599,Uma Exports,20.94,,69.73,0,1.27,-41.47,560.44,13.29,4.45,29.2,1.39,0.96,0.65,186.76,-38.03,5.649143189
1600,SMT Engineering,440.85,60.58,796.62,0,2.32,5700,26.88,7164.86,4.46,29.2,1.84,0.95,2.78,68.23,-31.38,5.649143189
1601,AA Plus Trade,1.25,29.24,30.41,0,0.48,4700,6.13,308.67,4.46,29.2,9.53,0.02,2.65,0.87,-27.38,5.649143189
1602,Valson Industrie,25.48,25.02,19.52,0,0.16,128.57,27.2,-27.64,4.47,20.34,1.77,0.43,1.09,11.95,5.31,5.649143189
1603,Nam Securities,92.29,248.8,49.76,0,0.06,-40,11.65,4.48,4.48,34.92,6.69,0.02,3,0.2,1.09,5.649143189
1604,Bannari Amm Spg.,19.67,9.45,157.67,0,2.26,90.1,203.9,-4.32,4.49,20.34,1.14,0.96,0.66,449.06,22.82,5.649143189
1605,Salasar Exterior,3.75,33.87,38.61,0,1.17,51.95,3.05,291.03,4.49,15.51,2.55,0.68,2.19,9.45,0.05,5.649143189
1606,Ajcon Global,5.72,,34.99,0,0.26,-3.85,3.51,2.33,4.52,34.92,5.87,0.37,1.38,9.42,-1.12,5.649143189
1607,Cyber Media Ind,13.71,11.04,27.61,0,0.2,263.79,25.01,5.13,4.52,801.94,1.01,,-3.47,10.68,-0.17,5.649143189
1608,T N Steel Tubes,22.35,229,11.45,0,0,-100,18.96,17.69,4.53,17.86,3.05,0.74,0.29,7.13,0.16,5.649143189
1609,Tokyo Plast Intl,71.34,61.1,65.38,0,-0.13,-262.5,17.14,-10.03,4.53,29.71,1.08,0.59,1.32,36.56,5.34,5.649143189
1610,Sharika Enterpr.,9.94,,43.04,0,-2.93,-1128.57,15.92,-27.31,4.53,29.2,1.18,0.93,0.14,17.21,-1.48,5.649143189
1611,GHCL Textiles,72.89,12.25,697.29,0.69,13.18,40.66,349.12,22.5,4.53,20.34,4.18,0.04,3.35,56.72,162.16,5.649143189
1612,United Leasing,48.55,,14.57,0,0.12,140,2.63,14.35,4.54,20.34,2.59,0.72,0.84,4.89,-0.22,5.649143189
1613,SPL Industries,26.77,13.14,79.24,0,2.38,693.33,14.65,-45.21,4.55,25.25,9.33,0,2.71,0,20.7,5.649143189
1614,Cubical Finan,2,325.84,13.03,0,0,-100,0.34,-8.11,4.56,16.36,47.3,0,2.5,0,0.05,5.649143189
1615,J J Finance Corp,53.89,,15.19,0,0.03,-88.89,0.14,-68.18,4.57,16.36,8.36,0,2.62,0,-0.02,5.649143189
1616,AMD Industries,37.15,,70.88,0,-3.96,-134.32,37.98,-15.43,4.57,17.02,1.8,0.53,0.31,83.2,40.29,5.649143189
1617,United Foodbrands,229.01,,894.55,0,-7.67,-256.73,376.57,14.5,4.57,62.45,0.49,2.52,-2.09,826.09,193.35,5.649143189
1618,Abhinav Capital,128,36.18,88.64,0,0.61,41.86,1.14,-9.52,4.58,16.36,736,0,1.15,0,-22.6,5.649143189
1619,The Byke Hospi.,32.1,28.71,166.54,0,1.58,50.48,27.43,5.02,4.58,27.77,3.12,0.45,1.45,103,9.59,5.649143189
1620,Pro Fin Capital,3.31,13.04,196.15,0,13.37,443.5,42.61,511.33,4.58,19.69,0.35,2.99,0.79,258.7,-9.78,5.649143189
1621,Indian Link Ch.,1315.7,,351.95,0,-0.16,-500,0,,4.58,22.94,7.78,0,3.01,0,-0.16,5.649143189
1622,Sai Capital,156,3,44.92,0,3.56,52.4,0.24,9.09,4.59,19.69,17.6,0.06,2.89,20.04,-61.37,5.649143189
1623,Aakash Explor.,9.08,48.39,91.94,0,0.8,207.69,31.15,33.4,4.6,17.98,0.73,0.43,1.43,26.23,8.23,5.649143189
1624,AKI India,4.51,17.52,46.25,0,1.09,51.39,25.56,13.05,4.6,25.12,2.57,0.26,1.06,25.99,-2.67,5.649143189
1625,Coastal Corporat,43.57,18.92,293,0.5,7.09,263.59,302.65,64.89,4.61,19.34,1.03,1.54,0.64,416.8,4.89,5.649143189
1626,Atlantaa,36.6,,300.12,0,-0.8,-103.69,16.73,18.91,4.62,15.51,1.36,1.53,8.16,295.3,54.69,5.649143189
1627,Libas Consumer,9.88,6.56,26.02,0,1.39,161.23,21.88,1.77,4.62,21.02,4.3,0.15,2.51,12.68,9.09,5.649143189
1628,Rita Finance and,14.2,17.32,14.2,0,0.15,275,0.25,47.06,4.62,16.36,0.27,0.11,3.44,1.76,-2.45,5.649143189
1629,SBL Infratech,33,12.18,2.68,0,0.06,200,5.36,-34.15,4.62,25.46,1.25,0.05,2.1,0.18,-0.04,5.649143189
1630,Samor Reality,73.25,,165.54,0,0.1,242.86,0,,4.62,25.46,12.61,0.36,-0.43,25.16,-24.68,5.649143189
1631,IndiaNivesh,8.12,,30.65,0,1.82,156.34,1.85,262.75,4.63,16.36,8.54,,-6.93,133.52,-10.41,5.649143189
1632,KCP Sugar &Inds.,23.31,64.52,264.52,0.43,6.75,117.87,64.58,-23.17,4.63,11.31,8.39,0.13,1.37,61.09,47.79,5.649143189
1633,Shreeji Translog,7.03,18.54,49.13,0,0.82,141.18,58.4,8.33,4.63,21.07,1.72,0.79,0.48,46.06,12.67,5.649143189
1634,Refex Renewables,235.75,,106.04,0,-11.03,-1.58,16.1,1.26,4.64,15.51,0.36,,-7.28,488.27,27.03,5.649143189
1635,Manali Petrochem,45.33,11.57,778.68,1.1,68.43,297.91,247.02,25.95,4.66,14.25,3.39,0.14,2.32,155.25,-18.99,5.649143189
1636,Mayur Leather,19.44,20.88,9.39,0,0.27,-125,0,,4.66,19.16,2.52,1.6,0.87,3.94,-0.75,5.649143189
1637,Lead Financial S,18.28,46.38,6.03,0,0.03,-57.14,0.15,-6.25,4.67,16.36,18,0,1.52,0,1.32,5.649143189
1638,OK Play India,4.18,,151.71,0,1.58,107.69,51.82,57.94,4.68,21.83,1.52,0.78,-0.53,126.08,28.49,5.649143189
1639,BAMPSL Sec.,19.24,33.07,65.49,0,0.6,-37.5,6.88,3.3,4.69,16.36,94.44,0,3.45,0,-2.74,5.649143189
1640,Ansal Housing,7.1,,49.44,0,-1.93,-141.59,66.09,-25,4.7,25.46,1.14,2.33,-0.37,307.33,132.72,5.649143189
1641,Euro Leder Fash,17.36,25.86,7.76,0,0.05,66.67,5.31,-3.28,4.72,19.16,0.98,0.88,0.43,13,4.45,5.649143189
1642,Integra Essentia,1.26,47.7,134.52,0,1.24,0,140.05,12.37,4.72,29.2,2.12,0.23,1.74,39.76,-91.44,5.649143189
1643,Frontline Corp.,28.5,5.79,14.25,0,0.46,-35.21,27.96,10.34,4.73,11.72,0.54,3.39,2.55,56,0.02,5.649143189
1644,Concord Drugs,74.25,140.09,74.25,0,0.22,0,16.84,56.36,4.73,27.25,1.65,0.43,0.52,14.89,3.16,5.649143189
1645,Genus Paper & Bo,11.12,30.43,286.67,0,2.88,433.33,237.52,11.46,4.73,19.47,1.25,0.85,0.27,442.83,40.84,5.649143189
1646,Deem Roll-Tech,35.8,52.36,29.84,0,-0.45,-123.94,45.46,-2.28,4.74,17.86,1.64,0.37,2.19,31.27,-3.01,5.649143189
1647,Mathew Easow Res,12.2,115.86,8.11,0,0.01,-50,0.72,-13.25,4.76,16.36,0.97,1.51,0.22,21.55,2.91,5.649143189
1648,Purple Agrotech Industries,4.56,21.88,3.94,0,-0.05,-141.67,0,,4.76,113.43,6.13,0.71,1.48,7.34,3.32,5.649143189
1649,Cell Point,14,31.14,26.16,0,0.19,-13.64,176.95,15.26,4.77,25.47,1.05,0.9,0.27,66.93,-0.69,5.649143189
1650,Virat Industries,315.15,112.73,457.7,0,1.18,883.33,5.85,-7.29,4.79,21.02,25.01,0,2.85,0,-0.82,5.649143189
1651,Homesfy Realty,135,,43.55,0,-8.42,-650.33,19.53,-34.68,4.8,14.81,5.08,0,2.67,0.16,3.16,5.649143189
1652,Mayur Floorings,11.72,66.01,5.94,0,0.06,50,2.45,23.12,4.81,11.58,1.07,0.78,1.27,3.16,1.38,5.649143189
1653,Inter Globe Fin,51.79,117.08,70.25,0,-1.77,66.48,30.15,-73.53,4.81,16.36,5.46,0.03,2.63,3.71,-15.14,5.649143189
1654,C P S Shapers,1042,,237.37,0,-2.03,-322.92,11.73,-9.42,4.81,21.02,1.85,0.7,0.62,10.46,-2.55,5.649143189
1655,Best Eastern Hot,10.4,,17.52,0,-0.05,75,1.44,-11.11,4.82,27.77,0.53,1.37,0.18,3.15,0.67,5.649143189
1656,Emerald Leisures,179.9,,270.18,0,-2.25,9.27,4.7,8.29,4.82,27.77,0.26,,-13.92,141.96,-18.06,5.649143189
1657,Sailani Tours N,18,35.29,8.47,0,0.14,55.56,9.71,29.99,4.82,39.85,2.47,0.32,1.7,2.39,-1.44,5.649143189
1658,PCS Technology,18.14,22.35,38,0,0.46,35.29,0.1,-9.09,4.85,21.92,58.17,0,2.85,0,-0.63,5.649143189
1659,Popular Vehicles,85.69,,605.11,0,0.67,123.67,1785.36,30.83,4.85,35.01,1.19,1.76,-0.75,1111.22,150.8,5.649143189
1660,Lokesh Mach.,199.4,217.26,401.93,0,0.63,115.37,50.73,-2.05,4.87,27.98,1.56,0.71,0.13,160.57,20.91,5.649143189
1661,G K P Printing,5.68,17.35,12.49,0,0.12,-45.45,7.1,-16.17,4.87,17.02,2.47,0.09,2.41,2.14,1.07,5.649143189
1662,Riddhi Siddhi Gl,473.55,12.45,337.63,0.63,-1.28,-99.29,40.08,-9.59,4.88,29.2,3.28,0.14,-0.82,227.21,-28.3,5.649143189
1663,Lake Shore,72.77,57.88,25.47,0,0.15,-16.67,0,,4.89,47.64,55.64,0,3.6,0,-0.66,5.649143189
1664,Vaishali Pharma,5.98,,78.01,0,1.3,-9.72,24.65,-11.68,4.93,27.25,2.37,0.23,0.86,15.6,-18.04,5.649143189
1665,Spectrum Talent,63.6,23.8,146.87,0,3.77,-22.11,708.06,33.44,4.93,19.69,2.38,0.27,2.94,44.01,-66.98,5.649143189
1666,3i Infotech,13.49,4.78,279.79,0,2.09,-67.84,172.14,-5.11,4.94,20.79,1.33,0.11,4.06,34.79,28.25,5.649143189
1667,Sam Industries,46.9,11.66,52.01,0,0.42,-70.21,3.54,70.19,4.96,25.46,0.85,0.41,2.36,30.79,5.71,5.649143189
1668,Charter. Capital,259.5,10.43,78.11,0,2.46,47.31,2.78,18.8,4.97,34.92,10.94,0,3.18,0,-13.55,5.649143189
1669,Vapi Enterprise,95.55,15.13,21.79,0,0.33,-21.43,0.56,-1.75,4.97,19.47,43.33,0.01,3.69,0.47,-1.03,5.649143189
1670,Parshwanath Corp,82.12,75.64,25.72,0,-0.08,-214.29,-0.03,-142.86,4.98,25.46,5.62,0,4,0,-0.1,5.649143189
1671,Petro Carbon,245.35,147.09,606.01,0,2.93,-64.61,260.4,47.58,4.98,16.32,1.25,1.49,2.56,258.39,12.45,5.649143189
1672,Esaar (India),8.25,,16.87,0,-8.6,-1408.77,2.77,88.44,5,19.69,0.19,4.2,-2.08,93.94,-12.64,5.649143189
1673,Sover. Diamonds,19.16,,11.1,0,0.4,300,3.12,-74.53,5,19.16,17.74,0,0.03,0,2.54,5.649143189
1674,Panchmahal Steel,298.3,,569.15,1.01,1.23,-25.9,98.11,3.58,5,17.86,2.44,0.31,1.4,47.92,-5.05,5.649143189
1675,Milton Industri.,48,58.27,81.58,0,0.68,33.33,22.01,-1.12,5.01,29.8,2.61,0.37,1.61,17.98,-2.76,5.649143189
1676,Bonlon Industrie,39.71,25.37,56.57,0,0.48,-48.94,128.25,-7.32,5.03,26.48,1.81,0.5,2.06,41.24,35.58,5.649143189
1677,Baroda Rayon,107.95,7.91,247.33,0,4.23,-10.09,12.64,-16.29,5.04,25.46,3.32,0.5,3.91,194.22,42.34,5.649143189
1678,Digjam,38,47.14,75.43,0,0.51,128.21,6.98,30.47,5.04,20.34,0.56,12.63,2.38,58.35,-18.76,5.649143189
1679,Lords Chloro,117.65,12.64,337.36,0,4.61,262.99,93.95,45.03,5.05,15.16,1.18,0.73,1.76,146.71,9.17,5.649143189
1680,Swelect Energy,552.4,15.2,836.37,0.54,9.52,197.09,138.63,51.71,5.06,31.3,1.75,0.75,0.32,665.59,130.09,5.649143189
1681,Sintercom India,76.4,221.39,210.32,0,0.37,-11.9,25.8,6.97,5.08,23.73,1.64,0.47,0.36,47.82,-2.97,5.649143189
1682,B-Right Real,895,196.6,924.64,0,12.18,513.79,54.5,34.14,5.08,25.46,2.29,1.07,1.48,154.98,-20.84,5.649143189
1683,Ashish Polyplast,29.7,144.23,10.1,0,0.15,650,3.54,-20.81,5.09,21.17,2.68,0.03,2.09,0.19,0.61,5.649143189
1684,Sawaca Enterpri.,0.37,,21.17,0,0.41,-32.79,11.43,-53.52,5.12,19.69,6.17,0.01,-16.89,0.72,-36.3,5.649143189
1685,Robust Hotels,170.27,10.69,291.07,0,7.08,179.84,38.75,17.75,5.12,27.77,5.54,0.21,2.33,150.56,54.35,5.649143189
1686,Service Care Ltd,51,31.61,67.97,0,2.47,6.01,92.29,-1.65,5.12,19.69,1.78,0.03,3.28,1.34,2.44,5.649143189
1687,BCL Enterprises,0.49,114.27,5.71,0,-0.14,-55.56,0.25,-87.8,5.13,16.36,8.14,0.05,4.63,0.75,-0.26,5.649143189
1688,Birla Cable,129.39,51.83,388.76,0,4.02,159.35,204.51,29.6,5.14,48.27,2.23,0.41,1.14,112.26,112.4,5.649143189
1689,Chordia Food,69.34,44.33,27.93,0,0.16,45.45,1.36,91.55,5.15,47.64,5.5,0.01,3.24,0.2,0.58,5.649143189
1690,Palm Jewels,16.4,18.1,16.47,0,0.4,344.44,58.2,-16.94,5.15,29.2,3.98,0.15,2.96,2.46,-2.14,5.649143189
1691,Ashirwad Cap.,2.52,22.24,22.68,0,0.08,60,0.1,25,5.16,34.92,0.41,0.14,4.04,2.77,2.16,5.649143189
1692,Aris Interna.,344.85,397.92,51.73,0,0.05,,0.05,150,5.16,20.79,86,0.33,5.06,0.21,-0.41,5.649143189
1693,Mercury EV-Tech,30.62,107.13,581.7,0,0.89,-79.21,25.29,-28.96,5.16,28.19,3.37,0.03,3.17,7.17,-43.83,5.649143189
1694,Starsource Multitrade,83.05,,12.46,0,-0.09,47.06,0,,5.17,27.25,1.08,0.01,3.41,0.02,-0.28,5.649143189
1695,Nutech Global,24.6,30.31,7.88,0,0.12,209.09,10.93,58.87,5.17,20.34,1.23,1.77,-1.6,10.34,-0.3,5.649143189
1696,Ponni Sug.Erode,266.25,11.67,229.84,1.13,9.47,292.95,151.35,30.77,5.18,11.31,5.79,0,3.25,0,9.63,5.649143189
1697,Hiliks Technolog,45.59,272.25,49,0,-0.26,-273.33,8.04,336.96,5.18,23.06,3,0,2.9,0,-11.12,5.649143189
1698,DCM Nouvelle,110.01,39.98,207.83,0,-1.51,64.42,272.53,2.45,5.18,20.34,1.71,0.53,0.53,172.6,66.46,5.649143189
1699,Paramount Cosmet,36.3,220.32,17.63,0,0.03,50,5.23,-5.94,5.19,41.83,1.58,0.51,0.07,10.43,1.4,5.649143189
1700,Bengal Tea & Fab,145,12.97,130.58,1.03,4.81,3800,20.11,35.79,5.22,19.17,11.13,0.04,41.44,8.51,21.72,5.649143189
1701,Hindprakash Indu,113.94,118.75,129.44,0,0.43,43.33,22.77,11.29,5.23,15.22,1.69,0.73,1.15,37.94,-4.39,5.649143189
1702,Murudesh.Ceramic,30.02,13.69,181.58,1.67,4.68,152.97,51.11,1.91,5.24,39.71,1.42,0.35,1.78,129.9,28.77,5.649143189
1703,Shri Keshav,141.2,,247.28,0,-0.54,-184.38,37.93,34.98,5.25,27.02,0.61,2.41,-1.61,241.58,28.82,5.649143189
1704,Sarup Industries,147.8,65.81,48.04,0,0.05,-61.54,3.54,-24.36,5.25,33.72,2,,0.99,39.07,-2.28,5.649143189
1705,Cineline India,85.3,13.48,296.88,0,6.21,491.07,67.21,6.16,5.25,113.43,0.8,0.71,2.18,103.51,48.34,5.649143189
1706,Vashu Bhagnani,51.72,52.75,330.77,0,3.07,771.74,8.88,700,5.26,113.43,3.81,0.12,3.38,17.68,-73.17,5.649143189
1707,Greencrest Finan,0.5,,18.28,0,0.81,-13.83,12.68,-43.27,5.28,19.69,5.57,0.83,1.25,47.59,6.28,5.649143189
1708,Inani Securities,22.81,24.76,10.4,0,0.02,-66.67,0.27,-10,5.28,34.92,3.82,0,2.18,0,-1.06,5.649143189
1709,Ginni Filaments,36.61,6.54,314.27,0,9.04,193.81,82.02,9.1,5.28,20.34,2.77,0.19,1.22,41.52,10.36,5.649143189
1710,Deep Diamond,2.54,5.88,36.61,3.94,3.2,31900,0.5,,5.28,19.16,3.15,0.01,3.66,0.36,0.19,5.649143189
1711,KG Petrochem,221,42.58,115.38,0,0.03,-98.92,53.82,-48.63,5.29,20.34,1.39,0.47,1.5,85.78,27.19,5.649143189
1712,Venmax Drugs,25.99,26.24,22.83,0,0.03,106,1.55,675,5.29,27.25,2.68,0.36,4.57,3.11,-2.29,5.649143189
1713,W S Inds.,68.93,,530.75,0,-2.02,91.92,20.57,-68.64,5.3,15.51,1.15,0.44,-4.73,89.95,-82.59,5.649143189
1714,G G Engineering,0.43,12.12,68.14,0,4.04,394.89,28.35,-16.35,5.32,31.3,4.31,0.01,3.09,2.23,36,5.649143189
1715,Hind.Composites,381.95,15.52,560.34,0.52,6.67,-25.62,94.51,15.5,5.33,23.73,2.3,0,3.8,3.49,29.86,5.649143189
1716,Super Fine Knit.,9.15,16.68,11.34,0,0.36,2.86,18.21,32.24,5.34,19.16,7.19,0.48,1.67,11.59,2.48,5.649143189
1717,MIRC Electronics,24.88,,919.05,0,-13.11,-101.52,212.04,27.11,5.35,35.77,1.47,0.31,-0.42,48.66,30.95,5.649143189
1718,Mahaveer Infoway,7.68,,4.23,0,0.05,-61.54,0.68,6.25,5.35,20.79,1.85,0.02,1.08,0.09,-0.1,5.649143189
1719,Veritas (India),152.1,11.81,407.78,0.03,10.88,-63.65,987.83,-39.86,5.35,29.2,1.56,0.09,2.83,253.86,28.93,5.649143189
1720,Hindustan Media,63.17,5.71,469.96,0,0.89,-8.12,212.24,7.48,5.36,9.36,1.59,0.05,3.3,82.77,37.56,5.649143189
1721,Standard Surfact,54.8,21.36,45.28,0,0.49,206.25,64.53,57.31,5.37,15.16,1.27,2.33,1.57,68.89,1.66,5.649143189
1722,Jainex Aamcol,110.1,31.28,24.71,0,0.06,500,6.83,3.8,5.38,23.73,0.78,2.52,1.65,20.31,-1.23,5.649143189
1723,Asit C Mehta Fin,116.3,,95.9,0,-1.92,23.87,13.58,-11.47,5.41,17,1.94,4.36,-1.42,98.64,-6.37,5.649143189
1724,Paras Petrofils,2.26,629.43,75.53,0,0.46,31.43,0,,5.42,23.06,867,0,4.57,0,0.42,5.649143189
1725,Bimetal Bearings,523.95,19.97,200.68,2.48,1.77,-40,63.91,18.18,5.42,23.73,2.31,0,3.81,0.84,13.89,5.649143189
1726,Pratik Panels,6.88,28.74,43.97,0,0.64,3100,3.69,305.49,5.43,39.92,4.72,0.04,5.39,0.28,-1.09,5.649143189
1727,Virinchi,16.82,,182.67,0,1.6,-55.97,76.89,-6.69,5.44,35.78,1.7,0.64,0.06,294.86,83.98,5.649143189
1728,Octavius Plant.,41.3,13.62,12.39,0,0.29,0,14.48,199.79,5.44,19.17,1.71,1.06,3.44,20.5,-4.88,5.649143189
1729,Kothari Ferment.,37.03,,55.55,0,-0.38,-192.68,31.95,4.65,5.46,20.21,1.03,0.81,0.62,42.47,10.7,5.649143189
1730,U. Y. Fincorp,12.92,7.79,248.87,0,16.78,702.87,42.15,183.46,5.46,16.36,4.6,0.01,3.49,3.95,7.09,5.649143189
1731,Sandu Pharma.,33.83,15.95,32.69,2.36,0.98,75,18.76,2.12,5.47,27.25,2.09,0.01,2.87,0.45,0.95,5.649143189
1732,Dhanlaxmi Bank,22.84,10.24,903.84,0,23.88,20.3,407.06,21.66,5.47,14.29,3.86,12.75,0.39,18339.84,-4.79,5.649143189
1733,DigiSpice Tech.,17.03,20.28,396.98,0,2.41,1225,109.13,-3.41,5.47,21.92,1.15,0.06,0.95,12.6,11.6,5.649143189
1734,Dwarikesh Sugar,37.65,35.25,696.91,1.33,15.44,43.9,325.12,3.97,5.48,11.31,3.66,0.23,1.62,174.58,60.68,5.649143189
1735,Marinetrans Indi,18,40.19,22.91,0,0.31,6.9,56.84,-27.79,5.48,21.07,2.74,0.34,1.15,8.98,-0.95,5.649143189
1736,Thakkers Develp.,106,8.65,95.4,0,5.05,3807.69,14.39,104.11,5.49,25.46,14.87,0.1,2.88,15.56,-13.98,5.649143189
1737,Polymechplast Ma,46.53,50.12,26.06,2.15,0.64,88.24,20.23,34.69,5.51,27.98,1.32,0.18,2.11,4.41,-0.83,5.649143189
1738,Addi Industries,99.9,37.98,107.86,0,0.41,-74.53,0,,5.51,21.02,60.54,0,4.11,0,2.2,5.649143189
1739,Bodal Chemicals,49.13,20.47,619.95,0,0.24,-96.16,489.57,10.4,5.51,15.22,1.14,0.77,1.19,866.31,113.78,5.649143189
1740,Shivalik Rasayan,241.8,33.33,382.59,0.21,3.67,-48.77,82.04,-3.83,5.51,21.26,1.93,0.17,2.86,100.39,-9.2,5.649143189
1741,Kanishk Steel,50.2,37.08,142.76,0,2.19,-75.72,96.27,9.31,5.52,17.86,1.29,0.26,0.57,28.85,1.37,5.649143189
1742,Ruby Mills,199.93,13.83,671.23,0.88,9.46,-35.65,80,23.02,5.54,20.34,3.19,0.61,3.66,396.41,-35.48,5.649143189
1743,T N Newsprint,129.79,30.21,893.72,2.31,6.77,115.78,1121.1,-0.25,5.54,19.47,0.71,0.9,-0.05,1871.08,569.8,5.649143189
1744,Scoobee Garments,68.65,,116.16,0,-2.55,-4350,6.42,-41.32,5.55,21.02,0.25,15.04,0.62,52.33,-4.19,5.649143189
1745,Saj Hotels,42,24.01,67.72,0,1.02,-14.29,4.6,-4.56,5.55,27.77,7.08,0.17,3.52,20.46,4.69,5.649143189
1746,Super Crop Safe,7.65,29.29,30.76,0,0.36,-60.44,17.11,36.23,5.57,21.26,2.43,1.38,2.4,42.02,-2.99,5.649143189
1747,Sicagen India,48.21,10.72,190.77,2.07,4.93,100.39,264.27,25.89,5.57,29.2,2.04,0.32,2.23,164.01,33.46,5.649143189
1748,Vivid Global,20,30.95,18.26,0,0.19,111.11,14.73,91.8,5.58,15.16,1.59,0.19,1.3,2.92,2.18,5.649143189
1749,PPAP Automotive,199.07,1663.21,282.75,1.26,0.07,-95.68,138.88,-0.27,5.58,23.73,0.79,0.65,1.2,185.99,52.19,5.649143189
1750,HLV,7.01,52.23,457.02,0,6.87,-14.51,60.9,5.49,5.61,27.77,1.54,0.08,4.19,38.02,33.72,5.649143189
1751,Chowgule Steam,18.75,71.66,68.08,0,0.29,26.09,0.81,-18.18,5.61,10.73,2.68,0,2.43,0,-4.26,5.649143189
1752,Fabino Enter,13.75,,2.89,0,-0.19,-733.33,6.63,56,5.61,27.25,1.55,0.44,0.36,1.76,0.12,5.649143189
1753,Kinetic Trust,42.02,31.37,14.12,0,0.14,,0.57,1040,5.62,16.36,2.4,7,1.02,29.25,0.27,5.649143189
1754,N R Agarwal Inds,410.4,26.37,700.65,0.49,14.43,17.99,563.23,34.77,5.62,19.47,1.21,0.93,1.08,728.38,176.11,5.649143189
1755,NIIT,62.39,29.59,850.52,1.6,4.57,-45.5,101.37,3.32,5.62,23.68,5.8,0.01,4.06,6.83,29.3,5.649143189
1756,Z F Steering,670.85,30.93,608.46,0,7.28,1055.81,143.23,21.81,5.62,23.73,1.65,0.23,2.04,108.58,39.25,5.649143189
1757,Lime Chemicals,13.1,,8.52,0,-0.08,-233.33,1.53,-41.15,5.63,15.16,0.46,2.77,2.12,4.99,-0.21,5.649143189
1758,Aartech Solonics,45.37,44.82,144.78,0.28,0.62,-3.23,7.38,-24.54,5.64,31.3,3.25,0.16,5.98,5.4,-1.52,5.649143189
1759,J A Finance,71.25,,75.88,0,-0.06,-125,0.55,-6.78,5.65,16.36,2.29,0.69,-0.16,14.17,-1.11,5.649143189
1760,Orissa Bengal,57.06,,124.51,0,-2.39,-398.75,77.55,-16.15,5.65,21.07,1.99,0.63,1.48,57.65,-15.1,5.649143189
1761,Prec. Electronic,138.15,172.37,191.33,0,0.27,325,18.43,62.09,5.66,27.98,1.09,5.06,-0.95,63.25,0.5,5.649143189
1762,MBL Infrast,20.96,,321.29,0,-9.38,69.43,50.7,66.5,5.67,15.51,0.34,0.98,-3.7,956.46,46.42,5.649143189
1763,Dynamic Industri,94.99,15.39,28.78,1.05,0.05,,14.1,-2.35,5.68,25.16,1.66,0.32,2.07,15.58,3.03,5.649143189
1764,Zenlabs Ethica,19.08,54.02,12.43,0,-2.01,-22.22,12.43,-2.28,5.69,19.69,1.36,0.93,0.67,9.77,3.83,5.649143189
1765,N G Industries,127.45,,42.7,2.75,0.42,-93.74,4.29,7.25,5.69,36.86,1.06,0.03,-0.91,1.06,1.81,5.649143189
1766,Universal Auto.,53.68,109.42,66.75,0,-3.09,-50,49.16,5.81,5.69,23.73,1.42,0.76,1.73,58.08,4.99,5.649143189
1767,Sonal Mercantile,96.1,5.04,141.64,0,2.58,-65.04,8.26,0.36,5.69,16.36,0.23,0.78,5.16,293.82,1.16,5.649143189
1768,Dev Labtech,96.99,100.05,115.06,0,0.34,-29.17,49.24,152.38,5.7,19.16,11.25,0.02,3.56,1.07,-13.06,5.649143189
1769,Ramsons Projects,98.5,3.85,29.65,0,0.01,-94.12,0,-100,5.71,16.36,26.66,0,4.66,0,0.18,5.649143189
1770,COSCO (India),172.95,,71.97,0,0.9,150,48.49,18.7,5.71,21.83,1.79,1.32,0.61,65.39,6.7,5.649143189
1771,Supertex Inds.,6.75,,7.65,0,-0.12,-175,10.72,-48.83,5.73,20.34,1.37,1.5,-0.1,45.74,4.2,5.649143189
1772,Gretex Industrie,255,143.78,395.4,0,0.47,106.06,14.87,187.62,5.74,34.74,3.49,0.02,4.62,1.05,-6.41,5.649143189
1773,Nagreeka Exports,21.22,27.34,66.16,0,0.62,-28.74,127.78,21.81,5.76,20.34,1.29,1.11,0.89,172.2,15.98,5.649143189
1774,S. V. J. Enterp.,477,916.35,265.74,0,0.11,-69.44,0.59,-79.93,5.76,19.47,3.42,0.3,2.6,4.69,-1.39,5.649143189
1775,Chart.Logistics,6.1,408.18,77.55,0,-1.05,-241.89,17.38,-14.13,5.76,21.07,2.03,0.38,1.83,25.7,3.27,5.649143189
1776,Amarnath Sec.,12.34,20.58,3.7,0,0.04,0,0.1,0,5.77,16.36,0.02,0.17,3.62,0.78,0.26,5.649143189
1777,Credent Global,27.8,6.5,170.86,0,18.02,3734.04,25.74,775.51,5.77,16.36,1.36,0.15,2.5,11.57,9.12,5.649143189
1778,Kiduja India,15.16,,36.38,0,1.17,108.57,3.04,,5.79,16.36,0,,-7.16,97.53,72.87,5.649143189
1779,Innovative Ideal,17.39,,19.79,0,-4.54,-254.69,0.53,,5.79,19.69,0.04,,3.39,20.88,-0.19,5.649143189
1780,Shivagrico Impl.,20.69,21.61,10.37,0,0.11,120,12.5,3.82,5.81,27.98,1.03,1.99,0.84,15.9,3.84,5.649143189
1781,Dhanvantri Jeev.,23,78.58,9.43,0,0.17,13.33,7.27,27.54,5.82,36.86,1.08,0,3.42,0,-0.29,5.649143189
1782,Santosh Fin Fab,30.42,82.46,10.72,0,0.01,-50,3.46,-19.53,5.83,20.34,1.42,1.09,0,6.22,-1.42,5.649143189
1783,Lakshmi Engg.,1800,87.23,120.37,0.56,0.34,278.95,3.45,11.65,5.84,27.98,1.13,0.53,2.44,11.67,5.03,5.649143189
1784,Sarthak Metals,66.14,23.58,89.37,0.76,1.3,6.56,47.73,8.48,5.84,17.86,60.75,0,3.36,0,-0.19,5.649143189
1785,Elegant Floricul,4.63,4.03,9.26,0,0.01,-98.73,0.33,-68.87,5.85,24.87,1.13,0,4.27,0,-2.49,5.649143189
1786,Vertexplus Tech.,104.7,106.24,57.37,0,-2.02,-20.12,10.11,39.26,5.85,21.92,2.21,0.22,2.92,4.84,-0.54,5.649143189
1787,C J Gelatine,18.8,150.65,9.04,0,0.11,-35.29,10.2,-6.68,5.86,25.16,1.92,5.78,0.24,22.02,0.46,5.649143189
1788,Apt Packaging,143.95,177.15,170.06,0,0.46,820,4.97,53.87,5.86,17.02,1.75,0.51,1.58,7.95,0.47,5.649143189
1789,Dhampur Sugar,120.38,11.31,774.19,0,26.54,75.2,451.18,9.54,5.86,11.31,1.72,0.43,2.12,487.88,200.69,5.649143189
1790,Vakrangee,5.8,53.76,628.25,0,3.15,168.07,60.1,-11.46,5.86,21.92,1.88,0.02,2.1,4.18,-20.58,5.649143189
1791,Alfred Herbert,2553.05,6.26,196.59,0.2,14,109.9,17,101.66,5.86,16.36,2.17,0,4.9,0.01,-0.82,5.649143189
1792,Sh. Dinesh Mills,226.1,8.55,126.63,0.88,2.31,5.73,15.56,-4.07,5.87,20.34,8.97,0.03,1.61,5.53,14.15,5.649143189
1793,Sadhana Nitro,1.53,,450.8,6.54,-25.14,-1074.42,9.76,-73.69,5.88,15.16,1.51,1.02,1.29,258.24,54.12,5.649143189
1794,Corporate Merch,62.49,93.89,396.21,0,0.51,628.57,0,,5.88,34.92,0.61,13.24,3.73,91.23,-74.93,5.649143189
1795,MRC Agrotech,43.05,149.85,134.87,0,0.2,-25,11.6,127.01,5.89,29.2,1.61,0.27,3.25,8.44,2.33,5.649143189
1796,GTPL Hathway,58.05,15.55,645.61,3.45,11.56,8.26,932.62,5.11,5.9,15.55,0.64,0.33,1.58,375.22,451.93,5.649143189
1797,Rathi Bars,22.82,10.41,37.26,0,0.7,-21.35,90.62,-18.01,5.91,17.86,1.69,0.88,1.38,86.21,-2.96,5.649143189
1798,Patel Integrated,9.5,7.81,66.17,3.16,2.69,23.39,88.39,-1.5,5.91,21.07,2.76,0.11,3.88,13.08,0.88,5.649143189
1799,Sayaji Hotels,266.5,,466.85,0,2.61,-59.09,43.94,3.29,5.91,27.77,1.02,1.12,0.74,162.34,28.13,5.649143189
1800,Sabar Flex India,5.95,,10.26,0,0.13,-84.88,21.93,-64.2,5.91,17.02,2.42,0.67,1.03,25.29,-5.47,5.649143189
1801,Bharat Textiles,33.12,11.62,19.4,0,1.4,582.76,7.76,274.88,5.92,29.2,1.15,5.08,1.74,9.65,0.35,5.649143189
1802,Kaira Can,1247,36.16,114.99,0.96,-0.14,-121.88,52.95,-3.99,5.94,17.02,2.2,0.07,3.19,5.97,-1.19,5.649143189
1803,Konark Synth,35.6,,20.68,0,0.04,200,12.32,-19.42,5.94,20.34,1.07,165.29,-2.27,23.14,1.73,5.649143189
1804,Mercury Trade Li,5.45,,7.42,0,-5.04,-968.97,26.37,153.56,5.96,19.69,2.25,0,2.97,0,-59.26,5.649143189
1805,Pion. Embroider.,24.57,,78.12,0,-0.83,-137.27,81.21,-15.49,5.96,20.34,1.18,0.59,1.2,90,32.88,5.649143189
1806,Dhunseri Invest.,803.85,,491.11,0.37,-1.18,-125.04,69.58,-44.27,5.96,16.36,5.21,0.2,3.15,534.71,65.11,5.649143189
1807,ECS Biztech,11.92,612.5,24.5,0,0.04,33.33,0.44,33.33,5.96,20.79,0.14,,0.6,4.92,0.36,5.649143189
1808,Minal Industries,2.18,102.05,41.84,0,-1,-213.73,8.71,-1.8,5.97,29.2,5.64,0.16,4.78,8.34,4.03,5.649143189
1809,Century Enka,410.4,12.51,893.44,2.44,23.87,85.63,411.65,-16.57,5.98,20.34,5.25,0.03,3.4,36.4,117.87,5.649143189
1810,Shree Securities,0.19,24.85,15.16,0,0.16,6.67,0.16,6.67,5.98,16.36,0.23,0,6.63,0,-2.18,5.649143189
1811,Yug Decor,15.95,43.02,25.81,0,-0.07,88.33,19.5,23.81,5.98,25.16,1.48,1.32,0.31,15.16,-6.46,5.649143189
1812,Shanthala FMCG,23.95,12.63,16.04,0,0.72,71.43,25.82,-0.12,5.98,20.11,4.71,0.02,4.05,0.48,-0.28,5.649143189
1813,Cella Space,14.03,10.79,28.27,0,-0.43,-286.96,0.12,-29.41,5.99,19.47,68.5,0.31,1.62,9.98,-22.3,5.649143189
1814,3C IT Solutions,16.3,39.23,9.81,0,0.14,182.35,21.19,-9.79,5.99,21.92,2.2,0.04,-0.38,0.45,-2.98,5.649143189
1815,Tai Industries,24.45,366.64,14.67,0,-0.3,-196.77,39.96,-39.64,6,29.2,1.73,0,1.69,0.01,1.22,5.649143189
1816,Chandra Bhagat,32.99,40.15,24.89,0,0.45,-33.82,25.55,-60.64,6,27.25,1.49,0.69,0.7,21.11,-5.58,5.649143189
1817,Comfort Intech,7.04,,225.24,0.99,-0.32,-109.79,61.37,32.95,6.01,32.45,2.29,0.12,4.64,23.65,19.36,5.649143189
1818,Kriti Industries,74.01,,393.03,0,-0.47,102.66,135.79,-35.3,6.02,21.17,1.43,0.46,-0.92,100.51,33.77,5.649143189
1819,Sacheta Metals,3.84,21.24,48,1.3,0.77,14.93,22.07,-14.89,6.03,16.04,2.29,0.4,2.84,20.8,-1.34,5.649143189
1820,Ahlada Engineers,39.07,24.39,50.48,4.1,0.2,-92.67,24.2,-74.15,6.03,28.09,2.07,0.27,1.68,37.27,13.59,5.649143189
1821,Anjani Synth.,25.51,11.27,37.63,0,1.11,-20.71,71.66,11.81,6.04,20.34,2.01,0.3,2.07,26.59,19.53,5.649143189
1822,Team India Guar.,247,101.01,214.15,0,0.17,-70.69,1.36,60,6.05,16.36,816.5,0,5.03,0,-0.81,5.649143189
1823,Hampton Sky,9.48,,259.94,0,-2.11,-122.33,-0.66,-107.95,6.07,25.46,3.05,0.46,5.76,63.02,-24.83,5.649143189
1824,SEPC,4.93,18.48,931.8,0,14.96,-9.54,340.97,156.29,6.08,15.51,2.92,0.19,1.51,364.56,-132.51,5.649143189
1825,Howard Hotels,23.83,50.47,21.7,0,1.17,-20.41,5.35,1.33,6.09,27.77,0.88,0.41,2.06,4.21,2.07,5.649143189
1826,Saakshi Medtech,186.75,41.79,329.72,0,6.63,92.17,58.31,31.15,6.09,23.45,2.34,0.23,3.6,23.9,3.02,5.649143189
1827,Lyons Corporate,18.85,176.4,8.82,0,-0.02,75,0.27,28.57,6.1,16.36,0.25,0.89,1.25,9,-1.18,5.649143189
1828,Anna Infrastruct,28.76,8.03,10.92,0,0.87,4250,1.73,810.53,6.14,16.36,11.27,0,4.37,0,0.73,5.649143189
1829,Greenchef Appli.,48.8,,113.56,0,-4.51,-193.76,179.59,5.36,6.14,44.19,1.12,0.77,2,89.58,33.8,5.649143189
1830,Polson,10400,24.66,124.8,0,1.21,-3.2,22.12,-2.08,6.16,25.16,1.63,0.29,2.57,37.78,17.2,5.649143189
1831,Orient Ceratech,38.11,21.63,455.47,0.66,4.41,241.18,93.35,25.94,6.17,31.52,2.81,0.16,2.4,46.88,20.89,5.649143189
1832,Prime Property,20.3,34.45,34.45,0,0.94,-72.51,0,-100,6.17,25.46,3.3,0,3,0,3.97,5.649143189
1833,Nidan Laborator.,14.25,8.57,19.8,0,1.43,30,13.12,24.6,6.17,36.86,1.2,0.18,2.37,12.5,2.28,5.649143189
1834,Arrowhead Sepera,70,,13.1,0,0.19,-73.24,8.97,6.79,6.17,27.98,2.42,0.34,1.52,5.77,-3.84,5.649143189
1835,Wires & Fabriks,134.85,98.25,41.26,0.07,0.08,-88.41,29.4,0.65,6.18,20.34,1.21,2.41,0.83,121.08,17.34,5.649143189
1836,Neeraj Paper Mkt,15.5,94.72,17.05,0,0.12,140,42.23,-21.46,6.19,29.2,2.13,0.19,0.39,5.37,13.17,5.649143189
1837,Kanungo Financi.,10.99,16.42,5.09,0,0.08,60,0,,6.2,34.92,45.97,1.42,1.01,9.16,-0.26,5.649143189
1838,VIP Clothing,17.42,20.25,158.14,0,0.93,-53.5,50.78,-18.92,6.21,21.02,1.78,0.4,1.82,75.64,-37.36,5.649143189
1839,Intrasoft Tech.,65.95,8.56,106.81,0,2.62,-2.96,136.67,6.49,6.21,38.36,1.06,0.05,4.01,11.4,82.61,5.649143189
1840,Rotographics (I),118,153.65,155.19,0,0.22,,10.08,,6.22,29.2,0.13,0,3.8,0,0.53,5.649143189
1841,Milkfood,46.58,,113.56,1.34,-7.86,-973.33,74.05,-7.9,6.24,24.42,1.24,0.76,1.18,128.43,19.24,5.649143189
1842,Quicktouch Tech,28.9,,37.04,0,-3.53,-661.29,0.91,-94.31,6.25,20.79,4.87,0.14,3.72,25.58,-3.11,5.649143189
1843,Gulshan Polyols,155.51,22.68,967.35,0.19,15.75,1190.98,541.72,22.99,6.3,24.87,1.17,0.71,1.9,453.13,41.68,5.649143189
1844,Hardcast.& Waud,688,15.75,46.79,0,1.41,131.15,2.93,110.79,6.31,25.16,2.44,0,2.77,0,0.69,5.649143189
1845,TCM,43.45,,32.5,0,-1.18,-32.56,5.69,-7.93,6.32,15.16,1.3,0.75,1.97,20.68,-10.08,5.649143189
1846,Kaushalya Infra.,783.15,19.51,27.12,0,0.53,-3.64,0.79,1875,6.33,27.77,2.13,0,6.94,0,0.02,5.649143189
1847,Capital India,25.38,,991.75,0.08,-5.19,-5940,147.02,8.9,6.34,16.36,1.42,1.04,-0.54,699.79,12.53,5.649143189
1848,Aarey Drugs,66.95,54.9,188.32,0,0.57,-20.83,96.43,-27.92,6.38,27.25,1.79,0.34,1.35,50.78,10.3,5.649143189
1849,Pansari Develop.,283.8,29.07,495.14,0,4.24,100.95,37.21,74.69,6.38,25.46,1.13,0.75,2.03,100.95,-16.37,5.649143189
1850,Scan Steels,27.62,9.83,161.86,0,3.1,10.71,191.64,9.82,6.39,19.58,1.72,0.24,2.97,101.72,6.99,5.649143189
1851,Assam Entrade,921,28.95,132.6,0,2.41,470.77,2.32,-0.85,6.39,16.36,10.62,0.03,4.42,2.15,-0.05,5.649143189
1852,Nouveau Global,0.49,,9.09,0,-0.2,-242.86,0,,6.4,29.2,16.44,27.03,4.21,8.38,-0.98,5.649143189
1853,GSB Finance,34.95,,20.97,0,0.18,38.46,0.31,-29.55,6.42,16.36,3.53,0,4.99,0,-0.04,5.649143189
1854,DIC India,510.9,24.57,468.11,0.59,5.87,196.46,223.17,0.98,6.42,24.57,2.42,0.01,3.13,4.09,42.78,5.649143189
1855,Sarthak Global,43.62,25.65,13.08,0,-0.07,36.36,0.1,-97.28,6.43,29.2,4.94,4.13,0.16,8.71,2.35,5.649143189
1856,Gconnect Logitec,14.85,20.45,5.52,0,0.16,-5.88,2.52,-0.4,6.43,21.07,17.08,0,3.91,0.04,-2.07,5.649143189
1857,Ganga Papers,73.87,54.96,79.69,0,0.22,-21.43,71.16,0.98,6.44,19.47,1.13,1.3,1.83,40.58,7.54,5.649143189
1858,Asia Capital,28.24,51.38,8.73,0,0.05,-44.44,0.09,-43.75,6.44,16.36,247,0,4.64,0,6.07,5.649143189
1859,Albert David,671.35,39.83,382.77,0.74,15.3,262.94,89.93,8.25,6.45,27.25,3.2,0.11,3.37,41.42,-28.44,5.649143189
1860,Kuwer Industries,9.23,93.12,8.38,0,0.09,-82.69,13.55,-9.91,6.45,15.16,1.49,2.03,0.75,36.23,-3.81,5.649143189
1861,Ester Industries,91.14,,888.06,0.66,-12.41,-150,338.98,-1.91,6.45,17.02,1.5,0.93,0.83,738.3,112.19,5.649143189
1862,Nahar Poly,236.43,7.96,576.72,0.42,19.33,157.39,167.47,-3.17,6.46,17.02,2.6,0.11,4.77,95.59,56.65,5.649143189
1863,BAG Films,4.28,13.45,84.32,0,0.11,-22.83,39.93,28.31,6.47,15.55,1.76,0,2.68,0,2.45,5.649143189
1864,Nath Industries,45,6.83,85.5,0,0.56,-88.82,116.77,2.04,6.49,19.47,1.34,0.32,2.06,84.33,13.95,5.649143189
1865,Innovative Tech,13.76,,30.91,0,1.13,413.64,32.46,4.57,6.5,17.02,1.11,0.58,-0.42,20.64,5.47,5.649143189
1866,IL&FS Inv.Manag.,6.9,27.14,216.06,7.25,-2.93,-159.44,6.73,-21.01,6.51,27.14,13.77,0,5.82,0,-8.9,5.649143189
1867,Basant Agro Tech,10.19,15.65,92.35,0.49,1.25,228.95,122.88,51.65,6.52,17.16,1.67,0.72,1.02,129.84,43.89,5.649143189
1868,Amforge Inds.,6.98,26.42,10.04,0,0.18,-14.29,0,,6.53,23.73,0.28,0.05,2.83,0.71,-1.14,5.649143189
1869,Candour Techtex,143.8,,351.04,0,-0.63,-325,6.64,-85.7,6.53,21.17,1.35,0.65,0.95,27.67,6.11,5.649143189
1870,Pace E-Commerce,16.07,8.85,36.21,0,2.15,58.09,42.12,59,6.53,38.36,1.78,0.15,3.72,11.82,-1.59,5.649143189
1871,V B Desai Fin.,16.4,8.64,7.43,0,0.22,57.14,0.57,-8.06,6.54,34.92,7.85,0,4.51,0,-8.31,5.649143189
1872,Key Corp,68.3,43.6,40.98,0,1.59,140.15,1.77,147.58,6.54,16.36,0.43,0,6.54,0,-0.46,5.649143189
1873,Kesar Terminals,61.8,26.38,67.53,0.81,1.36,4433.33,8.23,-3.63,6.54,21.07,2.27,1.38,1.69,76.6,11.97,5.649143189
1874,Dhunseri Vent.,208.01,,728.18,2.4,6.04,-100.57,71.68,-36.35,6.55,23.38,7.88,0.17,3.53,534.69,-378.33,5.649143189
1875,Superior Indus.,32,6.3,44.32,0,0.12,-35.9,5.65,28.12,6.56,21.1,1.13,0.05,5.74,7.16,3.64,5.649143189
1876,Cravatex,335.35,13.03,86.52,3.73,1.35,440,36.79,13.44,6.57,29.2,4.59,0,3.62,0,2.99,5.649143189
1877,Kamdhenu Venture,4.25,27.94,132.99,0,0.99,-50.25,63.23,-14.61,6.57,30.9,2.41,0.19,2.49,32.23,1.02,5.649143189
1878,BLB,16.89,3.35,87.05,0,8.57,274.9,277.28,277.92,6.58,23.06,16.87,0,3.92,0.2,-1.47,5.649143189
1879,Emami Paper,67.76,11.51,407.78,2.36,16.99,994.71,500.45,10.16,6.58,19.47,0.99,1.39,1.42,806.5,43.78,5.649143189
1880,Praveg,222.9,,582.67,0.45,9.93,2.09,90.45,66.64,6.59,27.77,1.58,0.24,3.43,107.37,32.54,5.649143189
1881,Anupam Finserv,2.03,23.21,38.52,0,0.4,166.67,1.25,20.19,6.61,16.36,6.86,0,3.23,0.04,-12.47,5.649143189
1882,Triliance Poly,26.75,40.19,13.67,0,0.09,0,0,,6.61,19.69,12.07,0.07,6.97,0.35,-0.18,5.649143189
1883,Shardul Sec.,25.01,,218.81,0,-17.26,56.79,-13.11,60.14,6.61,17,5.38,0.25,4.6,184.82,-35.94,5.649143189
1884,Varyaa Creations,26.6,27.71,12.75,0,0.66,6.45,9.53,-37.83,6.61,19.16,5.36,0.1,2.47,2.51,-19.5,5.649143189
1885,Titan Intech,0.72,10.9,61.02,0,3.31,56.13,12.98,15.69,6.62,21.92,25.72,0.02,5.07,2.46,-25.46,5.649143189
1886,VJTF Eduservices,79.82,7024.16,140.48,0,1.35,160.56,0.93,3200,6.62,23.68,0.81,0.01,3.07,0.72,-45.52,5.649143189
1887,N D Metal Inds.,81.11,95.81,20.12,0,0.07,16.67,0,-100,6.63,93.87,18.75,0.16,2.07,0.5,1.03,5.649143189
1888,Naksh Precious,4.15,16.79,4.36,0,0.07,-61.11,0.35,-55.13,6.63,35.01,24.54,0.04,6.8,0.28,1,5.649143189
1889,Art Nirman Ltd,34.92,72.62,87.14,0,0.07,-75,2.5,-44.44,6.63,25.46,2.76,0.53,3.26,19.83,-13.41,5.649143189
1890,BIGBLOC Const.,50.25,,710.17,0,0.45,-15.14,72.81,28.14,6.63,27.02,1.11,1.51,0.93,197.72,12.95,5.649143189
1891,Rainbow Foundat.,40.41,26.84,200.51,0,0.73,-27.27,38.37,12.26,6.64,25.46,1.12,6.99,1.18,578.11,-80.52,5.649143189
1892,Soni Medicare,70.22,,29.95,0,-1.13,-769.23,5.65,-27.47,6.64,43.53,1.08,123.33,-0.91,11.1,1.47,5.649143189
1893,Dipna Pharmachem,9.25,11.86,24.32,0,1.41,314.71,73.54,-18.85,6.64,27.25,1.64,0.23,0.73,13.79,-9.19,5.649143189
1894,Primo Chemicals,18.05,50.61,431.68,0,1.05,-69.43,140.14,-2.58,6.65,15.16,0.59,0.41,0.47,161.78,64.43,5.649143189
1895,Global Vectra,158.64,,231.3,0,-11.11,-270.33,146.93,3.05,6.66,16.99,0.46,140.88,-0.07,635.39,97.81,5.649143189
1896,Richfield Fin,30.4,36.19,22.8,0,0.09,800,3,167.86,6.66,34.92,4.05,4.97,0.57,43.98,-20.72,5.649143189
1897,North Eastn.Car.,13.06,14.74,129.83,0,3.45,77.84,71.97,-11.2,6.67,21.07,2.63,0.53,3.1,119.55,-21.24,5.649143189
1898,Vardhman Acrylic,32.61,19.24,262.07,4.6,7.41,86.65,76.28,-6.73,6.68,20.34,2.79,0,3.46,0,26.15,5.649143189
1899,Vital Chemtech,38.7,30,92.69,0,1.35,-41.56,64.55,-2.06,6.68,25.16,1.53,0.71,2.54,66.2,6.16,5.649143189
1900,Hamps Bio,17.5,,15.25,0,-0.2,-174.07,3.99,12.71,6.68,24.87,2.64,0.44,3.36,3.74,-1.77,5.649143189
1901,Real Eco-Energy,4.5,36.29,45,0,0.84,2900,0.87,,6.69,13.11,7.67,0,5.97,0,0.61,5.649143189
1902,Abhinav Leasing,1.25,10.08,6.25,0,0.17,130.91,0.93,-89.64,6.69,16.36,0.23,3.76,0.6,25.5,7.47,5.649143189
1903,Chemcrux Enterp.,81.89,58.02,121.27,1.22,1.58,19.7,22.11,13.85,6.69,25.16,2.07,0.5,3.13,37.41,7.59,5.649143189
1904,Olympia Industri,30.33,10.26,18.27,0,0.43,48.28,70.22,18.04,6.7,20.17,1.49,0.75,0.92,40.83,-0.67,5.649143189
1905,Davangere Sugar,3.85,64.68,549.17,0,2.62,-61.3,82.69,13,6.7,42.05,2.39,0.4,1.53,199.76,-4.57,5.649143189
1906,NCL Industries,171.39,11.55,765.32,1.75,13.26,294.64,342.99,0.47,6.71,27.02,1.02,0.29,1.84,258.72,96.47,5.649143189
1907,Colinz Labs,46.81,12.04,5.9,0,0.08,60,1.43,-2.72,6.72,27.25,4.5,0.07,4.31,0.66,-1.45,5.649143189
1908,RDB Infrastruc.,38.89,87.26,816.73,0,2.43,40.46,19.73,-18.4,6.75,25.46,3.78,0.11,2.4,25.36,-82.16,5.649143189
1909,IFB Agro Inds.,726.95,13.08,679.68,0,8.37,-30.48,341.73,15.85,6.75,32.45,2.84,0.13,3.74,86.52,71.82,5.649143189
1910,Rama Steel Tubes,5.22,54.14,851.02,0,1.78,-60.55,289.38,5.16,6.75,17.86,2.12,0.27,2.16,125.53,51.02,5.649143189
1911,Proventus Agro.,1165,43.92,402.32,0,6.68,37.27,389.6,32.78,6.76,20.21,3.16,0.19,3.61,26.06,-1.84,5.649143189
1912,Baba Food,22,11.12,35.91,0,1.31,-45.19,100.69,19.23,6.76,20.21,1.36,1.2,3.99,77.41,0.37,5.649143189
1913,Medicamen Biotec,261.85,40.22,355.54,0.38,2.59,2.78,43.49,5.71,6.77,27.25,2.76,0.11,3.22,30.78,-2.63,5.649143189
1914,Shubham Polyspin,53.33,79.81,64.64,0,0.22,15.79,11.15,-20.19,6.78,20.34,1.25,0.51,2.5,8.38,2.25,5.649143189
1915,Variman Global,3.65,25.71,71.2,0,1.25,95.31,33.92,7.82,6.78,29.2,2.37,0.64,0.81,30.88,-16.94,5.649143189
1916,ACS Tech,35.46,28.19,215.39,0,3.09,398.25,67.14,86.03,6.79,21.92,1.84,0.41,3.4,41.29,14.39,5.649143189
1917,Gillanders Arbut,79.09,10.53,162.92,0,4.54,65.69,106.83,-16.3,6.8,19.17,0.99,0.58,3.19,146.95,7.7,5.649143189
1918,Rel. Chemotex,114.09,15.97,85.45,0.44,0.8,321.05,81.94,-11.16,6.81,20.34,0.94,1.8,0.84,252.01,10.81,5.649143189
1919,Veefin Solutions,251.15,37.66,641.43,0,7.78,,103.74,,6.81,21.92,1.61,0.22,4.8,111.49,0.89,5.649143189
1920,ABC India,62.2,,33.69,0.8,0.03,-216.48,42.02,-14.63,6.82,11.72,1.72,0.3,1.93,16.18,1.68,5.649143189
1921,Transworld Shipp,133.05,,293.14,1.13,-25.3,-271.41,132.46,-19.88,6.83,10.73,1.66,0.38,3.66,293.63,168.71,5.649143189
1922,Mahindra EPC,113.44,20.13,314.83,0,6.49,25.67,93.47,14.76,6.85,27.98,2.07,0.21,2.63,36.58,-4.39,5.649143189
1923,Comrade Applian.,36.67,,28.53,0,-6.97,-285.08,14.85,-11.66,6.85,35.77,1.16,2.13,0.93,33.34,4.56,5.649143189
1924,Avi Ansh,110.8,109.06,154.87,0,0.63,-37.62,63.07,-4.86,6.85,20.34,1.96,0.69,2.59,29.77,0.77,5.649143189
1925,Swadeshi Inds,98.9,200.64,228.73,0,0.44,-30.16,15.79,519.22,6.86,17.02,1.76,0,5.14,0,-1.75,5.649143189
1926,Vedant Asset,38.6,42.64,10.66,0,0.22,15.79,2.07,40.82,6.87,43.86,13.21,0,3.37,0,-0.91,5.649143189
1927,Shyamkamal Inv,12.24,18.27,32.33,1.63,0.52,248.57,0.47,261.54,6.88,34.92,0.25,1.6,4.19,11.88,-1.1,5.649143189
1928,Desh Rakshak,27,24.43,15.39,0,0.09,-25,1.4,-25.53,6.89,27.25,2.17,0.17,2.8,2.14,-0.3,5.649143189
1929,Singer India,70.42,37.87,438.15,0,5.39,300.66,161.01,52.54,6.89,44.19,2.68,0.01,3.02,0.94,-24.91,5.649143189
1930,Dollex Agrotech,29.2,29.53,116.65,0,1.67,-23.39,27.23,-28.32,6.9,11.31,3.99,1.43,2.99,167.84,-25.09,5.649143189
1931,Ajooni Biotech,4.29,15.08,73.89,0,1.65,126.03,58.75,72.64,6.91,24.63,3.2,0.11,4.73,10.31,-17.74,5.649143189
1932,Tarsons Products,182.33,45.98,976.6,0,5.04,12.93,107.89,12.76,6.91,33.17,1.03,0.63,2.88,395.93,114.24,5.649143189
1933,Birla Precision,29.34,16.22,200.65,0.17,1.29,596.15,55.34,3.77,6.92,27.98,1.85,0.27,2.18,48.01,7.7,5.649143189
1934,Clara Industries,38,53.9,97.56,0,0.62,-11.43,4.58,46.33,6.92,17.02,18.01,0.02,4.16,1.04,4.33,5.649143189
1935,HCKK Ventures,30.8,76.17,11.43,0,-0.02,-140,0,-100,6.93,23.38,114,0.01,5.01,0.05,-0.07,5.649143189
1936,Galactico Corpo.,1.69,19.24,30.97,0,0.23,-68.06,6.37,8.33,6.94,23.38,2.51,0.41,3.11,15.17,18.55,5.649143189
1937,Agni Green,14.4,40.18,28.13,0,0.23,53.33,17.01,5.26,6.94,15.51,3.99,0.34,1.3,10.84,1.31,5.649143189
1938,Eyantra Ventures,982,,197.08,0,-3.68,-1945.45,26.42,133.6,6.95,19.69,1.38,0.57,3.32,15.65,-1.05,5.649143189
1939,Lords Ishwar,17.7,57.47,13.22,0,0.04,300,2.15,-6.93,6.96,27.77,3.18,1.16,2.99,6.7,-3.65,5.649143189
1940,Nath Bio-Genes,139.53,6.79,264.66,1.43,1.6,-107.92,65.96,78.9,6.96,24.87,2.23,0.23,4.1,154.83,17.58,5.649143189
1941,Mangalam Industr,0.83,137.55,118.29,1.2,0.01,-97.67,0.8,-14.89,6.97,16.36,0.75,0,4.16,0,-0.44,5.649143189
1942,T N Petro Prod.,81.97,6.84,736.54,1.46,19.88,61.36,421.29,-8.47,6.97,14.25,1.85,0.33,3.7,323.74,206.6,5.649143189
1943,Elin Electronics,117.1,14.13,582.86,0,3.66,210.71,293.52,10.21,6.97,44.19,2.23,0.03,3.25,15.37,16.74,5.649143189
1944,Kovil. Lak. Rol.,99,17.69,89.51,0.51,0.72,-59.55,107.56,-0.93,6.98,20.21,1.17,1.44,0.62,102.08,41.17,5.649143189
1945,East WestFreight,2.83,,36.1,0,-2.32,-1028,40.81,-34.2,6.98,21.07,2,1.12,0.4,70.49,-4.92,5.649143189
1946,Gamco Ltd,39.87,,215.42,0.25,-4.76,3.64,86.16,1486.74,6.98,34.92,10.9,2.01,2.86,211.67,-37.66,5.649143189
1947,Mandeep Auto,17.7,5.9,18.3,0,0.33,124.26,17.03,6.97,6.98,23.73,4.82,0.05,4.43,1.8,-6.58,5.649143189
1948,Kalana Ispat,26.15,66.86,34.1,0,0.01,-98.59,24.87,-9.96,6.98,17.86,5.97,0.06,3.62,2.55,5.04,5.649143189
1949,Stanpacks(India),11.38,,6.93,0,-0.06,-250,6.18,-7.49,7,17.02,1.44,1.07,0.73,7.58,2.59,5.649143189
1950,Suryalak. Cott.,54.1,25.15,102.35,0,0.52,-43.48,183.6,-5.13,7,20.34,1.31,0.96,0.41,261.23,7.76,5.649143189
1951,Chemcon Special.,147.22,25.45,539.06,0,5.09,-42.22,57.33,5.41,7.01,25.16,9.13,0,4.45,0.26,40.52,5.649143189
1952,Cargosol Logist.,22.62,20.97,23.07,0,0.2,123.53,47.05,-33.92,7.01,21.07,1.22,1.33,0.23,30.22,5.34,5.649143189
1953,Binayaka Tex Pr,2410,35.35,171.11,0,1.83,1933.33,72.19,39.82,7.02,20.34,1.07,0.46,1.32,44.32,14.37,5.649143189
1954,SPP Polymer,12.1,,18.63,4.13,-0.96,-182.76,53.71,-0.61,7.02,17.02,1.8,0.21,1.49,10.51,-9.83,5.649143189
1955,Mega Corp.,2.07,45,41.4,0,0.31,675,1.83,13.66,7.03,16.36,0.25,1.14,0.37,40.75,-21.55,5.649143189
1956,H. S. India,10,12.49,16.23,0,0.62,-15.07,7.09,-1.94,7.04,27.77,5.68,0.45,2.77,14.42,2,5.649143189
1957,Indian CardCloth,188.06,7.31,111.11,0,-0.61,-144,10.41,-1.42,7.04,20.34,6.94,0.01,5.48,4.98,-17.32,5.649143189
1958,S.A.L Steel,37.3,,546.37,0,6.63,-461.64,2.2,-98.86,7.05,53.55,1.04,6.05,-0.73,198.49,-21.07,5.649143189
1959,Indo Euro Indch.,8.87,47.22,8.03,0,0.01,-95.24,1.26,-70.21,7.05,25.16,3.79,0,3.63,0,0.38,5.649143189
1960,Confidence Fut.,37.83,14.7,94.66,0.66,0.2,-92.72,36.32,-41.41,7.05,29.2,4.17,0.78,2.69,128.4,-63.73,5.649143189
1961,Diligent Indust.,2.26,20.65,53.89,0,0.18,28.57,35.86,15.57,7.06,21.1,3.21,0.57,2.18,38.03,-16.89,5.649143189
1962,Spenta Intl.,93.7,,25.9,1.07,-0.22,-151.16,9.07,-34.98,7.06,21.02,1.63,0.89,2.11,25.68,3.47,5.649143189
1963,Amrapali Inds.,13.69,14.05,70.38,0,3.06,1033.33,15002.88,30.77,7.07,29.2,0.67,4.5,1.13,152.01,-6.34,5.649143189
1964,Sancode Tech.,266.3,97.62,108.36,0,-0.11,122,7.46,29.51,7.07,21.92,2.53,0.25,10.64,1.36,-2.51,5.649143189
1965,Uma Converter,16,12.72,32.44,0,2.13,-6.58,119.71,4.53,7.09,17.02,1.7,0.92,1.56,71.12,8.27,5.649143189
1966,Worth Investment,2.67,45.4,98.98,0,0.8,50.94,1.86,43.08,7.1,23.06,25,0.4,3.04,17,-4.25,5.649143189
1967,Rapid Invest.,65.66,26.15,14.12,0,0.02,-66.67,0.35,-33.96,7.11,19.69,0.02,0,2.52,0,1.51,5.649143189
1968,Kesar Petroprod.,23.97,13.87,231.73,0,2.92,-0.68,41.02,-17.4,7.11,15.16,1.52,0.4,4.25,61.94,13.16,5.649143189
1969,Sahyadri Industr,239.6,11.58,267.62,0.42,4.97,606.58,144.67,10.7,7.12,11.58,2.69,0.09,3.53,35.01,53.89,5.649143189
1970,Kabra Extrusion,210.75,,729.78,1.19,-4.98,-170.74,110.34,-8.94,7.12,27.98,1.58,0.32,3.23,143.04,42.86,5.649143189
1971,Ambani Orgochem,129.9,157.92,99.49,0,0.19,110.67,110.56,34.9,7.12,25.16,1.06,1.06,0.01,60.67,10.82,5.649143189
1972,Stovec Inds.,1628.15,49.32,340.28,7.06,0.16,-89.54,51.42,-8.21,7.14,27.98,3.86,0,4.21,0,-1.93,5.649143189
1973,Shri Krishna,36.4,17.27,101.92,0,1.31,32.32,6.08,3.23,7.14,25.46,1.79,0.43,2.49,38.09,13.2,5.649143189
1974,Stratmont Indus.,69.09,71.34,196.9,0.14,1.57,1470,41.76,89.82,7.15,29.2,1.55,0.61,2.28,18.76,-23.4,5.649143189
1975,Salguti Industri,30,64.64,22.62,0,0.07,114,30.18,22.33,7.15,17.02,1.7,4.14,0.29,37.87,-0.67,5.649143189
1976,Uniroyal Ind,18.65,,15.43,0,0.39,200,28.06,8.26,7.15,20.34,1.36,0.89,1,16.89,5.92,5.649143189
1977,Rachana Infra.,37.3,15.52,69.39,0,0.67,123.33,47.62,60.17,7.15,15.51,4.85,0.17,3.25,17.16,-0.49,5.649143189
1978,Agribio Spirits,262,81.95,285.17,0.1,1.1,-5.98,7.83,-0.25,7.17,32.45,14.42,0.22,5.75,14.19,-4.92,5.649143189
1979,East Buildtech,41.51,,7.79,0,-0.48,-269.23,0.04,0,7.18,25.46,25.82,0,4.81,0.01,0.42,5.649143189
1980,Sharpline Broadc,11.25,3.7,32.21,0,7.56,2800,20.52,97.12,7.2,26.62,1.73,1.31,2.44,22.37,-6.12,5.649143189
1981,Calcom Vision,74.09,33.21,103.62,0,-0.85,-138.64,55.13,23.44,7.21,35.77,1.17,0.71,1.52,61.56,11.12,5.649143189
1982,Bhagawati Gas,2.21,,3.7,0,-0.25,-112.25,0,-100,7.22,28.49,2.37,0.25,0.69,3.47,-2.6,5.649143189
1983,Duroply Indust.,124.35,18.63,134.89,0,1.43,17.21,93.06,3.61,7.23,29.8,1.35,0.52,2.45,78.93,-2.93,5.649143189
1984,IFL Enterprises,0.38,5.48,47.31,0,-0.35,-185.37,0,-100,7.27,29.2,2.67,0.01,4.44,1.42,-27.24,5.649143189
1985,Phosphate Co,135,10.17,48.7,0,4.22,-10.21,70.95,32.1,7.28,17.16,1.23,0.43,2.78,37.17,-5,5.649143189
1986,PTL Enterprises,37.37,11.86,494.17,4.68,8.93,6.31,16.09,0,7.29,19.69,0.13,0.01,3.32,9.28,26.47,5.649143189
1987,Suryaamba Spinni,115.95,10.76,33.99,0.86,0.92,-4.17,49.31,-11.07,7.29,20.34,1.7,0.49,0.94,31.41,13.97,5.649143189
1988,Eldeco Housing,816,37.29,845.39,1.1,13.67,136.92,43.08,24.29,7.29,25.46,1.86,0.27,2.87,105.12,-6.94,5.649143189
1989,Guj. Craft Inds,98.75,21.46,48.28,1.01,0.05,-37.66,49.6,-6.42,7.31,17.02,1.33,1.06,1.81,67.78,6.02,5.649143189
1990,Sreeleathers,184.95,16.75,408.84,0.54,7.53,21.67,60.9,9.89,7.31,33.72,1.13,0,4.88,2.4,27.27,5.649143189
1991,Vijay Solvex,482.05,10.08,154.38,0,5.37,-28.11,605.06,11.19,7.32,21.1,3.43,0.15,4.65,53.58,-22.32,5.649143189
1992,Enkei Wheels,407.6,105.42,732.65,0,4.21,365.32,245.38,25.71,7.34,23.73,0.98,1.1,1.23,249.87,43.7,5.649143189
1993,Samkrg Pistons,110.5,15.28,108.51,0.45,1.54,-31.25,66.46,15.06,7.35,23.73,1.83,0.29,2.12,57.51,18.04,5.649143189
1994,Fedders Holding,39.77,13.22,801.03,0,36.7,887.6,79.68,-10.21,7.37,16.36,5.87,0.09,5.87,62.5,-236.7,5.649143189
1995,Starteck Fin.,247.85,11.73,242.59,0.1,7.48,106.06,10.18,16.21,7.37,16.36,0.24,1.08,2.45,274.88,27.43,5.649143189
1996,Yasons Chemex,10,25.39,19.3,0,1.02,-45.74,49.27,67.7,7.37,15.22,2.45,0.31,2.84,13.05,-2.45,5.649143189
1997,Garment Mantra,1.52,7.31,67.56,0,4.27,2272.22,98.91,348.37,7.38,21.02,1.86,0.36,2.37,23.94,14.99,5.649143189
1998,Mega Flex Plast.,147.45,36.65,178.87,0,1.66,690.48,29.38,70.02,7.38,17.02,5.04,0.01,5.05,0.84,-3.59,5.649143189
1999,Pentagon Rubber,62,20,47.8,0,0.63,-32.26,26.74,10.04,7.38,18.37,2.81,0.88,4.63,28.77,5.81,5.649143189
2000,Banswara Syntex,111.36,14.91,381.41,0.9,14,38.07,339.95,0.31,7.39,20.34,1.38,0.9,1.93,503.9,77.22,5.649143189
2001,UFO Moviez,63.2,12.4,244.59,0,6.39,-57.37,131.37,-5.28,7.39,113.43,1.75,0.3,1.62,93.58,50.08,5.649143189
2002,Vinayak Polycon,20.03,32.46,6.17,0,0.01,-83.33,4.68,-23.03,7.4,17.02,1.89,0.64,2.29,3.26,2.31,5.649143189
2003,Sangam Finserv,40,32.54,186.45,0,1.29,-64.36,4.41,-36.46,7.4,16.36,9.56,0.21,4.16,29.84,28.81,5.649143189
2004,SwarnsaritaJewel,31.12,6.14,64.98,0,1.67,-27.07,217.84,-0.37,7.4,19.16,2.61,0.56,2.42,80.22,11.91,5.649143189
2005,Salona Cotspin,265.3,14400.86,144.01,0.38,0.33,-79.11,155.49,-1.77,7.41,20.34,1.12,2.78,0.87,237.13,63.74,5.649143189
2006,Capital Trade Lk,15.26,27.6,196.49,0,1.02,-54.05,5.66,-11.98,7.42,16.36,0.37,1.84,1.03,137.49,17.93,5.649143189
2007,Orient Tradelink,18.94,523.33,73.27,0,0.4,-14.89,3.17,-15.24,7.42,113.43,2.22,0.15,2.64,5.01,0.1,5.649143189
2008,Sh. Ajit Pulp,248.5,9.04,221.05,0,7.53,304.84,176.81,46.43,7.43,19.47,1.32,1.05,1.69,273.29,7.98,5.649143189
2009,Baba Arts,14.7,77.95,77.17,0,0.05,-82.14,2.66,148.6,7.44,113.43,9.22,0,5.02,0,-6.41,5.649143189
2010,ARC Finance,0.5,,43.58,0,-0.01,-101,1.58,-76.31,7.44,34.92,10.22,0.15,3.85,14.74,-40.34,5.649143189
2011,Fervent Synerg.,18,26.09,90,0,2.14,-8.94,9.78,-62.86,7.47,29.2,1170.25,0,7.44,0.03,-15.08,5.649143189
2012,Smiths & Founder,4.21,39.04,42.94,0,0.24,-35.14,3.4,5.59,7.47,23.78,2.26,0.05,4.64,0.99,2.04,5.649143189
2013,Rodium Realty,160.2,5.12,52.03,0,1.96,28.1,29.05,73.12,7.47,25.46,1.64,5.29,2.19,112.4,5.68,5.649143189
2014,Ranjeet Mechatr.,6,12.24,24,0,0.39,162.9,14.88,380,7.47,15.51,2.77,0.4,1.99,8.67,2.64,5.649143189
2015,Ambassador Intra,50.35,61.94,10.53,0,0.12,1100,1.75,,7.48,29.2,2.46,0.47,3.81,3.39,-0.47,5.649143189
2016,Mangalam Organic,400.4,12.5,344.88,0,4.33,18.96,164.3,32.59,7.48,15.16,1.09,1.14,2.27,351.95,-7.84,5.649143189
2017,Royale Manor,30.52,22.93,60.53,0,0.78,18.18,6.58,8.22,7.49,27.77,1.48,0.17,4.38,10.62,0.09,5.649143189
2018,Ambica Agarbat.,23.66,57.71,39.82,0,0.56,47.37,54.04,49.9,7.49,27.13,2.94,0.75,0.22,83.72,1.42,5.649143189
2019,Beekay Steel Ind,363,11.15,692.31,0.28,13.84,-32.55,287.92,6.25,7.52,17.86,1.77,0.28,4.58,297.73,146.91,5.649143189
2020,IBL Finance,47.3,52.22,116.98,0,1.24,-8.15,8.16,38.78,7.53,16.36,16.99,0.62,2.63,37.25,-45.93,5.649143189
2021,Daulat Securitie,27.51,,13.76,0,0.03,104.41,0.22,142.31,7.54,34.92,9.29,0,6.73,0,-2.22,5.649143189
2022,Tilak Ventures,0.89,16.3,119,0,0.17,-81.72,2.03,244.07,7.55,23.06,128.16,0,5.53,0,1.71,5.649143189
2023,Generic Engineer,43.35,19.26,246.93,0,2.46,35.16,80.59,-13.61,7.55,25.46,1.91,0.23,1.77,67.56,8.72,5.649143189
2024,XT Global Infot.,29.6,43.71,401.28,0.17,3.7,-20.65,92.49,88.56,7.55,20.79,2.73,0.27,4.08,51.31,16.7,5.649143189
2025,Sanmit Infra,6.31,52.2,99.7,0,0.55,61.76,23.97,-34.13,7.56,13.11,2.76,0.47,2.77,17.25,4.42,5.649143189
2026,Jetking Infotrai,119.45,251,75.3,0,-2.61,-299.24,4.67,-15.4,7.56,20.99,1.82,0.03,5.34,1.49,-0.51,5.649143189
2027,Sagardeep Alloys,22.68,20.25,38.69,0,0.32,-65.52,39.2,43.22,7.56,18.25,1.79,0.45,2.98,13.79,3.91,5.649143189
2028,Aelea Commoditi.,119.05,39.82,242.49,0,8.7,55.91,173.69,97.96,7.56,24.87,1.33,0.01,1.88,1.33,9.47,5.649143189
2029,Sandesh,926.25,6.18,698.57,0.54,39.05,293.24,76.66,-2.74,7.57,9.36,20.09,0,5.54,0,67.69,5.649143189
2030,Indl.& Prud.Inv.,5266,14.11,882.5,2.09,15.77,8.16,1.43,-9.49,7.57,23.06,1.88,0,7.3,0,11.61,5.649143189
2031,Mafia Trends,7,4.08,3.1,0,0.44,388.89,10.06,281.06,7.59,25.47,2.08,0.45,2.71,3.75,-2.04,5.649143189
2032,Incap,82.23,50.82,42.18,1.22,0.14,-30,7.28,-56.9,7.61,23.45,1.4,0.09,2.79,1.51,-2.11,5.649143189
2033,Indo Cotspin,25.12,1793.57,17.94,0,0.01,-80,10.14,-1.17,7.62,20.34,2.72,0.28,4.84,2.04,-0.76,5.649143189
2034,Gabriel Pet,173,36.05,129.4,0,2.24,966.67,54.55,895.44,7.62,22.94,6.33,0.14,4.72,7.67,-30.74,5.649143189
2035,Remi Edelstahl,136.25,83.84,171.87,0,0.39,-53.01,34.12,-20.48,7.63,17.86,1.87,0.67,3.27,31.47,24.18,5.649143189
2036,Shah Metacorp,4.7,54.03,416.05,0,0.72,-77,50.04,25.54,7.63,17.86,2.81,0.21,5.78,64.7,-46.84,5.649143189
2037,R R Fin. Cons.,76.86,9.56,85.01,0,2.37,10350,7.93,56.41,7.63,16.36,2.29,0.35,4.37,18.41,0.99,5.649143189
2038,Grovy India,37.19,22.34,49.6,0.27,0.54,-70.33,3,-84.73,7.63,25.46,1.85,0.75,4.53,16.49,-13.42,5.649143189
2039,Amco India,63.05,41.8,25.92,0,0.15,-77.27,28.53,-0.04,7.64,18.25,1.91,0.3,3.61,11.47,-3.99,5.649143189
2040,Galada Finance,21.36,17.8,6.41,0,0.1,233.33,0.7,84.21,7.64,16.36,2.72,1.56,2.22,9.18,-2.26,5.649143189
2041,Omega Interactiv,54.06,18.58,140.09,0,3.14,881.25,37.78,,7.65,35.78,6.55,0,3.81,0,-11.15,5.649143189
2042,Pruden. Sugar,11.53,6.37,36.64,0,1.77,59.46,66.66,106.38,7.66,11.31,4.16,0.41,3.3,47.2,-19.83,5.649143189
2043,Rana Sugars,11.56,5.36,177.22,0,12.72,-30.21,429.36,9.99,7.67,11.31,1.2,0.43,2.1,241.11,54.55,5.649143189
2044,BCPL Railway,60.27,13.6,100.79,1.66,0.56,20.83,27.2,-28.68,7.67,15.51,1.81,0.76,2.79,73.2,-5.77,5.649143189
2045,Bandaram Pharma,27.5,126.73,49.43,0.36,0.35,2000,14.84,48.4,7.67,36.86,2.32,1.71,2.79,21.89,-4.93,5.649143189
2046,Solid Stone Co,25.38,34.13,13.65,0,0.04,-85.71,4.7,-44.84,7.68,11.58,1.94,0.87,1.5,19.54,4.05,5.649143189
2047,Saumya Cons,153.3,,105.88,0,1.08,137.37,3.7,43.97,7.69,16.36,186.25,0,7.6,0.61,-0.18,5.649143189
2048,Sona Machinery,31.05,20.49,42.62,0,0.9,-66.29,43.41,8.99,7.7,27.98,2.2,0.01,4.12,0.99,-18.68,5.649143189
2049,United Drilling,152.16,16.92,304.21,1.18,5.45,108.02,50.44,45.03,7.71,27.98,2.77,0.11,4.32,30.21,8.38,5.649143189
2050,Econo Trade Indi,6.55,4.78,12.22,0,0.64,28,1.51,11.85,7.71,16.36,29.14,0.26,3.16,12.23,5.64,5.649143189
2051,Bhatia Colour,162.95,47.6,230.4,0,3.15,54.15,72.3,21.53,7.73,25.33,3.32,0.09,3.22,9.01,-6.91,5.649143189
2052,Rite Zone,15.9,14.61,6.72,0,0.18,-70.97,11.75,-17.6,7.73,25.33,3.43,0.09,4.31,1.44,-0.03,5.649143189
2053,Suryalata Spg.,317.1,4.11,135.3,0.63,13.5,302.99,126.19,3.75,7.74,20.19,2.39,0.18,3.97,49.13,29.32,5.649143189
2054,Indo Farm Equip.,125.99,20.56,606.07,0,5.56,39.7,105.87,10.09,7.74,26.35,2.66,0.33,3.34,180.07,53,5.649143189
2055,Sundaram Brake,529.95,,208.2,0.28,-1.24,-203.37,84.19,-4.65,7.75,24.49,1.33,0.41,2.4,38.96,0.13,5.649143189
2056,Star Paper Mills,130.95,5.26,205.33,2.67,8.22,6.61,91.82,-5.81,7.76,19.86,6.65,0.01,4.87,4.49,14.84,5.649143189
2057,Banaras Beads,110,38.3,72.39,2.05,0.58,16,7.72,34.49,7.76,19.58,2.9,0.27,4.89,15.52,4.97,5.649143189
2058,Informed Techn.,87.01,24.85,36.28,0,0.33,135.87,0.21,-44.74,7.76,21.26,69.95,0.02,4.64,0.35,-1.26,5.649143189
2059,Vascon Engineers,31.64,9.42,723.96,0,9.28,-35.51,249.4,-15.4,7.76,25.29,1.9,0.24,3.43,275.42,4.75,5.649143189
2060,Airo Lam,87.41,15.28,131.14,0,1.58,27.42,69.67,26.63,7.78,29.51,1.34,1.09,1.73,87.32,17.21,5.649143189
2061,Rama Phosphates,115.83,7.85,412.85,0.43,14.03,283.33,238,32.5,7.81,17.51,2.01,0.26,2.17,103.1,39.9,5.649143189
2062,Leading Lea. Fin,1.62,3.22,91.3,0,18.35,2721.43,64.13,594.05,7.82,16.6,33.76,2.44,1.02,454.4,-380.75,5.649143189
2063,Mysore Petro,83.97,1105.65,55.28,2.38,-1.91,-130.32,18.34,187.01,7.82,57.85,6.19,0,0.99,0.19,-7.37,5.649143189
2064,BPL,47.1,4.58,230.78,0,0.16,-48.39,19.19,-0.67,7.85,35.15,0.74,0.42,-4.57,105.5,9.15,5.649143189
2065,Pasupati Spinng.,28.15,27.97,26.29,0,0.27,-44.9,25.66,1.38,7.85,20.19,1.04,1.66,1.67,52.8,4.37,5.649143189
2066,On Door Concepts,132.5,8.67,74.84,0,3.92,27.69,136.41,12.42,7.86,38.49,2.87,0.09,6.37,9.23,4.96,5.649143189
2067,Jay Bharat Maru.,85.88,11.26,930.84,0.82,17.9,471.43,645.49,9.28,7.87,24.49,0.73,1.03,1.91,615.98,199.37,5.649143189
2068,Mohite Industrie,2.33,16.78,46.83,0,1.24,22.77,45.96,23.18,7.87,20.19,3.36,1.03,2.07,118.11,31.69,5.649143189
2069,Axel Polymers,46.5,30.82,51.15,0,-0.62,18.42,8.86,-20.25,7.88,21.75,1.28,2.09,0.26,31.82,-3.66,5.649143189
2070,Oriental Aromat.,252.65,1145.93,847.98,0.2,-1.92,-126.89,251.56,13.03,7.89,25.33,1.58,0.6,3.22,398.47,-34.29,5.649143189
2071,Southern Infocon,20.75,,10.41,0,-0.09,-175,2.61,-57.21,7.9,20.51,1.12,0,0.91,0,-2.8,5.649143189
2072,Tracxn Technolo.,32.14,,342.73,0,-0.81,-94.37,21.04,-1.64,7.9,,2.43,0,-6.49,0,14.27,5.649143189
2073,Ramdevbaba Sol.,81.55,13.75,186.43,0,6.24,-17.87,385.6,-4.01,7.9,21.81,1.32,2.19,3.69,346.88,-0.74,5.649143189
2074,Hilton Met.Forg.,15.64,10.14,79.52,0,1.42,215.56,69.84,73.34,7.92,24.33,1.89,0.57,3.05,67.44,2.73,5.649143189
2075,Accel,11.38,27.23,65.52,2.64,-0.15,58.02,40.28,5.25,7.93,20.51,0.89,0.96,0.67,64.8,11.41,5.649143189
2076,Amanaya Ventures,20,39.37,7.48,0,0.17,-37.04,14.73,-24.23,7.93,,17.81,0,5.5,0,0.39,5.649143189
2077,Diligent Media,3.29,34.37,38.49,0,-0.3,-111.81,1.41,-17.54,7.94,820.93,33.72,,4.75,436.27,2.93,5.649143189
2078,Hind.Tin Works,98.8,9.95,102.75,0.81,2.4,-21.82,87.73,-1.16,7.95,17.01,1.92,0.42,3.76,90.83,55.65,5.649143189
2079,Auri Grow India,0.3,13.26,44.29,0,-0.3,-110.75,0,-100,7.95,27.66,2.63,0.14,4.18,22.3,-105.85,5.649143189
2080,Bloom Industries,30.05,38.36,19.95,0,0.06,0,0,-100,7.96,18,0.72,0.51,1.92,5.19,8.75,5.649143189
2081,Nitiraj Engineer,217.96,136.24,223.43,0.69,0.39,-94.01,11.31,-69.5,7.96,35.15,6.29,0,4.98,0.02,14.2,5.649143189
2082,Teesta Agro Ind.,108,6.88,60.59,0,2.95,56.91,89.8,38.41,7.97,17.51,2.65,0.02,3.72,2.36,9.98,5.649143189
2083,Speciality Rest.,96.49,19.25,464.01,1.04,8.67,20.75,128.7,7.8,7.97,62.42,2.55,0.43,3.41,144.58,73.21,5.649143189
2084,Smruthi Organic,112.25,25.9,128.48,1.34,1.4,19.59,22.29,-28.67,7.98,27.23,2.29,0.13,3.1,9.29,9.98,5.649143189
2085,Shubhlaxmi Jewel,26,10.56,27.57,0,2.63,182.8,22.38,-6.67,7.98,19.58,2.17,0.49,2.32,12.26,-1.7,5.649143189
2086,Gayatri Projects,13.33,1.2,249.54,0,2157.08,2624.37,505.84,456.91,7.99,15.67,0.52,,4.44,3612.22,276.92,5.649143189
2087,Covance Softsol,171.3,14.51,379.35,0,12.61,1241.49,36.83,8.01,8.01,20.51,5.76,0,2.85,0,18.43,5.649143189
2088,Haryana Leather,54.77,13.11,26.88,1.83,0.57,-6.56,11.78,-6.51,8.02,15.36,3.24,0.01,4.64,0.52,0.19,5.649143189
2089,Marvel Decor,56.4,26.9,100.05,0,2.06,-8.3,36.97,19.64,8.02,26.9,2.21,0.3,4.59,19.67,-4.56,5.649143189
2090,Last Mile Enter.,3.6,9.03,128.07,0.56,2.58,-72.17,375.02,424.06,8.02,16.6,2.26,0.11,4.22,40.67,-196.99,5.649143189
2091,Mangalam Drugs,30.2,,47.74,0,-9.78,-798.57,58.49,-34.07,8.03,27.23,0.94,0.74,1.92,94.92,42.76,5.649143189
2092,A G Universal,72.9,39.98,39.98,0,0.49,-42.35,32.08,7.08,8.03,18,1.58,1.12,1.83,21.51,-3.63,5.649143189
2093,Emmbi Industries,76.3,18.22,147.59,0.39,1.13,2.27,111.97,8.82,8.04,17.01,1.3,0.84,1.66,164.99,24.92,5.649143189
2094,Inter State Oil,33.13,19.23,16.54,0,0.21,-66.67,26.19,23.25,8.04,11.35,1.22,1.46,2.33,28.93,8.88,5.649143189
2095,Austin Engg Co,104.9,8.06,36.5,0,0.97,19.75,28.54,15.36,8.04,27.66,3.07,0.01,3.94,0.62,6.68,5.649143189
2096,Bombay Cycle,1663,50.01,66.52,0.3,0.46,1433.33,3.29,14.24,8.05,29.44,4.06,0.02,6.07,0.5,2.3,5.649143189
2097,Deep Polymers,32,15.48,77.38,0,1.77,-5.85,25.75,3.21,8.06,25.33,2.9,0.36,3.85,33.28,19.91,5.649143189
2098,Retina Paints,53.5,71.36,82.07,0,0.2,-42.86,8,37.22,8.06,31.7,2.78,0.31,2.94,10.56,-10.79,5.649143189
2099,Kabsons Industri,14.14,17.64,24.7,0,0.59,3050,11.01,-0.63,8.07,29.44,1.07,0.02,5.38,0.26,2.55,5.649143189
2100,Flexituff Vent.,6.4,,20.11,0,-29.32,-87.83,-0.27,-100.43,8.07,20.19,0.47,,0.31,269.04,-318.98,5.649143189
2101,Bhageria Indust.,141.43,12.3,615.25,1.06,10.84,-7.9,241.54,41.79,8.07,15.84,2.7,0.13,4.63,73.62,49.49,5.649143189
2102,Presstonic Engi.,34.3,9.41,52.88,0,0.33,107.45,20.17,554.87,8.08,27.66,1.76,0.65,1.95,16.93,-3.21,5.649143189
2103,Crimson Metal,50.82,204.55,22.5,0,0.04,-20,1.85,-7.96,8.11,18,0.23,2.97,0.4,16.84,-0.36,5.649143189
2104,Rajnandini Metal,3.45,,95.39,0,0.51,500,61.84,-73.43,8.11,15.21,1.78,0.28,-1.39,15.39,62.45,5.649143189
2105,Benchmark Comp.,21,6.58,14.41,0,1.52,47.57,28.63,50.84,8.11,22.28,2.06,0.06,4.02,1.68,-3.89,5.649143189
2106,Yash Chemex,60.22,26.59,61.68,0,1.14,200,34.3,25.5,8.13,57.85,2.21,0.35,3.49,13.77,-0.74,5.649143189
2107,Danube Industrie,4.16,22.13,37.85,0,0.48,128.57,32.6,-6.62,8.14,29.44,1.77,0.45,2.48,15.58,-17.99,5.649143189
2108,Vibhor Steel,113.12,20.01,213.34,0,1.66,-51.6,301.5,21.94,8.14,18,1.31,1.01,2.67,194.17,35.92,5.649143189
2109,Walchand People,96.8,7.21,28.11,1.03,1.36,518.18,9.24,12.27,8.15,34.92,2.92,0.01,5.51,0.21,0.23,5.649143189
2110,Kanoria Energy,13.95,,118.98,0.36,0.07,75,55.67,-9.26,8.15,27.04,1.23,1.12,1.24,104.66,22.95,5.649143189
2111,Regency Fincorp,25.57,15.08,188.07,0,3.4,230.1,8.63,67.25,8.15,35.19,0.48,0.76,2.83,104.04,11.39,5.649143189
2112,Clinitech Lab,38,18.44,8.67,0,0.3,36.36,5.08,24.51,8.15,35.08,4.99,0.02,4.17,0.17,-0.88,5.649143189
2113,Zim Laboratories,67.68,50.76,354.83,0,4.4,10,108.66,12.8,8.16,27.23,1.41,0.48,2.65,121.48,41.15,5.649143189
2114,Ladderup Finance,49.05,32.1,52.01,0,-0.24,31.33,4.21,9.64,8.19,16.6,3.5,0.31,4.03,23.76,10.42,5.649143189
2115,Accuracy Shippi.,3.99,24.7,61,0,0.69,-28.87,157.54,-38.03,8.19,21.18,1.42,1.08,1.57,131.43,0.56,5.649143189
2116,HB Estate Devel.,63.63,11.48,146.1,0,6.5,34.85,33.46,6.53,8.2,25.29,0.68,1.49,2.16,267.52,34.71,5.649143189
2117,Crystal Business,1.61,,16.14,0,-1.72,-223.74,0.9,-77.39,8.2,15.95,2.13,0.01,3.63,0.15,-3.5,5.649143189
2118,Maruti Infra.,7.91,28.74,74.16,0,0.26,-45.83,12.35,-11.09,8.21,15.67,1.91,0.72,3.08,20.19,3.01,5.649143189
2119,Vishvprabha Ven.,42,,13.1,0,-0.75,-7600,0.98,-61.57,8.21,19.48,1.02,2.15,-0.57,16.92,-1.27,5.649143189
2120,IKIO Tech,116.98,47.61,904.5,0,10.77,16.62,145.59,19.81,8.22,35.15,3.46,0.1,4.85,59.04,35.05,5.649143189
2121,Panabyte Tech,31.8,96.71,21.28,0,0.02,-60,1.77,-50.7,8.23,22.28,1.58,0.49,0.65,2.96,-1.39,5.649143189
2122,Vamshi Rubber,43.2,18.56,18.19,0,0.12,33.33,18.86,-7.82,8.24,23.64,1.12,1.3,1.6,19.83,-0.39,5.649143189
2123,S I Cap. & Fin.,38,41.72,19.19,0,-0.11,-168.75,0.93,45.31,8.26,19.48,1.72,1.07,1.46,6.23,-1.88,5.649143189
2124,Neelamalai Agro,3200,7.46,199.06,0.94,9.42,6.8,7.17,22.35,8.26,19.61,4.31,0,8.01,0,-3.98,5.649143189
2125,Kenvi Jewels,2.26,24.62,28.56,0,0.46,58.62,52.85,12.71,8.26,19.58,2.49,0.63,3.16,9.94,3.38,5.649143189
2126,IRM Energy,199.19,18.2,816.37,0.75,13.98,38.42,265.05,5.7,8.26,14.28,2.33,0.08,3.37,81.71,93.72,5.649143189
2127,Batliboi,77,31.03,361.84,0.78,-1.83,705.88,124.32,30.12,8.27,27.66,1.45,0.4,3.12,90.76,2.27,5.649143189
2128,Adeshwar Meditex,16.98,11.84,24.5,0,0.73,-18.89,30.06,-26.5,8.27,49.83,2.65,0.16,2.91,6.1,3.8,5.649143189
2129,Sahaj Fashions,4.25,5.96,5.6,0,0.51,,53.36,,8.27,20.19,1.87,1.07,1.19,36.17,-7.3,5.649143189
2130,Bhagyanagar Ind,145.83,12.91,468.29,0,12.84,221.8,577.32,46.35,8.28,95.23,1.68,1.63,2.68,368.73,-143.53,5.649143189
2131,K&R Rail Engine.,22.7,,86.51,0,-0.85,-113.34,11.78,-92.24,8.29,15.67,5.29,0,2.1,0,-21.72,5.649143189
2132,Prime Capital Ma,5.74,5.13,5.74,0,0.05,266.67,1.02,,8.29,16.6,14.24,0.54,5.1,5.76,0.02,5.649143189
2133,Adcon Capital,0.43,6.18,8.53,0,0.09,-72.73,0.62,5.08,8.3,16.6,0.02,0,5.68,0,-1.3,5.649143189
2134,Nimbus Projects,193.05,,372.95,0,-41.22,-173.9,2.26,3.2,8.3,25.29,1.19,0.77,3.11,221.17,-120.97,5.649143189
2135,Sita Enterprises,163.7,9.35,49.11,0,0.47,158.02,0.68,188.31,8.31,29.44,2.85,0,7.43,0,-0.48,5.649143189
2136,Marg Techno-Proj,30.84,75.5,43.79,0,0.18,12.5,1.54,10.79,8.32,16.6,1.47,1.87,1.23,24.07,-4.14,5.649143189
2137,Bhavik Enterpris,149.7,89.9,304.76,0,4.26,-34.96,294.28,15.97,8.33,57.85,2.14,0,3.67,0,-32.96,5.649143189
2138,Bafna Pharma.,125.94,26.31,301.3,0,1.84,91.67,38.29,15.37,8.34,27.23,1.67,0.36,4.24,32.4,22.14,5.649143189
2139,Kirl. Electric,83.35,29.79,552.03,0,4.1,2001.75,151.42,26.45,8.35,24.22,0.37,0.83,-0.97,104.41,35.76,5.649143189
2140,Krypton Industri,32.44,46.29,47.68,3.08,0.71,554.55,12.59,15.5,8.36,23.25,1.98,0.68,0.67,20.57,5.41,5.649143189
2141,Safa Systems,18.06,17.35,45.11,0,1.01,-54.5,181.12,-36.7,8.39,29.44,1.44,1.07,4.02,41.59,5.55,5.649143189
2142,GeeCee Vent.,263.2,24.2,542.31,0,4.94,-74.68,16.33,-72.2,8.4,25.29,1.96,0,4.93,0,215.65,5.649143189
2143,Gokul Refoils,42.92,21.81,420.29,0,5.25,805.17,1075.61,6.84,8.4,21.81,1.36,0.96,1.84,338.81,17.07,5.649143189
2144,India Home Loans,34.28,376.58,48.96,0,0.01,-87.5,3.31,0,8.42,13.43,5.22,1.11,0.25,46.04,12.3,5.649143189
2145,Advik Capital,1.77,,107.71,0,-20.87,-383.95,-2.83,-122.11,8.42,16.6,1.46,0.84,3.06,148.13,-111.67,5.649143189
2146,Kavveri Defence,60.67,78.65,364.95,0,-0.6,-127.15,1.49,-78.74,8.43,48.02,0.62,0.07,6.14,5.97,0.65,5.649143189
2147,Kamadgiri Fash.,83.5,62.83,49.01,0,0.66,-34,35.02,-21.55,8.49,20.19,1.53,0.58,1.46,20.82,22.21,5.649143189
2148,Photoquip India,13.5,45.03,8.11,0,0.01,133.33,3.55,-0.56,8.49,27.54,2.89,1.12,1.68,9.1,0.61,5.649143189
2149,Madhav Copper,61.17,50.01,166.03,0,0.76,-16.48,52.8,60.68,8.5,15.21,1.63,0.87,6.7,40.35,3.22,5.649143189
2150,Aarti Surfactant,352.85,16.55,295.88,0.28,3.66,357.5,207.79,27.65,8.5,25.33,1.36,0.5,2.58,118.19,11.14,5.649143189
2151,Indian Phosphate,52.5,9.54,131.19,0,10.17,156.17,499.13,16.52,8.51,25.33,1.66,0.42,2.67,73.13,10.52,5.649143189
2152,Innomet Advanced,74.35,44.13,96.21,0,2.02,18.13,23.53,60.72,8.51,27.11,3.32,0.27,3.93,11.89,-18.47,5.649143189
2153,W I Plywoods,149.99,59.76,127.3,0.8,0.83,-5.68,31.45,1.85,8.52,29.51,1.93,0.44,3.62,19.82,1.88,5.649143189
2154,Supra Pacific,24.2,22.92,133.17,0.83,2.09,4080,24.33,104.45,8.53,16.6,6.69,3.77,0.5,292.1,-118.41,5.649143189
2155,Super Tannery,5.94,9.08,64.13,0.84,1.16,-33.33,59.87,-18.44,8.54,23.94,1.04,0.59,2.49,63.3,45.99,5.649143189
2156,Inflame Applian.,274.95,35.33,205.96,0,3.52,334.57,76.32,43.49,8.55,34.62,1.54,0.8,2.69,47.8,1.66,5.649143189
2157,3B Films,19.85,45.11,49.17,0,-0.95,-131.56,25.72,-44.57,8.55,17.01,2,1.98,3.28,99.92,14.89,5.649143189
2158,Alpine Housing,88.06,26.3,152.53,0,2.17,26.9,22.23,-0.04,8.57,25.29,1.84,0.15,3.58,12.9,5.41,5.649143189
2159,Priti Internati.,37.93,32.26,50.65,0,0.18,-87.59,4.83,-77.7,8.58,26.9,6.55,0,5.6,0,-6.18,5.649143189
2160,Maris Spinners,28.45,,23.25,0,-0.83,-2.47,41.24,-2.53,8.59,20.19,0.76,3.72,-0.96,70.16,14.54,5.649143189
2161,Mitcon Consult.,53.27,18.34,92.79,0,1.6,419.23,26.55,19,8.59,34.92,1.73,0.69,2.19,104.11,20.62,5.649143189
2162,Poddar Pigments,213.66,14.78,224.13,1.87,2.25,-54.55,91.74,1.49,8.6,15.84,4.77,0,5.71,0,12.22,5.649143189
2163,RRIL,15.56,24.37,188.6,0,1.74,-21.97,33.37,3.96,8.61,20.19,3.92,0.07,5.29,7.98,-1.34,5.649143189
2164,Graphisads,33.4,8.9,61.04,0,2.72,-41.51,60.38,-22.37,8.61,26.99,2.12,0.48,4.92,50.52,6.56,5.649143189
2165,Aik Pipes & Poly,21.7,,13.81,0,-0.75,-162.5,1.89,-88.09,8.62,21.75,3.11,0.25,3.96,5.58,0.43,5.649143189
2166,Ambo Agritec,24.79,36.72,49.2,0,1.38,8.53,61.73,19.54,8.63,21.81,2.09,0.38,2.27,20.97,-24.93,5.649143189
2167,Market Creators,10.45,,10.97,0,0.02,-83.33,1.19,-32.39,8.64,35.19,1.67,0.73,0.53,7.63,0.14,5.649143189
2168,Pradhin,0.2,1.94,20.3,0,-0.21,-127.63,0,-100,8.64,18,10.42,0.38,5.73,46.04,-137.76,5.649143189
2169,Vipul Organics,175.1,58.33,333.65,0.46,1.85,27.59,46.14,11.42,8.64,25.33,1.44,0.7,2.84,60.2,0.62,5.649143189
2170,Coromandel Engg.,81.54,133.54,284.43,0,0.04,-94.03,6.16,-7.78,8.65,25.29,1.09,1.57,0.54,20.34,-1.63,5.649143189
2171,Moneyboxx Fin.,62.25,,433.23,0,0.35,75,54.62,5.57,8.65,16.6,0.23,2.44,0.15,638.91,-224.9,5.649143189
2172,Apollo Sindoori,1065.5,21.66,277.08,0.23,0.76,93.01,161.4,14.48,8.69,27.58,1.53,0.54,2.38,82.17,21.33,5.649143189
2173,Vedavaag Systems,17.09,7.32,40.1,2.93,1.62,-48.57,26.42,-10.41,8.69,22.28,5.5,0.01,4.79,2.26,0.22,5.649143189
2174,G-Tech Info.,12.24,,4.28,0,-0.01,,0,,8.7,21.26,0.45,0,2.33,0,0.01,5.649143189
2175,Sellwin Traders,5.19,17.59,121.89,0,0.57,-25,12.97,-25.55,8.7,19.48,1.86,0.08,4.08,5.68,-13.21,5.649143189
2176,MIC Electronics,32.81,85.2,791.48,0,1.88,-13.36,90.23,667.91,8.71,22.51,1.9,0.2,4.22,45.85,-48.67,5.649143189
2177,Sh. Krishna Pap.,100,44.77,135.22,0,0.47,135,49.91,24.12,8.72,19.86,1.1,0.89,1.22,32.08,1.88,5.649143189
2178,Sh. Digvijay Cem,60.14,25.01,885.46,2.49,-6.97,-44.31,183.34,-1.83,8.73,27.04,1.21,0.39,4.07,142.98,135.01,5.649143189
2179,Jaipan Industrie,32.07,5.86,19.57,0,0.11,120,8.8,11.25,8.73,42.9,2.96,0.65,1.35,4.9,0.07,5.649143189
2180,Ganon Products,16.6,46.94,15.49,0,0.17,1600,1.45,-63.84,8.73,29.44,2.8,1.07,0.14,11.97,-2.72,5.649143189
2181,GIC Housing Fin,142.31,5.32,767.03,3.16,43.61,-12.15,272.63,1.25,8.73,13.43,3.28,4.52,1.6,9021.94,-17.8,5.649143189
2182,Competent Auto,345.5,9.32,212.48,0.29,7.89,67.52,759.45,9.34,8.74,34.68,1.2,1.12,2.99,415.15,70.99,5.649143189
2183,Triton Valves,3382.35,53.27,433.12,0.3,2.64,288.79,152.75,25.57,8.75,24.49,1.18,1.09,1.86,133.05,-12.58,5.649143189
2184,Synoptics Techno,46.1,9.82,39.09,0,3.4,-1.73,29.64,25.59,8.75,22.28,2.26,0.43,3.93,31.2,-0.76,5.649143189
2185,Triumph Intl.,14.46,2.39,10.85,0,0.98,122.73,0,,8.76,35.19,14.53,,2.23,114.29,-4.08,5.649143189
2186,Angel Fibers,12.95,9.2,32.37,0,1.73,4225,110.49,9.29,8.76,20.19,0.91,1.43,2.08,42.35,9.64,5.649143189
2187,Almondz Global,14.31,8.45,245.43,0,12.77,409.05,51.95,56.33,8.77,17.17,2.7,0.2,5.18,50.6,-9.42,5.649143189
2188,Auto Pins (I),151.1,226.94,86.24,0,0.19,216.67,9.33,-1.58,8.78,24.49,1.31,0.6,1.47,5.17,-0.69,5.649143189
2189,Yaan Enterprises,92.5,46.26,28.68,0,0.35,84.21,8.88,416.28,8.78,39.76,15.89,0.17,7.88,0.8,-0.48,5.649143189
2190,Sumedha Fiscal,32.42,5.19,25.89,3.08,0.24,-87.88,27.94,61.04,8.81,35.19,14.61,0,6.66,0,1.63,5.649143189
2191,Pioneer Invest,93,6.7,114.36,0,5.76,286.58,11.93,23.5,8.82,35.19,1.13,0.43,1.85,70.8,-24.62,5.649143189
2192,Chandra Pr. Intl,13.28,,36.84,0,0.16,-100,88.85,-66.49,8.83,29.44,1.19,1.37,1.65,63.08,-5.3,5.649143189
2193,Aspinwall & Co,207.83,29.22,162.49,3.13,7.62,77.18,113.66,26.61,8.84,21.18,1.72,0.44,5.21,81.59,-35.26,5.649143189
2194,Bhartiya Intl.,706.25,25.19,935.14,0,6.7,543.71,365.95,39.16,8.85,23.94,1.43,1.04,1.38,503.82,44.3,5.649143189
2195,Zodiac Vent.,1.38,9.67,11.41,7.25,0.32,45.45,1.23,73.24,8.88,34.92,1.23,0.5,2.1,21.32,3.34,5.649143189
2196,Pil Italica Life,7.44,38.89,174.61,0,0.72,-53.85,29.81,-1.36,8.9,30.23,2.67,0.19,4.89,15.42,21.72,5.649143189
2197,Texmo Pipes,40.47,6.34,116.95,0,4.78,0.8,110,0.15,8.92,21.75,2.19,0.29,5.13,63.76,20.35,5.649143189
2198,Crayons Advertis,30.75,5.62,75.12,0,3.45,-12.01,141.17,43.25,8.93,26.99,1.9,0.22,5.35,26.14,7.58,5.649143189
2199,Mercury Labs,780.4,18.92,93.65,0.45,1,3.36,18.35,-6.23,8.94,27.23,3.43,0.11,4.36,6,4,5.649143189
2200,Indus Finance,44.92,40.39,41.6,1.11,0.29,-16.33,1.37,-9.27,8.95,16.6,6.33,0.82,3.54,18.77,9.86,5.649143189
2201,Hira Automobile,215.15,147.92,59.17,0,0.11,-26.67,53.75,6.84,8.95,29.44,1.43,5.93,0.78,85.77,8.46,5.649143189
2202,Barak Valley,39.44,4251.18,85.02,0,-2.31,-269.85,47.65,-12.92,8.95,27.04,1.25,0.29,2.28,36.17,11.65,5.649143189
2203,Megastar Foods,250.13,33.78,283.06,0,3.07,526.53,141.21,59.36,8.95,20.78,1.05,1.79,1.94,173.96,-9.63,5.649143189
2204,B & A,360,19.61,111.6,0,-5.51,-170.37,80.88,10.13,8.96,19.61,1.53,0.53,4.19,86.85,-2.83,5.649143189
2205,Omax Autos,98.2,9.63,209.96,2.55,12.22,325.78,122.17,32.39,9,24.49,1.49,0.23,1.75,71.51,34.17,5.649143189
2206,Tuni Text. Mills,0.97,42.98,53.73,0,0.32,128.57,44.67,122.35,9.02,20.19,1.36,1.84,1.29,27.13,-1.07,5.649143189
2207,Std. Capital Mkt,0.48,1.57,117.82,0,33.6,174.53,52.65,159.62,9.02,16.6,0.01,4.07,2.56,1315.01,-661.06,5.649143189
2208,Bhandari Hosiery,2.55,12.97,110.62,0.78,2.19,8.42,59.05,-6.27,9.04,20.19,2.13,0.65,2.93,101.57,-25.42,5.649143189
2209,Himatsing. Seide,79.32,6.36,996.63,0.32,7.66,-64.93,611.37,-11.59,9.04,20.19,1.43,1.22,0.32,2561.24,235.13,5.649143189
2210,Vivo Bio Tech,25.92,12.73,57.52,0,1.25,52.44,13.51,10.65,9.04,46.74,2.4,0.58,2.68,56.53,11.83,5.649143189
2211,Containerway Int,15.28,,17.68,0,0.02,120,4.03,-60.91,9.06,21.18,23.49,0.41,4.18,3.73,-10.61,5.649143189
2212,Camex,29.73,19.09,30.35,0,0.82,415.38,36.62,29.81,9.07,15.36,3.99,0.13,3.15,5.7,6.34,5.649143189
2213,Divyadhan Recy.,20.25,413.86,28.97,0,-0.05,-103.52,36.13,14.99,9.07,20.19,1.42,0.27,4.66,9.59,-11.8,5.649143189
2214,Tirupati Sarjan,7.81,5.46,25.77,0,1.41,-7.24,69.02,29.08,9.08,25.29,1.58,0.49,2.49,44.68,16.75,5.649143189
2215,Madhya Prad. Tod,47,6.33,21.47,0,1.44,26.32,11.38,41.54,9.08,9.47,7.28,0.02,6.5,0.95,2.24,5.649143189
2216,Billwin Indust.,31.7,22.08,13.25,0,0.32,-28.89,4.08,44.17,9.09,23.25,5.4,0.09,4.99,1.31,-5.17,5.649143189
2217,Lambodhara Text.,94.88,12.27,99.38,0.53,2.4,57.89,59.08,-2.86,9.1,20.19,3.34,0.32,3.31,39.49,26.54,5.649143189
2218,Transchem,154.85,64.69,189.53,0,0.53,-61.87,0,-100,9.11,27.23,169.04,0,6.7,0,36,5.649143189
2219,Triton Corp.,1.38,29.03,27.58,0,0.24,340,6.88,,9.11,19.58,0.3,4.68,1.84,2.95,-1.07,5.649143189
2220,Mish Designs,41.52,16.32,13.22,0,0.18,-30.77,6.04,-0.98,9.11,22.14,4.44,0.15,4.7,2.7,-5,5.649143189
2221,Ambalal Sarabhai,28.94,12.52,221.78,0,3.64,93.72,52,13.12,9.12,27.23,1.09,0.32,3.33,46.6,-17.62,5.649143189
2222,Shree Pacetronix,116.65,17.29,42.87,0,0.06,154.55,4.33,19.28,9.12,33.84,2.1,0.32,3.35,5.05,-0.01,5.649143189
2223,Viceroy Hotels,143.61,11.91,964.56,0,10.96,50.34,38.66,2.41,9.15,27.58,2.42,0.21,24.17,52.26,32.31,5.649143189
2224,Asahi Songwon,206.92,15.84,246.01,0.72,2.26,-20,120.65,-9.77,9.17,15.84,1.23,0.55,2.96,140.58,57.92,5.649143189
2225,Paragon Fine,44.3,13.98,86.68,0,1.99,16.37,41.11,-20.91,9.17,15.84,7.26,0.03,5.65,2.86,-5.67,5.649143189
2226,Avadh Sugar,456.1,12.15,914.64,2.19,16.7,175.67,638.15,3.46,9.19,11.9,1.26,0.56,3.06,593.99,153.96,5.649143189
2227,Choksi Laborator,111.85,49,77.91,0,0.31,-63.64,10.82,4.24,9.2,35.08,0.74,1.18,2.39,28.87,11.78,5.649143189
2228,Veer Global Inf.,80.99,79.25,131.56,0,0.33,-36.54,2.05,-14.58,9.2,25.29,2.9,0.19,3.2,6.49,-5.38,5.649143189
2229,Arnold Holdings,11.71,25.54,27.84,0,1.51,-48.64,38.04,-3.08,9.21,16.6,2.1,0.94,3.58,61.19,-11.64,5.649143189
2230,Sabrimala Indus.,12.79,23.21,11.14,0,0.13,-23.53,0,,9.24,29.44,2.39,0,3.87,0,-0.4,5.649143189
2231,Anand Rayons,67.3,15.32,144.49,0,4.5,455.56,126.66,69.69,9.24,25.46,5.36,0.21,4.01,16.11,11.23,5.649143189
2232,Konstelec Engg.,30.9,18.09,46.66,0,1.54,-58.49,104.82,24.14,9.24,15.67,1.58,0.82,2.06,81.9,-14.82,5.649143189
2233,Coastal Roadways,32.07,8.48,13.31,0,0.64,45.45,10.27,-2,9.25,11.35,7.4,0,5.61,0.04,1.72,5.649143189
2234,Containe Tech.,13.58,12.11,8.48,0,0.29,-39.58,12.21,81.43,9.25,27.66,2.23,0.56,3.31,9.01,-4.13,5.649143189
2235,Nandan Denim,2.23,9.43,322.87,0,2.97,-54.86,499.53,-46.06,9.27,20.19,1.61,0.35,2.72,221.12,95.07,5.649143189
2236,Texel Industries,75.04,10.01,99.86,0,3.95,121.91,16.48,-36.71,9.27,21.75,1.14,0.41,0.16,17.65,-2.63,5.649143189
2237,Keynote Finan.,258.95,15.95,144.15,0.39,4.49,-9.77,12.46,87.37,9.27,17.17,4.44,0.01,9.99,1.44,6.8,5.649143189
2238,Raghuvansh Agro.,54.59,12.37,65.06,0,2.71,-22.8,4.06,-11.16,9.27,25.04,12.45,0.22,6.44,17.42,-1.5,5.649143189
2239,NTC Industries,158.05,11.83,229.47,0,3.82,63.25,26.72,98.96,9.28,19.89,2.84,0.34,4.57,75.43,-2.07,5.649143189
2240,Sulabh Engineers,2.44,8.88,24.52,0,1.14,39.02,0.61,-12.86,9.28,16.6,1.73,0.05,7.27,1.65,-0.65,5.649143189
2241,Sar Televenture,173.45,12.2,817.07,0,36.26,126.77,241.76,106.6,9.28,16.04,2.35,0,7.7,2.72,-183.54,5.649143189
2242,Mac Hotels,81.9,94.12,46.12,0,0.46,84,2.11,71.54,9.29,27.58,1.37,0.06,2.32,0.69,-3.74,5.649143189
2243,Virat Crane Inds,29.87,,61,0,-1.66,-258.1,48.36,24.19,9.3,24.58,2.31,0.2,5.4,12.47,2.03,5.649143189
2244,Shiva Texyarn,133.54,11.1,173.1,0.45,1.65,-8.33,76.42,1.54,9.31,20.19,1.14,0.73,4.15,103.79,13.34,5.649143189
2245,Rexnord Electr.,51.51,31.33,68.3,0,-1.64,-231.65,29.5,23.59,9.32,27.66,2.23,0.29,4.66,27.53,4.1,5.649143189
2246,Raja Bahadur Int,4400,72.37,110,0,0.96,242.86,7.4,9.63,9.32,25.29,2.11,24.32,-0.42,266.04,12.47,5.649143189
2247,Him Teknoforg.,192.5,15.36,198.87,0.26,3.04,125.19,108.58,23.48,9.33,24.49,1.42,0.7,2.28,157.67,4.01,5.649143189
2248,Objectone Inform,6.95,,7.31,0,0.57,111.11,3.87,-1.78,9.34,20.51,3.4,0.22,4.02,3.32,4.89,5.649143189
2249,Khadim India,88.01,16.76,161.19,0,-0.17,-75.48,86.24,-21.77,9.34,33.48,1.36,1.54,0.72,255.4,67.21,5.649143189
2250,Konndor Indust.,12.21,,6.74,0,-0.01,-108.33,0,-100,9.37,19.86,162.33,0,6.44,0,0.44,5.649143189
2251,Hisar Met.Inds.,139.16,24.64,73.91,0.72,1.35,64.63,68.12,19.47,9.37,18,1.94,1.07,1.85,68.42,13.21,5.649143189
2252,KIFS Financial,114,13.32,123.34,1.32,2.31,30.51,7.15,32.41,9.37,16.6,1.96,3.99,2.32,236.33,147.6,5.649143189
2253,Pavna Industries,18.11,40.86,251.71,0,3.02,328.57,108.03,35.99,9.38,24.49,1.79,0.35,2.81,70.07,6.3,5.649143189
2254,Yamuna Syndicate,26860,7.52,825.58,1.86,31.93,231.11,16.58,10.68,9.39,29.44,17.8,0,9.29,0,-7.6,5.649143189
2255,Dharani Finance,9.34,7.64,4.66,0,0.16,-30.43,0.37,-11.9,9.4,16.6,3,0,8.67,0.02,0.12,5.649143189
2256,PG Foils,222.2,,262.09,0,0.22,-97.92,71.86,-52.56,9.4,16.26,2.66,0.26,5.68,87.45,17.19,5.649143189
2257,Zenotech Lab.,40,66.7,244.12,0,1.93,59.26,12.86,14.41,9.4,27.23,3.16,0,4.13,0,9.49,5.649143189
2258,BFL Asset Finves,8.91,,9.09,0,-2.46,47.1,7.79,6391.67,9.4,16.6,41.36,0.06,6.37,1.36,1.58,5.649143189
2259,Mansi Fin.(Chen),69.8,5.81,24.64,0,0.84,-22.94,2.09,-52.28,9.42,16.6,2.94,0.59,4.61,23.77,11.11,5.649143189
2260,Grameva,58.52,56.17,28.08,0,0.09,-43.75,12.57,128.55,9.42,14.96,1.21,1.1,2.51,9.18,-5.75,5.649143189
2261,Jyoti,61.59,6.14,142.23,0,2.52,-36.73,53.13,2.35,9.42,32.07,0.78,,5.43,214.75,16.1,5.649143189
2262,Universal Starch,126.1,8.24,52.96,0,5.24,-25.36,117.67,-8.47,9.43,25.04,0.86,1.14,1.43,79.49,22.58,5.649143189
2263,Natl. Plastic,43.52,7.17,39.73,0,2.04,38.78,31.11,13.96,9.43,21.75,2.03,0.62,4.17,27.65,10.22,5.649143189
2264,Sukhjit Starch,162.58,32.99,502.76,0.62,3.13,-70.96,347,-7.53,9.43,25.04,1.42,0.74,3.56,409.37,67.77,5.649143189
2265,Kanchi Karpooram,341.15,28.07,148.19,0.29,0.45,-37.5,33.92,-4.53,9.44,15.36,6.86,0.06,6.67,13.75,5.87,5.649143189
2266,The Invest.Trust,101.19,18.28,529.29,0,12.8,177.74,82.26,6.85,9.44,35.19,1.68,0.73,3.23,527.67,125.36,5.649143189
2267,Tyroon Tea Co.,80.08,,27.23,0,0.11,-97.45,13.67,-0.44,9.45,19.61,3.2,0.11,5.57,4.85,4.43,5.649143189
2268,S Chand & Compan,146.36,10.26,509.29,2.73,-28.7,-6.57,98.95,-1.2,9.45,13.14,2.49,0.15,4.59,137.84,99.89,5.649143189
2269,Broach Lifecare,17.39,26.4,10.56,0,0.31,-29.55,2.6,43.65,9.45,43.1,7.1,0,6.49,0,-0.62,5.649143189
2270,Glance Finance,194.5,42.6,43.87,0,0.75,82.93,4.49,-24.28,9.46,16.6,1.55,0.03,4.59,1.78,11.88,5.649143189
2271,Oasis Securities,11.6,21.68,21.46,0,0.42,147.06,0.56,36.59,9.46,16.6,6.43,0,7.18,0,-2.63,5.649143189
2272,Maks Energy,27.8,30.12,19.28,0,0.07,-50,26.11,-23.32,9.49,35.06,1.82,1,2.05,16.98,0.23,5.649143189
2273,CWD,274.35,71.52,609.31,0,4.19,328.96,41.15,490.39,9.51,35.15,1.42,0.59,3.81,62.63,2.75,5.649143189
2274,Tirupati Foam,72.45,15.73,31.93,1.38,0.44,-26.67,24.78,-18.83,9.54,26.9,1.32,1.15,2.32,37.91,6.27,5.649143189
2275,Tamboli Industri,137.25,15.76,136.15,0.73,2.5,30.36,21.78,19.6,9.54,16.26,3.89,0.04,5.97,5.01,3.48,5.649143189
2276,Shradha Realty,31.88,12.33,258.22,1.57,4.91,29.61,28.34,25.51,9.54,25.29,2.04,1.15,5.41,184.55,-21.79,5.649143189
2277,ABM Knowledge,220.2,38.7,440.45,0.57,3.14,-45.3,30.74,8.85,9.55,38.05,8.47,0,6.28,0,23.67,5.649143189
2278,Universus Photo,454.65,,484.68,0,-23.89,73.15,3.84,-20,9.55,35.15,99.66,0,8.52,0,184.71,5.649143189
2279,Betex India,345,12.44,51.75,0,3.98,268.52,24.95,10.45,9.56,20.19,1.79,0.11,3.55,3.87,1.69,5.649143189
2280,Advance Petroch.,131.25,295.25,11.81,0,0,,12.65,-0.55,9.56,15.36,1.06,3.34,1.25,12.72,2.11,5.649143189
2281,New Light Industries,1.31,20.87,11.48,0,0.02,-96.36,1.39,-82.02,9.56,29.44,30.06,0,8.64,0.02,-7,5.649143189
2282,Harish Textile,63.01,4.03,21.02,0,1.51,487.18,35.35,6.28,9.56,27.66,0.7,2.86,0.33,31.69,10.67,5.649143189
2283,WEP Solutions,20.01,41.64,73.7,2.5,0.03,-96.39,16.6,4.4,9.57,22.28,1.73,0.42,4.27,25.87,6.43,5.649143189
2284,Shahlon Silk,20.47,48.49,182.8,0.34,1.31,42.39,51.07,-25.75,9.57,20.19,2.52,1.19,1.11,127.29,8.88,5.649143189
2285,Arvee Laborat.,146.16,77.44,161.07,0,1.83,1120,9.78,9.76,9.58,25.33,3.52,0.03,5.38,1.03,-0.21,5.649143189
2286,Inv.& Prec.Cast.,521.85,50.96,521.85,0.1,2.79,748.65,47.36,19.6,9.59,24.33,1.12,0.79,2.96,75.66,18.99,5.649143189
2287,Umiya Buildcon,80.94,16.38,152.05,0,1.01,-46.73,14.75,21.5,9.59,48.02,5,1.08,2.64,122.1,-16.89,5.649143189
2288,Race Eco,102.58,27.08,173.03,0,1.95,11.39,131.12,-22.15,9.64,18.91,1.34,0.98,3.16,71.3,-42.64,5.649143189
2289,Newmalayalam St.,22,11.06,38.03,0,4.22,-18.69,162.24,5.21,9.64,18,2.55,0.31,3.92,25.99,25.56,5.649143189
2290,Vama Industries,3.34,,17.55,0,0.12,-85,3,-94.59,9.66,23.6,2.15,0.08,5.87,1.3,3.61,5.649143189
2291,Wallfort Fin.,71.2,,68.98,0,-1.83,68.66,-0.94,-150.27,9.67,17.17,7.26,0,7.26,0,-10.77,5.649143189
2292,Pattech Fitwell,105.45,86.92,99.09,0,0.88,-8.33,35.47,45.85,9.67,24.33,2.81,0.45,3.2,17.36,-4.35,5.649143189
2293,Crest Ventures,330.25,19.65,937.13,0.3,11.31,-23.28,35.26,-19.83,9.68,16.6,15.71,0.16,6.46,201.51,-15.25,5.649143189
2294,Neo Infracon,42.56,16.15,22.6,0,0.3,7.14,2.48,-9.16,9.69,25.29,1.96,2.55,2.42,16.7,1.93,5.649143189
2295,Gorani Industrie,62.42,36.38,33.47,0,0.16,-60.98,9.07,-29.91,9.7,34.62,1.56,0.9,2.92,12.27,0.28,5.649143189
2296,Incredible Indus,32.94,11.74,150.78,0,1.79,-40.92,188.98,16.75,9.73,18,3.69,0.12,6.17,17.97,37.35,5.649143189
2297,Madala Holdings,185.1,22.72,273.28,0,3.62,112.94,3.4,5.26,9.74,14.81,24.87,0,6.52,0,-3.45,5.649143189
2298,Kopran,118.22,34.69,574.14,2.54,9.34,-10.19,194.28,16.87,9.75,27.23,1.63,0.31,4.86,156.83,41.94,5.649143189
2299,Jindal Hotels,62.11,33.19,43.48,0,0.65,-47.92,14.49,1.83,9.76,27.58,0.69,2.29,1.67,50.58,12.96,5.649143189
2300,Dhanlaxmi Cotex,89.55,,43.63,0,0.7,-79.29,4.82,108.66,9.78,29.44,-125.19,0,7.99,0,1.89,5.649143189
2301,Aeonx Digital,122,25.06,56.13,0.82,-0.67,-91.57,15.89,86.94,9.78,22.28,4.33,0.03,5.54,1.73,-4.61,5.649143189
2302,DSJ Keep Learn,1.82,,28.04,0,-0.54,-515.38,1.45,-31.28,9.8,23.6,1.72,0.32,3.9,2.37,-0.73,5.649143189
2303,Royal Cush. Vin.,18.2,,66.59,0,-4.53,-202,12.73,-20.19,9.81,22.55,0.47,,1.31,88.83,-18.16,5.649143189
2304,Anmol India,10.48,5.71,58.98,0,2.94,673.68,303.16,19.67,9.81,,1.57,1.85,2.17,212.38,-139.54,5.649143189
2305,CP Capital,83.4,3.6,151.19,3.6,12.5,49.7,16.8,24.81,9.83,16.6,2.39,0.14,6.32,79.55,-18.95,5.649143189
2306,Visaman Global,103.4,56,207.19,0,2.87,119.08,109.16,-20.53,9.83,18,1.79,0.99,2.5,70.17,15.33,5.649143189
2307,Steel Exchange,7.4,47.75,925.43,0,2.28,-85.62,240.35,-26.61,9.84,18,1.85,0.48,1.3,358.48,96.72,5.649143189
2308,Aruna Hotels,7.9,6.03,26.78,0,0.48,-7.69,6.27,9.23,9.84,27.58,0.22,3.76,0.58,112.67,16.84,5.649143189
2309,Amarjothi Spg.,130.1,7.61,87.82,1.69,1.44,-34.84,28.14,-31.43,9.84,20.19,24.12,0.27,3.85,54.71,14.06,5.649143189
2310,Transwind Infra.,20.5,19.6,15.68,0,0.57,62.86,11.39,55.6,9.84,19.48,1.2,0.36,2.08,6.05,4.23,5.649143189
2311,Sangal Papers,193.8,13.51,25.39,0,0.35,105.88,46.7,17.75,9.85,19.86,1.47,0.59,3.33,26.63,5.77,5.649143189
2312,AMS Polymers,50.95,19.34,16.83,0,-0.01,-105,25.89,-2.45,9.85,25.33,1.08,2.94,1.32,17.52,-1.72,5.649143189
2313,Lagnam Spintex,63.8,7.73,112.73,0,3.69,57.02,152.8,2.97,9.85,20.19,1.06,3.21,2.34,388.5,24.07,5.649143189
2314,Pritika Auto,12.08,10.21,202.51,0,5.73,67.41,113.43,40.64,9.86,24.49,1.4,0.71,3.87,175.21,34.62,5.649143189
2315,Mahickra Chem.,196.9,76.15,159.92,0.1,0.91,-32.59,49.05,9.51,9.86,15.84,1.91,0.41,3.92,14.9,-0.19,5.649143189
2316,Asi Industries,24.09,8.33,216.99,1.66,12.3,0.99,50.7,2.97,9.88,16.52,3.04,0.04,6.1,15.03,-3.36,5.649143189
2317,Shreeoswal Seeds,11.43,18.47,104.55,0,1.03,-80.82,54.75,-27.41,9.88,25.04,1.52,0.97,3.08,46.59,24.1,5.649143189
2318,Shish Industries,13.28,62.39,507.23,0,1.05,-44.74,33.36,-4.79,9.88,21.75,2.51,0.45,4.93,47.75,-17.41,5.649143189
2319,Rathi Steel,16.36,15.31,141.29,0,1.91,260.38,160.02,53.23,9.9,18,0.84,0.26,3.81,36.64,-11.06,5.649143189
2320,Euro India Fresh,231.92,197.65,575.17,0,0.9,-48.57,28.38,-40.6,9.9,47.8,1.77,0.85,4.49,61.1,8.66,5.649143189
2321,DAPS Advertising,20.3,8.54,10.5,0.99,0.45,12.5,9.84,22.69,9.9,26.99,3.58,0.1,6.03,1.77,2.72,5.649143189
2322,Ishita Drugs,80.49,27.04,24.07,0,0.16,-33.33,3.14,-23.97,9.91,27.23,4.07,0.18,6.42,1.99,-3.64,5.649143189
2323,Comfort Fincap,7.03,8.54,61.51,1.42,2.29,68.38,4.52,32.16,9.91,16.6,1.52,0.18,5.27,16.93,-19.73,5.649143189
2324,Lyka Labs,54.95,,196.56,0,-0.15,-100,30.73,-9.08,9.91,27.23,1.41,0.31,4.75,31.66,1.9,5.649143189
2325,Sangani Hospital,40,29.16,55.1,0,1.01,-41.52,20.47,104.5,9.91,43.1,1.97,0.03,6.94,1.18,2.35,5.649143189
2326,R K Swamy,86.17,21.47,434.49,1.74,2.75,23.97,88.66,15.46,9.91,26.99,2.48,0.15,4.65,36.45,-10.3,5.649143189
2327,United Cotfab,16.31,8.3,28.04,0,2.4,34.08,74.67,20.28,9.91,20.19,2.3,0.81,2.9,43,-17.9,5.649143189
2328,Ansal Buildwell,98.6,10.62,72.76,1.01,-3.62,-1231.25,1.67,-80.58,9.92,25.29,1.28,0.3,1.48,40.93,-3.84,5.649143189
2329,Indo Rama Synth.,31.35,5.86,819.9,0,8.78,-15.53,1182.05,1.41,9.94,20.19,0.65,2.44,0.08,1086.63,391.11,5.649143189
2330,Rungta Irrigatn.,46.16,24.46,91.96,0,1.35,-37.21,47.72,-31.84,9.95,21.75,1.93,0.33,4.68,31.61,-14.41,5.649143189
2331,Neelam Linens,10.35,6.58,20.92,0,1.42,54.35,54.09,45.29,9.95,20.19,2.58,0.6,2.09,24.41,7.81,5.649143189
2332,Garnet Construct,87.99,3.37,122.31,0,10.01,2276.09,15.75,1710.34,9.96,25.29,2.61,0.06,4.38,7.22,0.58,5.649143189
2333,Ace Soft. Exp.,196.55,44.33,313.83,0,1.74,40.32,14.89,118.65,9.97,38.05,2.34,0.14,7.29,12.77,-9.79,5.649143189
2334,Hindcon Chemical,18.29,31.74,93.63,0,0.24,-76.47,14.23,-6.81,9.97,25.33,3.44,0.11,6.19,6.18,2.75,5.649143189
2335,Ambey Laborator.,20.9,11.74,52.14,0,2.62,-11.78,68.18,0.78,9.97,21.41,3.28,0.44,4.57,40.02,-34.48,5.649143189
2336,Sadbhav Engg.,7.32,,122.69,0,-85.66,159.46,229.92,-4.23,9.98,15.67,0.87,,-2.32,3676.47,290.23,5.649143189
2337,IVP,130.67,9.6,134.05,0.77,4.63,161.9,144.97,12.07,9.99,25.33,1.39,0.69,3.32,99.99,-2.47,5.649143189
2338,Liberty Shoes,248.34,36.4,425.21,0,0.59,-72.69,180.92,13,9.99,33.48,1.84,0.73,3.24,165.33,74.5,5.649143189
2339,Spacenet Enterpr,3.95,14.02,224.26,0,3.11,109.09,47.63,22.66,10,29.44,2.08,0.01,7.61,1.01,17.48,5.649143189
2340,Smart Finsec,7.7,22.87,23.1,0,0.32,6.67,0.51,-12.07,10,16.6,121.64,0.03,7.7,0.42,2.67,5.649143189
2341,Cheviot Company,985.6,8.25,577.77,0.51,17.2,400,138.86,28.49,10.01,14.96,5.55,0.01,7.1,10.28,26.17,5.649143189
2342,Dynemic Products,220.13,15.4,274.12,0,4.61,5.01,90.67,-5.1,10.01,25.33,1.02,0.34,3.68,79.12,28.43,5.649143189
2343,Transpek Inds.,991.5,9.5,553.81,2.02,10.85,1.88,158.48,-6.8,10.02,15.36,2.94,0.05,5.6,40.82,135.07,5.649143189
2344,Bhudevi Infra,249.55,,114.52,0,-0.51,-157.95,0,-100,10.03,25.29,0.84,130.43,4.04,9.13,-6.62,5.649143189
2345,Polychem,1994,4.27,79.76,1,25.47,1452.27,8.86,-15.38,10.03,15.36,6.34,0.03,7.23,1.3,2.12,5.649143189
2346,National Fitting,158.4,13.15,143.88,0.63,2.93,181.73,23.64,13.54,10.04,18,4.97,0.04,6.7,3.77,8.26,5.649143189
2347,Fiberweb (India),35.42,6.11,101.1,0,3.93,10.7,25.66,1.91,10.05,20.19,3.72,0.04,8.25,6.52,12.07,5.649143189
2348,United Nilgiri,511,11.55,255.32,0.59,5.32,17.7,23.76,3.57,10.06,19.61,7.55,0,8.21,0,21.18,5.649143189
2349,Trident Texofab,44.76,20.1,67.12,0,0.57,150,25.74,-18.78,10.06,20.19,2.05,0.56,0.91,31.71,-13.72,5.649143189
2350,Lykis,44.07,22.29,85.39,0,1.98,-14.66,90.61,14.42,10.07,29.44,1.27,1.2,2.61,43.83,56.88,5.649143189
2351,Premco Global,415.6,13.16,137.35,1.44,1.7,3.61,16.87,-39.64,10.07,20.19,5.6,0.09,6.37,9.61,5.45,5.649143189
2352,Globe Commercial,14.77,0.31,8.86,0,6.75,63.04,220.88,25.11,10.07,29.44,2.07,0,5.92,3.03,-23.48,5.649143189
2353,Cil Securities,36,9.05,18,0,0.51,6.25,2.06,-13.45,10.08,16.6,1.77,0,3.64,0,-0.05,5.649143189
2354,Polyspin Exports,27.3,4.64,27.3,0,1.25,48.81,53.79,-1.5,10.08,17.01,1.26,1.3,2.61,87.52,-9.34,5.649143189
2355,Alfa Ica (I),82.95,13.85,33.51,0,0.39,172.22,22.17,9.43,10.1,21.75,1.53,0.73,3.05,17.57,1.87,5.649143189
2356,Godavari Drugs,82.95,24,84,0,0.76,-25.97,22.18,-24.94,10.1,27.23,1.05,1.63,3.13,73.93,11.2,5.649143189
2357,Bal Pharma,67.9,13.36,108.49,1.77,1.79,270.83,87.69,19.88,10.1,27.23,1.07,1.98,2.21,154.88,20.32,5.649143189
2358,Eighty Jewellers,27.2,7.32,27.75,0.37,3.2,153.97,54.74,9.61,10.1,19.58,1.91,0.87,3.88,26.47,2.66,5.649143189
2359,Rushil Decor,15.54,49.85,457.13,0.64,5.67,-50.74,215.23,2.3,10.13,29.51,1.14,0.44,4.01,277.05,108.48,5.649143189
2360,Stanley Lifesty.,144.86,34.49,827.87,0,-0.2,-100,103.8,-5.38,10.13,26.9,2.24,0.71,4.42,330.3,68.3,5.649143189
2361,Beryl Drugs,21.4,1085.45,10.85,0,-0.17,-440,3.85,-28.7,10.15,27.23,1.4,0.45,3.47,4.3,2.64,5.649143189
2362,Real Touch Fin,54.67,14.16,69.39,0,0.86,-50,8.72,14.89,10.16,35.19,0.38,2.88,2.18,145.98,-26.07,5.649143189
2363,NSB BPO,66.6,11.44,133.02,0,5.79,11.13,71.69,2.37,10.17,21.26,2.73,0.18,6.84,26.77,-6.73,5.649143189
2364,Unick Fix-A-Form,47.25,12.34,25.92,0,-0.56,-211.11,12.4,-0.16,10.19,13.14,1.26,0.53,3.65,18.81,6.01,5.649143189
2365,Super Bakers (I),36.16,22.28,10.92,0,0.12,20,0,,10.2,47.8,14.2,0,8.32,0,0.19,5.649143189
2366,Caspian Corporat,33.35,,42.22,1.5,-0.08,95.72,26.05,45.29,10.2,35.19,1.56,1.12,3.04,45.66,-1.14,5.649143189
2367,Cranex,71.34,21.5,46.87,0,0.32,255.56,11.12,1.74,10.22,27.66,1.58,0.9,3.46,22.81,-1.78,5.649143189
2368,AB Cotspin,403.35,67.45,889.65,0,3.4,-16.67,77.13,30.2,10.23,20.19,1.92,0.93,4.11,137.39,-16.58,5.649143189
2369,Fairchem Organic,493.3,201.68,639.34,1.52,-0.1,-81.82,100.13,-11.83,10.25,25.33,2.21,0.19,6.04,54.4,-16.78,5.649143189
2370,Suyog Gurbaxani,101,17.63,251.11,0,5.58,18500,27.19,19.2,10.25,15.67,5.25,5.24,6.77,161.61,3.63,5.649143189
2371,Duropack,48.57,16.73,25.59,0,0.46,-19.3,10.44,20.97,10.26,21.75,2.24,0,6.76,0,1.24,5.649143189
2372,Adhata Global,25,,11.79,0,-0.23,-156.1,0.68,-68.08,10.26,29.51,1.19,0.64,1.78,1.89,-1.15,5.649143189
2373,Satia Industries,59.78,8.47,597.6,0.67,28.03,41.57,380.31,1.19,10.3,19.86,1.73,0.28,8.26,292.09,285.29,5.649143189
2374,Mafatlal Inds.,120.9,9.07,872.52,1.65,4.05,-77.51,717.4,-21.19,10.3,20.19,1.18,0.08,6.29,60.7,-89.43,5.649143189
2375,Borosil Scienti.,104.52,39.09,930.83,0,8.7,132.49,121.3,19.57,10.31,32.51,3.69,0.02,5.38,8.86,120.03,5.649143189
2376,Plastiblends (I),133.82,10.71,347.08,1.87,6.47,-3.58,185.8,0.78,10.32,25.33,4.99,0.05,6.38,23.51,8.86,5.649143189
2377,Purity Flex Pack,0.78,0.14,0.25,0,0.01,-94.12,34.44,14.61,10.32,19.86,1.05,0.55,3.27,20.88,2.62,5.649143189
2378,Mawana Sugars,82.6,6.52,321.53,4.84,3.93,-9.3,367.03,9.74,10.33,11.9,3.52,0.02,5.06,8.21,113.76,5.649143189
2379,Somi Conv.Belt.,99.99,22.16,118.36,0,2.38,60.81,37.48,35.65,10.35,27.66,2.52,0.19,4.73,15.14,-8.25,5.649143189
2380,KHFM Hospitality,59.4,37.45,137.05,0,2.11,24.85,52.45,10.56,10.35,19.48,1.95,0.6,3.01,36.34,-3.52,5.649143189
2381,Tirupati Starch,144.9,24.55,138.95,0,2.46,-66.89,91.94,-7.34,10.36,20.78,0.94,2.18,3.3,135.86,48.85,5.649143189
2382,Chennai Ferrous,68.29,15.2,24.62,0,-0.76,-167.86,0.75,-96.44,10.37,22.34,2.11,0,5.09,0,-8.35,5.649143189
2383,Themis Medicare,75.29,,693.43,0.66,10.09,2001.92,90.13,-3.92,10.37,27.23,1.72,0.25,5.17,95.57,34.71,5.649143189
2384,Vrundavan Planta,31.1,10.7,19.25,0,1.25,3.31,16.4,26.45,10.38,19.48,2.92,0.15,6.04,4.29,-3.01,5.649143189
2385,Mitsu Chem Plast,90,10.6,122.21,0.22,4.71,224.32,86,6.89,10.41,17.01,1.24,0.62,3.69,62.36,15.16,5.649143189
2386,Rishi Techtex,34.99,8.34,25.86,0,0.46,48.39,34.75,10.35,10.42,17.01,1.41,0.7,3.12,24.02,5.2,5.649143189
2387,TGV Sraac,82.74,7.05,886.06,1.21,28.1,17.94,448.25,-1.5,10.44,15.36,1.25,0.24,4.84,305.01,195.23,5.649143189
2388,Deccan Transcon,20.25,8.19,46.01,0,4.32,-11.48,73.05,-4.62,10.44,21.18,2.16,0.47,5.4,43.57,-15.49,5.649143189
2389,Kalyan Capitals,6.2,8.46,32.56,0,0.82,180.95,9.87,123.81,10.45,16.6,2.29,4.97,1.44,261.94,5.27,5.649143189
2390,Globe Enterprises,2.41,13.67,108.55,0,2.02,-19.84,159.46,5.19,10.45,20.19,1.31,1.08,2.48,163.45,-17.5,5.649143189
2391,Rossell India,46.85,9.85,175.61,0.85,4.28,-27.23,85.19,35.98,10.47,19.61,1.34,0.35,7.5,78.47,32.58,5.649143189
2392,Coral India Fin.,30.74,8.52,122.96,1.3,3.75,60.94,3.93,6.79,10.47,19.48,79.4,0,8.18,0,18.76,5.649143189
2393,Sakthi Finance,21.96,8.76,142.09,3.64,3.75,-18.48,54.81,0.04,10.48,23.23,8.63,5.45,1.19,1264.22,22.06,5.649143189
2394,Silgo Retail,71.71,31.62,176.44,0,1.29,27.72,11.04,8.77,10.48,19.58,27.11,0,7.01,0,-0.63,5.649143189
2395,Lancor Holdings,20.85,,151.02,0.96,-0.19,96.14,38.48,-16.22,10.49,25.29,2.07,0.64,1.26,126.41,-68.62,5.649143189
2396,Uniroyal Marine,17.2,8.44,11.14,0,0.04,100,4.3,-63.59,10.52,18.74,1.07,16.41,0.38,12.96,1.68,5.649143189
2397,Manaksia Alumi.,25.04,25.92,163.83,0.28,1.65,0,142.63,2.07,10.53,16.26,1.11,1.94,1.31,267.05,0.97,5.649143189
2398,Avonmore Capital,12.08,14.75,339.25,0,15.28,3720.83,53.86,52.79,10.55,16.6,2.38,0.07,6.84,25.53,-6.69,5.649143189
2399,GVK Power Infra.,2.6,,409.05,0,-1.11,92.29,0,-100,10.55,15.67,0.82,,1.29,700.77,598.56,5.649143189
2400,Apollo Ingredie.,17.28,19.12,17.97,0,0.87,521.43,2.77,154.13,10.57,19.48,23.18,0,5.88,0,-0.12,5.649143189
2401,Niraj Cement,25.43,6.31,150.92,0,6.1,152.07,139.75,16.75,10.59,15.67,2.38,0.01,4.93,2.16,-82.9,5.649143189
2402,Sunil Industries,62.15,5.1,26.1,0,0.21,-83.06,16.21,-73.48,10.59,29.44,1.19,1.18,3.09,62.35,11.72,5.649143189
2403,Ranjit Securitie,98.35,44.83,26.45,0,0.23,666.67,0.75,102.7,10.59,16.6,0.07,0.03,8.16,0.18,-0.82,5.649143189
2404,Falcon,12.6,45.61,33.75,0,0.39,-52.44,13.98,10.69,10.59,19.48,1.52,1.34,3.86,31.04,-8.6,5.649143189
2405,L.K.Mehta Poly.,42.01,24.82,16.13,0,0.3,20,15.27,114.77,10.59,21.75,2.76,0.58,4.18,6.53,-1.75,5.649143189
2406,Shree Bhavya,25.3,9.57,24.03,0,0.15,-50,30.83,-14.34,10.6,20.19,1.52,1.68,1.46,61.95,2.41,5.649143189
2407,Picturehouse,7.35,12.55,38.4,0,0.42,900,0,-100,10.6,113.04,4.38,,0.71,225.55,47.23,5.649143189
2408,Citadel Realty,39.43,25.17,35.48,1.27,0.37,8.82,0.99,11.24,10.61,25.29,2.28,0.97,3.2,16.12,-0.59,5.649143189
2409,Goldkart Jewels,245,94.54,411.24,0,2.87,56.83,46.46,34.67,10.61,19.58,2.12,0.23,5.74,16.33,3.35,5.649143189
2410,Odyssey Tech.,44.47,17.59,70.73,2.25,0.91,-30,6.87,-5.24,10.63,38.05,6.87,0,7.45,0,6.25,5.649143189
2411,A-1,18.56,345.65,853.76,0.2,0.96,-4,69.81,-6.08,10.63,57.85,2.73,0.35,5.64,17.06,-10.53,5.649143189
2412,Auro Impex,27,8.65,32.94,0,1.62,-33.61,134.85,8.57,10.63,31.45,1.56,0.94,4.39,45.9,-21.76,5.649143189
2413,Kenrik Indust.,7.88,8.14,9.85,0,0.58,61.11,22.13,1.51,10.63,19.58,29.05,0.01,5.91,0.12,-2.53,5.649143189
2414,Gagan Gases,30.86,126.8,13.95,0,0.08,-11.11,1.71,-8.06,10.64,28.41,29.73,0.12,7.16,0.39,0.26,5.649143189
2415,Jumbo Bag,55.88,6.56,46.78,0,1.76,69.23,28.53,-14.04,10.68,17.01,1.39,0.75,3.34,33.63,-1.83,5.649143189
2416,Plada Infotech S,9.8,4.33,8.4,0,0.95,6.74,34.89,6.96,10.69,21.26,2.44,0.72,4.54,17.19,3.42,5.649143189
2417,Anjani Foods,14.13,47.58,39.49,0,0.2,-41.3,16.9,2.42,10.7,47.8,0.62,0.73,3.46,11.59,3.53,5.649143189
2418,Jet Freight,17.88,21.33,83.2,0,1.08,-30.77,113.1,20.23,10.7,21.18,1.19,0.93,2.17,63.89,-2.19,5.649143189
2419,Goyal Aluminiums,5.9,33.21,84.36,0,0.44,-51.11,17.03,-14.25,10.7,29.44,2.14,0.06,9.51,1.39,2.51,5.649143189
2420,Sikko Industries,4.74,33.29,207.04,0,2.07,59.23,16.72,42.91,10.72,21.41,2.43,0.14,5.31,12.29,-31.13,5.649143189
2421,Aspire & Innovat,11.45,6.61,17.37,0,0.9,-58.33,59.99,-40.06,10.72,42.9,2.35,0.02,3.66,0.87,0.66,5.649143189
2422,We Win Ltd,42.45,9.47,43.92,0,1.17,503.45,21.78,13.03,10.73,21.26,1.83,0.3,3.2,9.21,2.68,5.649143189
2423,Cont. Chemicals,63.74,24.31,14.34,0,0.13,30,0.06,0,10.74,38.05,3.63,0.01,7.58,0.03,-0.1,5.649143189
2424,Niraj Ispat Ind.,195.55,7.67,11.73,0,0.4,-2.44,0.79,0,10.75,30.23,14.4,0.29,7.54,4.35,-4.12,5.649143189
2425,Brand Concepts,228.3,110.36,284.72,0,0.64,62.79,88.33,22.78,10.75,26.49,1.16,2.37,2.24,183.97,-2.83,5.649143189
2426,Maitreya Medica.,189.1,800.82,128.13,0,-0.04,-102.4,23.7,-2.71,10.77,43.1,1.98,0.14,4.03,4.28,5.06,5.649143189
2427,Madras Fertilize,60.66,137.4,974.19,0,2.52,-96.62,418.69,-47.61,10.78,17.51,0.52,23.64,3.03,584.16,116.22,5.649143189
2428,Associated Cera.,184.55,14.98,37.74,0,-0.04,-106.06,7.27,-22.25,10.78,11.57,1.37,0.08,4.61,2.14,5.56,5.649143189
2429,Brahmaputra Inf.,144.05,6.24,418.01,0,15.12,4625,92.55,185.3,10.78,15.67,1.32,0.53,4.19,166.34,40.98,5.649143189
2430,Classic Leasing,45.42,18.42,13.63,0,0.26,73.33,0.31,72.22,10.78,35.19,,,9.9,9.9,0.3,5.649143189
2431,Acknit Indus.,254.25,9.99,77.29,0.59,1.46,-17.51,51.5,-6.84,10.79,20.19,1.56,0.62,5.51,55.63,10.06,5.649143189
2432,GP Petroleums,28.24,5.28,143.02,0,5.24,-1.95,169.23,24.54,10.81,12.26,6.49,0.05,6.89,15.75,-8.45,5.649143189
2433,Atal Realtech,23.36,73.26,285.71,0,1.71,66.02,29.51,46.67,10.81,25.29,3.28,0.24,4.81,16.61,-14.35,5.649143189
2434,Aarvi Encon,130.15,11.6,192.76,1.54,4.01,96.2,167.45,27.2,10.82,19.48,2.05,0.24,5.21,32.02,-2.4,5.649143189
2435,Vishal Fabrics,17.53,14.69,434.06,0,7.78,1.3,423.7,4.96,10.84,22.14,2.5,0.41,2.56,249.55,107.59,5.649143189
2436,Archit Organosys,37.73,9.64,77.43,1.33,2.43,140.59,38.4,48.43,10.85,15.36,1.44,0.39,4.4,28.46,18.52,5.649143189
2437,Rasi Electrodes,11.36,10.31,35.37,0,0.74,335.29,17.25,-10.76,10.85,27.66,14.93,0,6.99,0.1,4.57,5.649143189
2438,Shiv Aum Steels,362.65,83.59,493.21,0,0.9,1700,181.57,20.25,10.85,29.44,2.86,0.63,4.88,74.96,-7.09,5.649143189
2439,KKV Agro Powers,585,6.64,36.48,0.78,4.67,436.78,347.82,-20.78,10.86,19.58,1.49,0.32,3.62,8.53,1.01,5.649143189
2440,Mega Fin (India),30.36,99.32,24.83,0,0,100,0,,10.87,19.48,0.24,0.04,8.73,0.11,0,5.649143189
2441,Allied Digital,101.55,15.62,573.79,1.48,13.91,-18.18,247.42,12.17,10.87,22.28,2.55,0.19,4.25,116.78,92.27,5.649143189
2442,Swashthik Plas.,18.4,4.48,35.82,0,5.5,23.32,76.31,6.67,10.87,21.75,3.62,0.95,3.99,85.86,-19.12,5.649143189
2443,Poojawes. Metal.,24.37,11.18,24.72,4.1,0.37,2.78,24.75,62.94,10.88,22.51,1.16,1.58,4.17,23.54,1.12,5.649143189
2444,Rishiroop,80.21,7.4,73.5,1.87,3.43,236.65,15.31,-10.1,10.89,18.77,3.14,0,7.03,0.31,1.37,5.649143189
2445,Lahoti Overseas,40.16,6.81,117.15,0.5,4.32,-5.47,99.87,-17.49,10.89,29.44,4.82,0.12,5.8,25.04,20.27,5.649143189
2446,Airan,15.22,22.28,191.8,0,7.77,336.28,29.3,9.33,10.9,22.28,4.98,0.01,7.23,1.07,21.22,5.649143189
2447,Cubex Tubings,89.05,15.21,127.47,0,3.11,45.33,75.03,3.12,10.91,15.21,1.84,0.53,5.44,41.62,-0.78,5.649143189
2448,Rupa & Co,123.93,14.34,987.49,2.42,16.26,-28.24,313.54,-0.92,10.92,22.14,2.67,0.25,5.6,251.47,58.62,5.649143189
2449,Heads UP Venture,6.54,3.44,14.38,0,-0.61,-334.62,0,-100,10.93,25.46,3.27,0,8.05,0,0.09,5.649143189
2450,Harri. Malayalam,174.48,12.82,323.16,0,7.64,-31.79,141.09,-0.82,10.95,18.77,0.45,0.69,3.04,113.63,23.35,5.649143189
2451,Polylink Poly.,19.89,86.23,43.98,0,0.24,-74.74,20.45,-8.79,10.96,14.12,1.79,0.24,5.65,7.33,2.33,5.649143189
2452,Equippp Social,17.96,75.57,182.13,0,0.36,220,12.05,2310,10.96,20.51,3.02,1.12,3.13,9.81,-0.57,5.649143189
2453,Mono Pharmacare,12.2,25.97,21.55,0,0.02,-99.13,66.29,-23.94,11,27.23,1.92,1.76,3.25,55,-4.3,5.649143189
2454,Muthoot Cap.Serv,196.53,26.44,323.36,0,7.65,-39.09,155.08,23.39,11.01,16.6,4.85,4.56,1.55,2995.64,-1096.5,5.649143189
2455,Rajshree Polypac,15.4,7.87,114.34,0,2.2,31.74,71.62,-1.49,11.01,17.01,1.21,0.67,4.72,119.69,18.1,5.649143189
2456,Vinyoflex,42.04,7.06,18.16,0,0.91,-18.75,9.56,-21.64,11.02,15.36,13.65,0.01,7.57,0.19,0.38,5.649143189
2457,Promax Power,17,17.49,42.5,0,1.36,7.09,36.33,23.78,11.02,15.67,1.84,0.66,3.66,20.83,-3.01,5.649143189
2458,Riba Textiles,67,8.99,64.67,0,1.18,-42.44,63.03,-16.73,11.05,20.19,1.27,0.74,4.89,74.77,17.61,5.649143189
2459,Sarthak Industri,26.89,9.68,24.99,0,0.43,-58.65,43.23,-29.7,11.05,29.44,1.75,0.33,4.43,14.72,-14.85,5.649143189
2460,Lamosaic India,23.7,,24.5,0,2.75,-73.58,32.4,-55.51,11.05,29.51,3.09,0.1,3,8.38,-31.44,5.649143189
2461,Vaswani Industri,52.17,52.81,171.1,0,-7.96,-549.72,124.19,21.35,11.07,52.81,1.18,1.75,3.99,265.84,34.36,5.649143189
2462,Rajas. Tube Mfg,14.2,22.07,64.01,0,2.89,1132.14,3.51,-80.07,11.1,18,30.95,0.07,2.05,0.55,3.33,5.649143189
2463,Arihant Super.,211.6,20.02,909.08,0.71,8.27,-67.5,126.04,-16.4,11.1,25.29,3.06,2.38,3.91,835.38,-177.84,5.649143189
2464,Yuken India,668.3,54.98,907.16,0.22,-0.58,-111.33,111.99,4.81,11.1,35.06,1.47,0.33,4.91,122.36,49.34,5.649143189
2465,Oriental Rail,119.55,22.44,801.69,0.08,13.82,83.78,168.58,10.31,11.11,22.51,1.87,0.58,4.31,229.08,-23.52,5.649143189
2466,MCON Rasayan,41.5,13.4,30.41,0,1.25,-0.79,28.38,31.57,11.11,11.57,1.78,0.56,3.9,19.26,-14.12,5.649143189
2467,Veto Switchgears,93.26,7.47,178.34,1.07,6.27,76.2,94.22,24.45,11.12,35.15,4.06,0.06,6.83,16.11,14.99,5.649143189
2468,Sumit Woods,44.53,21.13,201.58,0,1.06,-61.32,11.44,-61.62,11.12,25.29,4.22,0.38,3.77,61.61,23.26,5.649143189
2469,RSD Finance,79.72,6.36,103.21,0,8.15,158.43,14.25,-54.49,11.15,16.6,1.51,0.01,6.28,2.35,-0.14,5.649143189
2470,EL Forge,13.85,16.09,28.15,0,0.51,-8.93,20.17,6.27,11.17,24.49,1.75,0,5.6,0,2.4,5.649143189
2471,Hybrid Financial,16.7,14.89,50.76,0,1.09,-1.8,1.8,0.56,11.17,17.17,8.69,0.02,8.25,0.7,-3.64,5.649143189
2472,KM Sugar Mills,25.74,4.29,236.91,0,20.59,62.9,169.08,2,11.17,11.9,1.74,0.18,4.78,66.95,31.33,5.649143189
2473,Nandani Creation,28.62,33.31,54.64,0,0.2,-51.22,26.55,97.54,11.18,22.14,2.72,0.39,4.26,24.93,-18.01,5.649143189
2474,Globe Intl. Car.,42.66,48.88,477.6,0,6.92,185.62,47.31,23.49,11.18,21.18,2.39,0.62,5.4,57.14,9.94,5.649143189
2475,Baweja Studios L,29.75,8.08,54.82,0,1.51,-50,35.49,10.29,11.19,113.04,2.44,0.29,5.31,30.16,-69.53,5.649143189
2476,Dev Information,27.58,,158.97,0.73,-7.42,-520.23,44.14,-7.48,11.2,22.28,1.73,0.18,5.34,23.53,-8.87,5.649143189
2477,QVC Exports,26.05,9.42,27.22,1.92,2.09,-51.84,207.96,5.28,11.2,15.27,1.08,1.17,4.14,69.69,-3.65,5.649143189
2478,Paushak,400.15,26.89,979.07,0.62,6.17,-59.57,48.8,-0.93,11.21,25.33,2.4,0.12,8.1,60,37.59,5.649143189
2479,Pakka,85.11,57.75,382.88,0,7.08,-20.36,96.58,-8.9,11.21,19.86,1.4,0.66,6.31,299.15,11.16,5.649143189
2480,Take Solutions,37.36,2762.66,552.53,0,1.11,-77.35,0,,11.24,49.83,2.32,0,60.23,0,-16.37,5.649143189
2481,Destiny Logistic,123.45,47.25,189.96,0,2.94,96,22.29,15.61,11.24,21.18,1.81,0.34,4.38,14.18,2.06,5.649143189
2482,Baid Finserv,10.82,9.89,167.74,0.92,4.75,0.42,24.63,15.42,11.25,16.6,1.02,1.43,3.04,272.29,1.93,5.649143189
2483,Ratnabhumi Dev.,229.2,59.02,314,0,0.61,-6.15,7.9,-83.07,11.27,25.29,6.18,3.02,2.09,130.05,90.28,5.649143189
2484,BMW Industries,31.6,10.41,711.27,1.36,17.66,2.2,161.86,10.17,11.27,18,1.75,0.26,6.91,193.79,112.46,5.649143189
2485,Nephro Care,63.55,30.91,104.77,0,0.42,,22.66,,11.27,43.1,2.45,0,6.43,0,7.82,5.649143189
2486,Tera Software,331.9,20.03,411.12,0.3,6.37,199.06,59.14,147.55,11.28,22.28,1.68,0.22,4.5,28.94,6.81,5.649143189
2487,SagarSoft (India,75.5,,48.26,2.65,-0.65,-32.85,43.29,27.74,11.28,20.51,2.94,0.1,4.9,6.96,13.92,5.649143189
2488,Bharat Global,91.5,288.64,926.52,0,-0.38,-127.34,0,-100,11.29,23.6,1.58,0.42,4.73,81.41,-156.42,5.649143189
2489,Alankit,7.54,8.77,204.99,0,8.03,46.95,71.7,-1.47,11.29,19.48,1.79,0.07,4.95,21.38,49.24,5.649143189
2490,Total Transport,51.99,6.33,83.84,0,2.29,-23.99,155.99,-10.87,11.29,21.18,1.65,0.43,5.18,38.45,-1.89,5.649143189
2491,Purv Flexi,41,9.11,86.03,0,8.15,-13.89,337.06,90.93,11.29,21.75,1.31,1.46,4.11,209.03,-8.08,5.649143189
2492,Frontier Capital,8.67,60.55,14.53,0,0.01,-92.31,0.14,-6.67,11.31,19.48,2.4,0.1,9.72,0.28,-0.12,5.649143189
2493,PMC Fincorp,1.86,17.87,132.45,0.54,0.52,-86.28,4.96,-3.31,11.32,16.6,7.93,0.26,8.05,46.45,-27.97,5.649143189
2494,Dhruv Consultanc,30.04,,57.17,0.67,-30.97,-1540.47,-5.69,-125.88,11.32,34.92,3.06,0.22,5.55,23.6,-14.4,5.649143189
2495,Maiden Forgings,76.02,26.35,108.04,0,2.1,-48.15,109.44,0.32,11.35,18,2,0.87,3.87,68.67,4.52,5.649143189
2496,Kuantum Papers,77.63,12.61,677.42,3.86,9.78,-53.38,289.59,7.22,11.36,19.86,0.63,0.56,5.88,677.66,176.96,5.649143189
2497,Bizotic Commer.,938.5,83.56,904.91,0,8.38,520.74,73.78,39.58,11.36,22.14,1.47,0.13,4.62,8.53,5.43,5.649143189
2498,Phoenix Overseas,17.55,15.5,33.95,3.42,-1.2,-200.84,238.53,18.59,11.36,29.44,1.85,0.58,3.39,44.52,-21.47,5.649143189
2499,Commerl. Synbags,153.41,22.57,611.08,0.26,6.25,91.13,96.99,15.68,11.37,17.01,1.48,0.64,5.21,100.93,8.04,5.649143189
2500,Bihar Sponge,10.63,7.13,95.89,0,6.21,228.57,87.3,63.79,11.38,52.81,0.91,,4.63,27.46,8.24,5.649143189
2501,Shivam Chemicals,130.4,63.65,221.51,0,1.97,239.66,131.67,39.45,11.38,25.26,1.81,0.63,4.2,23.39,-14.61,5.649143189
2502,Finkurve Fin.,55.36,35.43,775.91,0,6.98,23.76,51.96,30.32,11.4,16.6,1.88,1.16,4.58,381.71,-133.82,5.649143189
2503,Narbada Gems,57.62,15.35,121.91,0,1.83,23.65,22.37,4,11.4,19.58,2.5,0.48,5.72,28.57,-0.1,5.649143189
2504,Vishnu Prakash R,36.95,66.84,459.83,0,-29.98,-618.65,177.48,-26.34,11.41,15.67,1.51,0.91,3.3,716.77,-206.9,5.649143189
2505,Sterling Powerg.,19.92,,10.48,0,-0.2,-2100,0.83,151.52,11.42,27.66,1.08,123.5,0.97,2.47,-0.92,5.649143189
2506,Mold-Tek Technol,123.22,56.76,354.76,0.81,3.89,620.37,52.67,56.76,11.43,15.67,3.14,0.04,7.28,5.34,24.48,5.649143189
2507,Akanksha Power,68.25,25.7,133.64,0,2.38,60.96,40.53,60.45,11.43,24.22,1.31,0.52,4.49,35.74,-2.92,5.649143189
2508,Italian Edibles,41.05,16.18,60.66,0.24,2.68,35.35,45.84,9.27,11.43,47.8,1.97,0.61,4.07,28.52,-3.39,5.649143189
2509,Sylvan Plyboard,45.05,11.99,87.28,0,3.77,10.88,120.43,12.14,11.46,29.51,1.78,0.54,2.86,69.6,0.02,5.649143189
2510,Shetron,92.4,25.28,83.17,1.08,0.37,85,55.69,7.43,11.47,17.01,1.26,0.69,1.99,41.61,21.88,5.649143189
2511,Ambika Cotton,1275.7,11.72,737.05,2.9,15.17,6.23,174.17,11.46,11.47,20.19,5.13,0,5.92,0,129.05,5.649143189
2512,PropshareTitania,1080000,53.72,481.9,2.23,5.53,,0,,11.48,51.29,1.73,0,3.2,0,40.41,5.649143189
2513,Essen Speciality,126.3,348.57,313.72,0.79,-2.2,-120.48,41.42,-12.69,11.5,30.23,2.48,0.17,6.77,26.32,-12.49,5.649143189
2514,Alfa Transformer,40.21,,36.79,0,1,150,11.84,-5.28,11.53,24.22,1.59,0.53,2.53,11.83,-0.12,5.649143189
2515,Chembond Materi.,126.32,12.16,165.73,1.39,1.59,-24.38,62.9,18.57,11.54,25.33,2.2,0.04,7.97,5.99,19.48,5.649143189
2516,Haldyn Glass,80.15,18.44,430.82,0.87,5.27,67.34,124.7,18.48,11.54,17.01,1,0.6,3.92,133.24,44.59,5.649143189
2517,Citichem India,14.1,5.36,9.59,0,0.68,466.67,10.1,504.79,11.56,57.85,1.32,0.34,1.77,7.05,-11.51,5.649143189
2518,GDL Leasing,79.55,44.29,39.86,0,0.07,40,0.82,290.48,11.58,16.6,1.83,0.16,7.22,1.09,-0.65,5.649143189
2519,Riddhi Steel,227,27.41,282.28,0,6.08,80.42,246.8,59.65,11.58,18,2.17,2.02,3.82,138.02,12.72,5.649143189
2520,Allcargo Termi,22.32,17.63,597.66,0,15.03,15.63,218.35,16.55,11.59,21.27,0.92,2.09,3.75,644.14,108.39,5.649143189
2521,Mukka Proteins,21.13,14.29,639.28,0,27.26,-9.56,653.5,115.57,11.59,25.26,1.38,1.37,4.77,609.81,-111.93,5.649143189
2522,Dhampur.Spl.Sug.,114,18.96,99.53,0,2.04,179.45,16.35,43.17,11.61,11.9,3.92,0,7.13,0,8.04,5.649143189
2523,Intl. Combustion,407.3,29.23,97.34,0.98,-2.65,-170.67,72.19,-12.8,11.64,27.66,1.85,0.16,5.65,20.83,12.35,5.649143189
2524,United Van Der,33.11,39.09,228.29,1.21,0.82,-38.81,8.26,9.55,11.64,32.07,1.36,0.47,4.86,24.94,11.64,5.649143189
2525,Sh.Pushkar Chem.,298.5,13.14,969.4,0.67,18.07,13.51,248.86,14.65,11.64,15.84,1.8,0.27,7.35,153.23,37.5,5.649143189
2526,Swasti Vin. Art,3.42,7.69,30.78,0,0.83,72.92,6.33,91.82,11.67,23.25,4.86,0.52,4.58,14.87,-1.94,5.649143189
2527,Parin Enterpris.,575.3,76.25,639.62,0.03,3.02,136.3,108.68,192.94,11.67,26.9,1.69,1.47,4.86,97.83,-12.47,5.649143189
2528,Artemis Electri.,16.85,43.78,419.4,0.03,0.84,-69.45,4.26,-76.91,11.68,24.22,1.53,0.02,6.62,2.09,41.19,5.649143189
2529,Technopack Poly.,13.65,11.61,14.74,0,0.4,-52.94,3.94,-57.54,11.68,30.23,9.12,0.17,6.88,3.44,4.11,5.649143189
2530,Pritika Engineer,53.4,18.33,140.79,0,1.67,16.78,35.69,26.11,11.68,24.49,1.38,1.56,4.11,78.43,22.07,5.649143189
2531,DRA Consultants,15.01,6.17,16.47,0,0.97,-2.02,9.46,3.73,11.69,34.92,4.82,0,7.29,0,1.78,5.649143189
2532,Ceejay Finance,169,8.1,58.31,0.71,1.68,47.37,6.69,-6.43,11.71,16.6,0.75,0.55,5.86,44.18,-13.16,5.649143189
2533,South West Pinn.,204.04,21.18,605.44,0,9.79,181.32,62.66,30.79,11.71,19.48,1.77,0.52,5.2,94.1,25.69,5.649143189
2534,Orient Beverages,220,10.44,47.52,0,2.06,472.22,45.06,16.46,11.73,46.28,1.35,3.46,1.78,81.29,-0.02,5.649143189
2535,Active Clothing,104.15,13.41,161.56,0,3.5,11.46,96.49,-3.45,11.74,22.14,1.25,1.36,3.39,112.24,-10.37,5.649143189
2536,Shreenath Paper,10.75,7.88,21.13,0,0.77,-21.43,55.38,5.01,11.74,29.44,2.27,0.5,4.04,21.68,-6.69,5.649143189
2537,Sainik Finance,33.34,6.49,36.27,0,1.24,-11.43,4.41,12.21,11.76,27.04,1.4,2.47,4.19,113.07,16.82,5.649143189
2538,Arex Industries,106.3,21.61,38.25,0,0.26,-73.47,12.99,-1.59,11.76,20.19,1.45,0.4,5.37,10.72,8.91,5.649143189
2539,Asian Hotels (E),151.39,108.07,260.44,0.66,-52.63,21.33,36.93,13.46,11.76,27.58,0.24,1.55,2.74,353.41,0.39,5.649143189
2540,Alcokraft Dist.,65,9.55,66.63,0,4.14,-32.46,59.2,13.34,11.76,31.92,2.06,0.83,4.52,83.09,13.74,5.649143189
2541,Munjal Auto Inds,74.14,16.89,740.5,1.35,14.64,756.96,605.81,16.04,11.76,24.49,1.28,0.92,3.69,395.24,25.36,5.649143189
2542,Sakthi Sugars,14.74,11.22,176.55,0,-34.2,-10.25,126.35,-9.58,11.78,11.9,0.83,4.76,2.44,835.31,40.58,5.649143189
2543,Dhanashree Elect,181.8,64.98,257.97,0.06,0.71,-31.73,18.26,-28.76,11.78,24.22,2.53,1.46,2.59,63.74,-6.84,5.649143189
2544,Haleos Labs Limited,1246,18.98,376.71,0.12,6.65,21.02,94.78,12.03,11.78,27.23,1.06,0.34,4.79,69.78,34.06,5.649143189
2545,Swiss Military,16.19,42.67,382.31,0,1.91,-8.15,69.58,24.83,11.8,42.67,3.77,0.13,7.39,16.54,-3.24,5.649143189
2546,Uttam Sug.Mills,230.47,7.65,879.91,1.08,29.73,-8.55,494.31,22.39,11.82,11.9,1.31,0.29,4.79,228.49,113.15,5.649143189
2547,Deco-Mica,56.9,15.72,23.89,0,0.6,-34.07,16.6,-16.58,11.82,15.36,1.33,0.9,2.62,24.32,4.7,5.649143189
2548,Manaksia,50.14,6.12,327.54,0,14.54,10.53,184.02,-2.06,11.82,18,8.16,0.06,6.07,38.03,-275.22,5.649143189
2549,Machino Plastics,254.15,34.07,156.05,0,-1.47,-195.45,125.81,34.28,11.84,24.49,0.81,3.33,3.11,220.01,26.26,5.649143189
2550,Flomic Global,41.32,,75.07,0.24,0.77,-31.86,108.61,-19.3,11.84,21.18,1.06,2.4,1.79,102.16,16.66,5.649143189
2551,Genomic Valley,28.56,,8.72,0,0.01,-93.75,0.05,-77.27,11.84,46.74,6.55,0,8.29,0,0.03,5.649143189
2552,ICDS,43.99,24.28,57.31,0,0.46,159.74,0.57,11.76,11.85,19.48,7.12,0,5.62,0.09,1.06,5.649143189
2553,India Gelatine,322.05,8.67,228.41,1.55,7.1,99.44,44.83,-14.71,11.87,25.33,6.62,0.03,7.92,5.27,21.01,5.649143189
2554,Nukleus Office,188,32.96,75.8,0,1.16,26.09,16.91,18,11.87,19.48,4.61,0.25,5.25,10.25,-7.46,5.649143189
2555,Sharat Industrie,146.8,35.14,575.67,0.17,4.74,79.55,142.54,47.8,11.88,18.74,1.79,0.79,4.12,120.29,-25.72,5.649143189
2556,Faze Three,407.6,31.56,991.13,0,6.4,-27.85,226.93,27.35,11.88,20.19,1.18,0.55,5.43,233.93,12.27,5.649143189
2557,Samrat Forgings,198.9,24.38,99.45,0,1.49,28.45,49.78,13.42,11.88,24.33,0.95,2.31,3.05,89.4,19.73,5.649143189
2558,Hi-Green Carbon,120.5,28.54,301.13,0,4.73,-10.92,69.01,91.22,11.88,18.91,1.58,0.62,8.14,56.69,12.36,5.649143189
2559,Pasupati Acrylon,44.58,7.19,397.97,0,25.69,157.85,269.23,54.85,11.89,14.12,2.74,0.29,6.47,110.21,6.71,5.649143189
2560,Parmeshwari Silk,99.56,3.82,29.88,0,2.67,-9.21,71.89,8.35,11.89,20.19,1.36,2.1,3.73,120.33,12.42,5.649143189
2561,Dev Accele.,37.77,96.36,339.17,0,-1.01,-170.63,59.2,18.99,11.9,19.48,1.12,1.77,0.37,323.49,93.75,5.649143189
2562,Foods & Inns,53.83,12.72,395.82,0.56,0.43,-45.57,150.47,-20.57,11.92,47.8,1.32,0.89,3.53,482.17,15.24,5.649143189
2563,Chatha Foods,69.01,27.61,166.19,0,3.19,-1.24,84.09,13.88,11.92,47.8,1.57,0.25,6.13,21.27,-1.07,5.649143189
2564,Perfectpac,80,17.53,53.28,1.25,-0.04,-107.35,25.05,-3.32,11.93,19.86,2.15,0.02,6.53,0.73,4.07,5.649143189
2565,Bambino Agro Ind,190,14.33,152.19,0.84,1.16,3.57,93.36,8.87,11.94,47.8,1.45,0.8,4.29,87.85,-3.82,5.649143189
2566,Viaz Tyres,61.6,20.39,82.77,0,2.02,55.38,42.6,50.11,11.95,23.64,2.52,0.44,6.08,16.97,-2.65,5.649143189
2567,Shree Ram Twist.,48.42,20.19,192.05,0,3.73,70.32,92.91,75.2,11.95,20.19,1.44,0.84,4.57,62.48,21.76,5.649143189
2568,Roopa Industries,51.27,20.89,40.33,0,0.77,1.32,33.54,9.14,11.96,27.23,1.25,1.98,2.82,36.09,-6.59,5.649143189
2569,SKP Bearing,151.1,47.15,250.83,0.73,-1.48,,24.77,,11.96,51.28,1.88,0.68,3.18,34.61,5.95,5.649143189
2570,Mohit Paper Mill,27.55,5.94,38.57,0,2.68,3.88,44.06,-1.21,11.97,19.86,1.19,1.35,3.46,73.89,13.42,5.649143189
2571,Kanpur Plastipa.,178.57,12.01,432.69,0.5,9.23,23.03,191.7,19.16,11.99,17.01,1.39,0.58,4.29,131.98,36.85,5.649143189
2572,NIS Management,46.5,4.83,92.07,0,2.83,-20.73,102.8,2.66,11.99,11.79,2.69,0.4,7.43,84.22,14.88,5.649143189
2573,Dharmaj Crop,240.31,16.93,817.18,0,0.77,-34.75,189.54,8.61,12,21.41,1.41,0.31,5.4,138.88,38.68,5.649143189
2574,T B Z,129.06,5.99,862.97,1.74,80.63,169.85,1061.43,14.4,12.01,19.58,1.48,1.18,4.24,822.05,-26.85,5.649143189
2575,Future Consumer,0.33,,65.9,0,-27.82,-146.37,115.27,1.2,12.02,38.49,0.14,,-8.56,436.47,6.15,5.649143189
2576,7Seas Enter.,75.99,80.56,175.63,0,0.56,16.67,5.04,17.21,12.03,20.19,7.53,0.07,10.76,1.39,-3.12,5.649143189
2577,Jagan Lamps,51.02,14.16,37.24,0,0.56,-1.75,13.35,10.06,12.04,24.49,1.98,0.31,5.94,10.6,-2.56,5.649143189
2578,Crop Life Scienc,45,12.46,77.13,0,3.22,-12.5,120.27,13.11,12.06,21.41,1.45,0.72,3.78,58.43,-2.3,5.649143189
2579,JITF Infra Logis,316.1,,795.67,0,18.6,138.74,822,54.6,12.07,16.27,1.49,,3.43,3884.72,185.02,5.649143189
2580,Jay Kailash,13.69,4.69,6.84,0,0.85,39.34,9.92,12.6,12.07,47.8,2.58,0.52,4.86,9.99,-2.23,5.649143189
2581,Moongipa Capital,14.26,10.8,13.07,0,0.22,-37.14,2.94,36.11,12.08,16.6,69.82,0.31,7.43,7.45,-17.64,5.649143189
2582,Shalimar Wires,19.1,20.31,81.66,0,1.01,152.5,35.04,13.43,12.1,20.19,1.01,2.31,1.06,91.88,47.46,5.649143189
2583,Star Housing Fin,4.15,4.94,32.77,2.41,0.49,-75.98,25.82,7.45,12.1,13.43,4.33,2.67,2.1,391.77,-65.25,5.649143189
2584,Richa Info,59.9,7.78,80.87,0,5.58,1197.67,85.93,706.85,12.1,23.6,11.04,0.08,6.57,10.68,-83.97,5.649143189
2585,Kizi Apparels,16.45,12.61,12.86,0,0.57,35.71,13.91,11.82,12.11,22.14,1.83,0.44,5.08,6.25,-7.82,5.649143189
2586,Maan Aluminium,136.1,53.58,818.24,0,2.83,-7.21,151.87,-16.6,12.13,16.26,1.89,0.44,6.83,82.81,0.19,5.649143189
2587,VMS Industries,20.09,7.8,49.16,2.49,0.26,-23.53,24.91,-25.77,12.14,21.27,2.17,0.25,4.21,24.52,-46.47,5.649143189
2588,Solitaire Mach.,93.95,31.14,42.66,2.13,0.33,-53.52,3.59,-47.36,12.16,27.66,2.01,0.26,7.13,4.94,2.23,5.649143189
2589,Onyx Biotec,30.3,51.34,54.94,0,-0.9,-130.1,34.59,14.73,12.16,27.23,1.77,0.29,5.1,15.73,1.42,5.649143189
2590,Mangal Credit,170.39,27.86,352.48,0.44,3.83,10.06,18.31,44.4,12.17,16.6,7.67,1.75,4.27,276.02,-49.36,5.649143189
2591,Organic Recyclin,233.5,9.6,202.19,0,12.11,78.88,29.91,70.23,12.17,18.91,4.04,0.36,9.63,43.67,-6.7,5.649143189
2592,Three M Paper,21.48,5.61,41.32,0,3.04,-46.48,143.33,13.77,12.18,19.86,1.24,0.68,4.58,72.25,9.69,5.649143189
2593,Conart Engineers,65.48,10.63,41.12,0,0.61,190.48,15.61,10.24,12.19,15.67,3.11,0,6.82,0.01,4.91,5.649143189
2594,MANGALAM SEEDS,127.85,13.6,140.38,0,1.28,-5.19,28.88,5.52,12.19,25.04,1.8,0.67,6.94,57.59,-0.08,5.649143189
2595,BEW Engg,82,8.67,107.2,0,6.23,3.49,87.1,70.45,12.19,27.66,2.19,0.44,6.34,63.07,-31.26,5.649143189
2596,S D Retail,78.65,15.97,147.25,0,0.13,124.53,78.3,9.24,12.21,22.14,2.43,0.23,5.76,25.66,1.55,5.649143189
2597,G S Auto Intl.,31,21.53,45,0,0.74,51.02,39.69,12.09,12.22,24.49,0.97,1.1,1.45,26.77,11.35,5.649143189
2598,Capital Trust,11.85,,41.46,0,-2.43,-2683.33,11.11,-55.18,12.24,16.6,5.96,1.34,0.58,80.19,-19.35,5.649143189
2599,Excellent Wires,100,36.64,44.7,0,0.45,21.62,9.93,-5.34,12.24,22.51,14.06,0,8.27,0,-5.79,5.649143189
2600,Rudra Global,16.13,11.87,161.66,0,7.38,367.09,158.59,6.88,12.25,18,1.28,1.73,3.56,225.02,-13.44,5.649143189
2601,Ducon Tech,2.93,7.42,94.54,0,2.31,-32.26,94.3,-16.31,12.25,27.66,2.32,0.58,4.56,101.05,-28.21,5.649143189
2602,Rulka,87.55,13.13,37.29,0,1.52,61.7,54.24,82.69,12.25,15.67,1.81,0.31,4.48,11.14,-14.91,5.649143189
2603,Dutron Polymers,103.05,24.06,61.83,1.46,1,88.68,22.5,-16.94,12.26,21.75,6.04,0.11,6.99,3.21,5.34,5.649143189
2604,Simran Farms,149,,56.47,0,1.14,707.14,232.62,-5.1,12.26,10.58,1.1,1.47,3.59,61.25,-11.2,5.649143189
2605,Vera Synthetic,67.75,12.16,33.44,0,1.98,57.14,26.08,11.5,12.26,20.19,4.45,0,7.93,0.03,-5.04,5.649143189
2606,Arisinfra Solu.,103.77,26.07,848.52,0,18.27,2593.84,270.84,48.96,12.26,11.57,3.53,0.08,1.34,55.91,-21.28,5.649143189
2607,SRG Housing,247.65,13.43,395.2,0,8.21,43.03,50.45,29.56,12.29,13.43,2.01,2.45,3.17,685.36,-131.49,5.649143189
2608,Kalyani Forge,554.5,33.58,190.41,0.72,-0.12,-106.59,57.86,-1.3,12.33,24.33,1.28,0.99,3.86,90.8,21.83,5.649143189
2609,Rama Vision,128.45,23.75,133.93,0,1.9,492.68,41.93,42.33,12.34,29.44,1.68,0.63,4.77,20.73,-2.8,5.649143189
2610,Tirupati Forge,46.88,96.95,588.48,0,2.02,54.2,48.6,85.92,12.37,24.33,3,0.21,7.12,25.46,5.85,5.649143189
2611,Wardwizard Inno.,6.12,23.79,184.1,1.63,0.03,-99.21,62.72,-27.3,12.37,28.3,1.22,1.55,1.82,163.95,-68.99,5.649143189
2612,Usha Financial,34.6,7.48,150.43,0,6.59,44.84,19.18,15.82,12.38,16.6,13.38,0.8,3.56,173.82,-92.56,5.649143189
2613,SBEC Sugar,30.97,,147.58,0,-17.3,22.46,122.97,-14.09,12.4,11.9,0.11,,-2.61,300.68,70.08,5.649143189
2614,Aristo Bio-Tech,83,15.35,56.5,0.6,4.17,-8.35,256.45,19.75,12.42,21.41,1.12,0.84,2.99,34.68,10.02,5.649143189
2615,ABans Enterprise,21.75,9.37,151.7,0,2.36,-52.52,3456.52,384.83,12.43,22.34,2.18,0.93,4.03,202.54,-193.09,5.649143189
2616,Suratwwala Busi.,25.43,14.1,439.28,0.39,11.13,5757.89,42.09,1223.58,12.43,25.29,2.54,0.79,6.81,65.14,-4.73,5.649143189
2617,Lehar Footwears,198,16.11,350.04,0.25,2.13,-2.29,57.13,-14.63,12.44,33.48,1.4,0.46,4.55,58.37,20.31,5.649143189
2618,V R Infraspace,143.9,56.79,127.79,0,1.63,26.37,18.77,42.85,12.44,25.29,2.28,0.56,3.17,21.09,-27.13,5.649143189
2619,T.V. Today Netw.,100.76,25.85,603.12,2.98,-0.14,-60.58,212.36,-8.38,12.45,15.95,3.34,0.02,6.57,16.74,121.59,5.649143189
2620,Dhruva Cap.Serv.,234.7,,168.76,0,1.53,75,0.67,8.06,12.46,16.6,0.17,0.2,7.73,5.74,-8.14,5.649143189
2621,D P Wires,143.09,17.97,219.8,0,3.39,-31.65,95.28,-38.35,12.48,18,6.39,0.01,7.91,2.19,51.78,5.649143189
2622,Paramount Specia,25.5,9.92,50.19,0,2.19,36.88,58.35,23.26,12.49,22.51,1.49,0.48,4.53,26.25,-2.87,5.649143189
2623,Gujarat Poly,53,1.59,45.31,0,24.65,5144.68,3.53,-14.73,12.5,24.22,0.89,0.7,9.7,10.17,-0.07,5.649143189
2624,Dar Credit & Cap,36,5.73,51.39,1.39,2.52,40,12.56,25.1,12.51,16.6,1.68,1.58,2.95,159.34,26.71,5.649143189
2625,DB Intl.Stock,25.04,20.65,87.15,0,0.89,-13.59,6.61,-27.76,12.53,17.17,2.19,0.04,4.82,2.65,0.16,5.649143189
2626,Saroja Pharma In,28.15,8.91,11.32,0,0.57,67.65,38.76,106.28,12.57,25.33,1.25,0.65,3.12,10.5,1.15,5.649143189
2627,Jayant Agro Org.,167.59,11.29,499.17,1.49,6.33,-51.09,587.3,1.3,12.59,25.33,2.07,0.33,6.18,191.38,117.98,5.649143189
2628,Precot,483.8,14.57,580.56,0.62,5.78,-48.02,207.98,-1.89,12.6,20.19,1.02,0.81,3.46,376.19,115.78,5.649143189
2629,Retaggio Indust.,40.23,13.82,71.87,0,3.58,341.98,30.38,236.43,12.6,19.58,4.66,0.35,6.75,14.38,0.68,5.649143189
2630,Emmessar Biotech,24.34,36.88,12.17,0,0.12,500,0.09,-10,12.61,15.36,16.13,0,3.56,0,0.22,5.649143189
2631,AVG Logistics,173.24,12.85,264.34,0.69,5.36,-2.37,133.77,-6.01,12.61,21.18,1.72,1.08,4.53,277.37,37.95,5.649143189
2632,Cont. Securities,15.99,25.23,48.69,0.31,0.58,34.88,1.01,26.25,12.62,16.6,0.21,0.01,8.69,0.21,-3.98,5.649143189
2633,Maheshwari Logi.,44.13,6.97,130.61,0,4.18,38.87,261.5,13.68,12.62,23.25,1.23,1.36,3.13,280.88,57.48,5.649143189
2634,Rubfila Intl.,61.07,12.81,329.78,3.27,4.93,-24.96,121.61,3.8,12.63,18.77,6.68,0,7.84,0,22.86,5.649143189
2635,Virtuoso Optoel.,312.8,77.91,995.74,0,7.05,,204.55,,12.64,42.67,1.48,0.58,2.65,202.02,31.75,5.649143189
2636,Tyche Industries,108.15,16.52,110.86,2.77,1.82,-61.6,10.58,-40.39,12.67,27.23,5.29,0,8.78,0,8.54,5.649143189
2637,Gilada Finance,11.92,7.48,16.75,0,0.6,20,1.91,11.7,12.69,16.6,,0.38,6.14,9.64,2.99,5.649143189
2638,Magadh Sugar,459.45,7.43,650.51,2.72,25.09,23.92,296.42,4.43,12.7,11.9,1.13,0.41,6.61,328.05,139.32,5.649143189
2639,Enbee Trade,0.42,7.3,74.43,2.38,3.34,307.32,7.88,67.3,12.71,19.48,0.03,0.64,4.92,53.7,-44.31,5.649143189
2640,Zuari Agro Chem.,197.42,2.49,825.89,0,39.7,-24.78,343.7,-72.81,12.71,17.51,0.81,0.24,4.58,607.1,511.47,5.649143189
2641,Grob Tea Co,889.4,18.43,103.38,0.34,7.09,990.77,47.81,77.67,12.71,19.61,2.96,0.14,8.25,14.79,16,5.649143189
2642,Tejnaksh Health.,12.65,18.76,25.69,0,0.28,-50.82,2.62,-17.87,12.71,35.08,3.54,0.04,7.23,1.09,0.38,5.649143189
2643,Suraj,230.44,,379.8,0.65,1.38,-80.45,61.88,-2.72,12.73,18,1.43,0.32,6.26,43.89,-9.01,5.649143189
2644,Comfort Comtrade,12.43,,12.46,4.02,-4.46,-487.83,22.26,1007.46,12.73,35.19,7.45,0.06,6.35,3.57,-2.94,5.649143189
2645,Manomay Tex Indi,203.47,20.21,363.43,0,4.63,-23.22,176.64,-4.98,12.74,20.19,1.41,2.34,3.2,370.17,4.15,5.649143189
2646,Jay Ushin,786,19.82,303.39,0.51,4.3,29.13,245.11,12.17,12.76,24.49,0.95,0.86,3.05,110.64,19.74,5.649143189
2647,Metal Coatings,53.31,10.85,39.06,1.88,0.96,281.13,38.22,-2.05,12.76,18,4.25,0,4.7,0,5.69,5.649143189
2648,Sharma E I Hosp.,101.34,27.93,33.24,0,0.18,-37.93,9.61,17.91,12.77,35.08,1.08,0.4,4.2,5.18,6.69,5.649143189
2649,Alkosign,61,77.46,65.84,0,0.39,-88.22,26.34,-5.59,12.78,26.55,2.18,0.4,7.39,13.41,0.85,5.649143189
2650,Vinny Overseas,1.07,32.75,49.79,0,0.21,-94.13,29.12,5.55,12.79,22.14,2.35,0.17,6.17,13.74,-14.84,5.649143189
2651,LWS Knitwear,16.11,9.24,23.57,0,0.85,-2.3,17.68,7.94,12.82,29.44,3.01,0.56,5.35,17.46,-14.25,5.649143189
2652,Quest Flow,141.25,23.64,144.89,0,1.12,-16.88,26.22,-11.48,12.82,22.51,4.27,0.24,7.16,20.32,4.49,5.649143189
2653,Salzer Electron.,551.1,18.7,974.68,0.45,12.74,-11.47,411.95,23.4,12.84,24.22,1.38,0.86,4.93,476.91,-17,5.649143189
2654,Expo Engineering,52,29.86,118.55,0,0.51,-23.88,18.1,-28.49,12.84,22.51,1.84,0.82,3.96,32.1,5.46,5.649143189
2655,AVT Natural Prod,58.99,15.63,892.84,1.19,17.37,-19.58,194.01,12.23,12.84,25.04,2.68,0.19,7.17,100.17,-32.5,5.649143189
2656,Annapurna Swadi.,159.65,14.98,348.36,0,15.41,23.68,249.5,22.45,12.84,47.8,1.48,0.36,5.7,113.49,-15.87,5.649143189
2657,EMA Partners,72.8,13.11,169.24,0,7.11,4.25,40.53,3.5,12.84,19.48,15.69,0.01,8.48,0.8,12.64,5.649143189
2658,Kapston Services,282.1,32.35,858.49,0,7.38,62.91,212.04,16.38,12.85,19.48,1.39,1.72,7.05,175.31,-7.98,5.649143189
2659,W H Brady,541.05,26.73,137.97,0,2.92,-12.12,26.94,14.83,12.86,22.51,3.2,0.11,9.68,9.04,-0.08,5.649143189
2660,Best Agrolife,14.5,21.47,520.05,1.38,-12.74,47.27,202.91,-25.97,12.86,21.41,1.43,0.54,3.53,435.68,228.16,5.649143189
2661,Lactose (India),86.11,22.44,108.41,0,0.53,140.91,36.77,28.03,12.87,27.23,1.26,0.87,4.38,54.15,-0.29,5.649143189
2662,M K Proteins,4.92,21.89,185.82,0,1.43,3.62,89.56,126.85,12.87,21.81,15.22,0.03,7.12,1.98,-16.13,5.649143189
2663,Kretto Syscon,0.64,41.68,43.35,0,0.09,-90.72,0,-100,12.88,25.29,6.18,0.01,9.27,1.01,-3.29,5.649143189
2664,Modi's Navnirman,316.6,24.32,620.16,0,12.77,82.17,54.43,69.99,12.88,25.29,3.05,0.01,6.99,1,-18.46,5.649143189
2665,Rajputana Invest,32.52,83.51,10.02,0,0.02,-83.33,1.15,-64.06,12.89,16.6,12.94,0,8.86,0,-0.19,5.649143189
2666,Zenith Drugs,41,16.54,70.31,0,2.34,-55.24,78.22,15.56,12.9,27.23,1.43,0.72,4.95,51.88,-5.47,5.649143189
2667,Manglam Infra,13.65,17.53,24.02,0,1.47,-51.49,13.01,-25.06,12.9,34.92,4.38,0.06,5.96,2.96,-20.59,5.649143189
2668,PVV Infra Ltd,4.53,8.45,64.13,0,4.21,3408.33,16.24,96.85,12.91,15.67,1.99,0.1,6.91,6.41,-25.08,5.649143189
2669,Latteys Industri,19.5,41.22,112.12,0,0.94,312.5,33.92,95.05,12.91,35.06,1.61,0.37,3.81,7.92,10.08,5.649143189
2670,Adtech Systems,51.33,16.05,61.16,1.95,0.5,-60.32,8.02,-30.32,12.92,27.66,5.45,0,7.92,0,6.4,5.649143189
2671,Balaxi Pharma,17.65,10.31,97.44,0,0.31,-94.22,72.54,-1.02,12.95,27.23,3.96,0.24,8.85,56.52,-35,5.649143189
2672,Kandarp Digi,142,61.85,127.42,0,0.72,157.14,23.39,171.66,12.96,21.26,2.1,0.2,5.87,4.11,0.81,5.649143189
2673,Techera Enginee.,183.4,52.97,302.99,0,1.39,213.01,24.3,38.3,12.97,52.79,1.36,0.48,5.38,24.71,4.46,5.649143189
2674,Upsurge Seeds,94.75,11.31,95.56,0,2.54,-1.93,46.84,-7.74,12.98,25.04,2.22,0.72,7.58,40.9,-1.12,5.649143189
2675,Balurghat Tech,10.67,,19.42,0,-3.11,-823.26,27.67,20.04,12.99,11.35,1.53,1.44,5.72,23.64,-8.46,5.649143189
2676,Gennex Lab.,9.4,13.05,228.37,0,6,18.01,42.96,7.37,13.01,27.23,3.67,0.41,7.51,88.44,-10.8,5.649143189
2677,AastamangalamFin,36.2,7.47,56.25,0,1.91,-25.39,3.54,-16.71,13.02,16.6,12.36,0.64,8.19,50.45,-33.63,5.649143189
2678,Unison Metals,0.7,2.34,20.74,0,4.3,1031.58,164,130.5,13.03,18,1.34,0.92,2.34,67.56,8.31,5.649143189
2679,Kotyark Indust.,371,140.57,382.35,2.29,6.65,-65.58,147.32,-25.13,13.03,13.15,2.58,0.54,6.21,80.7,30.92,5.649143189
2680,Panache Digilife,310.5,54.76,497.24,0,4.44,119.8,70,237.51,13.05,22.28,2.1,0.38,5.46,27.21,-12.77,5.649143189
2681,Narmada Agrobase,32.5,32.15,123.45,0,1.01,1,21.35,54.26,13.05,25.26,5.18,0.18,8.66,10.53,-15.93,5.649143189
2682,Jainam Ferro,181.05,27.04,212.03,0,5.51,-34.4,108.21,-5.25,13.05,15.27,4.7,0.01,6.67,1.97,-2.02,5.649143189
2683,Emerald Tyre,88.6,19.43,172.56,1.13,5.11,-9.24,97.66,9.28,13.05,23.64,1.61,0.92,4.58,114.18,3.35,5.649143189
2684,Adit.Birla Money,111.95,12.25,630.78,0,14.22,-23.75,119.58,12.78,13.06,17.17,1.72,6.58,3.24,1761.4,-126.2,5.649143189
2685,Sharp Chucks and,140.75,17.94,162,0,5.64,23.96,132.65,-2.34,13.06,24.33,1.21,1.32,3.54,118.24,-11.73,5.649143189
2686,SKM Egg Prod.,154.86,10.58,819.3,0.48,30.01,298.94,203.71,50.8,13.07,10.58,2.19,0.51,7.11,172.07,65.22,5.649143189
2687,Manba Finance,114.27,13.69,578.52,0.66,13.08,0.93,89.82,30.42,13.07,16.6,15.41,3.78,3.1,1470.31,-323.56,5.649143189
2688,Aritas Vinyl,15.39,6,30.3,0,2.89,48.97,49.18,3.52,13.08,23.94,1.34,1.66,4.82,38.85,8.66,5.649143189
2689,Subam Papers,163,17.01,378.9,0,-0.51,,145.56,,13.09,17.01,1.41,0.68,5.15,226.73,32.28,5.649143189
2690,Prima Plastics,103,6.08,113.3,1.94,5.33,53.33,53.1,3.61,13.1,30.23,2.34,0.2,7.85,39.28,3.53,5.649143189
2691,Sarveshwar Foods,3.22,11.97,395.63,0,9.22,30.27,326.78,15.82,13.14,25.04,1.69,0.57,3.17,265.2,14.74,5.649143189
2692,Lead Reclaim,70.85,31.23,61.21,0,0.99,,21.9,,13.15,18.77,1.56,1,6.1,8.64,-0.35,5.649143189
2693,Indogulf Cropsci,58.64,10.4,372.77,0,4.11,8.36,108.58,10.38,13.15,21.41,1.74,0.46,5.09,203.55,-11.72,5.649143189
2694,Western Carriers,92.42,21.18,945.71,0,10.83,-17.95,478.09,7.92,13.16,21.18,3.28,0.23,7.01,193.04,-2.69,5.649143189
2695,Duncan Engg.,409.65,30.74,151.57,0.73,1.03,47.14,19.62,-1.8,13.18,24.49,3.81,0.07,7.26,4.36,6.62,5.649143189
2696,IST,657.95,4.27,767.44,0,62.02,166.18,33.66,23.07,13.19,24.49,6.26,0,9.53,5.13,41.74,5.649143189
2697,Choksi Asia,140.05,15.18,79.84,0,2.13,868.18,12.26,41.41,13.2,33.84,5.04,0.08,6.97,3.04,-2.87,5.649143189
2698,Worth Peripheral,126.14,12.29,198.68,0.79,4.08,-22.44,75.09,10.33,13.2,17.01,4.95,0.1,7.95,18.96,21.36,5.649143189
2699,Samrat Pharma,211.8,,65.44,0.47,-0.46,-116.55,63.43,-0.36,13.21,27.23,1.85,0.15,5.67,10.95,-10.09,5.649143189
2700,Shree TirupatiBa,24.71,15.42,200.59,0,0.55,-98.04,170.94,19.82,13.21,17.01,2.06,0.72,5.79,217.02,-40.25,5.649143189
2701,BCL Industries,27.1,6.82,799.3,0.96,35.36,67.4,726.13,-1.26,13.24,31.92,1.63,0.78,7.16,662.27,63.2,5.649143189
2702,HCP Plastene,177.4,9.45,189.37,0.56,8.34,368,121.27,1.59,13.24,17.01,1.15,2.96,5.1,200.61,-18.53,5.649143189
2703,Sizemasters Tech,303.15,77.73,303.15,0,1.04,342.86,7.32,50.62,13.24,48.18,2.36,0.2,7.49,3.23,0.33,5.649143189
2704,Moksh Ornaments,10.38,9.84,91.6,0,2.83,14.11,115.2,-1.79,13.27,19.58,3.87,0.31,6.69,38.75,-26.7,5.649143189
2705,Khandelwal Extra,117.9,83.55,10.03,0,0.04,-55.56,0.15,-11.76,13.29,25.04,4.52,0,8.19,0,0.29,5.649143189
2706,Creative Casting,543.9,16.07,70.71,1.84,1.57,166.1,14.71,73.88,13.31,24.33,5.36,0,7.75,0.12,5.4,5.649143189
2707,Transglobe Foods,464,,6.72,0,-0.07,0,0,,13.33,46.28,4.33,,-16.22,0.58,0.02,5.649143189
2708,Healthy Life,6.3,8.29,31.26,0,1.33,11.76,51.94,5.85,13.34,24.58,1.31,0.21,7.59,7.53,-5.45,5.649143189
2709,Barflex Polyfilm,56.6,11.68,140.08,0,3.64,-49.02,51.06,4.37,13.34,17.01,8.1,0.07,9.25,6.29,-4.23,5.649143189
2710,Scan Projects,101.27,29.69,29.09,0,0.29,93.33,4.7,44.17,13.35,27.04,3.42,0.01,7.85,0.1,3.03,5.649143189
2711,Kataria Indust.,102,21.96,219.61,0,4.37,-17.86,170.15,20.43,13.37,27.66,5.95,0.02,8.21,2.79,6.73,5.649143189
2712,Aditya Ultra,21,11,52.15,0,0.61,-88.27,184.47,-40.95,13.38,18,1.54,0.9,5.41,89.69,-44.03,5.649143189
2713,Nalin Lease Fin.,42.05,9.19,27.58,0,0.75,-25,1.89,16.67,13.42,16.6,4.53,0.16,9.43,6.04,-3.04,5.649143189
2714,Sonam,53.73,35.15,215.1,0,2.2,3.77,38.12,50.79,13.43,35.15,1.54,0.3,6.89,19.64,10.4,5.649143189
2715,Resourceful Auto,45,5.53,11.95,0,0.21,130.88,8.12,0,13.43,34.68,8.81,0.73,5.92,12.41,-3.11,5.649143189
2716,Indbank Merchant,31.14,19.71,139.14,0,1.92,64.1,6.25,11.01,13.44,17.17,5.15,0.03,7.54,3.06,0.08,5.649143189
2717,Artefact Project,61.02,6.16,44.39,0.82,1.68,35.48,6.74,-8.05,13.45,34.92,1.69,0.2,7.28,13.54,-19.02,5.649143189
2718,Sadhav Shipping,95.6,12.07,137.21,0,7.4,,28.23,,13.45,10.84,1.38,0.93,5.49,96.81,54.75,5.649143189
2719,Sharanam Infra,0.22,2.57,13.07,0,3.94,3840,23.84,1254.55,13.46,29.44,2.26,0.02,9.59,1.18,-47.79,5.649143189
2720,D & H India,222.5,30.9,227.73,0,2.43,43.79,61.95,12.23,13.47,27.66,1.41,1.35,4.62,67.23,-2.34,5.649143189
2721,Guj. Inject(Ker),70.3,411.94,102.98,0,0.04,-80.95,1.63,-48.25,13.48,27.23,4.73,0,9.88,0,-1.55,5.649143189
2722,Ovobel Foods,118.05,6.3,112.16,0,2.78,341.74,74.05,44.88,13.49,10.58,2.73,0.25,7.87,23.5,3.7,5.649143189
2723,K K Silk Mills,10.38,4.03,23.29,0,3.23,51.64,109.68,8.2,13.5,20.19,1.23,1.51,3.67,64.75,8.14,5.649143189
2724,Donear Inds.,86,11.21,447.52,0.23,17.1,56.74,240.27,-2.79,13.51,20.19,1.33,1.56,4.26,397.34,-0.54,5.649143189
2725,Sejal Glass,481.75,25.93,549.81,0,5.08,48.66,100.81,63.63,13.53,32.51,1.27,4.1,4.27,227.19,-5.7,5.649143189
2726,Garg Furnace,137.9,8.57,93.89,0,3.68,79.51,92.39,46.72,13.54,18,3.17,0.01,10.95,1.35,3.8,5.649143189
2727,AMJ Land Holdin.,38.23,7.82,156.62,0.52,1.36,-42.29,11.82,-23.05,13.54,25.29,4.45,0,7.37,0,38.1,5.649143189
2728,Abhishek Integr.,43.65,24.56,26.28,0,0.33,17.86,13.97,21.69,13.54,15.67,1.83,0.84,5.65,8.86,1.14,5.649143189
2729,Ashnoor Textile,40.84,7.64,65.06,0,0.55,-81.54,18.55,-56.99,13.57,20.19,2.22,0.53,7.18,48.96,12.43,5.649143189
2730,Radaan Media.,2.9,,15.7,0,-0.99,-3400,1.57,-33.47,13.57,35.34,0.2,,0.97,13.38,8.42,5.649143189
2731,HP Adhesives,30.76,20.22,281.23,1.3,1.5,-55.05,64.79,-1.42,13.57,25.33,3.62,0.01,8.15,2.13,9.7,5.649143189
2732,Regent Enterp.,5.84,4.7,19.54,0,1.82,1720,272.33,21.38,13.59,29.44,2.07,0.04,5.57,2.01,0.32,5.649143189
2733,Mehai Technology,1.24,18.64,91.89,0,2.06,-61.28,19.39,-57.6,13.62,29.44,1.71,0.23,8.17,31.55,-0.08,5.649143189
2734,Raasi Refractor,18.59,1.94,8.76,0,-2.08,8.77,18.31,732.27,13.63,27.66,1.02,,0.18,31.92,1.18,5.649143189
2735,Shigan Quantum,51.2,15.28,104.08,0.39,2.58,-39.29,108.56,2.8,13.63,24.49,2.08,0.61,5.17,57.89,-12.37,5.649143189
2736,Unilex Colour &C,24.65,9.05,33.57,0,1.49,-64.44,66.15,-15.88,13.63,15.84,2.89,0.13,6.56,9.64,-0.8,5.649143189
2737,Swasth Foodtech,16.8,,9.84,0,-2.61,-243.41,99.73,12.96,13.63,25.04,1.43,1.12,5.67,22.11,-3.98,5.649143189
2738,Panch.Organics,102,10.91,134.36,3.14,3.68,0.27,26.73,1.87,13.64,27.23,3.32,0.03,8.56,3.97,3.83,5.649143189
2739,BMW Ventures,58.24,14.06,511.33,2.58,11.5,44.84,563.17,16.14,13.64,22.34,1.54,1.07,4.96,460.97,50.23,5.649143189
2740,Riddhi Corporate,57.81,7.1,68.6,0.85,2.86,-64.52,135.26,126.64,13.65,22.28,1.74,0.59,6.94,43.32,37.32,5.649143189
2741,Radiowalla,30.2,28.77,21.29,0,0.4,2.56,10.07,4.03,13.65,35.34,4.16,0.07,4.48,1.38,1.38,5.649143189
2742,Suyog Telematics,679.9,23.18,796.41,0.26,14.54,-15.37,52.59,7.81,13.67,16.04,1.92,0.54,6.9,234.91,71.06,5.649143189
2743,Vippy Spinpro,161.95,8.19,95.07,0,1.83,-38.87,55.5,-20.61,13.68,20.19,1.83,0.43,8.18,40.81,29.3,5.649143189
2744,Raj Oil Mills,43.5,11.97,65.5,0,1.22,8.93,35.9,17.51,13.71,21.81,0.59,60.04,6.24,30.02,0.28,5.649143189
2745,Laxmi India Fin.,82.55,9.86,432.11,0,10.06,63.58,78.83,28.83,13.71,16.6,17.89,2.57,3,1116.33,-311.26,5.649143189
2746,Signet Industrie,43.24,6.03,126.76,1.16,5.16,14.16,390.15,28.35,13.72,29.44,1.31,1.74,1.93,410.83,15.74,5.649143189
2747,DCM Shriram Inds,35.32,7.53,459.07,5.66,-3.12,-113.62,526.85,-1.17,13.73,11.9,1.44,0.33,4.47,302.02,151.79,5.649143189
2748,Patels Airtemp,221.5,11.42,121.17,1.35,2.66,-30.18,58.81,-33.47,13.76,27.66,2.04,0.57,4.86,92.06,39.95,5.649143189
2749,Aeroflex Enter.,72.53,16.06,826.46,0.41,24.8,14.49,191.42,21.69,13.76,18,3.92,0.06,8.41,46.1,139.65,5.649143189
2750,A2Z Infra Engg.,16.56,21.03,291.29,0,-0.63,521.74,108.97,28.87,13.78,15.67,0.79,2.07,0.55,91.3,54.21,5.649143189
2751,Ashapuri Gold,4.01,7.42,133.66,0,5.57,7.74,91.24,-10.06,13.78,19.58,16.33,0,9.68,0.19,-35.74,5.649143189
2752,Sattva Sukun,0.71,17.24,27.24,0,-0.69,-200,5.69,190.31,13.79,13.57,1.44,0.02,9.94,0.7,0.11,5.649143189
2753,Sri Ramakr. Mill,36.59,,26.05,0,-1.09,-62.69,14.08,-61.85,13.81,20.19,0.95,1.6,5.14,32.74,-0.28,5.649143189
2754,Medico Intercon.,27.86,,27.86,0,-1.66,-118.8,19.85,7.7,13.82,29.44,1.65,1.37,7.69,65.54,-7.11,5.649143189
2755,Technichem Org.,49,27.29,84.87,0,1.24,-42.59,28.03,5.73,13.82,25.33,1.79,0.31,6.7,14.51,-7.02,5.649143189
2756,Shanti Spintex,50.75,11.76,85.71,0,3.56,-44.98,365.22,2.87,13.88,20.19,2.2,0.02,5.47,2.15,17.23,5.649143189
2757,Supreme Facility,22.5,7.09,55.86,0,4.44,-7.5,230.37,15.03,13.88,19.48,1.8,1.31,4.18,121.98,15.59,5.649143189
2758,Denis Chem Lab,68.91,10.97,95.62,2.18,3.32,88.64,45.52,6.26,13.89,27.23,2.37,0.09,7.29,7.98,12.09,5.649143189
2759,Paramatrix Tech.,65.15,11.88,74.98,0,2.9,23.4,14.08,1.51,13.89,20.51,9.64,0.22,10.27,13.93,2.71,5.649143189
2760,Aptech,79.07,16.09,456.16,5.69,8.56,186.36,137.11,24.41,13.92,23.6,1.97,0.06,4.88,13.67,20.1,5.649143189
2761,Seshachal Tech.,103.22,717,7.17,0,0.2,385.71,2.47,586.11,13.93,38.05,1.15,0,1.58,0,0.11,5.649143189
2762,Esprit Stones,66,21,144.84,0,-2.69,-124.31,99.19,-38.36,13.94,22.55,1.37,0.45,5.89,58.79,6.77,5.649143189
2763,Ashapura Logi.,60.95,6.35,82.62,0,7.27,11.21,165.26,76.65,13.94,21.18,1.71,0.54,7.27,74.14,-21.03,5.649143189
2764,Parnax Lab,122.65,10.47,140.87,0,2.71,200.83,62.94,56.49,13.97,27.23,0.86,0.77,6.17,68.92,32.3,5.649143189
2765,Jaysynth Orgo,11.46,12.18,154.6,0.44,2.45,-58.68,64.63,6.02,13.98,25.33,4.07,0.38,7.65,46.77,6.33,5.649143189
2766,VMS TMT,41.32,13.91,205.13,0,8.04,,202.13,,13.98,18,1.58,1.29,4.24,299.34,-17.94,5.649143189
2767,Sadbhav Infra.,2.57,2.91,89.86,0,-92.01,379.95,205.54,18.19,14.01,15.67,0.73,,0.78,3083.54,606.03,5.649143189
2768,Pyramid Technopl,147.2,21.34,542.24,0.34,4.74,-30.19,161.49,5.31,14.03,17.01,1.71,0.54,7.83,140.38,35.01,5.649143189
2769,Sharda Ispat,162.65,28.99,82.63,0,1.44,-53.99,47.58,-12.47,14.04,18,2.37,0.57,8.68,34.12,11.02,5.649143189
2770,Focus Lighting,66.56,122.99,448.91,0,-1.4,,37.65,-9.3,14.05,35.15,2.68,0.09,7.75,12.73,32.45,5.649143189
2771,Veekayem Fash.,120,8.97,70.51,0,3.18,7.07,98.48,-19.75,14.05,22.14,1.29,2.09,4.22,123.17,-3.4,5.649143189
2772,Labelkraft Tech.,53.5,12.86,17.36,0,0.56,24.44,10.49,-3.14,14.06,19.86,2.47,0.2,8.47,2.52,1.9,5.649143189
2773,DMCC Speciality,219.2,20.85,544.93,1.14,6.16,-21.83,150.83,27.79,14.08,25.33,1.3,0.17,5.75,39.56,38,5.649143189
2774,Simm. Marshall,137.3,11.57,153.78,0,4.34,228.79,59.9,21.67,14.09,24.49,1.5,1.51,5.15,75.07,16.4,5.649143189
2775,Shankar Lal Ram.,44.42,25.67,287.72,0.11,2.08,-27.27,90.54,-11.14,14.09,57.85,6.91,0.15,9.72,17.61,-12.59,5.649143189
2776,Haz.Multi Proj.,27.56,27.52,745.85,1.45,6.46,137.5,139.04,-15.67,14.11,25.29,2.56,0.79,4.24,380.92,-145.22,5.649143189
2777,RKEC Projects,34.24,9.33,88.41,0,1.71,-73.07,32.65,-72.56,14.11,15.67,1.4,0.92,4.01,193.37,11.34,5.649143189
2778,Hariom Pipe,305.55,15.04,945.58,0.2,11.61,3.38,362.85,21,14.11,18,1.49,0.69,5.93,417.9,78.63,5.649143189
2779,Mohini Health,39,21.29,71.12,0,-3.95,-181.95,73.54,-19.58,14.12,33.84,2.01,0.37,6.72,37.1,30.18,5.649143189
2780,Sterling Tools,177.55,19.63,643.53,1.41,1.56,-66.03,205.85,-21.09,14.13,24.49,1.91,0.32,7.77,167.01,123.53,5.649143189
2781,Trishakti Indus,129.1,31.47,212.71,0,2.45,1784.62,8,357.14,14.15,19.48,1.57,1.25,8.34,45.27,3.57,5.649143189
2782,Uday Jewellery,123.1,21.81,413.7,0,4.31,-5.07,181.34,83.32,14.15,19.58,4.45,0.2,8.94,25.9,-17.88,5.649143189
2783,Qgo Finance,40.95,8.95,28.48,1.14,0.8,19.4,4.5,10.57,14.16,16.6,91.6,4.52,3.04,88.23,5.09,5.649143189
2784,Naman Industries Proxima,51.5,37.38,67.29,0,0.33,-93.14,68.92,3.65,14.17,26.9,2.78,0.24,5.81,18.84,-9.5,5.649143189
2785,Epic Energy,30,20.61,21.64,0,0.06,-64.71,0.82,49.09,14.19,16.6,2.36,0,14.16,0,0.51,5.649143189
2786,Chemtech Indust.,60.29,17.42,108.15,0,0.19,-87.33,5.44,-33.98,14.19,27.66,11.46,0,9.04,0,-1.22,5.649143189
2787,ABS Marine,166.7,8.15,409.25,0,31.33,291.78,136.04,69.94,14.2,10.84,1.84,1.34,8.81,350.71,44.89,5.649143189
2788,Autoline Industr,59.73,18.66,268.53,0,4.83,6.15,209.46,34.21,14.21,24.49,0.75,1.54,3.2,265.77,66.17,5.649143189
2789,Consecutive Commodities,0.81,5.45,12.97,0,0.34,-58.54,16.16,317.57,14.22,23.23,19.25,0,12.67,0.06,-5.57,5.649143189
2790,Anya Polytech &,17.8,33.9,213.6,0,6.3,-23.54,98.44,29.07,14.22,17.51,1.64,0.72,5.58,68.04,-51.37,5.649143189
2791,Shree Karni,355.6,15.66,257.06,0,6.12,26.69,107.3,39.7,14.23,20.19,1.13,0.79,7.82,84.34,-6.6,5.649143189
2792,Optimus Finance,12.9,17.18,96.39,0,2.09,-29.55,43.73,17.27,14.24,16.6,4.04,0.42,7.8,25.88,-10,5.649143189
2793,Mauria Udyog,7.89,4.34,105.1,0,4.55,-11.48,81.8,-36.87,14.25,22.51,0.83,2.71,2.47,133.95,99.86,5.649143189
2794,EP Biocomposites,102.7,18.77,17.27,0,0.09,-57.14,4.07,-7.5,14.28,18.91,4.49,0.35,6.5,3.69,-0.49,5.649143189
2795,Kahan Packaging,38.55,9.12,10.49,0,0.57,5.56,14.93,5.44,14.28,17.01,1.19,0.72,5.49,7.51,1.37,5.649143189
2796,Logica Infoway,188.8,24.54,336.02,0,6.42,98.15,586.7,13.94,14.3,26.49,1.41,1.4,4.35,132.09,8.5,5.649143189
2797,Ratnaveer Precis,139.68,16.39,950.09,0,16.89,49.34,269.29,5.79,14.3,18,1.56,0.51,7.42,214.02,94.93,5.649143189
2798,Felix Industries,169.65,16.87,291.91,0,4.95,41.01,26.78,242.46,14.31,16.27,2.66,0.13,8.09,18.8,29.56,5.649143189
2799,MMP Industries,217.67,13.42,552.94,0.92,11.42,5.62,203.35,20.76,14.32,16.26,1.23,0.54,7.97,173.11,56.79,5.649143189
2800,Gensol Engineer.,21.62,0.81,83.12,0,17.86,32.52,344.51,56.42,14.33,24.22,1.27,2.33,3.16,1371.84,-98.1,5.649143189
2801,Veljan Denison,908.05,16.9,408.62,0.94,4.64,-24.06,32.91,-9.64,14.34,24.49,5.68,0.03,9.22,8.03,16.37,5.649143189
2802,Prolife Indust.,58.4,9.92,23.91,0.51,1.49,-60.27,28.75,7.76,14.35,15.84,1.8,0.01,8.89,0.27,0.33,5.649143189
2803,Empire Inds.,849.15,13.76,509.49,2.94,10.58,0.57,188.64,7.49,14.36,23.25,1.5,0.56,4.64,182.35,92.36,5.649143189
2804,Canarys Automa.,18.15,9.76,106.63,0,9.09,62.71,101.2,169.29,14.36,20.51,2.65,0.14,7.36,13.54,3.85,5.649143189
2805,Agro Phos India,31.59,6.73,64.04,3.17,0.85,-71.49,35.84,57.12,14.37,17.51,1.51,0.38,3.96,25.91,3.49,5.649143189
2806,Ascom Leasing &,231.3,52.21,270.95,0,2.65,2.68,6.45,6.09,14.37,16.6,9.13,0.07,9.39,3.74,0.54,5.649143189
2807,Remsons Ind,86.31,16.76,302.54,0.35,6.06,27.22,123.1,20,14.38,24.49,1.32,0.77,6.2,103.92,22.26,5.649143189
2808,Cospower Engine.,920,43.66,168.96,0,2.26,651.22,32.55,361.7,14.39,27.66,1.54,1.08,3.4,22.07,2.44,5.649143189
2809,Akme Fintrade,8.47,9.62,361.46,0,10.39,16.35,39.7,41.33,14.4,16.6,15.03,0.96,5.98,384.84,-177.1,5.649143189
2810,Mallcom (India),1033.2,19.95,652.09,0.29,10.15,12.4,131.14,11.38,14.41,22.51,1.59,0.37,8.38,115.11,1.7,5.649143189
2811,Balgopal Commer.,157,,298.45,0,0.75,263.04,0.02,-88.89,14.42,29.44,2.6,0.16,10.57,9.53,-6.87,5.649143189
2812,Apis India,57.06,36.36,786.01,0,3.88,-25.81,109.51,18.16,14.43,20.78,2.68,0.26,8.83,46.65,5.86,5.649143189
2813,Mangalam World.,265.65,19.1,789,0.08,14.03,74.5,350.19,29.8,14.45,22.34,1.38,0.83,5.35,222.66,-86.67,5.649143189
2814,Shiv Texchem,109.05,3.59,252.69,0,42.95,108.19,1502.99,45.83,14.46,57.85,1.59,1.15,4.69,431.24,-116.02,5.649143189
2815,Sheel Bio.,49.05,6.95,99.83,0,0.19,105.03,21.85,93.71,14.48,19.48,3.54,0.32,9.48,27.06,9.21,5.649143189
2816,Talbros Engg.,629.95,12.83,319.79,0.4,7.49,40.26,138.97,21.16,14.51,24.49,1.13,0.78,6.4,129.62,34.42,5.649143189
2817,Helpage Finlease,25.06,7.81,24.93,0,0.88,158.82,3.44,40.98,14.51,16.6,0.68,4.93,1.8,89.19,15.01,5.649143189
2818,Jungle Camps,46.12,17.69,71.47,0,1.84,,7.77,,14.51,27.58,4.83,0.07,9.24,3.72,5.08,5.649143189
2819,Hawa Engineers,71.05,11.23,25.05,0,0.69,283.33,31.4,21,14.55,27.66,1.73,1.05,2.51,21.92,6.52,5.649143189
2820,Vishwas Agri,34.15,5.99,34.15,0,1.9,-34.48,57.42,0.3,14.55,25.04,1.57,0.76,6.57,39.27,-8.82,5.649143189
2821,Shri Venkatesh,270.55,23.68,598.44,0.37,14.4,99.72,555.87,80.29,14.57,21.81,1.44,2.11,6.35,231.77,1.11,5.649143189
2822,Infinium Pharma,202.45,33.78,315.48,0,6.52,26.98,84.05,1.29,14.58,27.23,2.9,0,6.87,0,-29.12,5.649143189
2823,Omfurn India,49.95,11.2,58.81,0,2.22,-34.71,33.03,-18.22,14.59,26.9,2.44,0.13,7.19,8.26,5.4,5.649143189
2824,CSL Finance,246.95,6.64,569.11,1.21,20.92,24.75,64.16,20.17,14.61,16.6,9.16,1.37,6.48,796.98,-172.24,5.649143189
2825,Winsome Textile,68.9,5.29,136.56,0,5.31,-3.28,207.67,3.47,14.61,20.19,1.26,0.8,3.36,254,90.29,5.649143189
2826,Zeal Aqua,12.5,9.01,157.59,0,7.53,18.4,222.08,31.14,14.65,18.74,1.45,2.57,3.22,241.17,34.6,5.649143189
2827,Oceanic Foods,60,10.56,67.5,0,1.68,37.7,41.96,17.37,14.67,20.78,1.5,0.96,6.24,40.11,-8.09,5.649143189
2828,Prospect Consum.,50,9.9,30.68,0,2.06,87.27,29.63,125.32,14.67,25.04,2.93,0.46,8.71,12.31,-3.16,5.649143189
2829,Jasch Industries,160.65,11.47,109.2,0,2.58,52.66,57.22,16.18,14.68,20.19,1.84,0.47,7.73,32.13,8.03,5.649143189
2830,Voith Paper,1489.5,14.22,653.89,0.67,8.19,31.46,49.69,20.67,14.68,20.19,8.5,0,9.77,0.24,31.67,5.649143189
2831,Vertoz,37.62,12.22,320.63,0,6.16,-15.78,75.42,13.93,14.68,26.99,2.64,0.08,10.65,18.38,8.48,5.649143189
2832,AJC Jewel,99.75,20.94,60.53,0,3.45,,88.46,,14.68,19.58,1.49,1.26,6.68,43.26,-8.03,5.649143189
2833,Rishi Laser,107.9,13.36,99.16,0,0.05,-75,36.39,-1.54,14.69,27.66,1.32,0.33,8.23,24.54,8.85,5.649143189
2834,Apollo Finvest,378.95,20.44,141.45,0,1.83,29.79,4.58,-41.06,14.69,16.6,0.36,0.3,8.09,21.39,-25.41,5.649143189
2835,AD Manum Finance,51,4.23,38.26,0,1.31,-44.49,3.38,-4.79,14.72,16.6,2.94,0.09,10.24,7.67,0.5,5.649143189
2836,Osia Hyper Reta.,4.99,4.91,88.3,0,4.32,-52.05,382.98,-5.89,14.72,38.49,3.56,0.4,2.82,170.51,-230.48,5.649143189
2837,Global Pet Indus,90.15,28.72,106.26,0,-0.05,-109.62,22.29,24.32,14.73,27.66,3.06,0,8.95,0,1.12,5.649143189
2838,Diffusion Eng,254.9,19.94,954.76,0.59,12.01,78.33,100.82,27.3,14.73,22.51,4.16,0.06,9.23,22.07,8.62,5.649143189
2839,Ritco Logistics,196.41,13.27,563.31,0,9.63,-2.03,392.64,25.46,14.74,21.18,1.8,1.07,7.37,372.22,-16.04,5.649143189
2840,KN Agri Resource,171.09,12.25,427.71,0,5.05,-26.38,512.65,7.9,14.75,21.81,4.99,0.13,8.27,47.95,-2.65,5.649143189
2841,Enfuse Solutions,175,,154.83,0,-8.52,-467.24,31.28,46.92,14.76,22.28,1.08,1.08,5.63,28.54,-4.34,5.649143189
2842,Durlax Top,49.65,19.73,143.65,0,3.18,-6.47,68.19,14.74,14.76,26.9,1.61,0.86,6.81,52.49,-6.78,5.649143189
2843,Jullundur Motor,80.57,6.13,184.03,2.48,8.93,31.04,168.59,19.52,14.8,9.74,4.31,0,7.81,0,-2.01,5.649143189
2844,Amanta Healthcar,95.91,23.36,373.03,0,4.63,8.18,74.49,9.85,14.8,27.23,2.03,0.88,2.88,185.86,46.62,5.649143189
2845,Krishival Foods,320.1,42.2,853.69,0.07,6.41,433.91,74.41,36.03,14.81,20.78,3.8,0.19,8.88,27.48,46.38,5.649143189
2846,Wim Plast,355.25,7.08,426.42,2.81,12.72,-1.78,83.25,-10.56,14.85,30.23,21.6,0,10.56,0,56.05,5.649143189
2847,Sr.Rayala.Hypo,430.55,7.16,737.83,0.7,24.31,13.05,141.17,1.95,14.86,15.36,10.46,0.01,9.68,12.68,87.75,5.649143189
2848,Surbhi Industrie,54.78,11.48,18.83,0,0.11,-71.05,6.73,-36.39,14.86,20.19,1.14,1.38,9.92,24.87,8.75,5.649143189
2849,First Custodian,82.2,,12.33,1.22,-0.04,-106.67,0.14,-86.14,14.87,16.6,17.33,0,11.41,0.05,1.84,5.649143189
2850,OCCL,87.8,10.93,431.05,1.71,6.53,69.71,114.17,18.69,14.9,15.36,1.81,0.18,8.03,75.25,69.78,5.649143189
2851,Sarla Performanc,83.01,11.73,694.6,3.61,5.03,-62.8,89.2,-12.62,14.92,20.19,1.25,0.33,9.08,168.04,62.4,5.649143189
2852,F Mec Intl. Fin.,77.92,40.05,69.28,0,0.73,65.91,2.56,45.45,14.92,16.6,2.04,0.89,7.65,12.99,-12.87,5.649143189
2853,Rudrabhish. Ent.,70.44,32.56,127.65,0,-1.38,-123.9,21.11,-33.85,14.92,15.67,2.78,0.15,7.13,23.49,-12.38,5.649143189
2854,Popular Found.,29.19,25.75,59.48,0,0.92,-61.98,34.01,41.71,14.92,15.67,2.65,0.26,5.56,11.13,-10.64,5.649143189
2855,Sunshield Chem.,794.05,28.3,698.35,0.31,4.89,200,94.96,12.23,14.93,25.33,0.77,0.81,5.47,87.65,47.98,5.649143189
2856,NDA Securities,36.68,136.36,21.82,0,-0.52,-533.33,1.21,-26.67,14.96,35.19,2.87,0.12,7.49,1.42,-0.04,5.649143189
2857,Meera Industries,39.46,47.88,84.28,1.27,0.31,-76.87,8.79,-24.48,14.96,27.66,1.86,0.26,9.77,7.78,5.46,5.649143189
2858,New Swan,40.3,6.92,76.63,1.24,4.91,-8.22,82.07,-1.43,14.96,24.49,1.63,0.47,6.64,40,1.69,5.649143189
2859,Gujarat Hotels,193.95,12.76,73.5,1.55,1.49,-9.15,1.28,-9.22,14.98,27.58,69.03,0,10.77,0,2.15,5.649143189
2860,Innovators,119.8,17.51,226.04,0,5.24,-37.17,83.6,-26.7,15,27.66,1.65,0.32,5.8,47.43,3.14,5.649143189
2861,Jay Jalaram Tech,102.9,14.85,124.77,0,5.18,70.39,356.98,8.6,15,38.49,2.14,0.53,3.71,37.7,-32.13,5.649143189
2862,Raaj Medisafe,73.51,11.35,97.12,0,1.89,83.5,20.71,41.95,15.02,17.01,0.86,1.79,11.1,52.16,-0.09,5.649143189
2863,India Finsec,170.85,34.3,498.74,0,5.05,105.23,21.59,16.51,15.02,16.6,2.77,2.06,5.44,250.42,-28.61,5.649143189
2864,Shalibhadra Fin.,87.99,14.47,271.79,0.45,5.03,6.79,11.12,12.89,15.03,16.6,2.04,0.25,9.05,39.97,-26.99,5.649143189
2865,Jupiter Info.,49.95,,50.05,0,0.1,88.35,-0.05,86.49,15.03,19.9,107.44,0,11.05,0.02,1.07,5.649143189
2866,Concord Enviro,282.95,10.58,588.34,0,-8.18,50.23,124.58,1.43,15.04,18.91,2.08,0.3,6.98,165.4,4.75,5.649143189
2867,Raunaq Intl.,48.65,9.19,16.26,0,-0.5,-317.39,8.72,132.53,15.05,15.67,1.42,0.32,8.11,3.05,-0.97,5.649143189
2868,Hisar Spg. Mills,57.27,5.82,21.42,0,1.22,41.86,11.23,-7.11,15.06,20.19,4.95,0.14,9.54,3.71,5.62,5.649143189
2869,Sotac Pharma.,115,14.85,127.08,0.09,2.45,28.27,37.01,-29.63,15.06,27.23,1.34,0.69,7.79,38.24,-4.33,5.649143189
2870,Haria Apparels,5.49,10.49,8.39,0,-0.06,-124,3.39,,15.08,20.19,0.52,0.44,5.56,2.91,1.37,5.649143189
2871,Committed Cargo,257,28.99,297.47,0.19,5.51,80.66,120.06,46.68,15.08,21.18,6.51,0.06,9.15,4.82,-6.48,5.649143189
2872,Integrated Perso,248.9,23.91,214.21,0.04,4.87,63.42,180.43,27.22,15.09,19.48,1.76,0.76,7.49,46.49,-5.63,5.649143189
2873,United Polyfab,28.04,28.85,643.56,0,4.88,-3.37,175.1,14.91,15.11,20.19,1.62,0.9,7.24,109.41,19.46,5.649143189
2874,Kritika Wires,5.84,17.28,155.51,0,1.63,-23.11,161.13,-9.95,15.11,18,1.9,0.4,6.1,38.52,6.72,5.649143189
2875,Bharat Road,18.83,5.55,158.9,0,25.21,-89.14,42.05,-81.85,15.12,15.67,1.44,1.05,6.47,434.31,71.4,5.649143189
2876,Shri Balaji,80,8.51,65.28,0,3.37,52.49,41.35,11.88,15.16,27.66,2.26,0.48,8.01,22.87,21.19,5.649143189
2877,Mazda,171.31,12.75,341.34,2.1,8.72,17.52,47.39,1.3,15.17,27.66,4.54,0,9.84,0,11.07,5.649143189
2878,Jindal Capital,29.7,37.56,21.41,0,0.28,-44,1.01,-19.2,15.17,35.19,2.18,0.89,8.05,10.38,1.83,5.649143189
2879,Sudarshan Colorants,312.35,11.98,719.59,0,-2,-51.97,175.67,-17.52,15.18,15.84,3.39,0.04,7.8,24.06,110.6,5.649143189
2880,B2B Soft.Tech.,44.1,16.59,51.11,2.27,1.24,90.77,8.28,53.33,15.2,38.05,8.77,0,10.83,0,1.71,5.649143189
2881,Permanent Magnet,675.55,43.23,580.97,0.3,2.25,62.75,57.02,15.54,15.2,24.22,3.44,0.19,8.17,28.8,38.1,5.649143189
2882,Pune e,227,22.89,357.55,0,10.43,-20.85,26.39,-34.55,15.22,17.17,3.21,0.36,6.27,59.32,-59.46,5.649143189
2883,DU Digital,36.95,49.27,265.57,0,5.98,48.51,30.77,19.96,15.23,39.76,9.7,0.11,6.48,10.71,-18.15,5.649143189
2884,Pramara Promotio,348,49.42,485.26,0,6.13,177.38,53.18,72.89,15.23,26.99,8.32,0.25,6.65,29.53,-19.74,5.649143189
2885,Intense Tech.,83.98,20.91,197.83,1.19,2.32,-24.92,33.3,0.12,15.24,22.28,4.38,0,9.99,0.19,1.85,5.649143189
2886,Pulsar Intl.,1.12,13.99,47.97,0,3.29,398.48,39.64,529.21,15.25,29.44,1.71,0,8.8,0,-0.02,5.649143189
2887,Getalong Enterp.,4.65,9.55,9.84,0,0.12,-87.23,0.26,-73.47,15.31,34.92,32.17,0.08,13.01,1.25,-0.71,5.649143189
2888,Updater Services,138.14,9.56,922.07,0,6.61,-56.02,767.1,10.39,15.32,19.48,2.22,0.05,7.65,50.66,50.84,5.649143189
2889,Sinclairs Hotels,73.94,27.58,377.5,1.08,5.77,415.18,17.8,23.35,15.33,27.58,7.84,0.3,9.93,35.06,10.6,5.649143189
2890,HRH Next,28.05,11.65,37.04,0,2.08,1.96,32.24,11.02,15.33,21.26,2.91,0.25,6.85,9.79,-0.86,5.649143189
2891,Sh. Rama Multi.,44.5,10.47,592.89,0,5.53,5.13,59.85,13.14,15.34,17.01,4.09,0.13,29.31,21.81,19.83,5.649143189
2892,Elnet Technolog,316.25,6.39,126.5,0.6,5.03,16.44,6.45,9.69,15.36,22.28,6.07,0.03,10.5,4.26,5.01,5.649143189
2893,Swasti Vinayaka,3.22,12.55,28.98,0,1.19,65.28,9.84,0.2,15.39,20.19,5.12,0.22,6.13,5.29,-1.19,5.649143189
2894,Resonance Speci.,87.29,11.36,100.74,1.15,2.51,124.11,22.96,25.88,15.4,25.33,4.83,0.04,9.48,2.78,-2.51,5.649143189
2895,Cyber Media Res.,61.5,5.72,18.01,3.25,0.55,18.06,22.29,6.4,15.41,26.99,1.59,0.32,5.45,6.05,3.77,5.649143189
2896,Zee Learn,5.09,8.55,166.47,0,-2.65,29.52,79.67,6.6,15.43,23.6,0.94,2.2,1.42,421.33,82.89,5.649143189
2897,Xchanging Sol.,56.7,10.84,627.38,3.53,13.18,-8.98,48.82,6.97,15.44,20.51,4.86,0.24,9.65,88.79,46.75,5.649143189
2898,SAL Automotive,197.7,20.48,94.81,1.26,0.61,-30.71,87.78,-7.62,15.45,24.49,1.04,0.6,4.59,26.51,9.52,5.649143189
2899,Focus Business,130,80.28,94.73,0.05,0.6,252.94,12.59,17.99,15.47,20.51,20.23,0.01,10.01,0.11,1.26,5.649143189
2900,Modison,125.96,10.93,407.24,2.78,20.06,95.37,143.71,18.56,15.48,24.22,2.11,0.38,8.63,85.35,-16.1,5.649143189
2901,Sudarshan Pharma,23.09,26.17,555.68,0,4.15,51.39,168.01,45.26,15.51,25.33,1.19,1.56,5.26,218.8,35.22,5.649143189
2902,Active Infra.,170,25.99,255.26,0.59,5.89,7.3,39.02,15.89,15.51,25.29,2.19,0.52,8.67,59.9,5.08,5.649143189
2903,Shree Tirupati,451.25,49.96,457.12,0,1.87,-73.62,93.55,-10.38,15.53,21.75,1.69,1.03,8.05,96.7,-8.03,5.649143189
2904,Mindteck (India),170,18.13,545.09,0.59,5.05,6.18,100.46,-3.42,15.54,20.51,5.4,0.02,10.06,5.72,24.13,5.649143189
2905,Sigachi Indust.,18.98,18.03,724.12,0.53,-0.01,-96.49,117.21,-15.93,15.54,27.23,1.64,0.29,9.15,145.39,26.93,5.649143189
2906,Sprayking Ltd,1.31,4.97,27.69,0,-0.43,-122.16,42.48,19.43,15.55,22.51,1.36,1.1,7.21,44.46,-11.08,5.649143189
2907,Beardsell,23.53,10.4,92.8,0.42,2.1,-16.67,66.59,2.78,15.56,22.51,1.22,0.36,5.86,30.95,19.21,5.649143189
2908,ITL Industries,243.4,7.66,77.99,0.41,2.7,17.83,51.08,17.05,15.56,27.66,1.97,0.25,7.22,21.54,1.01,5.649143189
2909,Siddhi Cotspin,28.75,5.67,70.17,0,5.44,-8.42,219.69,-56.75,15.57,20.19,1.86,0.37,7.19,49.17,28.96,5.649143189
2910,Sameera Agro,9.6,4.82,57.17,0,2.09,-34.28,59.35,29.87,15.58,25.04,2.17,0.07,9.04,5.77,264.7,5.649143189
2911,Maximus Interna.,9.06,13.54,123.25,0,1.97,-29.5,43.45,17.72,15.59,29.44,2.48,0.35,8.3,27.97,-14.57,5.649143189
2912,Tejas Cargo,298.05,31.04,712.13,0,12.55,43.59,301.49,19.37,15.59,21.18,1.24,0.97,6.42,180.33,63.49,5.649143189
2913,Onward Technolog,238.8,11.44,542.56,2.09,10.1,104.64,134.62,9.1,15.65,22.28,3.69,0.17,9.09,39.37,31.52,5.649143189
2914,Madhav Infra,7.92,7.63,213.51,0,-4.26,-255.76,53.7,-63.53,15.65,15.67,1.85,0.81,4.21,189.47,124.1,5.649143189
2915,Sheetal Cool,300.9,20.2,316.77,0,4.01,87.38,63.88,25.23,15.66,24.58,1.99,0.63,7.52,87.61,38.08,5.649143189
2916,Dynamic Services,94.95,5.71,130.52,0,13.9,87.82,145.84,98.91,15.66,19.48,1.63,0.76,7.6,148.9,20.72,5.649143189
2917,Kilitch Drugs,316.1,21.06,548.69,0,4.31,-25.67,53.81,-4.2,15.67,27.23,2.53,0.31,8,83.61,17.54,5.649143189
2918,Trust Fintech,31.9,9.34,76,1.57,4.3,-18.25,20.29,21.57,15.67,38.05,8.73,0,10.55,0,-37.76,5.649143189
2919,United Heat,50.5,31.16,95.98,0,0.84,-72.55,21.44,-24.53,15.69,22.51,2.12,0.3,6.69,18.07,-6.83,5.649143189
2920,Bright Outdoor,390,42.53,851.1,0.13,10.08,10.28,62.51,9.26,15.71,26.99,6,0,10.18,0,5.05,5.649143189
2921,Mangalam Alloys,32.2,3.29,79.49,0,11.76,1151.06,218.78,10.72,15.73,18,1.4,1.19,3.13,184.06,1.13,5.649143189
2922,Cool Caps,26.1,25.04,301.71,0,5.17,1.57,267.27,177.83,15.77,17.01,0.97,2.57,5.52,154.12,5.6,5.649143189
2923,Forbes & Co,328.7,18.42,424.02,0,4.19,-55.89,17.8,-55.75,15.79,42.9,1.92,0.03,31.07,6.28,-11.21,5.649143189
2924,Alpa Laboratorie,60.17,10.84,126.43,0,1.9,-78.65,29.05,11.09,15.79,27.23,4.16,0,9.65,0,18.32,5.649143189
2925,Manoj Vaibhav,143.18,6.09,697.91,0,34.5,41.03,684.8,37.61,15.79,19.58,1.91,0.53,6.93,409.77,-66.67,5.649143189
2926,ANI Integrated,62.7,9.21,73.28,0,1.87,-26.67,64.87,10.55,15.8,19.48,2.54,0.26,7.83,22.21,-1.18,5.649143189
2927,JFL Life,9.95,13.62,65.66,0,2.02,172.97,26.84,26.31,15.81,27.23,1.73,0.27,6.47,11.2,-3.53,5.649143189
2928,Future Market,7.53,,46.02,0,1.81,-69.77,24.32,-6.71,15.83,19.48,0.88,1.58,5.32,164.81,3.06,5.649143189
2929,Maitri Enterp.,23.2,92.82,10.21,0,0.42,82.61,4.66,-39.56,15.83,16.26,2.2,1.53,5.05,6.75,3.04,5.649143189
2930,Asarfi Hospital,160.95,18.84,316.71,0,5.48,101.47,46.06,40.04,15.83,43.1,1.4,0.54,6.71,47.86,-3.84,5.649143189
2931,R&B Denims,83.36,23.91,747.38,0,8.29,-17.92,113.03,18.65,15.88,20.19,1.86,0.45,8.77,87.22,23.22,5.649143189
2932,Euro Panel,146.6,14.12,347.82,0,6.05,35.65,128.19,21.04,15.92,15.21,1.47,0.89,6.23,129.08,9.41,5.649143189
2933,Eimco Elecon(I),1565.7,19.03,898.64,0.32,12.52,102.26,63.06,37.57,15.95,27.66,5.06,0,10.29,1.69,33.28,5.649143189
2934,Weizmann,75.94,,118.51,0.66,2.37,19.1,28.46,-0.42,15.95,20.19,1.04,0.12,-3.74,7.51,13.68,5.649143189
2935,AAA Technologies,93,34.92,119.06,1.61,0.44,-20,4.79,-30.98,16.02,34.92,9.66,0,11.33,0,1.66,5.649143189
2936,Emmforce Auto.,129.7,30.46,265.87,0,4.05,19.82,53.57,52.84,16.02,24.49,1.96,0.46,7.58,39.84,-2.54,5.649143189
2937,DJ Mediaprint,79.99,36.18,268.43,0.13,1.71,-5.52,22.5,10.19,16.05,21.18,4.24,0.23,8.13,16.2,-6.58,5.649143189
2938,Shri Hare-Krish.,40.5,8.58,77.72,0,4.65,-2.92,39.43,3.22,16.05,52.81,13.24,0.19,10.89,19.66,12.93,5.649143189
2939,Cropster Agro,6.74,36.46,566.16,0,4.21,23.46,54.06,6.84,16.08,17.01,94.1,0,14.85,0,-35.8,5.649143189
2940,Galaxy Bearings,478,23.86,152,0,1.79,16.99,14.7,-5.65,16.13,51.28,2.91,0.25,9.88,26.52,-1.91,5.649143189
2941,Rex Pipes&Cables,197,33.91,186.17,0,1.96,21.74,60.69,-22.63,16.14,21.75,1.44,0.85,7.06,32.86,2.29,5.649143189
2942,NMS Global,85.87,33.57,25.85,0,0.08,-11.11,1.76,-50.14,16.15,29.44,0.69,3.25,0.73,4.97,12.4,5.649143189
2943,Regaal Resources,69.95,12.99,717.95,0,13.25,28.67,322.97,25.56,16.15,25.04,1.42,1.09,6.59,497.9,-11.2,5.649143189
2944,Halder Venture,255,78.12,317.17,0.39,20.79,-3.01,145.26,-59.24,16.18,25.04,1.16,2.01,4.11,298.04,24.95,5.649143189
2945,Bright Brothers,202.95,20.44,115.28,1.23,-1.38,-245.26,83.39,5.38,16.18,21.75,1.13,0.82,3.85,65.42,11.19,5.649143189
2946,Mini Diamonds(I),17.72,40.47,208.82,0,3.26,44.89,166.64,44.08,16.19,19.58,1.44,0.03,2.33,2.2,-37.63,5.649143189
2947,Wise Travel,99.15,8.7,236.1,0,14.11,36.99,379.57,55.79,16.19,11.35,1.74,0.74,7.38,138.45,0.21,5.649143189
2948,Euphoria Infotec,28.81,5.65,8.36,0,0.66,-31.25,6.31,-9.34,16.2,22.28,2.81,0.17,9.94,2.88,-0.59,5.649143189
2949,Balaji Phos.,110.55,22.6,262.85,0,8.05,85.48,84.71,35.67,16.2,17.51,2.47,0.46,7.44,40.22,-36.44,5.649143189
2950,Cords Cable,148.37,11.3,190.58,0.67,4.92,5.13,235.61,14.71,16.21,19,1.57,0.53,3.74,100.98,14.17,5.649143189
2951,Indian Toners,237.65,9.29,246.96,2.52,6.39,3.58,42.11,7.18,16.26,25.33,10.28,0,9.6,0,26.07,5.649143189
2952,Paramount Dye,39.6,4.16,27.49,0,2.16,-30.1,30.9,-4.22,16.27,20.19,3.03,0.22,11.48,14.59,-6.15,5.649143189
2953,Saptarishi Agro,42.29,60.45,143.88,0,-2.62,-495.45,10.04,2.87,16.28,25.04,1.28,2.22,4.84,26.11,1.16,5.649143189
2954,Alphalogic Tech.,38.54,47.88,241.31,0,2.07,10.48,9.55,-53.84,16.28,20.51,4.04,0.1,10.42,4.94,2.48,5.649143189
2955,Oswal Agro Mills,42.08,6.43,557.97,0,4.36,-90.06,0.01,-99.98,16.29,29.44,43.69,0,12.51,0.72,55.87,5.649143189
2956,Shraddha Prime,162.5,17.23,656.52,0.18,13.05,50.88,129.01,194.75,16.3,25.29,2.42,2.28,8.31,218.55,-74.63,5.649143189
2957,Maxposure,34,9.02,77.32,0,5.09,1.19,45.48,46.33,16.3,35.34,2.26,0.12,9.76,8.85,-17.12,5.649143189
2958,Thaai,86.25,17.7,209.94,0,6.49,15.08,62.25,16.44,16.31,24.49,1.55,1.11,7.11,116.67,1.19,5.649143189
2959,Ausom Enter.,101.93,4.66,138.41,0.98,2.06,1187.5,54.34,27070,16.32,19.58,15.34,0,12.38,0.12,8.14,5.649143189
2960,Shreyans Inds.,149.82,5.85,207.18,2,-2.55,-128.02,159.2,-6.17,16.33,19.86,2.55,0.13,8.7,57.29,44.95,5.649143189
2961,Kasturi Metal,58.6,26.96,60.92,0,2.47,9.46,32.04,0.72,16.34,18,1.13,0.71,6,14.28,2.54,5.649143189
2962,Hemant Surgical,271.75,34.2,354.32,0,5.41,70.13,64.26,31.49,16.35,33.84,2.1,0.43,6.46,52.51,8.92,5.649143189
2963,Captain Polyplas,64.68,16.82,389.23,0,9.48,40.86,126.33,39.98,16.37,21.75,2.08,0.48,6.92,81.99,8.95,5.649143189
2964,Swarna Securitie,89.99,34.62,27,0,0.25,-7.41,0,,16.38,16.6,40.4,0,12.11,0,0.89,5.649143189
2965,Nova Agritech,22.72,11.44,210.78,0,2.61,-75.28,66.55,-24.54,16.39,17.51,2.27,0.23,8.65,53.56,-18.43,5.649143189
2966,Excelsoft Tech.,76.54,23.07,880.28,0,10.3,36.19,71.03,29.45,16.4,22.28,4.85,0.12,7.78,44.89,52.61,5.649143189
2967,Titaanium Ten,25.29,4.82,17.01,0,1.94,10.61,76.5,16.16,16.41,20.19,1.41,1.17,6.1,26.06,5.53,5.649143189
2968,GACM Tech,0.46,6.7,58.13,0,1.18,-26.71,4.05,4.92,16.43,35.19,4.25,0,9.72,0,-4.58,5.649143189
2969,TeleCanor Global,39.42,9.09,65,0,3.17,2364.29,6.87,,16.44,38.05,0.55,,4.83,10.78,0.73,5.649143189
2970,Mayank Cattle Fo,160,15.8,86.4,0,2.52,24.75,185.39,3.44,16.45,25.26,1.71,0.89,6.92,30.88,11.26,5.649143189
2971,Checkpoint Trend,54.76,14.54,29.95,0,0.57,1525,174.09,173990,16.51,27.23,1.01,0,6.33,0,0.19,5.649143189
2972,Filtra Consult.,60.02,23.76,65.8,3.33,2.1,-6.25,47.43,9.26,16.53,,2.09,0.08,7.17,1.88,0.27,5.649143189
2973,IITL Projects,38.32,13.86,19.13,0,0.64,152.89,0,,16.55,25.29,0.82,,-9.55,0,-1.57,5.649143189
2974,MKVentures Cap.,838.85,68.31,322.41,0.03,2.34,-56.26,3.56,-54.71,16.55,23.23,0.61,0,7.95,0,32.03,5.649143189
2975,Vasundhara Rasy.,119.65,10.01,38.03,1.67,0.72,-50.34,7.45,-15.53,16.56,27.23,5.63,0.14,10.58,5.34,-5.83,5.649143189
2976,Nikita Greentech Recycling,113.5,14.57,279.98,0,6.31,-37.65,178.36,7.47,16.56,19.86,1.56,1.38,6.7,239.64,-19.95,5.649143189
2977,Kanishk Alumin.,29.1,12.38,39.11,0,,,,,16.56,16.26,1.45,1.37,6.9,22.74,-1.76,5.649143189
2978,Nidhi Granites,266.15,43.81,212.92,0,2.21,135.11,15.55,15.96,16.57,11.57,2.02,0.11,8.92,1.99,1.5,5.649143189
2979,QMS Medical,78,12.79,150.84,0.64,3.17,-17.81,37.26,-15.07,16.6,33.84,1.63,0.55,8.42,57.73,20.12,5.649143189
2980,Reliable Data,121.76,11.59,126.53,0.03,3.15,-23.54,23.46,-29.78,16.61,35.19,1.99,0.69,7.63,41.61,-27.83,5.649143189
2981,Anuroop Packagin,11.68,2.57,12.91,0,1.38,318.18,4.47,27.71,16.62,17.01,2.48,0.43,8.57,14.65,1.41,5.649143189
2982,Siyaram Recycli.,37.91,8.28,82.6,0,3.08,-59.9,211.85,-13.77,16.62,22.51,1.92,0.82,6.44,106.7,-43.21,5.649143189
2983,Cedaar Textile,22,2.83,30.53,0,3.82,-24.8,80.97,2.58,16.62,20.19,1.44,1,5.95,123.85,17.21,5.649143189
2984,Shree Vasu Logis,506.5,165.86,582.16,0,-0.68,-278.95,55.82,51.4,16.63,21.18,0.75,2.37,1.34,88.19,17.5,5.649143189
2985,Edvenswa Enter,21.86,5.42,63.87,0,1.69,-48,30.52,-19.83,16.63,20.51,5.49,0,11.24,0,-0.4,5.649143189
2986,Source Natural,112.15,25.97,72.19,0,0.82,-19.61,20.3,94.26,16.64,27.23,1.91,0.28,9.55,6.54,0.07,5.649143189
2987,Bedmutha Indus.,115.3,,340.58,0,-3.9,-284.83,356.84,30.44,16.67,18,1.45,1.52,3.92,214.34,108.95,5.649143189
2988,Sky Industries,79.22,11.2,62.51,1.26,1.4,28.57,20.63,4.14,16.68,20.19,2.62,0.29,9.56,13.81,6.47,5.649143189
2989,M E T S,134.25,12.19,73.97,0,2.7,308,11.15,122.55,16.68,27.66,3.2,0.08,7.57,2.97,5.63,5.649143189
2990,Rikhav Securitie,38.44,,147.19,0,17.76,-64.95,379.91,309.12,16.68,17.17,3.14,0.02,8.06,4.83,-188,5.649143189
2991,Everlon Fin.,98,,60.76,0,-1.08,-124.22,2.28,64.03,16.69,16.6,5.59,0,4.4,0,0.4,5.649143189
2992,Jigar Cables,60,35.57,54.07,0,0.59,-33.71,26.23,-57.5,16.7,24.22,7.26,0,7.2,0,6.91,5.649143189
2993,Sunita Tools Ltd,953.25,126.84,598.69,0,3.04,-10.85,15.26,-0.46,16.7,27.66,2.76,0.14,10.13,7.15,-8.1,5.649143189
2994,Espire Hospi,280.8,49.88,419.03,0,8.19,193.55,40.97,-0.53,16.74,27.58,2.25,3.26,6.59,127.66,-23.21,5.649143189
2995,Khemani Distrib.,126.3,14.97,290.16,0,9.45,150.66,49.56,32.83,16.74,13.57,2.41,0.04,11.87,4.29,21.79,5.649143189
2996,Mangalam Global,10.49,12.35,342.29,0.1,8.51,22.98,756.16,50.58,16.75,25.04,1.36,1.03,5.08,233.73,-39.08,5.649143189
2997,Shankara Building,108.64,10.43,262.71,2.76,1.23,-91.69,420.4,-70.75,16.76,26.49,1.7,0.14,4.57,63.63,63.6,5.649143189
2998,Kontor Space,70,9.88,43.26,0,1.69,16.55,12.4,56.57,16.77,19.48,0.66,0.15,11.83,4.15,0.95,5.649143189
2999,Signoria Creatio,56.05,7.51,26.67,0,1.82,41.09,20.62,105.79,16.78,22.14,1.59,0.61,8.15,12.91,-0.26,5.649143189
3000,Transteel Seatin,142.3,17.38,314.37,0,10.06,116.81,78.13,127.39,16.79,26.9,1.84,0.29,8.32,34.35,8.41,5.649143189
3001,Krystal Integrat,553.15,13.39,771.32,0.27,14.24,-1.39,259.8,1.13,16.82,19.48,2.01,0.22,8.83,100.82,-33.46,5.649143189
3002,Refractory Shap.,32.7,9.63,71.29,0,4.5,42.86,34.43,46.26,16.82,31.45,2.11,0.42,10.05,20.66,1.06,5.649143189
3003,Ultra Wiring,93.05,14.58,48.42,0.54,4.19,14.17,38.68,17,16.87,24.49,1.34,0.13,6.49,3.43,6.69,5.649143189
3004,Amkay Products,57,14.18,49.34,0,1.97,7.65,23.01,28.98,16.88,33.84,4.4,0.07,10.54,1.9,-0.32,5.649143189
3005,Medicamen Organ.,22.2,5.67,25.98,0,2.04,35.1,17.85,7.47,16.88,27.23,1.77,0.48,8.29,15.67,-4.54,5.649143189
3006,Om Freight Forwa,70.61,12.85,237.02,0,4.48,202.7,119.11,2.26,16.88,21.18,1.6,0.15,7.61,25.95,32.64,5.649143189
3007,Agarwal Indl.,412.45,10.56,616.11,0.8,2.8,-89.89,408.44,-24.66,16.9,14.12,1.07,0.63,9.28,416.71,99.84,5.649143189
3008,Goyal Salt,108.5,18.86,194.22,0,6.38,-31.62,88.19,29.2,16.92,20.78,1.35,0.76,11.6,46.85,12.3,5.649143189
3009,Hannah Joseph,59.2,18.64,134.37,0,5.12,,42.55,,16.97,43.1,1.5,0.6,7.62,34.21,19.4,5.649143189
3010,Panasonic Carbon,443.95,9.71,213.1,2.7,4.45,-2.81,11.56,-12.75,17,31.45,14.94,0,12.24,0,8.16,5.649143189
3011,York Exports,59.73,3.5,20.08,0,0.73,-81.42,15.16,30.46,17,19.58,1.48,1.68,9.9,42.74,0.66,5.649143189
3012,Lorenzini Appar.,7.13,,123.68,0,1.1,167.9,20.73,-2.54,17.01,22.14,2.52,0.26,7.6,13.14,-4.95,5.649143189
3013,IKOMA Technologies,24.9,,57.77,0,-0.62,-8.77,0,,17.03,27.66,1.07,0.17,2.35,1.6,7.71,5.649143189
3014,Kunststoff Inds.,21.32,14.54,14.69,0,0.37,23.33,2.88,2.13,17.04,21.75,2.43,0,5.21,0,2.1,5.649143189
3015,Orbit Exports,148.81,10.45,399.64,0,6.56,-0.61,56.36,4.41,17.05,20.19,3.71,0.04,10.63,11.21,33.49,5.649143189
3015,Orbit Exports,148.81,10.45,399.64,0,6.56,-0.61,56.36,4.41,17.05,20.19,3.71,0.04,10.63,11.21,33.49,5.649143189
3016,Response Info.,25.58,14.71,21.61,0,0.41,-9.26,6.92,-17.62,17.05,38.05,3.86,0.09,10.6,1.49,-2.03,5.649143189
3017,Transcorp Intl.,25.22,13.08,80.58,2.38,1.75,212.18,211.36,-27.56,17.06,35.19,1.21,0.27,6.74,18.16,1.12,5.649143189
3018,Gala Precis. Eng,749.9,28.21,964.09,0,8.3,70.36,85.25,46.68,17.07,27.66,3.53,0.09,10.63,23.94,2.74,5.649143189
3019,Dachepalli Pub.,56.05,17.63,83.94,0,1.44,-64.09,14.76,43.86,17.07,13.14,4.91,0.56,7.43,42.11,2.78,5.649143189
3020,Nikhil Adhesives,70.7,20.94,324.82,0.31,3.52,9.22,133.07,-0.85,17.08,25.33,1.52,0.33,5.44,45.3,6.9,5.649143189
3021,Iconik Sports,42.04,22.41,142.27,0,0.68,230.77,14.12,,17.08,35.19,14.63,0,9.49,0,-38.71,5.649143189
3022,Kellton Tech,16.09,9.29,848.71,0,25.41,21.46,307.89,10.41,17.11,22.28,4.34,0.18,11,130.1,5.87,5.649143189
3023,Akar Auto Indust,94,28.48,101.41,0.64,-0.94,-102.19,84.08,-8.85,17.12,24.49,1.07,1.62,2.86,85.38,25.84,5.649143189
3024,Dolfin Rubbers,174.3,32.08,174.83,0,1.54,116.9,41.02,28.83,17.13,23.64,1.88,0.47,7.46,16.97,4.47,5.649143189
3025,Unihealth Hosp,395.35,25.73,620.7,0,28.63,195.12,66.67,54.08,17.15,43.1,5.8,0.14,12.49,17.6,-3.26,5.649143189
3026,DCG Cables,55.2,10.93,100.18,0,5.86,22.34,72.44,21.58,17.15,19,1.76,0.54,7.59,46.17,-23.09,5.649143189
3027,Savera Industrie,170.9,14.52,203.88,1.76,2.77,37.13,27.17,40.85,17.18,27.58,2.44,0.09,11.86,8.81,12.8,5.649143189
3028,Kabra Jewels,95.45,6.63,100.07,0,6.56,126.99,98.4,26.38,17.2,19.58,2.44,1.41,6.93,122.63,-18.64,5.649143189
3029,Shanmuga Hos.,36,12.83,49.01,0,2.01,-15.9,24.62,0,17.2,43.1,1.6,0.18,9.71,7.38,-12.64,5.649143189
3030,Twamev Constr.,25.61,3.93,396.32,0,1.7,-3.95,20.83,38.22,17.21,15.67,0.52,1.14,14.59,351.06,-4.46,5.649143189
3031,Bella Casa Fashi,259.4,17.23,342.79,0.77,4.45,26.78,89.81,11.15,17.21,22.14,1.76,0.5,8.44,78.62,11.84,5.649143189
3032,Shera Energy,111.05,10.79,271.4,0,9.4,60.94,396.59,29.89,17.22,15.21,1.35,1.24,4.24,207.7,-2.94,5.649143189
3033,ITCONS E-Soluti.,264.85,50.33,238.59,0.06,2.78,115.5,40.19,129.13,17.22,19.48,1.97,0.2,9.42,8.33,-22.89,5.649143189
3034,National Plastic,237.4,14.44,144.3,0.63,2.76,28.51,88.68,12.18,17.24,21.75,1.07,1.04,5.51,57.89,11.95,5.649143189
3035,Anuh Pharma,74.31,17.75,742.26,2.02,13.45,30.08,197.18,23.62,17.24,27.23,2.11,0,8.69,0.23,37.12,5.649143189
3036,Yash Optics,105.6,32.05,261.52,0,3.12,-31.43,23.38,19.9,17.24,42.67,4.37,0.11,10.76,10.1,5.68,5.649143189
3037,Mangal Compuso.,49.5,15.13,67.35,1.01,2.59,16.14,14.81,55.57,17.24,19.48,1.97,0.47,7.6,19.71,8.02,5.649143189
3038,Hind.Adhesive,298.45,7.96,152.81,0,5.57,22.66,66.58,-8.23,17.25,21.75,1.05,0.82,7.1,84.01,15.17,5.649143189
3039,Growington Vent,0.94,15.97,60.36,0,1.01,-46.84,24.57,71.46,17.26,29.44,6.7,0.11,7.04,7.92,-2.57,5.649143189
3040,Shree Metalloys,41.95,15.86,22.05,0,0.46,27.78,30.65,42.03,17.27,16.6,2.37,0.46,11.64,4.91,-5.74,5.649143189
3041,Tara Chand Infra,56.62,16.52,446.31,0.35,5.22,-0.38,68.56,6.53,17.27,19.48,1.64,0.96,6.54,130.37,56.16,5.649143189
3042,Suraj Estate,201.39,9.86,964.87,0,25.17,25.88,180.05,6.01,17.27,25.29,3.56,0.57,6.53,549.81,-306.34,5.649143189
3043,Joindre Capital,41.57,7.37,57.52,4.81,1.66,2471.43,9.89,-9.35,17.28,17.17,1.69,0.2,6.17,16.46,-5.44,5.649143189
3044,Astonea Labs,150,33.98,157.67,0,1.42,-33.33,66.29,40.24,17.3,27.23,1.96,0.73,5.81,39.05,9.25,5.649143189
3045,Patel Retail,167.38,15.45,560.03,0,12,95.76,309.27,35.46,17.33,38.49,2.83,0.34,7.05,124.18,27.72,5.649143189
3046,Nitin Castings,562.7,24.33,289.3,0.53,1.69,25,40.26,19.11,17.35,24.33,2.08,0.12,8.68,10.4,17.81,5.649143189
3047,Rajgor Castor,19.8,5.31,47.35,0.51,1.63,-5.23,278.97,0.38,17.35,21.81,1.59,0.59,5.25,50.03,11.04,5.649143189
3048,Royal Orch.Hotel,313.65,23,859.79,0.8,9.62,-49.33,113.03,26.56,17.36,27.58,1.13,2.82,9.43,677.33,24.69,5.649143189
3049,Goyal Associates,0.86,18.97,4.55,0,0.05,-83.87,0.28,-68.54,17.37,16.6,3.56,0.19,10.19,1.05,-1.52,5.649143189
3050,Aspira Pathlab,55.1,38.58,56.71,0,-1.56,-510.53,5.12,-5.36,17.37,35.08,2.38,0.22,13.03,3.13,1.88,5.649143189
3051,Harshil Agrotech,0.38,,35.47,0,-5.36,-197.81,7.25,-71.82,17.39,25.04,15.94,0,14.66,0.22,-43.54,5.649143189
3052,Aveer Foods,530,58.2,237.46,0.05,0.78,28.05,35.93,30.94,17.39,47.8,1.11,0.29,10.16,8.91,7.39,5.649143189
3053,Indian Sucrose,71.22,3.02,123.75,0,6.73,135.31,79.74,54.3,17.41,11.9,1.46,0.81,6.19,208.2,68.02,5.649143189
3054,Ultracab India,6.53,12.06,80.29,0,1.04,-61.48,62.41,9.03,17.41,19,2.68,0.33,7.72,29.41,-3.71,5.649143189
3055,Manilam Industries,58.15,17.26,127.05,0,3.16,,60.14,,17.42,29.51,1.18,1.84,4.77,62.45,16.5,5.649143189
3056,Coral Labs.,416.2,10.4,148.58,0.36,2.78,-54.72,21.56,-6.22,17.44,27.23,10.03,0,11.37,0.88,-1.22,5.649143189
3057,Suraj Products,216.95,15.38,247.32,0.97,4.04,1.25,65.5,-2.56,17.45,18,4.93,0.08,11.6,12.85,29.86,5.649143189
3058,Taneja Aerospace,246.35,35.02,628.21,1.01,4.3,0.45,10.4,15.94,17.45,52.79,5.63,0,11.79,0.17,25.25,5.649143189
3059,Shradha AI Tech,28.89,17.89,176.09,2.08,1.49,-53.58,3.08,-40.43,17.45,20.51,13.53,0.01,12.43,0.41,9.1,5.649143189
3060,Shree Marutinand,49.4,5.37,17.09,0,1.04,46.48,77.5,43.7,17.46,18,2.42,0.21,6.08,7.43,-3.57,5.649143189
3061,GRP,1847.9,39.53,995.79,0.78,0.85,-53.65,134.71,1.85,17.52,18.77,1.29,1.12,8.28,203.71,44.56,5.649143189
3062,Goel Food,11.95,4.51,22.53,0,0.44,-12,8.71,8.74,17.54,27.58,1.78,1.15,8.41,31.57,7.7,5.649143189
3063,B & A Packaging,166.45,11.23,82.56,0.6,1.11,-45.85,33.31,5.54,17.55,17.01,3.04,0.08,10.02,7.02,6.36,5.649143189
3064,Skyways Air Ser.,,0,0,,25.46,,1328.2,,17.55,17,1.2,1.91,6.14,582.41,2.01,5.649143189
3065,Ganesh Benzopl.,76.39,6.77,552.63,0,16.15,-12.18,105.33,18.06,17.56,51.63,2.5,0.09,10.05,52.13,54.94,5.649143189
3066,Panasonic Energy,275.7,37.6,206.78,3.42,-1,-35.12,71.72,-2.26,17.59,27.54,2.61,0.01,8.41,1.26,3.86,5.649143189
3067,JSL Industries,969.5,59.59,113.81,0,0.74,-25.25,13.76,-1.64,17.6,24.22,4.18,0.04,11,1.93,-0.16,5.649143189
3068,Agarwal Float,25.75,7.49,18.65,0,1.45,-28.57,38.21,17.64,17.6,32.51,1.89,0.85,8.87,17.04,1.62,5.649143189
3069,Phantom Digital,183,8.93,291.39,0,20.69,150.18,84.98,139.11,17.61,35.34,4.44,0.1,9.89,34.91,-18.81,5.649143189
3070,Bhagwati Auto,508.2,11.59,146.36,0.49,3.54,151.06,42.9,35.46,17.64,24.49,1.71,0.22,7.74,11.23,10.01,5.649143189
3071,Sh. Hari Chem.,99.65,17.3,55.18,0,1.29,-51.32,44.49,14.02,17.66,15.36,1.03,0.63,6.46,26.55,-1.48,5.649143189
3072,Jonjua Overseas,3.68,3.72,10.03,2.42,1.23,,1.54,,17.66,34.92,0.33,1.06,10.67,32.05,-2.62,5.649143189
3073,Northern Spirits,114.35,7.57,183.54,0.26,7.18,-22.04,596.24,12.89,17.68,29.44,1.61,1.48,8.61,203.07,-6.74,5.649143189
3074,Maruti Interior,73.2,75.32,442.12,0,2.68,65.43,32.14,76.59,17.69,34.62,2.17,0.18,10.64,6.98,3.44,5.649143189
3075,Raghuvir Synth,106.05,64.01,410.95,0,-4.35,-1912.5,48.95,-41.52,17.71,20.19,0.94,0.78,7.67,32.88,23.91,5.649143189
3076,Galaxy Medicare,17.75,7.32,26.93,1.97,2.02,18.13,18.73,8.64,17.72,33.84,5.49,0.06,10.28,2.52,4.49,5.649143189
3077,Manoj Ceramic,70,7.85,95.95,0,5.53,34.88,81.49,23.28,17.73,40.32,3.47,0.45,7.31,57.94,-39.96,5.649143189
3078,Jeyyam Global,29.3,5.93,139.17,0,10.93,14.57,380.67,1.4,17.75,20.78,2.36,0.43,9.88,76.04,0.87,5.649143189
3079,Ritesh Intl.,50.6,9.49,47.43,0,1.19,29.7,44.46,13.88,17.76,15.36,1.71,0.44,10.32,10.62,1.75,5.649143189
3080,RDB Rasayans,168,8.44,297.61,0,8.24,43.55,25.71,-5.72,17.77,17.01,47.04,0,12.65,0,-11.53,5.649143189
3081,BDH Industries,400,22.09,230.4,1.12,3.49,24.2,29.34,81.11,17.82,27.23,4.11,0,10.28,0.03,14.77,5.649143189
3082,Shree Refrigerat,187.15,108.25,666.82,0,1.48,-82.19,50.39,-1.12,17.83,27.66,6.15,0.13,8.7,26.18,-24.83,5.649143189
3083,Chavda Infra Ltd,96,15.36,313.5,0,1.74,64.15,49.28,42.3,17.84,15.67,1.35,1.44,6.77,162.05,-32.82,5.649143189
3084,Esconet,110.5,23.6,145.82,0,1.49,-32.27,142.02,35.77,17.85,23.6,1.6,0.32,7.26,24.03,0.05,5.649143189
3085,Iris Clothings,29.5,39.43,561.48,0,3.01,27,48.67,45.81,17.89,22.14,4.19,0.21,9.05,27.24,2.53,5.649143189
3086,B.R.Goyal Infra.,98.67,6.69,235.08,0,16.2,163.98,342.13,60.73,17.89,15.67,2.33,0.31,8.21,76.94,-36.43,5.649143189
3087,R S Software (I),27.39,,70.62,0.91,-8.44,-626.88,5.35,-57.81,17.94,20.51,2.86,0.39,13.65,15.2,8.15,5.649143189
3088,Saven Tech.,33.43,11.62,36.37,4.49,0.53,-30.26,4.55,19.42,17.99,22.28,6.45,0,12.9,0,1.43,5.649143189
3089,Sungarner Energ.,139,17.33,32.23,0,1.02,15.91,25.27,115.61,17.99,24.22,1.46,1.12,5.66,13.75,-5.14,5.649143189
3090,WSFX Global,62.2,21.08,78.21,2.41,1.75,50.86,28.35,41.26,18,21.16,1.13,0.26,4.06,10.18,2.55,5.649143189
3091,Unjha Formul.,20.95,9.03,9.39,0,0.24,9.09,4.41,17.29,18.06,27.23,2.38,0,8.64,0,-0.04,5.649143189
3092,Swaraj Suiting,290.85,13.5,640.4,0,11.09,120.48,165.32,92.77,18.08,20.19,1.27,1.94,7.21,332.32,40.86,5.649143189
3093,Rajputana Indu.,64.8,13.88,143.95,0,3,33.33,176.82,21.68,18.08,15.21,1.35,0.81,4.88,52.05,-22.75,5.649143189
3094,K2 Infragen,47.8,4.14,60.31,0,7.23,68.53,90.85,76.48,18.09,15.67,1.66,0.83,8.29,69.41,-43.28,5.649143189
3095,Trident Lifeline,245.25,15.1,292.65,0,4.64,54.12,25.71,117.33,18.12,27.23,1.78,0.73,8.66,59.34,-10.24,5.649143189
3096,Steel City Sec.,79.88,8.71,120.68,5.01,3.72,-23.3,15.28,-6.14,18.2,17.17,2.02,0.09,8.1,11.66,3.47,5.649143189
3097,Storage Tech,38.8,53.57,49.82,0.77,-1.55,-225,47.05,7.86,18.23,22.51,1.78,0.32,5.55,13.03,-16.41,5.649143189
3098,Womancart,165.3,14.78,133.46,0,5.31,69.17,49.8,126.78,18.29,39.68,2.92,0.29,12.25,22.31,-26.52,5.649143189
3099,Abha Power,29.25,10.46,54.37,0,2.03,-33.66,34.57,0.49,18.29,24.33,2.51,0.37,9.85,19.63,2.58,5.649143189
3100,Century Extrus.,18.69,13.94,149.04,0,2.9,18.37,122.53,18.34,18.3,15.21,1.31,0.86,6.02,75.76,13.31,5.649143189
3101,Indo Amines,88.27,9.03,638.1,0.57,11.87,4.95,277.42,7.18,18.32,25.33,1.27,0.85,7.91,306.94,35.41,5.649143189
3102,Rolcon Engg. Co.,659,11.59,50.08,0.38,0.35,160.34,12.89,0.31,18.33,22.51,2.03,0,10.6,0.09,3.63,5.649143189
3103,Morgan Ventures,48.78,5.93,48.29,0,-5.52,-159.48,1.29,-91.08,18.33,16.6,2.16,1.85,9.67,178.22,-1.89,5.649143189
3104,Indo Borax & Ch.,244.16,19.97,783.51,0.41,9.27,2.21,41.02,9.36,18.33,15.36,11.92,0,12.46,0.03,-71.99,5.649143189
3105,Gowra Leasing,83.62,12.02,64.79,0,1.38,-23.33,2.87,88.82,18.34,16.6,1.27,0.74,11.74,26.64,-32.91,5.649143189
3106,Par Drugs & Che.,86.76,7.68,106.76,0,4.8,727.59,29.34,37.23,18.35,27.23,3.57,0,11.38,0,16.16,5.649143189
3107,Guj. Containers,165,13.91,93.23,0.91,2.01,-8.64,37.02,1.34,18.36,17.01,2.24,0.38,10.65,20.4,-0.47,5.649143189
3108,Dhanuka Infra Realty,9.3,3.1,8.87,0,0.18,128.57,0.63,61.54,18.36,25.29,5.69,0.14,9.81,2.2,0.34,5.649143189
3109,Vraj Iron,109.88,13.66,361.33,0,1.1,-86.65,146.43,22.15,18.36,52.81,3.87,0.06,12.64,26.83,13.64,5.649143189
3110,Aries Agro,339.05,10.21,445.22,0.35,17.31,48.88,202.5,18.87,18.38,17.51,1.73,0.21,6.04,66.86,105.26,5.649143189
3111,Macobs Technolo.,202,90.35,197.86,0,1.42,-22.83,19.16,15.77,18.39,41.57,4.33,0.07,11.42,2.21,-11.78,5.649143189
3112,LKP Securities,13.39,10.36,110.22,2.24,0.98,-48.69,24.41,-2.09,18.4,17.17,1.62,0.71,3.42,68.26,-23.43,5.649143189
3113,Emerald Finance,53.52,13.75,184.86,0.28,4,61.29,7.8,36.36,18.45,16.6,16.77,0.17,10.6,14.99,-13.35,5.649143189
3114,Vaidya Sane,201,23.48,211.32,0,4.83,28.46,49.94,19.47,18.45,33.84,2.62,0.01,10.85,0.63,10.6,5.649143189
3115,Control Print,622.55,10.26,994.11,1.61,5.26,-36.4,118.84,15,18.46,23.6,3.92,0.02,21.29,7.42,49.87,5.649143189
3116,Trom Industries,58.45,11.04,53.74,0,4.39,6.3,40.13,-13.21,18.46,32.07,2.23,0.51,8.3,26.01,-18.2,5.649143189
3117,Touchwood Enter.,68.37,15.34,75.76,0,1.82,-44.68,24.1,-33.26,18.51,11.79,4.4,0.09,11.67,4,0.1,5.649143189
3118,Dhariwalcorp,43,102.09,404.26,0,3.09,15.3,118.66,-1.34,18.53,57.85,2.6,0.37,8,14.55,-13.19,5.649143189
3119,Mewar Hi-Tech,58.05,7.33,22.66,0,0.25,158.14,15.78,-16.15,18.54,15.67,1.4,1.61,6.22,19.09,3.19,5.649143189
3120,Sodhani Academy,164.5,23.9,93.68,0.3,2.04,3.55,2.07,213.64,18.54,18.7,10.13,0,14.04,0,3.77,5.649143189
3121,Multibase India,166.7,16.82,210.38,31.79,3.28,37.82,13.53,-21.11,18.56,25.33,7.75,0,12.6,0,5.79,5.649143189
3122,Laxmipati Engg,250,15.47,143.75,0,2.88,3100,28.61,21.02,18.57,38.95,0.74,1.73,12.29,19.85,2.38,5.649143189
3123,TBI Corn,61.55,6.83,111.76,0,10.25,36.3,136.7,45.46,18.57,25.04,2,0.78,9.68,87.16,-29.56,5.649143189
3124,Spinaroo Comm.,63.42,35.21,44.36,0,0.44,-27.87,19.37,-7.85,18.6,19.86,2.26,0.4,7.41,6.76,-0.47,5.649143189
3125,Aaron Industries,137.74,39.96,288.52,0.44,2.02,12.22,23.2,26.57,18.62,27.66,1.28,0.72,10.49,32.04,8.63,5.649143189
3126,Quality RO Indu.,53.02,6.97,13.52,0,0.31,210,8.71,10.25,18.62,27.66,3.11,0.61,9.89,7.25,-3.93,5.649143189
3127,Modi Naturals,299.65,10.28,398.31,0,10.04,28.39,174.09,-2.75,18.66,25.04,1.63,1.07,9.75,151.66,48.79,5.649143189
3128,CHL,29.99,,164.4,0,3.97,228.1,40.92,4.63,18.68,27.58,0.38,,-0.56,258.88,53.37,5.649143189
3129,Arabian Petrol.,70.5,6.92,76.79,0,6.05,30.39,175.17,25.98,18.68,12.26,2.08,0.58,9.4,37.36,12.46,5.649143189
3130,SM Auto Stamping,20.5,7.71,28.06,0,0.79,203.85,34.12,10.46,18.69,27.66,1.49,0.09,9.12,2.19,1.23,5.649143189
3131,Ruchira Papers,102.93,5.81,307.84,4.86,2.04,-87.62,131.59,-21.62,18.71,19.86,1.79,0.38,11.85,189.48,91.94,5.649143189
3132,B C C Fuba India,113.85,46.24,226.6,0,1.17,18.18,17.29,29.03,18.72,23.6,1.22,0.57,9.88,14.77,-0.05,5.649143189
3133,CG-VAK Software,185.1,7.82,93.48,0.54,3.24,20.9,18.65,-5.52,18.73,20.51,4.7,0.03,12.2,2.73,13.03,5.649143189
3134,Brisk Technovisi,72.5,25.89,14.5,4.14,0.42,-49.4,15.84,26.22,18.75,23.6,1.75,0.01,8.92,0.08,2.5,5.649143189
3135,Radix Industries,196.3,85.89,294.59,0.25,1.42,42,17.46,11.49,18.76,41.57,70.32,0.01,12.83,0.24,7.53,5.649143189
3136,Star Delta Trans,449.6,11.92,134.89,0,2.06,-5.94,52.77,61.03,18.77,32.07,4,0.07,11.82,5.89,3.31,5.649143189
3137,Gothi Plascon,35,20.06,35.7,5.71,0.73,5.8,1.21,4.31,18.85,34.62,7.81,0.18,10.07,2.23,2.9,5.649143189
3138,Kaushalya,39.3,5.82,72.82,0,6.79,10.77,1286.3,171.45,18.85,39.68,1.16,1.06,5.48,70.97,-17.49,5.649143189
3139,N R Vandana,57.75,12.99,134.53,0,5.76,46.19,130.58,2.79,18.85,22.14,1.42,1.18,4.42,80.04,5.79,5.649143189
3140,Crown Lifters,116.63,13.7,135.17,0,1.67,-36.74,8.5,-2.3,18.88,27.66,0.57,0.67,6.79,49.11,47.72,5.649143189
3141,Markolines Pavem,151.49,12.37,337.57,0.99,7.09,14.63,80.46,0.5,18.88,15.67,1.61,0.29,8.19,52.15,-33.26,5.649143189
3142,Sayaji (Indore),795.05,19.74,242.22,0.1,5.87,29.3,32.13,6.5,18.91,27.58,0.48,1.23,8.6,79.08,24.97,5.649143189
3143,Fredun Pharma,1650.85,26.02,885.85,0.04,10.48,96.62,160.93,56.7,18.94,27.23,1.44,1.08,5.24,170.68,-28.88,5.649143189
3144,Black Rose Indus,74.02,19.8,377.5,1.42,4.4,-25.51,75.15,-14.31,18.97,25.33,3.09,0.05,10.38,8.27,-12.51,5.649143189
3145,Ganesh Consumer,174.04,18.85,705.21,1.44,12.2,56.21,211.75,-2.94,18.97,47.8,1.71,0.53,10.9,193.67,46.08,5.649143189
3146,Dhara Rail Pro.,102.15,31.97,154.08,0,7.06,,28.37,,18.97,19.48,1.15,1.07,10.31,21.29,-4.97,5.649143189
3147,Viram Suvarn,10.76,17.05,122.09,0.46,3.18,341.67,7.52,102.7,19,19.58,7.95,0,13.61,0,5.21,5.649143189
3148,Prime Fresh,223.8,25.04,307.97,0,4.73,149.72,74.33,36.66,19.01,25.04,9.68,0.02,12.11,1.97,-10.78,5.649143189
3149,Kakatiya Textile,9.89,,5.75,0,-2.09,-689.66,8.19,2.25,19.03,20.19,0.37,,4.06,15.58,7.67,5.649143189
3150,HEC Infra Proj.,107.45,9.59,116.46,0,2.92,104.2,57.35,108.24,19.03,15.67,1.34,0.74,9.97,41.85,-26,5.649143189
3151,Covidh Technolog,49.99,,42.03,0,-0.28,-300,0.19,,19.05,20.51,38.75,,17.28,1.62,-1.4,5.649143189
3152,Foce India,565,49.7,663.48,0,5.81,-15.31,58.62,71.81,19.06,19.58,1.08,0.5,11.08,42.58,15.25,5.649143189
3153,Credo Brands,74.61,10.37,487.66,4.02,7.02,-56.24,146.13,-6.04,19.07,26.49,3.55,0.58,9.36,241.81,159.12,5.649143189
3154,Namo eWaste,159,35.96,363.59,0,6.99,30.9,87.32,30.66,19.08,18.91,4.44,0.06,10.45,5.37,-19.57,5.649143189
3155,Rukmani Devi Gar,117.15,13.74,103.98,0,4.63,,302.11,,19.13,20.78,1.57,0.87,9.1,32.25,-19.64,5.649143189
3156,20 Microns,151.02,8.21,531.97,0.83,14.87,11.35,214.82,0.08,19.16,16.52,1.78,0.36,9.83,163.37,31.79,5.649143189
3157,Nupur Recyclers,50.04,25.58,345.62,0,4.76,27.85,58.88,71.61,19.17,22.34,3.71,0.12,12.56,15.32,-18.67,5.649143189
3158,MOS Utility,12.9,18.79,332.1,0,4.36,74.55,166.08,24.8,19.2,21.16,1.54,0.53,9.41,49.64,36.93,5.649143189
3159,Laxmi Dental,173.71,35.58,954.69,0,1.96,22.29,66.04,7.09,19.2,33.84,4.42,0.04,12.31,8.91,43.83,5.649143189
3160,Shree Ganesh Rem,484.05,34.31,621.41,0,3.1,-42.91,21.11,-21.96,19.21,27.23,4,0.24,12.53,37.54,30.66,5.649143189
3161,H P Cotton Tex,106,12.67,41.57,0,0.65,124.14,33.58,2.85,19.22,20.19,0.92,2.17,2.83,38.8,7.41,5.649143189
3162,Dolphin Kitchen Utensils,22.57,5.37,29.92,0,3.54,110.71,24.87,8.98,19.27,42.9,6.54,0.12,10.7,7.77,-20.72,5.649143189
3163,ATC Energies,23.05,7.56,47,0,0.61,-89.43,12.89,-42.69,19.27,24.22,4.78,0.25,11.48,22,12.86,5.649143189
3164,P S Raj Steels,277,27.84,208.81,0,3.96,2.33,130.58,-6.13,19.3,18,11.41,0.04,11.74,2.96,-9.06,5.649143189
3165,Anlon Tech,368,24.59,230.2,0,5.42,112.55,41.38,117.1,19.34,19.48,2.39,0.16,10.37,10.1,-16.73,5.649143189
3166,Nila Infrastruct,7.08,12.21,278.48,0,4.65,-5.3,75.03,43.35,19.36,25.29,1.07,0.14,2.38,24.14,60.21,5.649143189
3167,Shivalic Power,72.65,15.76,175.2,0,5.16,-20.12,54.22,1.33,19.39,24.22,4.98,0.04,11.33,4.55,-8.55,5.649143189
3168,Matrimony.com,423.45,28.03,914.89,1.18,8.3,-16.75,113.24,1.62,19.41,19.9,1.8,0.22,9.4,55.18,56.86,5.649143189
3169,AVI Polymers,21.64,20.26,203.61,0,7.02,35000,132.32,,19.42,25.33,1.8,0,14.15,0,0.81,5.649143189
3170,SP Refractories,122,6.58,21.84,0,2.2,126.8,16.3,13.12,19.43,31.45,4.13,0.1,11.6,1.48,1.5,5.649143189
3171,Gem Aromatics,170.94,30.06,887.66,0,-4.99,-166.89,78.9,-18.53,19.43,25.33,2.26,0.32,11.81,143.77,-24.92,5.649143189
3172,Delton Cables,421.35,19.37,364.05,0.47,4.09,11.9,268.4,42.28,19.44,24.22,1.19,2.6,3.77,255.41,-14.02,5.649143189
3173,Cybertech Sys.,110.12,10.39,342.56,3.63,6.53,-27.77,57.84,-1.25,19.45,20.51,2.23,0.02,12.15,3.61,37.76,5.649143189
3174,Toss The Coin,285,35.44,53.87,2.63,1.43,23.28,6.89,58.03,19.47,26.99,17.03,0,13.01,0,0.15,5.649143189
3175,Autoriders Intl.,379.45,13.57,132.08,0.04,2.35,113.64,24.11,18.94,19.48,21.18,1.15,0.34,10,18.18,19.06,5.649143189
3176,Kaka Industries,171,15.37,233.58,0,8.85,35.74,124.89,30.84,19.48,21.75,1.14,0.95,9.71,69.58,3.84,5.649143189
3177,Grand Continent,84,31.15,209.32,0,2.39,-62.86,55.71,74.97,19.48,27.58,2.39,0.24,9.98,25.81,6.18,5.649143189
3178,VTM,82.14,36.5,826.07,1.03,3.38,-80.55,99.95,-3.45,19.49,20.19,3.06,0.12,12.79,35.99,-37.56,5.649143189
3179,Rockingdeals Cir,160.5,18.12,133.2,0,5.1,59.38,49.53,131.88,19.49,29.44,2.54,0.21,11.52,9.54,3.22,5.649143189
3180,Narmada Gelatine,349.4,8.73,211.37,2.86,7.4,72.9,56.73,18.14,19.5,25.33,2.82,0.1,11.5,11.96,17.04,5.649143189
3181,Arih.Found.Hsg.,990,14.55,986.6,0,19.94,78.51,102.33,96.75,19.52,25.29,2.74,0.88,8.09,301.35,-86.06,5.649143189
3182,Nettlinx,16.13,,39,0,-0.31,-104.62,4.85,-45.87,19.53,18.17,2.18,0.21,11.4,12.18,4.95,5.649143189
3183,Pasari Spinning,7.41,26.9,10.22,0,0.09,-18.18,0.15,-11.76,19.55,20.19,1.23,5.31,13.31,1.38,0.44,5.649143189
3184,Kamat Hotels,182.56,17.18,536.6,0,19.06,-23.97,117.74,11.64,19.58,27.58,1.06,0.92,7.48,258.35,66.36,5.649143189
3185,Highway Infra,48.21,9.98,346.27,0,6.11,37.92,127.83,15.58,19.59,13.34,2.6,0.21,9.98,44.72,-10.73,5.649143189
3186,MKP Mobility,100.5,16.72,34.28,0,0.32,203.23,9.67,15.95,19.6,20.19,3.38,0.19,3.14,1.43,2.78,5.649143189
3187,Alphalogic Indu,176,49,179.32,0,2.57,40.44,24.91,-36.94,19.62,22.51,3.66,0.07,11.18,1.71,3.46,5.649143189
3188,Prakash Steelage,4.14,67.54,71.59,0,0.33,-51.47,24.45,27.08,19.63,18,1.08,0.23,3.34,2.12,-3.33,5.649143189
3189,Menon Bearings,118.11,21.29,661.55,1.69,9.25,69.1,76.91,31.72,19.63,24.49,2.55,0.33,11.32,53.07,27.05,5.649143189
3190,Remus Pharma.,650.3,22.87,766.32,0.15,21.59,24.91,400.2,46.77,19.64,27.23,1.61,0.05,9.99,16.01,6.99,5.649143189
3191,Shree OSFM,75,11.07,115.53,0,4.87,1.88,75.6,11.23,19.67,11.35,3.29,0.16,10.65,12.72,16.13,5.649143189
3192,Resgen,56,14.38,117.46,0,4.03,4.95,37.87,47.41,19.68,13.15,5.51,0,11.71,0,7.49,5.649143189
3193,Interactive Fin,14.97,5.55,10.37,0,0.45,28.57,1.55,20.16,19.69,6.49,10.47,0.02,13.14,0.58,-1.15,5.649143189
3194,Divine Hira Jew.,249.75,52.73,325.85,0,3.12,24.8,500.46,268.04,19.69,19.58,2.4,0.43,11.77,19.98,0.75,5.649143189
3195,Rajeshwari Cans,20.87,10.09,21.9,0,1.31,23.58,22.42,14.1,19.7,17.01,1.45,0.62,7.56,8.27,5.93,5.649143189
3196,Gem Enviro,36.51,16.73,82.33,0.68,3.42,-25.49,54.82,147.05,19.71,18.91,8.95,0,12.12,0,-8.83,5.649143189
3197,Holmarc Opto,77.5,29.06,77.89,0.52,0.25,-85.48,16.18,-4.88,19.73,22.51,8.74,0.01,12.53,0.28,3.12,5.649143189
3198,Transvoy Logist.,86,8.04,22.9,0,1.25,190.7,28.97,109.32,19.75,21.18,2.96,1.95,9.76,19.21,0.01,5.649143189
3199,Axtel Industries,379.45,24.76,612.99,3.16,7.98,144.79,58.63,45.09,19.76,27.66,2.12,0,8.87,0,31.22,5.649143189
3200,TPL Plastech,60.87,17.09,475.66,1.64,8.69,25.4,111.22,22.17,19.85,17.01,1.75,0.14,9.89,21.85,16.32,5.649143189
3201,Power & Instrum.,100.4,15.48,209.4,0.2,3.28,15.28,44.6,33.65,19.85,24.22,2.1,0.18,8.37,21.65,-39.89,5.649143189
3202,Khyati Global,41,5.76,28.61,0,2.88,8.68,62.7,7.25,19.86,29.44,2.03,0.52,8.45,17.32,-10.27,5.649143189
3203,NILE,1501.1,8.8,450.33,0.33,14.94,47.05,291.43,25.34,19.87,16.52,12.68,0.06,13.13,18.12,-1.05,5.649143189
3204,Golkunda Diamond,287.35,16.45,199.99,0.52,3.54,-28.19,62.6,-15.18,19.88,19.58,1.94,0.52,9.77,36.02,8.47,5.649143189
3205,E to E Transportation,181.5,21.8,313.23,0,,,,,19.9,15.67,1.6,0.57,5.79,66.31,-9.11,5.649143189
3206,Tunwal E-Motors,29.65,11.42,171.06,0.34,8.5,57.99,144.39,93.99,19.92,28.3,1.74,0.27,8.78,32.76,-53.19,5.649143189
3207,Giriraj Civil,176.2,19.53,421.48,0,6.61,127.15,133.88,86.72,19.94,15.67,1.79,0.07,7.49,10.11,-6.51,5.649143189
3208,R J Shah & Co,501.65,2.43,14.05,0.5,0.22,100,0,,19.98,25.29,0.94,0.03,13.32,1.23,-1.8,5.649143189
3209,Amines & Plast.,151.94,21.62,737.37,0.33,7.59,-17.23,142.43,-24.9,20.01,15.36,3.4,0.11,10.15,30.5,24.05,5.649143189
3210,Zodiac Energy,252.7,19.2,381.76,0.3,5.07,-11.21,137.56,31.85,20.02,15.67,1.41,1.76,9.47,178.15,-48.84,5.649143189
3211,Vadilal Enterp.,9875,143.7,849.25,0.02,-16.12,11.96,144.91,6.34,20.03,24.58,0.72,1.1,1.62,57.2,32.1,5.649143189
3212,Saint-Gob. Sekur,93.07,19.86,847.96,2.15,11.21,11.1,61.56,16.13,20.03,24.49,6.06,0.01,12.53,1.43,28.01,5.649143189
3213,Krishanveer Forg,121.55,17.59,132.97,2.06,1.76,85.95,20.33,11.95,20.04,24.33,2.84,0,10.52,0,5.35,5.649143189
3214,Vision Infra,232.25,13.97,572.32,0.22,21.61,47.01,281.83,45.4,20.04,19.48,1.21,1.61,7.18,298.73,17.72,5.649143189
3215,Abril Paper,32.03,15.59,25.56,0,1.07,27.38,38.03,14.48,20.04,22.51,4.56,0.07,13.36,1.6,-3.17,5.649143189
3216,Elixir Capital,90.8,21.71,52.7,1.38,5.44,356.82,13.31,120.36,20.07,35.19,2.25,0.63,12.14,38.22,2,5.649143189
3217,RPP Infra Proj.,67.53,8.95,333.92,0.74,0.67,-96.45,379.73,6.94,20.09,15.67,1.76,0.18,7.42,100.82,8.22,5.649143189
3218,Solarium Green,155,15.95,323.49,0,9.22,22.44,116.93,42.6,20.09,15.67,2.03,0.77,11.93,116.83,-61.94,5.649143189
3219,B N Rathi Sec.,13.35,7.76,55.73,3.75,3,98.03,15.37,34.24,20.12,35.19,1.37,0,4.84,0.14,-22.63,5.649143189
3220,Handson Global,44.88,131.38,56.49,0,-3.12,-336.36,14.25,145.69,20.13,22.28,1.27,1.01,11.25,23.87,-1.25,5.649143189
3221,Marco Cables,34.1,11.64,63.76,0,3.01,10.26,54.03,10.85,20.13,19,1.95,1.35,6.38,47.4,11.85,5.649143189
3222,Ecoplast,483.65,22.25,167.08,0,1.41,-33.49,36.07,8.03,20.15,21.75,4.67,0.04,11.91,2.87,5.04,5.649143189
3223,Auto.Corp.of Goa,1580.85,14.19,962.52,1.58,10.86,194.9,200.23,80.86,20.16,24.49,2.11,0.34,11.12,93.85,9.72,5.649143189
3224,Master Component,302,21.31,120.8,0.17,3.24,94.01,36.77,107.39,20.16,21.75,1.61,0.28,11.82,9,1.68,5.649143189
3225,HRS Aluglaze,265.4,99.37,511.75,0,4.54,,26.33,,20.16,27.66,0.92,1.92,8.37,38.69,2.89,5.649143189
3226,Shah Foods,162.05,162,9.72,0,-0.05,-150,0,-100,20.18,47.8,1.35,,6.47,0,-0.18,5.649143189
3227,Ideal Technopl.,232.5,32.11,116.25,0,1.8,69.81,17.3,21.83,20.19,17.01,1.68,1.01,10.94,25.71,0.38,5.649143189
3228,Palco Metals Ltd,98.15,8.98,39.26,0,2.75,116.54,82.54,33.32,20.24,16.26,0,0,8.69,0,30.59,5.649143189
3229,Atam Valves,58.93,18.26,67.37,1.44,-0.58,-136.71,10.41,-40.1,20.27,27.66,2.91,0.34,12.1,12.62,-6.58,5.649143189
3230,ARCL Organics,158.6,17.5,126.88,0,-8.81,-634.08,53.47,-13.7,20.33,15.36,1.56,0.39,7.56,34.81,5.35,5.649143189
3231,Relicab Cable,33.96,22.71,34.29,0,0.31,29.17,13.84,109.06,20.34,24.22,2,0.75,4.83,10.87,2.92,5.649143189
3232,Atishay,208.95,29.82,230.51,0.48,1.89,-10.43,15.45,1.51,20.35,38.05,2.9,0.1,13.17,5.26,4.03,5.649143189
3233,Scoda Tubes,124.78,18.96,745.99,0,11.47,17.76,152.4,17.26,20.35,18,1.85,0.55,8.17,203.93,18.42,5.649143189
3234,Sonu Infratech,46.1,4.43,54.24,0,2.83,21.98,28.57,36.76,20.36,15.67,1.94,0.63,7.57,47.71,-16.79,5.649143189
3235,Thomas Scott,273.35,22.82,400.46,0,4.97,73.33,66.25,45.93,20.37,22.14,3.19,0.21,12.23,26.65,-39.3,5.649143189
3236,Krishca Strapp.,173.9,20.12,251.11,0,6.18,13.6,92.55,45.56,20.37,18,1,0.76,9.81,82.84,-20.2,5.649143189
3237,Emk.Global Fin.,222.67,32.45,585.05,0.67,4.3,-49.82,87.08,12.65,20.38,17.17,1.28,0.27,4.95,80.77,-2.09,5.649143189
3238,RBZ Jewellers Lt,113.85,8.81,455.24,0,17.43,33.16,226.33,16.78,20.39,19.58,2.39,0.55,12.2,150.22,-14.92,5.649143189
3239,Kings Infra,107.3,18.72,262.95,0,3.21,-18.11,37.01,10.71,20.4,18.74,1.67,0.88,10.86,69.45,-4.08,5.649143189
3240,Raghunath Intl.,10.49,4.49,5.25,0,0.14,-33.33,0,-100,20.4,19.89,1.96,0,15.88,0,0,5.649143189
3241,Vijaypd Ceutical,66.3,30.32,129.47,0,2.42,-17.97,51.33,2.01,20.4,32.07,1.99,0.58,10.62,20.08,-7.89,5.649143189
3242,Dhabriya Poly.,336.2,13.39,363.91,0.21,7.66,100.52,65.66,19.6,20.41,21.75,1.86,0.48,10.42,55.29,17.08,5.649143189
3243,GLEN Industries,66.14,8.83,159.14,0,8.31,-2.24,95.56,13.57,20.42,17.01,1.68,0.84,9.62,115.3,5.77,5.649143189
3244,G G Automotive,150.85,13.05,150.7,0,3.46,32.57,34.01,16.39,20.44,24.49,1.59,0.39,8.78,20.43,14.1,5.649143189
3245,Netlink Solns(I),169.7,429.21,42.92,0,0.49,164.47,0.01,0,20.45,38.05,96.42,0,15.24,0,1.53,5.649143189
3246,Clear Secured,114.95,19.48,276.42,0,16.88,,315.34,,20.45,19.48,1.46,0.95,7.14,127.99,-22.43,5.649143189
3247,Cenlub Industrie,181.45,11.77,84.61,0,1.07,-44.85,15.93,-4.67,20.47,27.66,1.24,0.06,10.56,4.27,4.53,5.649143189
3248,Modern Engineer.,34,3.01,52.53,0,3.37,193.35,24.8,9.35,20.54,15.67,1.37,0.12,8.14,7.25,-26.8,5.649143189
3249,Amba Enterprises,107,17.1,135.47,0.7,2.13,23.12,102.68,27.66,20.56,24.22,1.43,0.12,8.84,5.46,5.13,5.649143189
3250,Systematic Inds.,147,15.98,328.27,0,9.28,36.47,253.68,54.04,20.6,19,2.44,0.53,10.05,99.66,7.62,5.649143189
3251,Thinking Hats,12.45,4.71,15.55,0,0.74,-32.73,8.36,-3.35,20.61,11.79,1.55,0.37,9.98,10.74,-1.52,5.649143189
3252,Pradeep Metals,372.25,23.71,642.87,0.67,7.06,6.65,83.87,5.96,20.62,24.49,1.58,0.46,10.14,66.71,33.22,5.649143189
3253,Ascensive Educa.,16.53,15.89,67.53,0,2.26,264.52,27.23,118.36,20.62,23.6,1.81,0.54,10.09,9.62,-2.64,5.649143189
3254,Silicon Rental,80.3,8.72,91.7,1.25,4.56,-37.1,61.55,12.3,20.62,19.48,7.83,0.04,12.98,4.49,39.83,5.649143189
3255,Kumbhat Fin.,19.6,7.97,10.44,0,-0.52,-36.84,1.92,182.35,20.67,16.6,0.22,2.73,11.12,15,-11.95,5.649143189
3256,Karnawati Innovation,1.66,2.39,8.97,0,1.85,18600,71.47,,20.72,17.01,1.16,0,5.67,0.01,0.04,5.649143189
3257,Dynavision,148.15,11.42,56.89,0,1.36,33.33,3.32,4.73,20.81,19.48,5.36,0.82,6.71,21.05,9.76,5.649143189
3258,Rajputana Bio.,220,21.73,154.73,0,6.06,23.17,59.36,33.3,20.82,14.12,2.73,0.3,11.64,14.03,-15.33,5.649143189
3259,Narmada Macplast,16.36,35.71,59.27,0.06,0.42,-91.18,3.34,-5.38,20.83,21.75,1.51,0,14.63,0,-5.41,5.649143189
3260,Synergy Green,500.65,99.89,783.17,0.2,-1.49,-129.24,91.82,-5.46,20.85,24.33,1,1.79,6.26,200.52,-16.39,5.649143189
3261,OneClick Logisti,319.9,135.89,214.71,0,0.59,-48.7,22.62,8.13,20.85,21.18,1.55,0.11,11.85,5.38,1.33,5.649143189
3262,Sellowrap Indus.,69,8.4,94.84,0,2.56,59.26,46.32,18.28,20.85,24.49,1.3,0.5,8.26,38.8,21.36,5.649143189
3263,Monika Alcobev,240.9,19.06,516.73,0,9.97,99.8,116.87,38.62,21,31.92,1.94,0.7,8.19,156.28,-25.92,5.649143189
3264,SNL Bearings,331.1,10.78,119.53,2.42,2.65,-8.93,14.26,14.26,21.03,24.49,9.14,0,14.57,0.07,3.91,5.649143189
3265,Setco Automotive,15.73,,215.21,0,-57.19,-76.62,196.55,9.26,21.06,24.49,0.19,,-22.25,1177.53,89.24,5.649143189
3266,Beezaasan Exp.,195.8,23.75,296.67,0,7.87,2.47,100.46,3.34,21.11,23.75,3.68,0.22,11.71,23.31,3.9,5.649143189
3267,Vinyl Chemicals,193.12,18.55,354.6,3.62,4.52,-9.78,169.48,15.77,21.12,57.85,2.4,0,6.68,0.49,23.71,5.649143189
3268,Aesthetik Engi.,65.5,13.36,112.79,0,3.5,422.39,37.71,45.82,21.12,15.67,2.01,0.32,11.68,15.3,2.61,5.649143189
3269,Yajur Fibres,44.1,8.42,100.04,0,,,,,21.12,20.19,1.15,1.35,10.88,66.18,-25.38,5.649143189
3270,Creative Newtech,578.9,13.15,870.98,0.09,23.37,36.91,914,38.68,21.13,29.44,1.75,0.39,11.89,126.08,21.86,5.649143189
3271,Megatherm Indu.,194.65,15.26,366.73,0,12.04,29.32,159.05,7.5,21.13,22.51,1.46,0.23,7.66,35.12,16.11,5.649143189
3272,Indo US Bio-Tech,104.19,14.13,209.51,0.24,3,-40.59,22.8,-3.23,21.15,25.04,3.67,0.32,17.85,27.65,1.42,5.649143189
3273,Bombay Super Hyb,78.43,31.09,823.02,0,7.74,-14,107.48,-15.94,21.16,25.04,3.83,0.25,13.73,29.84,-31.12,5.649143189
3274,Fabtech Techn.,240.4,24.78,296.16,0.83,4,-24.53,76.19,23.03,21.16,27.66,2.97,0.11,12.43,10.02,2.51,5.649143189
3275,Aeron Composites,85.15,10.41,144.92,0,7.23,8.72,116.69,8.2,21.19,22.51,1.68,0.44,8.66,47.57,-8.84,5.649143189
3276,Spright Agro,0.51,,54.65,1.96,-10.35,-245.98,4.56,-91.7,21.23,25.04,5.22,0,19.06,0.35,-44.13,5.649143189
3277,Bhaskar Agrochem,195.35,15.75,101.77,0.51,2.34,49.72,29.69,22.18,21.26,21.41,1.14,0.74,7.2,15.42,1.04,5.649143189
3278,Arihant Capital,68.01,19.17,741.22,0.74,5.18,-46.98,49.05,-5.29,21.26,17.17,1.78,0.51,7.17,211.09,30.08,5.649143189
3279,Tankup Engi.,463.75,80.78,245.56,0,2.04,292.31,21.66,220.89,21.26,22.51,1.8,0.69,9.51,18.51,-5.8,5.649143189
3280,Cont. Petroleums,86.28,26.36,81.71,0,1.06,-24.82,21,-28.57,21.27,13.15,1.75,0.06,7.36,4.12,2.46,5.649143189
3281,Bajaj Steel Inds,377.65,14.92,785.52,0.26,5.91,-56.89,125.27,-9.26,21.29,27.66,2.08,0.12,11.01,49.69,52.43,5.649143189
3282,P.E. Analytics,195,14.81,204.4,0,7.24,14.13,21.68,-4.95,21.3,14.81,8.46,0,13.87,0,9.46,5.649143189
3283,Tolins Tyres,98.63,10.8,389.12,0,10.49,-3.67,93.29,33.77,21.3,23.64,7.19,0.05,13.08,15.71,-61.47,5.649143189
3284,Medico Remedies,38.15,27.4,317.84,0,2.87,9.54,58.68,48.59,21.31,27.23,1.62,0.19,9.34,12.52,4.89,5.649143189
3285,Chandni Machines,79.2,32.99,55.75,0,1.85,4525,0,-100,21.4,29.44,0.63,0.08,7.28,0.78,6.21,5.649143189
3286,Bulkcorp Inter.,48.05,9.19,36.11,0,1.8,29.5,33.43,27.84,21.42,17.01,2.72,0.31,9.36,10.23,-14.66,5.649143189
3287,Ahm. Steelcraft,149,11.89,224.87,0,4.61,-18.98,61.9,-9.17,21.44,18,2.81,0,14.03,0,-76.72,5.649143189
3288,Energy-Mission,130.35,10.92,147.64,0,6.6,16.81,75.35,3.93,21.45,27.66,2.01,0.33,10.5,30.37,-6.54,5.649143189
3289,Frog Innovations,126.35,11.41,196.53,0,-1.02,-119.21,54.93,-31.13,21.46,48.02,3.18,0.08,12.08,12.66,-2.06,5.649143189
3290,PDP Shipping,61.8,6.59,18.38,0,0.92,300,12.71,30.76,21.49,21.18,9.79,0.05,12.89,0.95,0.23,5.649143189
3291,Alacrity Sec.,60.04,42.32,280.14,0,2.14,-69.43,112.5,-29.76,21.5,35.19,4.73,0.03,12.31,3.38,-40.06,5.649143189
3292,UVS Hospitality,79.76,17.23,304.15,0,6.21,22.73,36.41,21.77,21.57,16.6,0.78,0.02,20.17,3.51,26.36,5.649143189
3293,Menon Pistons,51.42,10.24,262.24,1.94,6.43,13.92,76.1,20.58,21.58,24.49,2.35,0.09,11.47,14.52,38.9,5.649143189
3294,Davin Sons Reta,30.5,13.54,20.17,0,0.56,-24.32,4.04,-35.67,21.62,22.14,6.84,0.02,11.74,0.34,-1.18,5.649143189
3295,Neptune Logitek,47,9.01,64.39,0,4.53,-13.88,125.45,3.16,21.62,21.18,1.11,2.18,7.35,53.29,11.69,5.649143189
3296,Shri Techtex,57,10.88,142.21,0,6.04,-20.94,36.99,-7.36,21.64,21.75,3.95,0.11,13.23,11.68,20.51,5.649143189
3297,Interiors & More,181,23.21,253.23,0.28,3.1,-25.48,22.31,24.29,21.67,26.9,2.41,0.71,13.81,50.23,-15.83,5.649143189
3298,Forcas Studio,100,15.25,175.8,0,5.81,99.66,83.68,50.53,21.69,22.14,2.69,0.49,10.98,34.12,-10.05,5.649143189
3299,Aluwind Infra,58.3,13.25,144.86,0,5.07,124.34,64.46,41.79,21.7,15.21,1.82,0.36,9.12,23.21,-18.32,5.649143189
3300,P. H. Capital,591.7,,177.52,0.04,-1.26,-160.87,1.55,-97.92,21.75,23.23,118.62,0.01,13.86,0.49,-7.83,5.649143189
3301,Taylormade Renew,100.15,26.88,124.17,0,3.7,89.74,15.06,-7.32,21.76,27.66,3.68,0.13,10.4,11.88,-15.73,5.649143189
3302,Utssav CZ Gold,205.95,11,490.53,0,29.42,198.07,475.41,67.09,21.8,19.58,1.97,0.88,13.06,148.53,-89.17,5.649143189
3303,TRF,230.45,14.47,250.34,0,5.74,-48.36,19.89,-14.67,21.81,27.66,2.43,1.44,6.11,122.27,93.56,5.649143189
3304,Bhatia Communic.,21.15,19.64,297.48,0.19,4.91,37.15,175.45,38.36,21.81,26.49,2.85,0.34,11.16,35.29,5.17,5.649143189
3305,Baheti Recycling,514.85,26.35,533.82,0,9.27,32.05,315.14,22.53,21.82,15.21,1.23,2.97,8.68,203.38,-22.7,5.649143189
3306,Atmastco Ltd,129.35,18.63,319.94,0,11.68,-18.95,121.34,-12.65,21.85,15.67,1.56,0.62,5.58,87.23,-33.29,5.649143189
3307,Sonal Adhesives,34.11,16.41,20.67,0,0.15,-50,29.02,9.97,21.86,15.36,1.02,1.59,4.68,15.43,6.9,5.649143189
3308,Royal Arc Ele.,150,15.78,166.5,0.33,4.31,37.26,52.84,15.52,21.86,31.45,4.37,0.07,13.88,5.53,4.15,5.649143189
3309,Sanghvi Brands,10.05,7.76,10.47,0,0.47,261.54,6.08,12.8,21.89,27.58,2.99,0,13.03,0.02,0.72,5.649143189
3310,Vilas Transcore,385.4,20.98,943.46,0,24.38,74.39,228.76,40.84,21.91,22.51,4.7,0.03,12.06,10.69,-35.46,5.649143189
3311,Mach Conferences,113.75,17.9,239.3,0.88,7.74,-9.26,94.81,-20.53,21.92,11.79,4.41,0.05,11.05,6.27,-8.87,5.649143189
3312,Sunrakshakk Inds,234.3,24.78,726.49,0,9.41,327.73,163.95,517.51,21.93,20.19,2.42,0.27,9.72,44.85,0.14,5.649143189
3313,Sunrise Efficie.,70.74,13.28,135.54,0,5.21,23.46,70.17,27.91,21.94,29.44,7.88,0.05,13.59,5.59,-9.55,5.649143189
3314,De Neers Tools,147,7.17,126.51,0,8.83,0.23,67.04,-3.48,21.94,18,3.03,0.77,11.87,62.93,19.57,5.649143189
3315,Share Samadhan,42,19.6,51.54,0,0.34,-61.9,3.8,-14.41,21.95,35.19,13.71,0.01,14.93,0.31,-1.65,5.649143189
3316,Fabtech Tech.,145.62,117.21,650.49,0,-5.68,-127.76,62.76,-39.84,21.98,49.83,1.54,0.22,9.11,42.12,-36.14,5.649143189
3317,Sealmatic India,346.25,23.56,376.03,0.26,6.5,0.62,53.63,22.08,21.99,22.51,4.73,0.04,13.39,4.54,-2.83,5.649143189
3318,Dhanalaxmi Roto,75.08,5.87,58.56,2,1.63,-34.54,55.28,-19.74,22.01,20.19,2.53,0.01,9.95,0.68,-6.56,5.649143189
3319,TSC India,33.7,9.07,47.34,0,3.43,26,15.7,30.83,22.03,39.76,1.87,0.63,8.57,26.42,-13.46,5.649143189
3320,Gujarat Intrux,450.9,14.2,154.89,5.54,3.75,38.38,20.45,24.32,22.05,24.33,9.8,0,14.9,0,6.14,5.649143189
3321,Premier Roadline,54,7.01,123.46,0,7.61,43.31,140.96,24.99,22.14,21.18,5.12,0.19,12.98,18.84,-16.33,5.649143189
3322,AccelerateBS Ind,166.55,38.95,57.26,0.6,0.87,569.23,3.37,4.01,22.18,20.51,5.22,0,12.27,0.02,0.8,5.649143189
3323,Valencia India,14.25,9.96,18.52,0,0.97,-21.14,3.88,-8.71,22.21,27.58,4.08,0.11,13.3,6,3.24,5.649143189
3324,Spunweb Nonwoven,85.3,11.37,205.6,0,10.74,212.21,137,33.2,22.25,20.19,1.76,0.9,7.46,98.92,2.95,5.649143189
3325,Secmark Consult.,106.26,54.23,108.99,0,-1.88,-18700,7.25,-9.38,22.26,20.51,1.82,0,13.04,0,9.84,5.649143189
3326,Jayant Infratech,54,5.53,55.81,0,4.54,59.86,54.62,-0.94,22.29,15.67,1.45,0.41,10.09,23.14,6.93,5.649143189
3327,Aztec Fluids,95,19.73,129.2,0.53,3.64,-18.2,42.47,11,22.3,23.6,1.19,0.19,10.95,10.28,1.2,5.649143189
3328,HVAX Technolog.,720,16.47,199.93,0,4.92,28.46,60.63,30.75,22.34,15.67,3.32,0.25,11.86,19.21,-21.94,5.649143189
3329,Classic Electrod,46.5,6.97,83.53,0,6.49,5.7,122.16,15.74,22.34,22.51,2.25,0.36,11.21,32.04,7.59,5.649143189
3330,Pudumjee Paper,71.25,7.33,679.45,0.84,20.71,5.77,203.75,5.19,22.35,19.86,3.51,0.02,12.18,11.85,82.37,5.649143189
3331,Jhandewala Foods,28.1,6.46,42.87,0,3.13,25.7,74.94,147.57,22.36,47.8,2.63,0.27,14.41,8.45,-38.82,5.649143189
3332,Veritaas Adver.,43.7,8.88,12.34,0,0.74,-9.76,7.2,4.2,22.37,26.99,1.38,0.61,9.1,7.66,-1.03,5.649143189
3333,Bansal Roofing,109.75,16.24,144.69,0.91,3.57,57.96,38.68,46.29,22.39,18,1.45,0.05,11.82,1.71,2.29,5.649143189
3334,Leo Dryfruits,48,6.64,85.88,0,4.76,217.33,53.46,198.99,22.39,20.78,2.31,0.48,9.61,32.93,-30.88,5.649143189
3335,Suntech Infra.,32.25,4.91,62.45,0,3.02,25.31,67.64,16.9,22.39,15.67,2.65,0.71,8.43,59.91,7.42,5.649143189
3336,Vision Corpn.,2.55,1.39,5.09,0,-0.16,-33.33,0.03,-99.22,22.4,113.04,1.33,0.18,15.4,1.44,-16.44,5.649143189
3337,H.M. Electro,42.39,7.86,58.07,0,2.37,-29.04,33.78,-25.59,22.41,15.67,2.89,0.09,9.68,5.82,-5.8,5.649143189
3338,Vasa Denticity,398.25,50.25,690.44,0,1.56,-60.9,71.47,13.75,22.42,33.84,8.79,0,13.98,0,-4.57,5.649143189
3339,Linc,102.87,16.32,613.7,1.46,7.46,-15.71,125.48,6.34,22.43,26.55,2.47,0.08,12.28,20.57,56.9,5.649143189
3340,Bodhi Tree,6.47,17.46,117.5,0,2.35,1.4,39.02,131.3,22.43,20.19,1.68,0.32,6.41,25.91,-14.2,5.649143189
3341,Pelatro,304.8,22.97,323,0.33,3.79,62.46,38.38,69.15,22.43,22.97,3.09,0.43,12.4,42.09,20.2,5.649143189
3342,Sh. Jagdamba Pol,583,11.21,510.59,0.13,8.41,-38.48,64.36,-43.91,22.49,17.01,5.93,0.03,14.04,10.75,-18.89,5.649143189
3343,Ameya Precision,100.45,14.11,75.33,0,2.88,43.28,20.23,6.98,22.55,22.51,3.83,0,14.04,0,5.98,5.649143189
3344,Mardia Samyoung,102.4,673.51,693.72,0,1.29,2680,12.35,,22.59,95.23,5.09,0,19.54,0.01,-2.53,5.649143189
3345,Oval Projects,45.92,7.87,95.37,0,6.77,74.94,61.54,95.68,22.59,15.67,2.16,0.46,7.43,47.29,-15.75,5.649143189
3346,Prime Securities,281.55,35.19,955.32,0.53,2.1,-74.39,30.19,42.54,22.62,35.19,15.4,0.01,17.36,1.66,27.86,5.649143189
3347,Gujarat Peanut,84,13.99,86.2,0,3.18,-14.05,176.83,-11.47,22.64,20.78,1.45,0.84,6.69,39.05,6.99,5.649143189
3348,Sumuka Agro,197.6,45.45,140.44,0,0.77,8.45,21.17,24.31,22.66,47.8,2.55,0.21,9.5,3.68,-11.74,5.649143189
3349,Press. Senstive,1.14,,16.91,0,-0.01,-100.81,0,-100,22.67,20.19,2.69,0.01,12.63,0.13,-5.7,5.649143189
3350,Boss Packaging,42,10.49,18.68,0,0.85,39.34,9.99,85,22.69,27.66,5.4,0.01,12.8,0.17,-3.22,5.649143189
3351,Telogica,9.46,65.05,61.8,0,0.14,-12.5,9.72,138.82,22.73,48.02,1.74,0.15,4.87,2.07,-10.85,5.649143189
3352,Gabion Technol.,48.45,9.9,65.77,0,4.28,,54.11,,22.73,27.66,1.26,2.12,8.44,46.71,-3.63,5.649143189
3353,Sanrhea Tech.,148.85,17.11,84.7,1.01,1.55,63.16,23.02,18.23,22.79,20.19,2.51,0.4,11.63,12,-1.43,5.649143189
3354,Karnika Industri,113.85,28.21,705.84,0.09,6.29,346.1,60.42,301.73,22.82,22.14,1.63,0.78,12.19,65.79,4.14,5.649143189
3355,Artificial Elect,115.9,12.66,320.69,0,14.45,652.6,64.3,271.89,22.89,38.05,1.77,0,10.06,0.01,0.77,5.649143189
3356,High Energy Bat.,520.35,26.23,466.43,0.58,5,646.27,23.45,85.23,22.95,27.54,2.81,0.22,13.77,21.41,3.9,5.649143189
3357,Kundan Edifice,77.25,9.05,79.35,0,4.51,25.28,54.63,14.07,22.95,35.15,1.54,0.72,11.33,32.36,5.18,5.649143189
3358,Faalcon Concepts,33.71,8.56,23.03,0,1.27,1.6,14.1,9.05,22.97,27.66,2.35,0.12,9.41,5.38,-7.38,5.649143189
3359,RR Metalmakers,25.95,,23.38,0,-3.81,-686.15,12.89,17.4,23.02,22.34,1.31,1.48,3.49,15.18,10.67,5.649143189
3360,Vaishno Cement,3.7,,3.31,0,-0.03,-50,0,,23.08,27.04,3.5,,5.65,1.9,-0.01,5.649143189
3361,Rudra Gas,67,8.03,55.86,0,2.86,9.58,50.01,26.38,23.2,15.67,1.68,0.84,10.13,30.08,-4.58,5.649143189
3362,Chetana Educa.,34.45,5.47,70.28,0,9.41,-6.92,58.56,0.79,23.26,13.14,8.1,0.06,12.58,4.87,-10.61,5.649143189
3363,Malpani Pipes,61.54,7.55,66.32,0,3.88,22.78,69.56,20.49,23.27,21.75,1.91,0.59,9.31,29.73,-13.96,5.649143189
3364,Globe Civil,43.07,10.79,256.91,0,6.52,,101.43,,23.28,15.67,1.92,0.63,7.04,142.42,-10.77,5.649143189
3365,Cochin Minerals,220.3,11.72,172.49,3.63,2.98,-40.64,61.62,-4.54,23.32,25.33,5.49,0.01,9.32,2.45,0.97,5.649143189
3366,Delta Auto.,35.5,5.81,54.27,0,3.46,20.98,42.13,36.61,23.37,28.3,9.98,0.05,14.25,3.87,-12.68,5.649143189
3367,Jinkushal Indus.,51.58,67.09,196.56,0,-9.87,-171.11,43.93,-75.98,23.38,67.09,2.56,0.37,13.26,70.05,-11.25,5.649143189
3368,OBSC Perfection,293.25,35.85,717.06,0,10.51,44.57,88.64,31.05,23.41,24.49,2.09,0.37,13.65,41.95,8.85,5.649143189
3369,Identical Brains,18,8.65,25.25,0,1.37,-43.15,9.51,-16.51,23.43,35.34,4.43,0,14.1,0.13,-7.76,5.649143189
3370,IIRM Holdings,86,29.26,586.04,0,4.71,53.92,60.87,20.97,23.48,34.92,2.6,0.32,13.16,47,6.1,5.649143189
3371,Indian Emuls,73.15,8.08,134.11,0,10.27,47.13,76.98,49.48,23.57,25.33,2.69,0.35,14.67,32.35,-16.55,5.649143189
3372,U P Hotels,1479,26.53,798.66,0,16.6,-2.58,56.77,2.81,23.58,27.58,3.3,0,14.96,0.27,36.38,5.649143189
3373,Lotus Chocolate,663.75,142.28,852.26,0,0.14,-96.24,133.63,-8.9,23.6,47.8,1.15,3.08,10.03,197.02,-129.6,5.649143189
3374,Alufluoride,421.05,13.89,329.28,0.71,9.44,51.28,58.59,23.09,23.62,15.36,4.83,0.29,14.17,32.29,12.2,5.649143189
3375,Sattrix Infor.,403.5,80.9,457.91,0,2.01,402.5,28.06,26.45,23.63,22.28,1.95,0.09,10.38,3.57,-7.46,5.649143189
3376,Cargotrans Marit,152,15.63,71.14,0.33,2.58,76.71,51.03,18.67,23.64,21.18,1.96,0.67,11.76,17.18,2.33,5.649143189
3377,Forge Auto,78,8.07,85.18,0,5.05,25.31,107.44,1.23,23.64,24.49,1.42,0.57,8.54,36.13,-7.17,5.649143189
3378,Naapbooks,89.5,14.76,96.54,0,3.29,165.32,9.73,157.41,23.65,20.51,2.83,0.03,14.41,1.23,-9.19,5.649143189
3379,Accent Microcell,358.4,24.8,859.76,0.28,18.07,9.71,139.37,10.58,23.66,27.23,4.46,0,15.26,1.15,24.67,5.649143189
3380,DRS Dilip Road,112.5,27.11,169.45,0,4.76,5.31,97.4,2.47,23.68,21.18,0.84,0.13,7.96,4.88,22.49,5.649143189
3381,Arham Tech,124.5,19.99,210.65,0,5.9,123.48,45.63,40.66,23.69,35.15,1.6,0.96,12.33,35.72,2.08,5.649143189
3382,Indobell Insul.,63.99,18,40.31,3.13,0.48,14.29,7,26.35,23.71,22.51,9.86,0.04,10.72,0.6,-4.32,5.649143189
3383,Jyoti Global,36,10.75,71.36,0,3.5,20.69,50.66,10.78,23.71,17.01,1.18,0.45,11.19,22.77,8.05,5.649143189
3384,Narmadesh Brass,163,8.91,50.55,0,4.01,,34.18,,23.72,22.51,1.18,1.74,10.67,25.5,1.13,5.649143189
3385,Bemco Hydraulics,75.82,22.51,331.59,0.13,3.99,20.91,25.43,16.07,23.73,27.66,1.4,0.21,9.71,16.01,13.34,5.649143189
3386,Paradeep Pari.,153,6.88,243.55,0,16.41,216.8,178.3,29.66,23.73,21.18,3.07,0.38,12.71,53.87,4.17,5.649143189
3387,Mother Nutri,144.1,27.92,180.63,0,,,,,23.74,20.78,1.46,0.92,10.91,22.82,-3.09,5.649143189
3388,Inspirisys Sol.,76.54,7.39,302.31,0,18.62,60.17,129.8,63.25,23.75,22.28,1.7,1.28,11.25,86.74,38.7,5.649143189
3389,Zeal Global Serv,63.15,8.4,84.06,0,4.62,-49.73,171.33,0.56,23.8,21.18,0.86,0.29,11.23,25.2,14.47,5.649143189
3390,Premium Plast,33.95,8.34,64.84,0,3.93,50.57,38.5,65.45,23.81,24.49,2.08,0.17,11.3,9.88,-1.35,5.649143189
3391,NAPS Global,37.8,6.29,16.74,0,1.27,122.81,67.69,135.77,23.81,20.19,1.79,0.2,8.98,3.63,-8.54,5.649143189
3392,Prithvi Exchange,108,28.11,89.1,1.85,0.7,0,912.55,27.38,23.84,35.19,1.96,0.05,12.63,2.52,-1.22,5.649143189
3393,Srivasavi Adhes.,44.45,11.46,63.01,0,3.01,-30.16,52.58,30.96,23.84,22.51,1.91,0.21,12.46,9.32,1.82,5.649143189
3394,D.K. Enterprises,69.95,8.87,52.52,0,3.27,7.92,90.56,5.54,23.9,17.01,1.52,0.25,10.33,7.46,5.64,5.649143189
3395,Parmeshwar Metal,122.5,11.92,187.5,0.61,9.04,111.48,845.24,33.94,23.91,15.21,3.26,0.21,13.98,16.31,-4.17,5.649143189
3396,Piotex Indus.,44.26,12.48,22.58,0,0.08,-95.09,66.69,1.43,23.93,20.19,3.61,0.07,9.85,1.81,-7.89,5.649143189
3397,Guj. Toolroom,0.53,4.1,73.8,0,7.1,407.14,0,-100,23.96,21.75,1.45,0.2,6.77,66.49,-257.05,5.649143189
3398,Baroda Extrusion,8.14,26.15,158.23,0,2.12,140.91,44.31,-0.36,23.98,15.21,1.68,0.28,8.43,5.44,17.4,5.649143189
3399,Intl. Travel Hse,296.05,9.39,236.68,1.86,-0.02,-19.7,58.22,-0.09,24.07,39.76,2.84,0.01,12.4,1.52,37.61,5.649143189
3400,Silkflex Polymer,112,13.8,130,0,4.06,117.11,33.54,5.37,24.08,25.33,1.59,1.41,11.57,55.23,-30.23,5.649143189
3401,Ashwini Contain.,144,14.08,216.01,0,9.91,81.5,54.91,20.36,24.08,11.35,1.65,2.46,12.12,74.9,19.92,5.649143189
3402,Nilachal Carbo,78.88,12.48,196.63,0,7.66,29.39,104.78,5.86,24.09,15.27,2.14,0.3,11.79,23.55,2.71,5.649143189
3403,Simplex Castings,485.15,20.2,377.17,0,4.76,-24.32,47.53,-0.81,24.1,22.51,1.75,0.81,9.19,66.02,9.14,5.649143189
3404,Travels & Rent.,17.3,12.15,36.95,0,1.56,-10.34,4.65,-10.23,24.13,39.76,5.47,0.64,8.33,18.99,-21.47,5.649143189
3405,Automotive Stamp,416.55,32.24,658.36,0,7.47,139.5,250.13,26.23,24.15,24.49,0.79,7.18,5.48,113.21,-6.72,5.649143189
3406,Suba Hotels,119.8,17.01,290.43,0,5.24,57.83,43.79,48.84,24.15,27.58,0.96,1.07,13.58,56.94,3.94,5.649143189
3407,Nila Spaces,12.49,20.72,498.99,0,8.18,114.4,52.2,58.09,24.16,25.29,2.36,0.63,5.13,96.06,-40.47,5.649143189
3408,Cellecor Gadgets,24.1,14.85,531.84,0,19.53,33.58,641.49,50.69,24.21,35.15,1.99,0.8,11.85,147.52,-33.62,5.649143189
3409,Takyon Networks,27.64,6.2,39.58,0,3.26,,42.09,,24.21,22.28,3.08,0.13,8.96,7.02,7.9,5.649143189
3410,Padam Cotton,2.22,5.5,48.72,5.86,2.33,-54.31,18.18,1537.84,24.23,20.19,1.21,0.02,12.75,0.43,-3.88,5.649143189
3411,James Warren Tea,289.45,4.97,107.1,0,-1.44,67.93,34.82,-32.47,24.27,19.61,9.21,0,20.17,0,24.79,5.649143189
3412,Rappid Valves,260.75,19.29,135.38,0,3.38,41.42,28.82,46.89,24.31,22.51,2.89,0.28,13.39,13.49,-12.82,5.649143189
3413,Pranik Logistics,48.35,7.57,53.23,0,1.19,-25.16,36.08,28.03,24.32,21.18,1.87,0.94,13.14,39.37,-11.95,5.649143189
3414,Jasch Gauging,484.85,13.87,219.73,2.06,3.33,-7.5,13.79,7.15,24.34,27.66,6.9,0,15.47,0.02,6.04,5.649143189
3415,Shyam Dhani Ind.,60.55,15.5,125.07,0,4.2,,63.78,,24.36,20.78,1.26,1.73,11.93,48.18,-6.16,5.649143189
3416,Agarwal Toughene,92,7.56,162.61,0,12.26,170.04,45.88,105.83,24.38,32.51,5.3,0.2,16.49,21.2,14.7,5.649143189
3417,Shri Ahimsa,240.2,20.78,562.81,0,14.83,52.73,60.52,48.62,24.38,20.78,16.41,0,14.94,0,43.36,5.649143189
3418,Integra Engg.,134.6,28.71,463.36,0,3.46,-43.37,42.21,-9.75,24.45,27.66,1.9,0.32,13.08,33.64,27.03,5.649143189
3419,Beacon Trust.,76.15,22.66,137.56,0,4.52,7.62,18.22,37.61,24.45,44.7,3.38,0,14.63,0,4.09,5.649143189
3420,Kriti Nutrients,63.52,9.74,317.61,0.47,9.21,11.64,224.31,29.72,24.46,21.81,5.31,0.03,16.24,5.91,31.96,5.649143189
3421,Patil Automation,138,22.97,301.13,0,7.53,23.04,71.06,21.78,24.47,27.66,3.07,0.14,10.78,17.53,0.63,5.649143189
3422,Shelter Pharma,31.55,6.39,52.41,1.11,4.5,27.12,33.29,38.36,24.48,27.23,7.96,0.02,16.79,1.22,5.48,5.649143189
3423,Jay Ambe Super.,204.3,60.68,181.42,0,1.51,18.9,30.56,67.64,24.49,38.49,2.89,0.28,11.27,8.75,-3.05,5.649143189
3424,Essex Marine,26,6.23,39.68,0,3.41,227.88,32.7,158.7,24.53,18.74,6.22,0.41,10.34,15.66,-4.88,5.649143189
3425,DSM Fresh,102.7,16.55,228.89,0,7.03,196.72,95.85,43.23,24.53,10.58,2.42,0.81,13.5,45.5,-16.68,5.649143189
3426,Shrydus Indust.,2.97,,9.51,0,0.06,-99.19,0.2,-99.43,24.54,16.6,1017.5,0,24.5,0.02,-25.48,5.649143189
3427,Artson,149.3,,551.22,0,-12.22,-291.54,31.96,79.45,24.57,27.66,1.01,18.53,2.13,48.56,20.44,5.649143189
3428,Sugal & Damani,56.89,6.92,35.56,0,0.16,-73.77,2.15,-64.81,24.57,16.6,4.24,0.02,15.79,0.51,14.41,5.649143189
3429,Nitta Gelatin,810.8,9.1,736.2,0.74,25.59,30.41,149.72,11.2,24.65,25.33,4.97,0.05,16.04,21.27,75.43,5.649143189
3430,Valplast Technol,40,12.85,78.51,0,3.38,,34.85,,24.66,15.67,1.57,0.7,9.23,23.69,0.99,5.649143189
3431,Freshara Agro,182.9,13.3,429.8,0,14.91,31.02,134.38,29.64,24.76,20.78,1.98,0.65,13.71,93.32,-0.12,5.649143189
3432,Rapid Fleet,175.05,17.61,130.15,0,4.12,-41.23,75.07,-11.71,24.8,21.18,2.59,0.24,10.79,17.57,0.92,5.649143189
3433,Anlon Healthcare,121.11,22.86,643.83,0,5.15,306.83,35.58,280.13,24.83,27.23,4.65,0.27,13.27,57.83,-22.55,5.649143189
3434,Dharni Capital,62.1,29.35,126.5,0,2.31,24.86,4.46,52.74,24.96,43.23,7.42,0.04,17.91,0.87,0.3,5.649143189
3435,Forbes Precision,117.25,22.56,604.94,4.26,5.59,-24.87,64.37,12.12,24.96,27.66,1.87,0.13,12.65,19.51,51.32,5.649143189
3436,Promact Plastics,10.35,,6.74,0,-0.21,-240,0.01,-97.06,25,17.01,0.57,,1.83,4.13,0.48,5.649143189
3437,Magna Electrocas,900.2,18.46,380.97,0.67,3.75,-22.84,47.98,11.22,25.07,24.33,2.41,0.09,14.8,12.55,39.6,5.649143189
3438,Systematix Corp.,60.04,28.34,817.16,0.17,0.69,-96.93,33.6,-20.51,25.09,17.17,3.57,0.06,12.54,20.3,-20.13,5.649143189
3439,DMR Engineering,38,13.62,39.49,0.13,2.13,123.46,7.55,68.15,25.1,34.92,3.98,0.09,15.7,1.18,-0.26,5.649143189
3440,Addictive Learn,74.75,13.64,118.93,0,4.82,-17.75,41.41,1.3,25.13,18.7,0.77,0,11.21,0,16.39,5.649143189
3441,Exato Technologies,368.6,33.13,371.01,0,4.36,77.24,34.74,18.53,25.14,22.28,1.76,0.74,12.34,31.7,13.55,5.649143189
3442,Denta Water,241.6,9.87,646.01,1.03,14.26,-4.68,53.52,4.23,25.17,16.27,14.02,0.03,16.27,13.54,-71.91,5.649143189
3443,Astron,16.99,6.32,14.61,0,,,,,25.21,47.8,1.51,0.41,11.69,4.28,0.85,5.649143189
3444,Ganesh Green,254.75,12.63,631.8,0,32.91,151.57,341.1,147.48,25.22,24.22,1.92,0.15,12.44,34.56,-28.72,5.649143189
3445,Swastika Castal,54,12.45,44.08,0,1.32,238.46,16.54,27.43,25.22,24.33,2.02,0.3,9.55,7.33,1.87,5.649143189
3446,Prevest Denpro,379,22.08,454.91,0.26,5.15,15.47,18.37,23.04,25.25,33.84,14.77,0,17.54,0,14.98,5.649143189
3447,Mahendra Realtor,39.75,7.54,87.86,0,2.52,-55.63,40.22,-10.88,25.27,15.67,2.88,0.11,12.86,11.66,-5.63,5.649143189
3448,Deepak Builders,73.08,9.39,341.12,1.37,5.17,-68.2,166.38,27.45,25.28,15.67,2.52,0.35,8.16,151.6,-131.25,5.649143189
3449,Agarwal Fortune,18.9,43.27,6.49,0,0.01,-75,0.77,75,25.31,32.51,,2.82,11.95,2,0.14,5.649143189
3450,Arunaya Organics,16.9,7.64,29.64,0,1.93,-14.98,54.35,94.73,25.34,15.84,2.11,0.38,7.95,18.11,0.94,5.649143189
3451,Geekay Wires,20.96,7.13,219.07,1.55,7.82,-18.71,115.27,1.74,25.36,18,1.95,0.81,13.9,133.23,31.14,5.649143189
3452,GP Eco Solutions,324.4,23.88,383.79,0,9.8,112.68,121.47,45.8,25.36,24.22,1.22,0.9,9.25,72.43,22.33,5.649143189
3453,Voler Car,235.5,71.51,262.43,0,0.64,-18.99,12.65,28.82,25.38,11.35,7.45,0,15.94,0,1.28,5.649143189
3454,Brady & Morris,778,35.94,175.05,0,2.19,3.3,22.81,16.2,25.4,30.08,3.35,0.12,13.13,5.85,-0.97,5.649143189
3455,Naturewings Hol.,87.9,19.55,31.28,1.71,1.24,72.22,17.74,42.26,25.4,39.76,1.43,0,11.28,0.02,-0.84,5.649143189
3456,Sudal Industries,55.94,25.86,46.81,0,-2.57,-6325,45.39,12.13,25.5,16.26,1.13,0.73,10.02,18.93,9.59,5.649143189
3457,DC Infotech,282.5,24.06,463.47,0,6.48,60.4,195.78,45.9,25.52,23.6,1.45,0.73,6.39,64.32,-3.8,5.649143189
3458,Lakshya Powertec,99.5,6.57,100.33,0,6.86,-7.42,88.7,32.98,25.52,15.67,2.05,0.57,13.54,57.68,-39.25,5.649143189
3459,KPT Industries,400.2,10.77,136.07,0.75,2.57,3.15,41.04,1.61,25.53,27.66,2.22,0.21,11.89,15.33,21.23,5.649143189
3460,Vdeal System,159,19.34,77.75,0,1.28,2.4,16.76,81.58,25.55,24.22,2.22,0.38,10.47,10.29,-13.73,5.649143189
3461,Upsurge Invest.,64.8,13.3,130.06,0.77,0.85,-51.7,8.99,-49.21,25.58,16.6,271.38,0.23,19.53,26.04,-25.79,5.649143189
3462,Innovana Think.,353.3,15.61,727.63,0,8.97,-18.22,34.89,20.64,25.6,20.51,2.89,0.19,17.61,50.35,34.89,5.649143189
3463,Pratham EPC,117.2,20.58,213.45,0,5.14,-39.81,67.97,9.7,25.63,15.67,2.76,0.42,14.52,37.7,-9.15,5.649143189
3464,Revathi Equip,563.55,19.47,173.86,0,-1.4,-800,32.23,-23.81,25.71,27.66,1.74,0.42,8.49,52.99,27.89,5.649143189
3465,Pee Cee Cosma,295.8,9.62,78.39,1.01,3.05,3.74,42.02,22.47,25.73,27.54,3.24,0.09,16.32,4.56,7.31,5.649143189
3466,Creative Graphic,145,14.78,352.15,0,12.21,33.44,175.89,55.59,25.73,22.51,1.59,0.65,12.46,77.32,-22.24,5.649143189
3467,Tatia Global,2.35,6.04,35.63,0,5.56,-27.7,5.64,-27.69,25.76,25.29,116.44,0,24.02,0,5,5.649143189
3468,Radhika Jeweltec,57.75,8.7,681.69,0,30.64,34.8,213.59,3.65,25.78,19.58,8.3,0.13,17.25,42.84,16.57,5.649143189
3469,Keltech Energies,3095.25,11.42,309.53,0.05,5.81,1.04,128.17,9.15,25.85,23.75,1.19,0.32,9.77,45.05,-17.57,5.649143189
3470,Mahamaya Lifesc.,139.25,23.2,325.91,0,8.37,15.45,163.39,11.69,25.87,21.41,1.18,1.18,8.61,68.31,0.52,5.649143189
3471,Mittal Sections,27.36,9.42,31.65,0,2.34,-2.9,70.25,2.6,25.95,18,1.63,2.2,9.67,27.47,0.15,5.649143189
3472,Eleganz Interior,66.2,11.11,149.61,0,2.3,-75.87,111.01,-42.21,26.02,19.48,2.17,0.28,10.33,44.02,4.03,5.649143189
3473,M P K Steels,124.3,25.31,126.55,0,1.66,-34.9,92.53,-14.15,26.06,18,1.85,0.74,9.9,19.26,-13.99,5.649143189
3474,Nexxus Petro,81.75,8.38,56.82,0,2.03,52.63,141.18,62.07,26.11,14.12,1.91,0.56,12.24,19.29,-7.76,5.649143189
3475,Sheetal Univer.,233,28.04,266.92,0.21,1.53,15.04,48.08,-18.54,26.15,25.04,1.75,0.56,15.16,25.29,15.75,5.649143189
3476,C2C Advanced,352.75,13.99,598.56,0,23.66,143.17,66.1,52.94,26.17,52.79,3.98,0.22,16.56,48,-115.24,5.649143189
3477,Purple United,292.55,22.99,281.14,0,5.05,53.5,60.73,99.11,26.21,22.14,1.72,0.85,11.62,55.94,-31.03,5.649143189
3478,Nacdac Infra.,24.01,4.68,25.27,0,2.07,155.56,23.8,222.06,26.22,15.67,1.52,0.31,12.06,8.23,-5.64,5.649143189
3479,AVP Infracon,92.05,5.28,229.93,0,23.17,81.58,193.11,101.39,26.24,15.67,1.37,1.14,12.64,181.38,-9.41,5.649143189
3480,Radiant Cash,35.76,9.64,378.89,6.99,10.05,-17.96,102.73,-2.74,26.25,19.48,2.29,0.47,12.93,124.38,53.9,5.649143189
3481,Bai-Kakaji Poly.,185,21.56,395.98,0,,,,,26.38,30.23,0.68,2.03,12.18,109.27,11.73,5.649143189
3482,CapitalNumbers,84.09,7.63,205.41,1.19,14.8,8.11,52.67,4.94,26.47,20.51,30.53,0,18.93,0,19.23,5.649143189
3483,Chembond Chemic.,127.99,10.44,334.75,0.59,9.71,-2.31,86.35,15.32,26.47,25.33,6.12,0,15.42,0,9.73,5.649143189
3484,Brijlaxmi Leas.,10.25,1.58,6.62,0,0.07,111.48,0.65,27.45,26.53,16.6,0.91,3.01,7.63,19.56,12.46,5.649143189
3485,Krupalu Metals,28.15,35.93,16.53,0,-0.28,-119.86,19.49,-38.61,26.54,15.21,2.46,0.28,10.89,4.96,2.24,5.649143189
3486,Univastu India,62.92,14.54,226.43,0,6.03,81.85,56.16,33.75,26.56,15.67,1.51,0.48,9.51,41.57,-4.78,5.649143189
3487,Neochem Bio,71.5,16.45,122.41,0,,,,,26.64,25.33,1.2,1.8,10.49,35.63,2.2,5.649143189
3488,Aakaar Medical,53.55,12.57,75.9,0,-0.78,,25.32,,26.66,41.57,2.26,0.36,13.71,17.12,-5.41,5.649143189
3489,Trident Techlabs,186.95,16.64,323.06,0.53,11.38,228.9,63.5,201.38,26.67,20.51,3.82,0.26,12.09,17.56,15.75,5.649143189
3490,Tiger Logistics,25.09,10.35,266.01,0,5.94,-29.45,139.02,-13.37,26.69,21.18,1.88,0.32,15.92,49.19,-18.86,5.649143189
3491,Ajanta Soya,20.67,11.4,166.35,0,2.52,-74.36,311.75,-14.71,26.76,21.81,2.27,0.02,11.04,2.92,16.38,5.649143189
3492,Prabhhans Inds,32.92,11.24,20.57,0,0.44,-22.81,21.85,7.9,26.8,20.19,1.31,0.96,7.82,10.17,-0.79,5.649143189
3493,Prakash Pipes,189.33,11.17,447.74,1.27,10.11,-56.25,181.15,-5.9,26.83,21.75,4.44,0.03,15.49,12.68,73.32,5.649143189
3494,Quest Laborato.,108.05,12.57,177.06,0,4.03,416.67,30.61,106.27,26.87,27.23,2.75,0.36,14.9,32.78,-23.33,5.649143189
3495,Banganga Paper,56.51,479.79,906.81,0,0.07,-90.79,19.69,-4.97,26.95,19.48,1.26,0.48,9.51,7.88,-2.36,5.649143189
3496,Vruddhi Engineer,198.7,23.21,50.14,0,1.06,171.79,13.4,-3.11,27,27.66,1.98,0.44,10.74,4.1,-3.53,5.649143189
3497,Harshdeep Horti.,79.2,11.4,127.46,0,5.7,34.75,32.64,31.51,27.06,25.04,3.6,0.04,19.79,2.12,5.77,5.649143189
3498,Macpower CNC,849.8,25.86,850.16,0.18,9.79,119.02,86.15,42.63,27.07,27.66,2.04,0.01,13.06,1.3,6.98,5.649143189
3499,Intl. Conveyors,69.74,5.76,445.84,1.08,29.68,48.4,35.34,35.45,27.09,27.66,3.52,0.3,17.67,118.35,14.92,5.649143189
3500,Jenburkt Pharma,1007.25,13.71,444.53,1.79,5.93,-8.91,43.02,16.62,27.18,27.23,2.17,0.01,17.51,1.71,27.91,5.649143189
3501,Aaradhya Dis.,108,11.94,152.69,0,6.21,68.75,60.27,22.48,27.19,19.86,2.55,0.51,13.3,39.66,5.48,5.649143189
3502,GPT Healthcare,120.65,24.36,987.43,2.07,9.37,-23.51,120.16,17.56,27.23,43.1,1.03,0.38,13.61,97.15,67.4,5.649143189
3503,Shivashrit Foods,118.05,16.17,215.66,0,7.51,21.52,61.18,20.46,27.31,20.78,2.37,0.69,12.71,65.9,-8.34,5.649143189
3504,V.L.Infraproject,23.1,4.85,36.29,0,4.02,13.24,62.83,20.06,27.34,15.67,2.03,0.7,9.88,32.11,-15.39,5.649143189
3505,Safecure Service,32.84,4.59,32.97,0,3.44,42.74,33.53,18.1,27.38,11.79,1.46,0.79,13.64,19.49,-0.3,5.649143189
3506,Pulz Electronics,25.5,14.11,55.61,0,1.78,-62.92,14.29,-31.92,27.44,35.15,7.19,0.01,15.52,0.33,2.96,5.649143189
3507,Ambar Protein,161.5,13.19,92.86,0,1.81,-35.82,124.92,11.72,27.5,21.81,1.53,0.61,14.63,22.86,2.17,5.649143189
3508,Supreme Power,164.9,19.54,412.1,0,3.38,6.62,37.78,37.28,27.5,24.22,1.49,0.28,13.98,30.23,37.02,5.649143189
3509,Gandhi Spl. Tube,803.2,13.59,976.35,1.87,19.7,35.82,48.44,21.8,27.53,18,6.16,0,19.43,0.11,47.05,5.649143189
3510,SKP Securities,89.95,6.38,61.24,2.22,2.66,59.28,10.37,16.52,27.55,17.17,2.12,0.35,12.46,19.53,-7.21,5.649143189
3511,TGIF Agribusines,82.25,11.63,21.28,0,1.06,9.28,1.73,-7.49,27.56,25.04,42.89,0,24.84,0,1.29,5.649143189
3512,Amwill Health,32.99,8.17,65.99,0,3.87,-40.64,21.21,-8.42,27.56,27.23,7.32,0,23.72,0,5.56,5.649143189
3513,Ganga Bath Fitt.,22.4,32.51,49.74,0,0.39,-84.4,16.72,2.26,27.58,56.29,2.65,0.16,12.51,8.6,-1.24,5.649143189
3514,Teerth Gopicon,34.85,,41.82,0,-19.13,-300.95,0.84,-98.76,27.59,15.67,3.98,0.96,8.32,54.53,-39.07,5.649143189
3515,Likhitha Infra.,141.74,10.64,558.36,0,9.43,-45.43,111.4,-11.79,27.61,15.67,8.26,0,17.94,0.54,1.39,5.649143189
3516,Srivari Spices &,132,9.47,113.13,0.38,7.13,45.21,76.17,44.15,27.9,20.78,2.68,0.51,14.2,33.35,-2.76,5.649143189
3517,KVS Castings,51,12.45,95.64,0,3.69,42.47,23.91,3.19,27.96,24.33,2.16,0.53,16.76,26.32,10.53,5.649143189
3518,Munish Forge,56.4,9.4,135.76,0,7.12,,82.53,,27.96,24.33,1.36,0.86,12.75,63.64,5.13,5.649143189
3519,Advance Agrolife,97.32,21.34,624.54,0,3.01,8.27,132.64,17.2,28,21.41,1.34,0.47,8.39,85.33,5.71,5.649143189
3520,Manoj Jewellers,42,4.63,37.74,0,5.65,150,69.14,179.02,28.01,19.58,5.02,0.13,15.5,4.44,-4.42,5.649143189
3521,Danlaw Tech.,510.05,12.44,248.43,0,4.48,1.59,61.57,12.58,28.03,27.66,2.44,0.37,13.19,31.58,10.12,5.649143189
3522,Modern Steels,12.3,3.43,16.93,0,0.1,600,0,,28.07,18,4.97,0.01,27.15,0.21,3.63,5.649143189
3523,Franklin Indust.,0.37,,28.54,0,-7.76,-335.87,0.52,-98.27,28.09,29.44,15.87,0,22.85,0.25,-38.76,5.649143189
3524,Z-Tech (India),508.65,29.16,735.42,0,7.62,32.29,41.99,73.94,28.12,18.91,6.12,0.02,15.67,4.38,-91.37,5.649143189
3525,Urban Enviro,123.35,9.11,106.82,0,9.09,19.13,86.66,20.46,28.13,18.91,1.91,0.71,13.12,29.21,10.49,5.649143189
3526,Ken Enter.,38,7.32,93.35,0,5.55,,272.84,,28.13,20.19,1.47,0.37,4.58,43.66,-10.93,5.649143189
3527,Nicco Parks,63.12,40.41,295.4,1.9,0.92,-81.07,13.2,-30.2,28.15,40.16,3.08,0,16.87,0,16,5.649143189
3528,GB Logistics,38.35,2.35,31.43,0,7.1,180.63,68.12,33.99,28.2,21.18,1.48,0.57,8.37,32.84,-10.77,5.649143189
3529,Challani Capital,21.4,21.12,32.1,0,0.08,-79.49,0.31,-3.12,28.22,16.6,38,0.05,25.53,0.42,0.85,5.649143189
3530,Loyal Equipments,171.4,23.5,184.94,0.58,1.6,-39.16,23.55,25.87,28.26,27.66,2.72,0.11,16.48,5.95,3.12,5.649143189
3531,Contil India,25.74,17.47,39.83,0,0.84,16.67,8.73,17.5,28.34,29.44,4.17,0,17.18,0,-0.32,5.649143189
3532,Rexpro Enter.,42.25,7.88,47.35,0,1.86,-51.81,45.04,-1.92,28.34,26.9,2.78,0.13,12.12,8.02,-2.97,5.649143189
3533,M K Exim India,52.18,12.17,210.64,0,4.64,-16.7,26.22,9.3,28.36,13.57,42.7,0.02,19.52,1.93,4.91,5.649143189
3534,Shining Tools,48.1,15.12,27.22,0,,,,,28.36,27.66,1.66,1.02,10.07,8.18,1.17,5.649143189
3535,Hindustan Hardy,756.5,12.41,113.47,0.37,1.58,29.51,27.1,36.18,28.37,24.49,1.81,0.21,13.35,7.18,1.64,5.649143189
3536,GTV Engineering,65.28,19.86,305.89,0.2,5.51,30.26,28.55,18.27,28.49,27.66,1.99,0.1,15.56,5.42,2.35,5.649143189
3537,Saraswati Saree,56.23,8.25,223.5,4.04,3.21,-59.26,144.47,-20.68,28.58,22.14,1.96,0.05,12.33,9.43,2.46,5.649143189
3538,Sampat Aluminium,46.43,4.93,39.38,0,4.73,29.95,81.14,30.35,28.6,15.21,2.84,0.33,11.4,19.14,-2.99,5.649143189
3539,Sattva Eng.,46.9,7.08,81.93,0,4.5,138.1,50.65,105.23,28.63,16.27,2.09,0.33,8.87,26.25,-5.63,5.649143189
3540,Vinsys IT Serv.,295,15.5,433,0,8.85,-19.2,120.01,30.28,28.71,23.6,2.58,0.32,18.88,44.82,13.03,5.649143189
3541,Systango Tech,253.95,11.52,372.51,0,18.3,88.66,45.49,58.06,28.74,20.51,7.13,0,21.29,0.03,12.38,5.649143189
3542,G M Polyplast,65.05,11.96,87.55,0,3.5,-3.31,44.57,3.99,28.81,21.75,3.69,0.05,16.52,2.09,0.39,5.649143189
3543,Landmark Global,25.6,5.36,52.76,0,2.06,-61.42,15.6,-13.14,28.83,39.76,3.87,0.01,18.79,0.93,-0.87,5.649143189
3544,Chandan Healthca,250,21.08,611.3,0,4.54,44.52,65.01,18.98,28.85,35.08,1.26,0.48,14.29,66.75,-29.05,5.649143189
3545,Kamdhenu,21.12,7.59,592.22,1.18,20.8,67.07,168.83,-3.5,28.91,18,6.9,0,18.66,0.57,68.87,5.649143189
3546,Regal Entertain.,31.52,193.61,9.68,0,-0.02,-106.67,0.19,-57.78,28.93,16.6,5.12,0.08,20.04,0.17,1.77,5.649143189
3547,Armour Security,22.85,8.82,38.54,0,2.9,16.47,19.68,14.22,29,19.48,1.49,0.28,15.54,6.01,0.23,5.649143189
3548,Shlokka Dyes,22.9,7.37,49.02,0,1.48,-69.61,31.35,-26.43,29.14,25.33,1.43,0.99,12.61,28.17,5.1,5.649143189
3549,Nagreeka Cap.,22.96,1.65,28.57,0,3.29,25.57,24.41,463.74,29.22,23.23,4.96,3.17,15.01,87.49,3.27,5.649143189
3550,Karbonsteel Eng.,135.6,12.18,191.76,0,7.03,29.23,139.7,31.85,29.25,15.67,1.53,0.61,6.93,70.47,4.68,5.649143189
3551,Kay Cee,116.95,6.73,142.96,0,9.19,83.8,83.33,120.1,29.31,15.67,1.97,0.59,12.27,54.73,-22.41,5.649143189
3552,Bombay Metrics,40.9,13.47,50.37,0.49,0.92,-38.67,46.05,-3.32,29.41,29.44,1.2,0.68,8.65,13.49,-5.27,5.649143189
3553,RNFI Services,261,25.22,654.08,0,9.52,59.43,257.84,5.56,29.45,35.19,1.44,0.27,8.52,36.04,29.9,5.649143189
3554,Techknowgreen,111,12,81.95,0,2.97,-21.84,16.8,23.89,29.5,34.92,2.65,0.19,21.89,7.31,6.74,5.649143189
3555,Kalyani Cast-Tec,521.6,23.77,374.54,0,9.53,18.98,92.4,31.62,29.55,27.66,7.48,0,20.04,0,8.2,5.649143189
3556,Rapid Multimodal,143,37.33,54.5,0,0.47,-63.28,69.69,59.15,29.59,21.18,3.78,0,16.32,0,-0.9,5.649143189
3557,All E Tech,142.1,9.48,286.96,1.06,6.18,-1.25,35.7,-0.81,29.6,20.51,4.78,0,18.15,0.55,22.14,5.649143189
3558,ANB Metal,427,39.42,505.34,0,8.49,43.41,87.8,-11.03,29.6,15.21,2.22,0.3,12.68,25.63,4,5.649143189
3559,Suditi Industrie,78.34,34.85,369.11,0,1.33,7.26,22.38,-6.71,29.66,20.19,1.06,0.18,4.53,5.68,-23.62,5.649143189
3560,Shayona Eng.,142.85,22.51,55.6,0,,,,,29.66,24.33,1.15,1.4,11.71,13.92,-2.3,5.649143189
3561,Starlineps Enter,11.67,184.25,423.78,0,0.73,-46.32,20.19,12.98,29.76,122.28,1.78,0.26,15.89,9.34,2.5,5.649143189
3562,Integrity Infra.,106,12.25,45.58,0,2.4,65.52,65.36,42.68,29.77,15.67,1.22,0.5,8.57,9.9,18.43,5.649143189
3563,Samay Project,33,11.21,50.65,0,2.87,13.81,20.1,10.2,29.78,15.67,3.45,0.04,14.56,1.38,1.6,5.649143189
3564,Premier Polyfilm,59.96,21.75,628.15,0.25,9.28,39.13,79.28,28.14,29.86,21.75,3.28,0,17.57,0,23.11,5.649143189
3565,Moving Media,24.55,5.09,46.17,0,2.24,-37.08,19.39,33.54,29.88,19.48,2.6,0.2,16.34,16.51,9.56,5.649143189
3566,S A Tech Soft.,41.85,24.18,54.65,0,-0.64,-114.19,49.59,-2.75,29.91,20.51,1.76,0.76,15.26,29.61,-12.88,5.649143189
3567,Prostarm Info,127.91,22.94,753,0,15.96,104.88,159.34,110.8,29.95,24.22,3.85,0.06,13.73,16.23,-5.71,5.649143189
3568,Captain Techno.,177,36.96,411,0,6.79,92.49,62.48,52.61,29.96,27.66,1.3,0.48,15.8,22.65,9.86,5.649143189
3569,Kothari Petroche,110.88,9.04,652.48,0.9,18.7,45.53,134.84,2.72,29.99,14.12,2.16,0.01,18.88,2.62,58.77,5.649143189
3570,DRC Systems,13.2,9.92,191.93,0,4.99,76.9,27.18,60.35,30.01,20.51,1.26,0.04,16.93,2.87,32.93,5.649143189
3571,Master Trust,68.77,7.35,842.72,0,31.52,-10.33,136.72,-7.55,30.09,17.17,1.68,0.22,6.87,162.78,-37.08,5.649143189
3572,Dhillon Freight,31,6.36,12.15,0,0.63,50,13.78,0.73,30.09,21.18,1.57,0.41,17.75,2.4,3.42,5.649143189
3573,WOL 3D India,123,12.23,79.36,0,3.83,30.72,41.46,82.48,30.11,22.51,4.12,0.07,16.09,2.77,-1.29,5.649143189
3574,Mahalaxmi Rubtec,167.04,8.4,176.21,0,6.04,11.44,27.39,9.47,30.12,20.19,2.51,0.19,18.53,14.83,13.73,5.649143189
3575,Party Cruisers,85,11.79,101.5,0,2.82,33.02,33.33,11.58,30.13,11.79,4.03,0.1,17.51,4.53,4.22,5.649143189
3576,Sanjiv.Parant.,155.7,23.38,191.27,0.32,2.62,37.89,20.86,20.23,30.21,27.23,4.5,0.15,14.95,6.7,-0.24,5.649143189
3577,Readymix Cons.,77.15,7.09,84.55,0,0.78,143.33,27.65,56.66,30.21,15.67,3.26,0.11,15.22,7.07,-13.39,5.649143189
3578,IRIS Regtech Solutions,226.57,44.98,461.48,0,5.31,50,35.59,8.41,30.22,38.05,2.42,0.01,13.11,2.05,27.78,5.649143189
3579,Mayasheel Vent.,46.45,6.8,102.43,0,8.04,90.07,80.13,39.94,30.36,15.67,1.52,0.44,12.12,26.72,12.14,5.649143189
3580,Axis Solution,188.2,32.39,889.44,0.27,5.87,239.31,46.01,23.35,30.37,20.51,2.03,0.4,21,48.98,-20.9,5.649143189
3581,Morganite Crucib,1275.9,28.87,714.51,3.84,5.57,-6.75,46.09,3.2,30.39,31.45,2.72,0.02,16.12,2.15,25.29,5.649143189
3582,Josts Engg. Co.,220.8,30.69,261.13,0.57,1.16,-39.66,78.22,50.28,30.41,27.66,2.14,0.18,12.47,23.67,4.55,5.649143189
3583,Vigor Plast,49.95,8.45,51.71,0,2.23,76.98,16.88,52.21,30.41,21.75,1.14,0.18,13.48,6.56,14.57,5.649143189
3584,Mangal Electrica,231.46,14.43,640.19,0,13.39,-1.83,156.27,4.62,30.43,24.22,4.68,0.12,15.43,67.53,-30.09,5.649143189
3585,Nurture Well Industries,38.71,10.42,901.32,0,31.05,85,289.77,45.8,30.47,16.26,1.82,0.04,17.47,11.2,48.09,5.649143189
3586,Gallard Steel,138,21.6,131.1,0,4.29,,31.56,,30.48,24.49,1.45,0.89,13.81,19.13,4.19,5.649143189
3587,Prime Cable Ind.,74.45,12.96,136.43,0,5.48,122.76,90.71,61.87,30.49,19,1.42,0.84,10.69,45.35,3.43,5.649143189
3588,Kaycee Inds.,805.65,42.61,255.68,0.25,1.23,26.8,14.45,21.74,30.55,24.22,2.96,0.11,15.59,3.38,5.86,5.649143189
3589,Enser,11.1,13.07,96.75,0,4.02,-17.11,35.66,-8.61,30.57,22.28,1.69,0.75,15.88,28.65,-0.72,5.649143189
3590,Chamunda Ele.,42,9.08,46.21,0,2.26,334.62,16.58,61.6,30.62,19.48,4.85,0,18.88,0.02,0.57,5.649143189
3591,Sayaji Hot. Pune,716.85,11.25,218.39,0,5.86,7.52,21.98,3.97,30.79,27.58,2.41,0,20.13,0.31,4.41,5.649143189
3592,Kiaasa Retail,51.25,10.36,93.43,0,6.64,,57.92,,30.95,22.14,1.58,0.91,7.53,43.03,-12.29,5.649143189
3593,Methodhub Software,100.1,16.41,188.72,0,10.35,,79.94,,31.09,20.51,1.91,0.68,16.28,39.17,5.07,5.649143189
3594,Siddhika Coatins,215,15.56,132.85,1.53,4.8,11.89,27.24,15.08,31.1,31.7,2.88,0,18.24,0,4.2,5.649143189
3595,Globtier Infotec,20.35,5.11,30.77,0,3.13,6.35,42.39,2.69,31.11,22.28,3.13,0.04,11.33,2.1,7.03,5.649143189
3596,Aprameya Enginee,217.7,16.85,414.5,0,6.76,490.75,42.14,354.58,31.12,33.84,2.28,0.53,14.68,37.3,-10.64,5.649143189
3597,OSEL Devices,520.8,33.84,921.53,0,15.19,89.64,146.86,68.13,31.14,33.84,1.87,0.56,13.53,99.84,-38.22,5.649143189
3598,South. Magnesium,68.92,,20.68,0,-0.04,-111.43,0.58,-66.67,31.16,16.52,3.05,0.36,19.61,4.7,4.73,5.649143189
3599,Striders Impex,65.5,15.2,121.94,0,,,,,31.16,21.84,1.12,1.42,20.44,20.55,3.12,5.649143189
3600,Infollion Resea.,291.15,20.73,282.61,0,7.18,20.88,51.09,45.18,31.18,19.48,9.63,0,20.16,0,6.16,5.649143189
3601,Desco Infra.,129.5,8.3,99.4,0,6.17,89.85,42.04,85.77,31.18,15.67,4.55,0.1,17.06,6.39,-12.19,5.649143189
3602,Jayesh Logistics,160.9,12.45,139.85,0,4.77,544.59,59.33,32.37,31.21,21.18,1.59,1.26,13.53,27.85,3.8,5.649143189
3603,Apollo Techno,85.6,9.5,117.17,0,4.21,-22.75,48.39,-1.75,31.21,27.66,1.43,1.11,18.97,32.73,15.18,5.649143189
3604,JMJ Fintech,9.9,5.59,36.42,2.53,1.74,70.59,5.2,44.44,31.23,16.6,2.28,0,13.7,0,-9.33,5.649143189
3605,Basilic Fly Stud,179.05,8.33,452.37,0,8.83,19.82,105.02,12.39,31.23,35.34,4.19,0.21,21.82,66.26,9.63,5.649143189
3606,Om Metallogic,16.99,4.23,13.36,0,0.94,-50.26,22.06,-16.25,31.25,15.21,1.96,0.99,14.69,12.66,1.75,5.649143189
3607,CLN Energy,301,18.84,317.66,0,8.57,84.7,152,103.13,31.3,24.49,1.42,0.97,8.08,100.22,-66.82,5.649143189
3608,K. V. Toys India,206.7,28.47,129.81,0,4.06,,80.8,,31.3,21.84,1.9,1.95,15.79,25.57,-18.14,5.649143189
3609,My Mudra Fin.,75.25,7.45,85.72,0,5.37,87.11,58.45,73.24,31.35,35.19,5.88,0.2,19.64,12.01,2.17,5.649143189
3610,Tembo Global,501.4,9.81,775.52,0.4,26.14,55.24,250.7,49.5,31.45,18,1.18,1.06,14.83,265.78,-203.46,5.649143189
3611,Rajputana Stain.,114.13,24,954.86,0,24.41,,501.53,,31.55,18,1.52,0.5,10.69,87.69,7.08,5.649143189
3612,BLT Logi.,28.25,8.47,13.55,0,1.66,-56.77,25.66,-47.81,31.56,21.18,2.88,0.55,15.88,10.25,3.36,5.649143189
3613,Electrotherm(I),657.65,16.98,839.55,0,-35.42,-140.1,903.79,-16.41,31.62,18,0.65,,17.11,1170.49,328.68,5.649143189
3614,Envirotech Sys.,97.95,10.7,184.04,0,5.98,111.31,26.04,59.75,31.63,22.51,2.2,0.21,18.58,14.67,-1.02,5.649143189
3615,Sahaj Solar,118,9.8,259.27,0.42,5.06,14.48,102.26,7.94,31.65,24.22,1.53,0.8,11.68,87.84,-52.38,5.649143189
3616,Pecos Hotels,324,31.67,42.44,1.08,0.76,-10.59,5.8,7.61,31.66,62.42,6.1,0,20.13,0,1.26,5.649143189
3617,Aryaman Capital,400,16.64,479.09,0,5.73,-50.43,15.44,-35.13,31.72,23.23,260.24,0,22.15,0,27.88,5.649143189
3618,Aryaman Fin.Serv,598.95,21.99,733.53,0,8.87,-51.62,19.95,-46.91,31.88,16.6,18.31,0,23.47,0,45.94,5.649143189
3619,Airfloa Rail,282.25,24.05,676.55,0,12.09,24.25,90.54,6.37,31.89,27.66,2.6,0.27,11.14,57.07,-4.43,5.649143189
3620,Uni Abex Alloy,2819.9,15.97,556.93,1.24,5.47,3.4,45.53,8.22,31.9,18,2.69,0.12,18.73,18.87,34.71,5.649143189
3621,Gayatri Rubbers,377.15,51.4,216.41,0,2.63,107.09,17.31,26.91,31.91,18.77,2.29,0.39,17.59,6.5,0.42,5.649143189
3622,Maxvolt Energy,262.5,15.68,286.23,0,12.92,170.29,130.04,222.84,31.92,24.49,2.19,0.5,15.93,40.85,-44.51,5.649143189
3623,Gyan Developers,36.5,8.49,10.95,0,-0.06,0,0,,32.01,25.29,9.93,0,21.17,0,2.46,5.649143189
3624,Rose Merc.,69.35,13.62,41.55,0.17,2.93,72.34,21.46,620.13,32.01,29.44,8.39,0.02,-1.01,1.69,-3.01,5.649143189
3625,Cryogenic OGS,163.5,29.59,233.48,0,5.52,64.75,21.07,57.12,32.02,27.66,13.36,0,19.61,0,1.94,5.649143189
3626,Eppeltone Ene.,128.15,12.34,166.08,0,6.26,55.33,46.28,-7.75,32.04,24.22,1.88,0.36,11.22,30.34,-8.02,5.649143189
3627,Osiajee Texfab,438.7,33.79,236.9,0,0.88,120,1.22,60.53,32.06,20.19,1.4,0.29,28.97,5.02,5.77,5.649143189
3628,Jay Bee Laminati,87.75,13.51,198.03,0,3.69,-74.39,218.73,42.8,32.13,18,2.67,0.29,13.91,43.46,-34.57,5.649143189
3629,Picturepost Stu.,6.8,7.04,19.92,0,0.24,-90.16,12.12,-30.78,32.29,113.04,1.7,0.12,17.45,3.45,-1.27,5.649143189
3630,SK Minerals & Additives,134.35,12.23,164.45,0,7.02,55.65,109.89,8.83,32.29,25.33,1.38,2.63,16.93,80.59,-2.91,5.649143189
3631,Ameenji Rubber,113,12.86,127.46,0,4.38,103.72,42.7,8.46,32.38,18.77,1.37,1.85,10.08,48.47,8.11,5.649143189
3632,POCL Enterprises,169,12.8,519.94,0.41,8.51,55.08,364.42,6.83,32.43,15.36,1.56,0.97,14.68,170.44,40.43,5.649143189
3633,BharatRohan Air.,137,25.25,272.94,0,4.63,43.79,32.92,133.14,32.45,25.04,13.05,0.05,30.04,3.88,-3.24,5.649143189
3634,Manas Polymers,71.25,12.91,55.4,0,4.44,,21.5,,32.46,21.75,1.57,0.86,16.92,12.27,7.03,5.649143189
3635,GACM Tech-DVR,0.39,2.26,7.4,0,1.03,-29.45,3.5,9.72,32.55,35.19,4.23,0,21.48,0,-5.8,5.649143189
3636,Swastika Investm,56.23,10.74,113.01,1.07,3.69,-39.61,28.08,-17.8,32.56,17.17,1.24,0.18,5.64,23.81,-19.82,5.649143189
3637,Umiya Mobile,53.7,12.83,76.36,0,3.78,8.62,365.19,45.26,32.58,26.49,1.95,0.13,6.57,5.69,-15.32,5.649143189
3638,Rajoo Engineers,55.89,16.3,999.86,0.27,17.88,79.15,87.6,56.21,32.62,27.66,1.38,0.05,13.72,17.73,70.51,5.649143189
3639,Associated Coat.,93.5,11.09,12.64,0,0.48,20,3.1,40.27,32.62,22.51,3.03,0.01,15.3,0.1,-0.09,5.649143189
3640,TAAL Tech,2794.5,16.93,870.86,2.33,11.58,-0.44,45.79,5.58,32.73,16.93,9.91,0.01,21.32,2.47,41.02,5.649143189
3641,RBM Infracon,327,7.11,330.37,0,26.92,171.92,283.99,174.73,32.8,19.48,1.67,0.21,11.48,36.17,-3.44,5.649143189
3642,Indo National,293.9,,219.04,1.7,-7.85,35.05,106.31,-12.6,32.94,27.54,1.9,0.1,18.46,41.06,-55.76,5.649143189
3643,Escorp Asset Mgt,102.05,24.4,113.45,0,1.06,-88.47,1.05,-90.13,32.96,35.19,37.71,0,26.65,0,14.75,5.649143189
3644,L. T. Elevator,168.5,22.56,322.9,0,6.45,497.22,46.89,139.72,32.96,27.66,3.22,0.07,13.78,6.49,-2.78,5.649143189
3645,Timescan Logist.,46.8,5.09,32.7,0,2.36,31.84,133.44,9.92,32.99,21.18,1.94,0.3,14.84,8.5,2.44,5.649143189
3646,Luxury Time,60.27,11.87,49.75,0,,,,,33.09,19.58,2.56,0.08,15.17,1.56,-0.33,5.649143189
3647,SRM Contractors,404.15,11.47,929.02,0,24.1,50.62,231.21,53.69,33.2,15.67,1.93,0.2,17.11,59.58,1.07,5.649143189
3648,Parth Electrical,320.3,36.24,437.78,0,6.1,48.06,80.4,15.02,33.26,24.22,2.46,0.13,11.66,14.25,0.3,5.649143189
3649,VVIP Infratech,101.2,6.85,252.69,0,25.37,4.39,193.24,13.06,33.34,18.91,1.9,0.72,12.43,155.8,-64.35,5.649143189
3650,Kaytex Fabrics,69.35,5.71,101.93,0,8.6,24.28,74.59,3.93,33.46,22.14,2.52,0.4,15.31,42.87,12.97,5.649143189
3651,Marushika Tech.,98.8,13.41,84.35,0,,,,,33.47,23.6,1.33,1.39,12.3,21.37,1,5.649143189
3652,GRE Renew,91.5,18.6,130.73,0,4,,43.8,,33.52,15.67,4.78,0.04,14.87,1.44,10.66,5.649143189
3653,Fonebox Retail,71,14.26,72.85,0,2.28,32.56,223.72,35.88,33.64,26.49,2.75,0.18,6.23,6.49,6.13,5.649143189
3654,Dreamfolks Servi,70.61,9.51,376.46,0,-7.86,-145.7,53.45,-84.28,33.7,9.51,3.52,0.03,14.12,10.18,57.42,5.649143189
3655,Sobhagya Mercant,742.6,26.98,646.07,0,6.05,65.75,47.47,5.12,33.71,19.48,1.82,0.14,11.97,13.15,-17.31,5.649143189
3656,Mason Infratech,141,16.72,337.56,0,7.81,65.82,51.81,39.84,33.71,25.29,2.14,0.35,14.48,49.2,7.51,5.649143189
3657,Deepak Chemtex,86,8.4,93.43,0,4.33,-23.29,30.93,-20.41,33.8,25.33,6.99,0.01,20.6,0.8,-3.48,5.649143189
3658,Srigee DLM,79.5,11.76,47.49,0,1.34,-41.99,20.88,-42.11,33.86,27.66,1.83,0.55,17.38,19.96,0.81,5.649143189
3659,Effwa Infra,204.75,18.59,473.94,0,10.14,113.03,90.21,48.23,33.87,18.91,3.99,0.14,17.52,14.31,-31.24,5.649143189
3660,Wanbury,248.3,12.95,837.62,0,15.76,1191.8,162.45,21.73,33.93,27.23,1.21,1.83,7.7,196.08,26.1,5.649143189
3661,Finbud Financial,115,22.42,219.07,0,5.12,37.63,138.98,35.74,33.95,21.16,1.79,0.84,14.93,34.82,-13.33,5.649143189
3662,Curis Lifescien.,91.4,9.02,73.89,0,4.21,89.64,27.91,75.53,34.24,27.23,1.75,0.72,15.99,14.81,-1.76,5.649143189
3663,Identixweb,92.62,22.39,96.71,0,2.19,31.98,5.78,22.72,34.33,20.51,4.54,0,19.52,0.11,3.23,5.649143189
3664,Ecos (India),111.86,11.35,671.74,2.15,13.66,21.64,196.92,26.67,34.46,11.35,2.42,0.03,17.86,7.62,75.19,5.649143189
3665,Speciality Medi.,,12.65,108.94,,,,,,34.46,17,5.36,0.17,27.48,5.05,-5.79,5.649143189
3666,Sugs Lloyd,105.21,10.63,244.23,0,6.11,22.2,62.57,19.89,34.52,24.22,1.12,1.94,17.97,74.83,-44.44,5.649143189
3667,Exhicon Events,428,17.03,632,0.04,22.11,113.12,102.61,63.84,34.59,11.79,3.82,0.05,24.62,8.72,17.13,5.649143189
3668,FlySBS Aviation,413.25,15.2,715.08,0,23.84,358.46,137.61,64.39,34.65,16.93,7.06,0.09,21.13,22.55,0.01,5.649143189
3669,Iware Supplych.,259.95,21.06,278.56,0,6.43,427.05,93.44,214.82,34.72,21.18,1.9,0.96,15.46,45.27,5.99,5.649143189
3670,Star Imaging,57.84,5.1,100.76,0,10.03,61.84,45.19,6.1,34.73,35.08,3.52,0.19,17.75,20.32,-6.03,5.649143189
3671,Sundrex Oil,28,6.52,37.5,0,2.42,20.4,38.46,66.64,34.76,12.26,1.95,0.94,17.08,16.56,-0.78,5.649143189
3672,Astal Lab,73.79,31.88,311.51,0,2.36,-5.22,52.24,261.27,34.78,27.23,1.52,0.29,17.87,12.74,-12.52,5.649143189
3673,Mamata Machinery,374,21.83,920.57,0.13,7.87,-10.26,67.22,-8.47,34.92,27.66,1.84,0.04,16.44,7.26,72.55,5.649143189
3674,East India Drums,109.5,33.63,161.78,1.37,1.05,8.25,56.87,-14.11,34.98,29.44,0.99,2.56,5.55,52.26,24.96,5.649143189
3675,Digilogic Systems,88,32.83,254.77,0,1.61,,18.18,,34.98,52.79,2.08,0.63,14.39,22.04,-10.51,5.649143189
3676,Nirman Agri,46,1.3,36.84,4.35,14.58,27.34,146.23,30.04,35.16,25.04,53.67,0,32.13,0.34,-31.61,5.649143189
3677,Royal Sense,152.5,10.17,81.59,0,4.06,70.59,43.48,97.46,35.18,33.84,3.15,0.19,22.47,6.87,1.21,5.649143189
3678,Patel Chem,63.44,13.76,157.77,0,6.13,17.43,61.16,21.98,35.22,25.33,3.4,0.22,18.83,20.08,1.9,5.649143189
3679,Praruh Tech,49.25,12.41,68.61,0,0.98,-56.25,17.6,-37.88,35.32,22.28,1.71,0.63,14.59,26.63,4.32,5.649143189
3680,Shipwaves Online,4.17,5.17,59,0,4.69,,40.98,,35.35,21.18,1.26,1.3,18.9,40.04,-0.31,5.649143189
3681,Dhanlaxmi Crop,24.5,7.84,40,0,4.64,-43.48,28.79,-76,35.36,25.04,3.16,0.22,14.73,11.13,-12.31,5.649143189
3682,Vikram Thermo,143.2,13.19,449.05,0.7,10.96,12.07,34.02,-0.87,35.47,15.36,3.03,0.02,5.32,2.18,23.64,5.649143189
3683,Vashishtha Lux.,66.99,11.12,15.79,0,1.03,,6.84,,35.74,22.14,3.92,0.02,16.81,0.26,-0.03,5.649143189
3684,Brace Port,59.5,11.82,67.25,1.43,2.5,-31.88,32.94,-33.52,35.81,21.18,8.27,0.01,18.98,0.33,-3.59,5.649143189
3685,Flywings Simula.,163.8,15.1,166.7,0,3.57,1.13,10.18,46.47,35.88,23.6,2.32,0.34,19.9,14.19,8.93,5.649143189
3686,Global Education,99.23,23.6,505.09,1.51,6,35.75,27.08,70.42,35.93,23.6,4.08,0,24.87,0.16,21.13,5.649143189
3687,Sihora Indust.,51.2,16.24,27.28,0,0.64,-22.89,8.38,26.4,36.04,20.19,1.51,1,18.62,5.88,-0.14,5.649143189
3688,Sunlite Recycli.,345.95,22.16,477.62,0,14.34,103.12,1122.31,76.24,36.07,15.21,1.84,0.31,18.19,23.22,8.23,5.649143189
3689,Elfin Agro India,50.52,19.32,98.14,0,,,,,36.2,20.78,1.29,0.88,17.48,12.19,-3.08,5.649143189
3690,Winsol Engineers,113.5,10.81,130.92,0,6.99,12.38,66.1,58.17,36.21,15.67,1.77,0.54,18.35,30.03,-24.17,5.649143189
3691,Amal,475.9,21.58,588.34,0.21,5.02,-69.65,62.59,36.69,36.32,25.33,2.46,0,25.97,0,49.71,5.649143189
3692,Digicontent,23.97,6.27,137.55,0,-7.28,29.59,128.14,17.04,36.46,26.99,1.41,2.76,10.44,105.72,77.34,5.649143189
3693,Admach Systems,196.25,15.26,132.91,0,4.48,116.43,28.45,32.33,36.47,27.66,1.92,0.26,13.31,6.9,0.45,5.649143189
3694,S J Logistics (I,274.5,6.83,419.8,0,18.12,42.45,157.14,26.52,36.55,21.18,6.07,0.32,23.48,80.59,-51.54,5.649143189
3695,Silky Overseas,150,9.48,95.51,0,2.39,-26.46,32.09,3.58,36.55,20.19,2.37,0.4,16.69,23.8,7.83,5.649143189
3696,Gayatri Sugars,8.12,,60.33,0,-5.68,-558.06,81.17,-25.89,36.62,11.9,0.87,,0.53,144.54,6.31,5.649143189
3697,Asston Pharmaceu,70.15,11.2,59.71,0,0.03,77.89,15.42,-3.44,36.62,27.23,4.23,0.1,15.61,3.99,-0.03,5.649143189
3698,Ajwa Fun World,47.06,0.55,30.07,0,-0.19,0,0,-100,36.64,40.16,7.24,0.1,8.29,5.04,6.65,5.649143189
3699,Yashhtej Industries,42.3,8.44,97.63,0,7.25,,191.15,,36.81,21.81,1.08,1.39,17.67,37.47,1.21,5.649143189
3700,Eco Recyc.,297.65,32.67,574.37,0,2.05,-59.71,5.91,-40.42,36.82,18.91,3.45,0.07,23.12,6.8,16.89,5.649143189
3701,Accord Transformer,46.55,15.65,95.77,0,,,,,36.84,32.07,1.41,0.55,14.17,11.81,-8.8,5.649143189
3702,Emergent Indust.,445.5,,203.6,0,-0.3,9.09,74.67,-32.43,36.97,22.34,4.57,0,5.29,0,-7.85,5.649143189
3703,SPEB Adhesives,52.05,19.46,116.93,0,,,,,37.12,25.33,13.42,0,25.06,0,-0.93,5.649143189
3704,RMC Switchgears,428.3,11.15,453.01,0,19.48,90.05,194.96,86.07,37.19,24.22,1.71,0.59,14.83,74.8,15.42,5.649143189
3705,Hoac Foods,361.2,43.07,156.78,0,2.07,104.95,19.98,81.14,37.35,20.78,3.15,0.06,17.72,1.39,-1.19,5.649143189
3706,Shreeji Global,118.9,16.17,270.62,0,11.11,70.4,294.56,-16.19,37.4,25.04,1.59,0.79,10.36,32.31,-0.17,5.649143189
3707,21st Cent. Mgmt.,31.9,,33.04,0,-5.61,-72.09,-3.37,-54.59,37.5,6.49,7.88,0,21.91,0,5.15,5.649143189
3708,Apex Ecotech,114,15.67,150.32,0,2.58,66.45,32.57,50.09,37.51,16.27,6.68,0,20.08,0.08,-14.08,5.649143189
3709,Medistep Health.,19,4.97,27,0,2.97,75.74,35.07,65.04,37.83,41.57,5.42,0.02,21.82,0.59,0.02,5.649143189
3710,Wealth First Por,893.8,40.16,958.3,2.24,0.77,-89.24,6.49,-60.06,37.87,35.19,12.62,0,27.04,0,10.43,5.649143189
3711,Ganesh Infra.,77.6,5.23,331.52,0,19.04,67.9,215.33,44.33,37.9,15.67,2.24,0.35,21.63,74.75,-80.14,5.649143189
3712,Slone Infosys.,194,14.02,102.22,0.26,4.6,-2.54,100.7,-34.17,37.93,23.6,2.99,0.07,18.84,2.86,-8.51,5.649143189
3713,Abram Food,64.5,10.87,33.25,0,1.75,-10.26,55.92,32.04,37.95,20.78,3.49,0.29,23.53,6.98,-0.67,5.649143189
3714,E Factor Experie,181.75,9.55,238.66,0.66,5.06,1924,52.6,189.97,37.96,11.79,2.2,0.28,15.61,21.17,-17.5,5.649143189
3715,Tuticorin Alkali,49.49,16.83,602.97,0,9.15,87.12,98.18,19.94,37.99,15.36,0.52,0.59,9.44,94.15,-7.63,5.649143189
3716,Western Overseas,17.98,4.91,10.81,0,0.54,,4.94,,38.02,39.76,1.07,0.65,19.35,4.63,-0.28,5.649143189
3717,Biopol Chemicals,99.65,24.81,107.68,0,,,,,38.18,25.33,1.81,0.57,17.7,7.68,-2.34,5.649143189
3718,Aptus Pharma,329.3,63.81,225.9,0,1.75,33.59,14.38,47.34,38.2,27.23,2.4,0.37,19.41,8.13,-1.84,5.649143189
3719,City Online Ser.,7.09,,3.66,0,-0.09,-228.57,1.9,-2.06,38.34,35.26,0.62,,0.65,0.96,0.33,5.649143189
3720,IB Infotech,684.15,54.76,87.62,0.15,0.35,133.33,2.38,170.45,38.49,25.04,1.88,0.71,22.12,2.42,1.3,5.649143189
3721,Lakhotia Poly.,57.82,9.75,60.56,0,0.66,-39.45,7.57,-69.27,38.57,20.19,1.75,0.64,23.28,10.73,-8.26,5.649143189
3722,Rachit Prints,105.5,10.85,52.08,0,2.48,11.21,26.2,27,38.57,20.19,4.91,0.13,20.18,4.38,0.46,5.649143189
3723,Sacheerome,326.65,30.6,730.8,0,14.94,111.91,76.56,51.72,38.62,25.33,4.12,0,21.55,0,22.48,5.649143189
3724,Goel Construct.,270.85,10.22,391.37,0,16.76,-0.06,245.38,-9.84,38.7,15.67,1.67,0.1,15.89,23.5,38.44,5.649143189
3725,Chiraharit,6.35,38.23,34.79,0,-1.33,-131.03,19.54,-40.21,38.76,15.67,1.38,2.39,18.15,19.95,2.9,5.649143189
3726,Unisem Agritech,58,15.39,65.73,0,3.5,,51.34,,38.98,25.04,1.48,1.25,10.85,16.34,2.09,5.649143189
3727,Modern Diagnost.,64,10.77,96.64,0,,,,,38.99,35.08,0.75,1.07,15.73,22.09,13.73,5.649143189
3728,MRP Agro,85.03,17.31,97.79,0,1.5,-48.45,14.14,-70.44,39.18,13.57,25.83,0,27.61,0,-3.76,5.649143189
3729,Taurian MPS,207,19.77,183.88,0,3.67,-1.61,32.29,6.89,39.32,27.66,2.81,0.12,16.71,9.26,0.46,5.649143189
3730,Sati Poly,34.15,1.39,16.9,0,0.82,-76.97,166.42,14.17,39.33,17.01,1.17,0.85,25.33,14.41,-13.26,5.649143189
3731,Blue Pebble,115,23,46.92,0.43,0.75,-80.11,10.5,-55.11,39.4,11.79,6.17,0,21.94,0,-1.53,5.649143189
3732,Sat Kartar,168.25,19.22,264.9,0.42,7.79,103.93,88.35,16.57,39.66,27.23,5.47,0.04,22.83,2.26,-5.07,5.649143189
3733,Nisus Finance,158.45,8.42,378.35,0,21.03,,224.89,,39.74,16.26,1.35,1.19,28.55,268.07,-6.16,5.649143189
3734,Manav Infra,40,15.39,52.64,0,0.41,95.24,9.43,48.5,39.91,15.67,2.57,0.85,19,7.24,2.65,5.649143189
3735,Olatech Solution,127.25,16.85,56.63,0,2.41,-26.75,16.29,42.52,39.93,38.05,1.77,0.25,26.17,5.08,3.83,5.649143189
3736,Jainik Power,116,15.21,166.44,0,6.17,38.03,184.58,14.43,40.18,16.26,2.98,0.24,17.32,18.31,-5.33,5.649143189
3737,Riddhi Display,34.39,5.83,29.71,0,3.19,43.05,14.48,0.77,40.47,34.62,1.6,0.8,16.16,11.06,-1.04,5.649143189
3738,Yaap Digital,146.5,28.77,306.67,0,9.21,,90.19,,40.55,26.99,1.33,1.02,10.36,22.79,-5.29,5.649143189
3739,Evans Electric,70.9,5.63,38.91,2.12,0.32,-67.35,6.88,44.23,40.82,19.48,4.75,0,23,0,0.7,5.649143189
3740,Marc Technocrats,64.25,11.76,111.24,0,5.76,52.38,32.2,47.98,40.86,34.92,3.83,0.02,24.29,0.59,5.42,5.649143189
3741,Victory Ele.,14.85,6.92,35.78,0,0.97,,7.93,,40.91,28.3,1.89,0.62,19.43,9.29,-1.97,5.649143189
3742,Happy Square,41,9.38,47.56,0,1.77,-33.08,43.33,-10.9,40.91,19.48,3.42,0.2,17.34,7.64,-1.64,5.649143189
3743,Smarten Power,52,7.8,98.8,0,5.88,-1.84,115.26,6.52,41.01,24.22,2.72,0.07,14.47,5.86,-2.51,5.649143189
3744,Eforu Entertainment,94.2,50.74,56.32,0,0.14,800,0.31,,41.07,29.44,82.5,0,40.36,0,-1.86,5.649143189
3745,Blue Water,147,7.92,161.7,0,7.44,147.18,112.37,80.2,41.11,21.18,1.9,0.64,18.01,41.41,-11.47,5.649143189
3746,Borana Weaves,344.75,15.65,912.9,0,18.55,63.27,111.36,42.04,41.21,20.19,3.52,0.18,27.85,43.42,22.64,5.649143189
3747,Supertech EV,46.4,8.71,57.34,0,3.44,13.91,42.55,20.44,41.32,28.3,3.5,0.07,17.58,3.66,-5.13,5.649143189
3748,Guj. Terce Labs.,39.99,,31.15,0,0.76,-24.75,12.29,-3.08,41.41,27.23,1.06,0.08,-4.3,0.6,3.06,5.649143189
3749,Humming Bird Edu,16.8,26.41,10.3,0,0.94,-16.33,5.27,5.4,41.69,23.6,2.36,0.02,25.13,0.06,-1.53,5.649143189
3750,Macfos,833,41.72,862.87,0,5.63,103.99,78.89,72.25,41.78,39.68,2.02,0.51,22.69,40.89,-24.59,5.649143189
3751,Kimia Bioscien.,29.3,15.32,138.63,0,5.44,19.04,30.1,0,41.8,27.23,0.91,3.11,9.1,36.08,21.31,5.649143189
3752,Positron Energy,128.75,5.42,97.86,0,5,5.26,156.88,124.79,41.81,19.48,2.89,0.07,22.79,5.45,7.15,5.649143189
3753,KRM Ayurveda,196.55,34.54,417.88,0,8.14,,48.36,,41.83,27.23,1.92,0.69,21.86,25.07,-0.03,5.649143189
3754,Prodocs Solution,193,26.63,136.06,0,,,,,41.88,22.28,2.68,0.42,21.23,7.99,3.06,5.649143189
3755,Msafe Equipments,111.2,17.3,226.85,0,10.5,,49.01,,41.89,16.26,1.07,1.04,21.53,37.67,14.37,5.649143189
3756,Onesource Indus.,6.36,4.29,19.56,0,2.24,292.98,28.93,-10.9,42.03,34.92,1.35,0,26.75,0,0.26,5.649143189
3757,Sahana Systems,976.25,13.66,862.72,0.1,27.67,95.55,114.16,116.87,42.14,22.28,3.32,0.07,22.79,13.85,-48.35,5.649143189
3758,Mishtann Foods,3.9,1.22,420.27,0,81.53,11.76,336.22,4.19,42.17,47.8,2.74,0.04,36.46,45.77,-48.65,5.649143189
3759,Fluidomat,588.5,17.92,290.13,1.27,2.28,-57.93,14.43,-13.28,42.24,27.66,4.97,0,27.08,0,14.3,5.649143189
3760,Austere Sys.,48,10.7,50.29,0.42,2.17,520,10.34,44.82,42.31,20.51,10.91,0.01,25.98,0.37,0.51,5.649143189
3761,Shri Gang Indus,89.96,11.64,177.49,0,13.99,35.04,114.32,28.31,42.66,31.92,0.3,6.77,18.47,82.14,44.77,5.649143189
3762,Viviana Power,671.45,23.77,679.83,0,7.91,129.94,117.87,226.33,42.88,15.67,0.99,0.93,15.54,71.08,-14.11,5.649143189
3763,KSE,191.7,5.01,613.44,4.17,16.35,-22.14,427.93,3.88,42.92,25.26,6.15,0.07,27.93,24.13,142.67,5.649143189
3764,Kisaan Parivar,17.87,8.6,15.73,0,-0.06,-111.32,0,-100,42.98,29.44,8.79,0,28.71,0,0.47,5.649143189
3765,PAN HR Solution,55.98,8.16,40.37,0,,,,,42.99,19.48,1.94,0,12.65,0,-1.45,5.649143189
3766,TIPCO Engineering,,11.92,184.83,,,,,,43.16,17,1.39,1.12,18.6,37.22,16.3,5.649143189
3767,Sonalis Consumer,49.04,4.82,23.29,0,2.36,1211.11,87.8,91.24,43.32,47.8,1.64,0.02,8.51,0.58,-0.6,5.649143189
3768,TAC Infosec,433.5,46.6,911.49,0,15.57,78.87,29.49,137.82,43.69,20.51,9.66,0.01,33.08,0.52,19.39,5.649143189
3769,Avax Apparels,315.65,16.99,32.8,0,1.2,31.87,20.2,34.58,43.81,20.19,1.78,0.3,23.07,2.34,-0.57,5.649143189
3770,Kronox Lab,110.65,15.85,410.08,0.45,6.59,0.92,25.27,5.25,43.82,25.33,8.17,0.03,29.48,2.61,30.7,5.649143189
3771,True Colors,133.4,9.04,328.9,0,14.72,475,151.11,63.2,43.84,27.66,2.73,0.37,18.93,72.93,5.61,5.649143189
3772,Aten Papers,18,3.4,18.54,0,2.27,-40.58,66.76,14.77,43.87,19.86,5.83,0.04,20.68,1.63,5.29,5.649143189
3773,Justo Realfin,88.3,11.87,165.99,0,5.99,-14.06,36.63,-6.51,44,14.81,3.68,0.19,25.77,21.91,-9.22,5.649143189
3774,My Money Sec.,36.52,,61.36,0,1.81,181.17,0.08,166.67,44.04,17.17,10.71,0,24.95,0.09,13.41,5.649143189
3775,Matrix Geo Sol.,76.15,16.21,111.04,0,4.01,33.22,14.06,58.33,44.27,22.28,7.51,0.11,24.69,7.24,1.97,5.649143189
3776,Sawaliya Food,314.5,44.82,311.92,0,4.23,,19.9,,44.37,25.04,3.83,0.38,19.43,17.39,-4.31,5.649143189
3777,Rama Telecom,90.45,19.8,119.38,0,2.42,26.04,22.36,21.65,44.56,16.04,6.24,0.06,22.96,2.64,0.12,5.649143189
3778,Highness Microelectronics,,0,0,,,,,,44.8,17,2.16,0.75,21.96,4.93,0.33,5.649143189
3779,Virtual Galaxy,118.95,8.45,295.81,0.84,9.58,,41.26,,44.99,38.05,2.67,0.24,23.44,46.81,43.21,5.649143189
3780,Logiciel Soluti.,37.66,5.14,28.13,0,,,,,44.99,20.51,6.36,0,27.09,0.02,-1.65,5.649143189
3781,Kore Digital,118.4,2.94,142.36,0,10.95,,100.89,,45.01,16.04,1.41,0.05,16.13,6.33,13.33,5.649143189
3782,Earkart,122.1,30.99,167.94,0,1.85,-44.11,22.29,-5.35,45.13,33.84,6.17,0.09,27.78,5.62,0.71,5.649143189
3783,Novus Loyalty,,63.42,227.03,,,,,,45.19,17,9.11,0,26.34,0,3.29,5.649143189
3784,Prizor Viztech,389.55,35.35,416.47,0,5.91,38.08,42.01,35.39,45.27,27.66,2.21,0.42,24.93,20.49,-14.1,5.649143189
3785,Advani Hotels.,51.73,19.83,479.2,3.67,10.78,-4.95,36.09,2.7,45.29,27.58,2.04,0.01,25.34,0.43,21.2,5.649143189
3786,Stanbik Agro,33.5,11.93,44.63,0,,,,,45.43,25.04,8.15,0.01,20.59,0.09,-9.78,5.649143189
3787,B. D. Industries,103,19.23,146.37,0,4.46,,47.83,,45.54,21.75,2.34,0.14,15.09,9.25,10.1,5.649143189
3788,GSM Foils,201.2,16.71,283.54,0,5.33,95.96,66.33,84.15,45.64,17.01,2.65,0.24,23.72,14.87,0,5.649143189
3789,Mahalaxmi Seam.,8.42,13.88,4.44,0,0.06,50,0.48,2.13,45.71,18,0.4,,8.16,1.28,0.37,5.649143189
3790,Encompass Design,253.95,33.38,360.19,0,5.05,,28.16,,45.8,29.44,2,0.42,28.15,15.78,4.74,5.649143189
3791,Neetu Yoshi,86,16.67,333.79,0,11.54,45.52,44.15,25.39,46.01,24.33,5.78,0.11,32.25,13.8,12.28,5.649143189
3792,Renol Polychem,139.75,30.75,159.29,0,2.38,8.18,40.06,38.81,46.09,25.33,7.54,0.01,25.71,0.2,-1.25,5.649143189
3793,Accretion Pha.,65.05,7.96,72.31,0,4.75,93.09,43.74,135.67,46.36,27.23,4.35,0.17,20.18,7.85,5.75,5.649143189
3794,Monarch Surve.,189,6.78,267.55,0,14.3,48.34,73.2,44.41,46.4,34.92,3.01,0.06,27.84,13.26,23.91,5.649143189
3795,Greenleaf Envi.,70.95,6.66,42.06,0,2.9,,21.08,,46.45,18.91,1.63,0.48,22.43,7.4,5.59,5.649143189
3796,Invicta Diagnos.,71,19.03,89.27,0,,,,,46.45,35.08,2.61,0.1,25.29,1.67,6.47,5.649143189
3797,ADC India,1234.8,30.94,568.01,2.43,6.13,5.15,47.96,14.41,46.57,48.02,3.55,0,22.43,0,25.93,5.649143189
3798,Vandan Foods,35.95,3.34,30.15,0,4.18,102.91,98.73,82.33,46.58,21.81,1.59,0.38,22.67,18.9,-12.19,5.649143189
3799,Unifinz Capital,94.99,5.58,420.5,0.11,27.06,340.72,147.5,296.19,47.09,16.6,0.22,1.13,24.3,133.49,-30.3,5.649143189
3800,Sodhani Capital,64,23.22,50.85,0,1.25,0,2.19,11.17,47.3,43.23,1.5,0,33.64,0,2.61,5.649143189
3801,Repono,57,10.28,58.6,0,3.23,22.81,30.49,37.84,47.51,51.63,3.51,0.13,23.67,5.84,0.33,5.649143189
3802,Shine Fashions,24.95,7.57,67.03,0.06,5.01,59.55,43.13,28.06,47.55,20.19,1.76,0.27,16.38,8,1.91,5.649143189
3803,Indo SMC,148,21.91,338.26,0,12.1,,101.49,,47.74,24.22,1.27,1,22.66,35.77,-13.75,5.649143189
3804,Unified Data,307.6,21.04,617.97,0,17.27,-21.39,149.03,40.79,47.86,22.28,5.25,0,26.27,0,49.41,5.649143189
3805,Taparia Tools,22.8,0.24,34.61,219.3,37.6,23.08,255.63,8.83,47.88,18,5.94,0,28.79,1.49,79.18,5.649143189
3806,Career Point Edu,164.33,13.9,294.97,1.52,5.11,-10.96,14.63,8.29,48.34,23.6,6.45,0.01,33.35,0.47,7,5.649143189
3807,Gaudium IVF,77.04,28.98,560.96,0,3.63,6.76,24.51,69.97,48.63,35.08,2.43,0.41,27.42,24.1,8.72,5.649143189
3808,Defrail Technologies,83,21.05,58.3,0,,,,,48.81,19,1.1,1.37,15.82,11.57,-2.1,5.649143189
3809,Avana Electrosystems,70.85,19.31,160.44,0,5.61,,35.75,,49.55,32.07,1.74,0.26,18.99,5.69,6.77,5.649143189
3810,Infronics Sys.,19.23,,15.25,0,-0.19,-337.5,0,-100,49.7,38.05,18.19,0,28.35,0,1.19,5.649143189
3811,Icon Facil.,53.55,11.44,42.09,0,1.47,-34.96,29.79,5.75,49.71,19.48,8.64,0.02,21.48,0.64,-2.82,5.649143189
3812,Jyoti Resins,756.3,13.02,907.56,1.19,15.37,-19.36,72.31,1.72,49.98,25.33,2.62,0,22.39,0,14.75,5.649143189
3813,Unique Organics,80.58,7.28,47.97,0,1.97,-34.77,17.43,-71.24,50.11,25.04,12.71,0,33.56,0,14.39,5.649143189
3814,LGT Business,49.87,7.38,46.74,0,3.7,43.41,70.57,27.98,50.12,39.76,3.24,0.19,24.79,7.37,1.01,5.649143189
3815,Pushpa Jewellers,91.75,9.29,222.24,0,11.03,17.47,170.98,18.37,50.45,19.58,27.66,0.12,31.26,17.22,0.15,5.649143189
3816,SBEC Systems,18.05,15.56,18.05,0,-0.29,-151.79,0.81,3.85,50.83,29.44,0.52,,35.18,30.36,2.71,5.649143189
3817,Aayush Wellness,33.35,36.07,162.32,0.07,1.03,-5.5,44.51,73.66,51.02,47.8,13.08,0.38,49.31,4.05,0.38,5.649143189
3818,Pro FX,65,9.3,113.78,0,7.32,,79.36,,51.05,35.15,4.56,0,21.75,0.02,2.96,5.649143189
3819,Meta Infotech,74.06,10.38,139.84,0,10.45,-18.8,210.15,14.21,51.14,22.28,1.23,0.44,23.82,32.05,-12.74,5.649143189
3820,Mehul Colours,59.25,10.02,62.5,0,3.29,28.52,14.21,31.45,51.28,25.33,6.84,0.01,33.38,0.22,1.91,5.649143189
3821,Infonative Solu.,27.9,8.65,33.05,0,1.52,-58.24,12.07,7.48,51.41,22.28,1.57,0.11,30.12,4.15,4.85,5.649143189
3822,Gujarat Kidney,106.21,84.93,836.59,0,3.7,17.6,23.25,97.2,51.52,43.1,1.3,0.58,25.05,19.53,13.61,5.649143189
3823,Genesis IBRC,101,,131.3,0,-0.03,0,0,,51.62,46.74,53.19,0,49.86,0,0,5.649143189
3824,Zelio E-Mobility,349,35.52,738.14,0,11.82,67.66,133.32,77.1,51.78,28.3,1.81,0.7,33.76,27.1,-9.57,5.649143189
3825,Grover Jewells,255.25,48.34,370.3,0,,,,,52.18,19.58,3.43,0.56,35.02,9.34,0.24,5.649143189
3826,Goenka Business,9.37,26.47,12.18,0,2.67,470.83,81.99,744.39,52.31,16.6,0.37,0,-0.3,0,-1.31,5.649143189
3827,ARC Insulation,45,5.41,46.34,0,0.86,,10.02,,52.61,22.51,6.68,0,27.78,0.14,0.34,5.649143189
3828,Arrow Greentech,378.45,11.11,570.86,1.06,13.29,3.5,56.06,1.72,53.25,17.01,10.77,0.01,35.18,2.6,67.57,5.649143189
3829,Sathlokhar Sys.,340.2,12.71,883.79,0,19.72,340.18,189.33,402.87,53.42,15.67,2.18,0.18,23.14,36.68,-90.85,5.649143189
3830,Purple Wave Info,113.5,9.18,104.95,0,6.82,51.22,77.72,32.99,53.7,27.66,1.45,0.57,21.44,13.68,0.71,5.649143189
3831,ACE Alpha Tech,94,13.07,165.05,0,7.52,23.68,8.98,12.25,54.34,20.51,39.52,0,39.78,0,11.09,5.649143189
3832,Cash UR Drive,96,8.3,169.4,0,10.88,31.08,77.88,22.4,54.81,26.99,2.54,0,17.73,0.09,-14.39,5.649143189
3833,Optivalue Tek,79.95,14.35,187.17,0,7.23,13.5,30.49,34.73,54.9,22.28,5.32,0.15,31.98,12.68,-4,5.649143189
3834,Exim Routes,137.65,35.31,258.12,0,3.01,22.86,93.2,97.83,55.3,19.86,1.66,0.36,22.18,8.71,-4.88,5.649143189
3835,Sheshadri Indus.,14.99,1.55,7.44,0,1,-37.5,6.83,-20.58,55.37,20.19,0.14,,10.55,22.71,-0.73,5.649143189
3836,Telge Projects,96,17.06,93.98,0,0.83,277.27,9.08,71.32,55.4,15.67,3.02,0.18,28.17,6.78,3.3,5.649143189
3837,Gurunanak Agri.,25.2,6.34,30.24,0,2.09,-39.24,16.1,-34.45,55.48,26.35,3.16,0.25,29.04,10.61,2.05,5.649143189
3838,Trade-Wings,565.5,60.16,169.65,0,1.21,-56.94,67.12,-0.68,55.63,39.76,0.64,,6.84,18.23,7.43,5.649143189
3839,Accretion Nutraveda,195,54.09,141.18,0,2.33,,14.06,,56.66,27.23,2.04,0.54,33.68,4.43,-2.21,5.649143189
3840,Chatterbox Tech,48.77,7.04,68.98,0,4.7,25.33,35.98,33.41,56.72,26.99,2.47,0,27.75,0,3.06,5.649143189
3841,Shekhawati Inds,11.59,9.92,39.79,0,-0.51,-133.77,2.14,-86,57.34,20.19,1.68,0.01,15.03,0.09,-0.55,5.649143189
3842,Bhadora Indust.,62,11.35,115.32,0,3.41,0.29,46.93,2.53,57.48,19,6.57,0.13,28.92,9.99,2.34,5.649143189
3843,PNGS Gargi FJ,866.7,29.85,907.46,0,10.6,17.05,46.06,27.1,57.93,19.58,5.47,0.06,36.97,7.91,18.34,5.649143189
3844,Snehaa Organics,40.55,5.62,41.27,0,3.25,,13.79,,58.77,25.33,4.22,0.11,31.13,5.52,3.02,5.649143189
3845,Sigma Solve,39.65,16.07,407.11,0.13,6.71,58.16,24.73,26.3,58.79,22.28,2.33,0.05,37.39,3.41,18.01,5.649143189
3846,Spice IslandsInd,237.4,24.72,102.08,0.42,1.46,795.24,3.32,906.06,59.45,19.58,1.04,0.57,15.14,1.99,0.3,5.649143189
3847,Owais Metal,106.75,3.85,194.09,0,25.21,1.98,122.62,16.64,59.47,15.27,2.76,0.21,34.54,28.6,15.89,5.649143189
3848,Pajson Agro,179.9,20.97,428.34,0,14.2,,118.37,,59.48,20.78,1.21,0.69,33.74,40.04,16.13,5.649143189
3849,EPW India,117.5,33.39,134.89,0,3.51,,38.36,,59.82,23.6,1.44,1.98,23.78,16.88,-12.08,5.649143189
3850,Crestchem,90.84,12.27,27.25,1.1,0.72,38.46,7.16,49.17,59.94,25.33,0.44,0,30.86,0,1.55,5.649143189
3851,Influx Health.,221.65,29.06,513.13,0,10.01,78.11,66.76,38.91,60.16,27.23,3.54,0,24.01,0,7.06,5.649143189
3852,Cochin Malabar,137.75,17.05,24.38,0,-0.1,28.57,0,,61.21,23.64,0.07,,62.14,3.59,1.29,5.649143189
3853,Global Ocean,108,22.87,155.98,0,4.54,,107.29,,61.29,21.18,1.84,0.19,23.21,4.17,-1.76,5.649143189
3854,Nanta Tech,292.8,31.89,150.21,0,,,,,61.31,35.15,1.75,0.04,20.17,0.5,-1.86,5.649143189
3855,Chemkart India,99.38,6.31,120.24,0,10.15,-35.1,103.23,-8.75,61.51,20.78,8.14,0.01,34.75,1.31,3.97,5.649143189
3856,Infinity Infoway,380,32.43,207.21,0,1.57,685,6.02,201,61.71,22.28,27.15,0.03,36.4,0.72,2.4,5.649143189
3857,Savy Infra,126,8.01,262.18,0,18.29,,215.7,,61.88,15.67,4.23,0.31,20.99,43.42,-17.51,5.649143189
3858,Neptune Pet.,196.25,16.61,444.57,0,14.55,12.88,406.57,19.29,62.28,14.12,3.29,0.08,15.5,12.57,56.5,5.649143189
3859,RNIT AI Solution,53.98,38.71,429.28,0,3.6,150,13.91,72.15,62.69,24.49,3.72,0.13,12.87,10.55,-6.82,5.649143189
3860,C K K Retail,131.95,15.85,255.57,0,,,,,62.91,11.9,2.61,0,26.52,0,1.9,5.649143189
3861,Adcounty Media.,112.35,14.33,252.8,0,5.23,57.06,20.8,27.61,62.93,22.97,8.86,0.01,35.51,0.84,-0.24,5.649143189
3862,Helloji Holidays,115,18.78,39.45,0,,,,,64.26,39.76,4.2,0.01,32.09,0.04,2.48,5.649143189
3863,Prime Urban,8.36,10.12,22.27,0,-0.16,-220,0,,64.68,25.29,0.76,,-0.35,1.43,2.32,5.649143189
3864,Dam Capital Advi,129.85,11.37,917.71,0.77,19.98,-61.15,69.89,-32.75,64.78,17.17,2.34,0.01,33.97,3.96,95.3,5.649143189
3865,Sharvaya Metals,106.6,6.11,106.92,0,9.39,128.47,89.97,117.79,65.49,15.21,4.26,0.22,32.58,16.23,1.59,5.649143189
3866,JD Cables,171.1,16.32,385.85,0,11.93,15.71,121.26,12.82,65.58,19,2.41,0.34,27.63,42.64,-18.21,5.649143189
3867,NINtec Systems,290.2,17.88,547.35,0,7.75,15.16,43.28,22.99,67.11,20.51,2.19,0.03,29.11,2.01,23.73,5.649143189
3868,Ontic Finserve,1.12,13.09,10.08,0,0.01,-97.06,0,-100,68.44,35.19,0.74,0.09,45.09,0.35,-0.37,5.649143189
3869,Australian Prem,301.95,11.23,608.74,0.03,28.13,114.41,300.77,83.88,70.83,32.07,2.02,0.23,27.13,31.2,24.29,5.649143189
3870,Game Changers,113,13.3,202.19,0,8.31,60.42,57.23,3.87,71.16,20.19,2,0.47,26.05,13.67,3.27,5.649143189
3871,Maha Rashtra Apx,56.45,25.78,298.48,0,4.91,166.48,1.97,3840,72.01,35.19,0.51,0,60.28,0,-4.3,5.649143189
3872,Marc Loire,49.36,9.73,35.04,0,1.18,-48.47,15.32,1.06,72.75,33.48,3.83,0.04,24,1.26,0.62,5.649143189
3873,Studio LSD,9.75,43.62,50.6,0,-3.49,-149.64,39.27,-37.2,72.75,35.34,5.46,0,28.09,0.17,5.76,5.649143189
3874,Swojas Foods,9.95,25.99,38.47,0,0.36,-82.09,33.24,-7.85,73.33,47.8,2.78,0,44.34,0.01,-3.52,5.649143189
3875,Sunsky Logistics,73.99,30.67,92.01,0,1.8,26.76,12.23,17.82,75.19,21.18,1.38,0.85,38.69,5.33,2.34,5.649143189
3876,Standard Battery,41.99,,21.71,0,-0.09,40,0,,78.1,16.6,1.56,0,38.5,0,1.01,5.649143189
3877,DCM,61.24,21.55,114.85,0,-0.3,-101.46,17.68,1.96,78.63,22.28,0.88,0.03,18.21,1.3,0.64,5.649143189
3878,Family Care,2.92,,15.77,0,-0.96,54.29,0.06,100,79.25,35.08,1.13,0.59,52.92,4.85,-17.32,5.649143189
3879,TechD Cybersec.,511.6,40.54,382.66,0,6.37,48.83,18.18,41.15,81.46,22.28,8.2,0,43.97,0.08,-2.38,5.649143189
3880,Icodex Publish.,34.05,5.26,53.24,0,5.5,27.02,13.89,28.14,82.77,22.28,4.44,0.08,50.59,4.2,6.35,5.649143189
3881,Newtrac Foods,4.31,,28.96,0,-0.26,-273.33,0,-100,83.28,29.44,1.68,0.18,9.26,2.05,-16.23,5.649143189
3882,Nexus Surgical,17.52,16.54,9.59,0,0.17,54.55,2.93,97.97,83.95,35.19,2.45,0,24.51,0,0.1,5.649143189
3883,Shantidoot Infra,258,9.17,46.38,0,0.65,-27.78,17.53,247.13,86.13,25.29,-3.47,0.01,41.79,0.06,0.5,5.649143189
3884,Saffron Industri,26.02,4.79,18.69,0,0.84,95.35,1.52,-38.71,86.9,19.86,0.66,,24.05,2.94,5.1,5.649143189
3885,Shri Kanha Stain,20,5.38,31.16,0,,,,,88.66,18,0.99,0.49,6.21,6.01,-7.95,5.649143189
3886,B.A.G. Converge.,107.5,20.19,228.1,0,6.03,45.65,21.86,58.75,89.63,20.19,2.84,0,30.27,0,3.61,5.649143189
3887,Ravelcare,158.85,20.87,108.95,0,,,,,89.71,41.57,2.61,0,46.54,0,-0.55,5.649143189
3888,Glottis,43.15,10.42,399.83,0,2.7,-79.96,143.87,-27.24,89.96,21.18,3.07,0.25,47.13,50.08,1.09,5.649143189
3889,Bridge Securitie,13.81,77.81,53.69,0,0.33,-54.79,0.42,-44,90.26,35.19,3.16,0,35.08,0,-0.61,5.649143189
3890,Apsis Aerocom,177.05,32.09,213.38,0,3.12,,13.65,,91.95,52.79,1.21,0.17,43.59,2.33,1.63,5.649143189
3891,Workmates Core2,311,24.97,401.78,0,9.09,30.23,74.69,55.99,92.32,20.51,1.95,0.27,32.12,8.66,5.06,5.649143189
3892,Safe Enterprises,213.3,17.92,994.08,0,33.25,96.05,112.38,94.56,96.45,26.9,2.8,0,50.13,0,31.05,5.649143189
3893,TPI India,16.48,81.38,70.8,0,0.51,200,8.39,2.44,99.12,17.01,0.38,,3.95,17.36,0.88,5.649143189
3894,Krishna Fil. Ind,6.06,,4.72,0,-0.02,0,0,,100,21.75,0.06,,1.41,2.93,0,5.649143189
3895,Mobilise App,54,10.86,51.36,0,,,,,103.25,38.05,1.76,0.01,51.27,0.11,4.13,5.649143189
3896,Yuvraaj Hygiene,4.7,10.9,42.6,0,0.55,-78.17,9.03,-51.66,103.66,27.54,2.6,4.66,54.35,14.76,5.67,5.649143189
3897,Noble Polymers,1.57,,1.02,0,0.03,-91.18,0,,103.91,21.75,8.79,0.06,71.83,0.4,3.15,5.649143189
3898,Magnus Steel,64.27,104.9,336.74,0,1.08,775,6.2,260.47,105.56,24.22,1.53,2.65,6.38,2.09,-0.11,5.649143189
3899,Stellant Secu.,655.65,9.17,242.75,0,-4.64,-4740,1.24,726.67,106.67,35.19,8.15,0,79.38,0,0.93,5.649143189
3900,Ambitious Plasto,10.47,40.56,6.08,0,0.06,100,3.22,380.6,112.5,29.44,0.42,,2.47,0.9,-0.04,5.649143189
3901,Brandman Retail,138.2,12.18,255.07,0,,,,,115.79,33.48,1.4,0.4,33.46,11.87,-0.7,5.649143189
3902,Reganto Enterprises,7.88,5.08,115.29,0,2.64,-72.76,49.34,-71.88,117.18,23.6,1.14,0.11,9.72,10.55,-7.76,5.649143189
3903,SSMD Agrotech,56.5,9.1,48.96,0,,,,,124.88,47.8,1.61,0.88,57.33,6.06,2.46,5.649143189
3904,iStreet Network,39.98,55.5,273.06,0.25,1.2,4100,24.66,,150,22.28,1.07,0,6.38,0,-0.02,5.649143189
3905,Ksolves India,275.45,21.47,654.76,5.63,9.8,-5.04,42.3,12.2,157.26,20.51,3.62,0.08,71.54,2.5,34.11,5.649143189
3906,Connplex Cinemas,238.15,20.28,454.86,0,13.05,36.08,64.06,57.43,163.38,113.04,3.32,0.01,37.97,1.77,2.8,5.649143189
3907,Mediaone Global,15.43,,22.72,0,-1.1,-1671.43,0.92,-43.21,165.29,113.04,4.22,,7.77,37.23,-8.36,5.649143189
3908,IMEC Services,145.25,1.2,27.6,0,-0.72,-181.82,0.01,-99.35,177.14,34.92,51.9,0,148.22,0,8.63,5.649143189
3909,Union Qual. Pla.,16.49,2.13,11.42,0,-0.02,75,0,,201.56,17.01,0.68,,52.85,5.4,0.02,5.649143189
3910,Monotype India,0.41,4.61,28.83,0,-0.07,-107.87,0,-100,285.75,19.48,0.8,,145.03,9.34,7.97,5.649143189
3911,Carnation Inds.,82.96,,28.68,0,-0.54,-100,0,,392.11,22.51,0.1,6.99,78.67,8.95,-1.01,5.649143189
3912,Maruti Global Industries,39.5,,19.75,0,0.02,-99.86,6,-58.04,6847.37,16.6,1.16,,2478.1,22.72,14.06,5.649143189
3913,GTL Infra.,1.03,,1319.34,0,19.58,109.32,350.59,3.58,,16.05,0.1,,-20.85,3428.74,635.43,5.649143189
3914,Diamond Power,127.15,63.68,6700.44,0,49.72,692.98,474.08,54.21,,24.23,2.51,,2.09,609.77,77.32,5.649143189
3915,HMT,57.56,,2046.84,0,-27.24,-9.31,20.83,-28.64,,27.65,0.2,,-24.56,1028.59,-46.41,5.649143189
3916,Indiabulls,9.94,80.5,2310.44,0,78.37,2250.95,96.96,-8.9,,19.48,6.63,0.18,-196.68,495.32,5.17,5.649143189
3917,KS Smart Technlogies,233.1,133.59,2691.74,0,17.03,,186.17,,,22.1,,,,,,5.649143189
3918,Elitecon Inter.,51.41,25.64,8217.89,0.1,103.57,676.39,1741.26,1750.04,,19.91,1.42,1.09,,375.99,-0.03,5.649143189
3919,The Anup Enginee,1588.2,27.3,3181.4,1.07,25.53,-11.68,206.92,20.48,,27.65,1.77,0.25,,157.68,-7.15,5.649143189
3920,Synthiko Foils,1847.1,11143.29,2674.39,0,-1.22,-4133.33,0,-100,,15.22,,,,,,5.649143189
3921,GHV Infra,288.1,72.25,2076.48,0,14.55,391.55,137.73,646.1,,15.67,,0.4,,0.02,,5.649143189
3922,Sanghvi Movers,241.15,11.9,2087.78,0.83,28.97,5.89,235.78,13.38,,19.48,1.72,0.41,,492.55,161.7,5.649143189
3923,Lloyds Engineeri,41.3,30,4838.56,0.61,66.7,70.86,272.45,2.34,,27.65,2.35,0.16,,189.41,158.3,5.649143189
3924,Spice LoungeFood,27.8,1777.98,1938,0,2.47,-70.77,32.91,-37.34,,62.41,3.05,1.03,,114.54,2.91,5.649143189
3925,Nxt-Infra Trust,100,14.58,2850,12.87,13.05,-71.95,75.95,-12.71,,15.67,5.66,1.14,,3094.41,260.42,5.649143189
3926,Capital Infra,68.16,,2446.82,13.46,10.76,,177.72,,,15.67,5.61,1.23,,2339.37,284.49,5.649143189
3927,Midwest Gold,4412.75,,5316.46,0,-3.25,,1.2,,,11.51,1.84,1.89,,151.56,-33.28,5.649143189
3928,Mobavenue AI Tech,1235,84.59,1852.5,0.08,7.61,107.36,55.12,67.18,,37.97,1.58,0.65,,15.92,-1.56,5.649143189
3929,Digitide Solutio,72.86,14.93,1085.7,0,-8.12,-81.35,495.79,6.55,,22.1,1.38,0.33,,294.25,213.58,5.649143189
3930,Emkay Tools,950,20.73,1013.77,0.26,24.36,22.17,61.89,14.74,,27.65,2.95,0,,0,35.44,5.649143189
3931,Anondita Medi.,680.85,53.63,1231.43,0,13.02,125.61,54.1,72.24,,41.57,2.73,0.43,,46.59,-10.47,5.649143189
3932,TVS Infra. Trust,115,139.21,2267.8,2.63,13.89,,60.75,,,19.48,1.9,0.52,,992.77,,5.649143189
3933,Kwality Wall's,23.53,,5528.59,0,-178.38,,223.41,,,24.62,100,0,,0,,5.649143189
3934,Citurgia Biochem,184.5,,2437.16,0,-0.29,-190,0,,-2150,15.36,0.91,,-3.85,6.87,-0.12,5.649143189
3935,SPARC,115.42,,3745.63,0,-80.57,14.43,8.45,-43.33,-297.83,27.18,0.03,,-84.66,416.61,-362.41,5.649143189
3936,Suven Life Scie.,134.03,,3534.65,0,-101.92,-160.53,2.81,74.53,-86.96,49.83,5.11,0,-78.9,0,-154.1,5.649143189
3937,Omaxe,72.05,,1317.8,0,-153.2,-1.73,301.82,4.46,-61.38,25.32,0.96,,-4.84,1419.29,1006.67,5.649143189
3938,Unitech,4.22,,1104.08,0,-975.09,0.57,140.96,91.21,-47.93,25.32,0.67,,-12,7430.84,-73.4,5.649143189
3939,Nitco,81.38,49.38,1864.55,0,-11.96,95.77,131.76,55.69,-42.87,40.11,2,1.01,-33.97,306.07,-147.97,5.649143189
3940,Orissa Minerals,3604,,2162.4,0,4.34,157.94,20.61,-0.05,-38.52,16.51,0.31,,-9.03,145.37,170.28,5.649143189
3941,Jaybharat Text,26.16,,1001.5,0,-7.47,-56.28,8.38,444.16,-29.09,19.84,0.23,,-9,523.71,-0.06,5.649143189
3942,BGR Energy Sys.,291.45,,2103.15,0,-192.56,42.63,77.71,17.65,-25.01,15.67,1.73,,-21.4,3998.36,-1857.43,5.649143189
3943,Ashika Credit,350.6,,1568.06,0,-0.31,,7.63,,-22.15,16.59,101.75,0,-19.13,1.01,-390.2,5.649143189
3944,Dec.Gold Mines,96.2,,1903.81,0,-22.19,10.08,1.41,31.78,-21.11,,2.13,1.12,-11.77,228.01,-50.7,5.649143189
3945,Zota Health Care,1097.4,,3737.81,0.09,-29.64,-57.92,142.95,98.21,-16.98,27.18,1.7,0.57,-17,181.43,-49.96,5.649143189
3946,One Mobikwik,181.82,,1431.47,0,4.05,107.33,288.95,7.23,-14.6,21.16,1.44,0.65,-10.99,341.42,-68.16,5.649143189
3947,Veranda Learning,137.53,50.58,1322.62,0,12.59,105.38,116.8,17.8,-12.96,18.67,0.35,0.42,-14.4,357.85,31.65,5.649143189
3948,Astec Lifescienc,562.85,,1254.16,0,-15.69,66.3,124.72,32.88,-12.86,21.31,1.04,0.89,-14.73,367.02,-8.4,5.649143189
3949,Kothari Indl,171.35,,1850.95,0,-18.54,-426.7,50.61,101.71,-12.59,17.48,3.64,0.04,-12.86,11.74,-35.07,5.649143189
3950,Amagi Media Labs,349.1,,7552.39,0,30.94,292.14,403.81,22.36,-10.42,22.1,1.18,0.07,-5.7,36.19,33.57,5.649143189
3951,Ideaforge Tech,417.95,,1808.72,0,-33.85,-40.92,31.55,79.16,-9.69,52.8,3.92,0.08,-9.22,43.41,-76.79,5.649143189
3952,Walchan. Inds.,148.14,,1005.01,0,4.66,135.14,80.95,37.04,-8.33,27.65,1.21,0.56,-10.61,194.06,15.62,5.649143189
3953,NACL Industries,137.99,,3229.15,0,-10.16,71.96,318.21,18.84,-7.8,21.31,1.02,1.13,-7.84,501.64,468.98,5.649143189
3954,Quadrant Future,300.05,,1200.2,0,-14.7,-73.96,33.28,23.21,-7.01,19.02,7.18,0.09,-7.19,25.08,-71.96,5.649143189
3955,M T N L,24.75,,1559.25,0,-896.94,-7.28,197.52,-24.39,-6.76,35.26,0.33,,-31.75,34064.17,339.84,5.649143189
3956,Exicom Tele-Sys.,88.46,,1230.3,0,-67.87,-35,276.73,40.74,-5.94,32.09,1.49,0.78,-8.21,582.33,-169.24,5.649143189
3957,Ramco Systems,394.7,33.91,1478.61,0,3.21,343.46,178.5,13.99,-5.4,37.97,0.89,0.15,-5.09,48.77,113.35,5.649143189
3958,Kalind,83.21,58.87,1014.25,1.2,2.46,1330,15.09,,-5.26,19.48,2.07,0,-1.58,0.06,-0.77,5.649143189
3959,TARC Ltd,123.09,,3632.34,0,-21.03,26.65,38.38,310.48,-4.83,25.32,1.52,1.81,-6.03,1961.54,42.96,5.649143189
3960,Alok Industries,12.84,,6375.37,0,-217.63,20.32,858.24,-0.65,-4.76,19.84,0.74,,-12.86,26006.51,115.22,5.649143189
3961,Panacea Biotec,329.65,,2019.13,0,3.89,32.57,165.19,1.04,-4.57,27.18,1.54,0.03,-3.4,22.9,-27.37,5.649143189
3962,Borosil Renew.,420.9,62,5900.55,0,100.19,425.31,390.46,8.01,-4.41,32.48,2.34,0.23,-6.63,203.41,99.79,5.649143189
3963,Sanghi Industrie,50.44,,1303,0,-115.39,-19.01,275,6.19,-3.91,27.06,0.6,5.93,-10.78,2493.64,-248.55,5.649143189
3964,Spandana Sphoort,207.85,,1657.42,0,-82.54,79.04,206.99,-59.36,-3.87,23.27,10.26,1.35,-9.17,3072.5,3782.97,5.649143189
3965,Restaurant Brand,61.13,,3563.12,0,-47.95,17.66,714.65,11.83,-3.01,62.41,0.67,2.23,-7.55,1788.88,350.44,5.649143189
3966,Fusion Finance,159.01,,2565.88,0,14.05,101.95,416.44,-12.11,-2.96,23.27,5.42,2.57,-12.2,4933.62,1447.88,5.649143189
3967,Aditya Bir. Fas.,59.98,,7320.62,0,-137.3,-15.93,2373.66,7.87,-2.87,26.42,1.43,0.91,-3.76,5665.24,1643.83,5.649143189
3968,Aurum Proptech,170.69,,1227.88,0,2.71,143.33,114.82,77.79,-2.83,22.1,1.44,0.58,-6.22,281.21,27.68,5.649143189
3969,Sundaram Clayton,1289.7,,2843.29,0.37,-51.92,-22.67,501.11,-5.33,-2.39,24.52,0.7,1.87,-5.28,1631.41,-9.7,5.649143189
3970,63 Moons Tech.,531.45,,2448.84,0.23,-31.73,4.12,26.86,128.01,-2.31,20.5,9.92,0,-1.93,5.3,-142.78,5.649143189
3971,Sagar Cements,167.68,,2191.7,0,-64.1,-4.56,590.54,4.73,-2.19,27.06,0.58,0.98,-4.65,1640.01,233.93,5.649143189
3972,Sumeet Industrie,29.39,51.72,1546.87,0,9.04,1565.45,266.92,6.02,-2.14,19.84,1.8,0.48,-1.34,97.97,410.06,5.649143189
3973,TVS Elec.,405.15,,1207.77,0,0.41,276.92,113.59,13.59,-1.88,23.6,1.15,0.69,-2.13,62.75,5.63,5.649143189
3974,Navkar Corporat.,82.77,,1245.85,0,9.36,182.11,185.85,43.56,-1.83,21.1,1.52,0.09,-1.75,170.58,83.97,5.649143189
3975,Wakefit Innovati,162.25,,5353.71,0,31.86,1585.06,421.34,9.39,-1.53,26.9,1.52,0.58,-4.25,292.58,76.67,5.649143189
3976,V I P Inds.,336.65,,4782.18,0,-52.87,-878.1,454.13,-9.37,-1.5,30.25,1.12,1.68,-3.99,778.52,292.17,5.649143189
3977,Swan Corp,318.6,,9986.74,0.03,-1.18,-101.69,1150.02,-39.73,-1.44,14.12,2.24,0.34,-2.73,2543.21,-528.86,5.649143189
3978,Valor Estate,98.07,97.31,5319.38,0,62.24,1263.38,529.18,60.6,-1.38,27.69,1.24,0.25,-1.33,995.29,540.45,5.649143189
3979,Balaji Telefilms,83.66,17.32,1019.08,0,-24.56,-107.91,41.58,-55.41,-1.35,35.24,3.03,0.04,11.05,25.36,51.73,5.649143189
3980,Prataap Snacks,908,,2170.44,0.06,3.25,239.28,461.58,3.82,-1.35,47.69,1.93,0.08,-0.88,55.28,26.09,5.649143189
3981,Haryana Fin. Co.,77.9,199.71,1617.66,0,8.56,1550.85,9.99,,-1.23,17.52,7.35,0,-1.08,0,-5.21,5.649143189
3982,Hemisphere Prop,137.2,,3910.2,0,-3.24,-39.66,0.26,8.33,-0.73,19.48,0.27,0.2,-0.69,88.04,-16.86,5.649143189
3983,Bluestone Jewel,543.8,,8278.34,0,71.46,365.85,747.9,27.39,-0.57,19.65,1.61,1.12,-7.39,1889.28,-664.84,5.649143189
3984,Guj.Nat.Resour.,93.5,165.59,1200.56,0,3.07,218.53,7.32,67.12,-0.56,22.87,4.29,0.05,-2.26,9,-30.43,5.649143189
3985,Indoco Remedies,192.2,,1774.08,0.1,-29.45,13.2,445.36,8.48,-0.49,27.18,1.1,1.02,-3.46,998.71,94.93,5.649143189
3986,Prabha Energy,157.4,,2307.06,0,0.92,605.56,1.76,72.55,-0.35,22.87,0.81,0.34,-0.23,146.9,-6.09,5.649143189
3987,Gujarat Alkalies,538.25,,3952.91,2.94,-19.95,-77.65,1044.46,1.46,-0.34,15.36,1.05,0.11,-0.83,636.63,381.18,5.649143189
3988,Dredging Corpn.,878.15,,2458.82,0,-24.63,-240.02,276.08,-14.91,-0.31,59.21,0.94,0.95,-1.81,1077.86,111.95,5.649143189
3989,Grand Oak Canyon,29.99,324.87,1556.13,0,0.06,117.65,0.07,,-0.22,16.59,25965.75,3.05,-0.22,2650,-5.34,5.649143189
3990,Dhenu Buildcon,7.46,3353.49,4426.61,0,0.81,4150,0.84,,-0.08,16.59,1,318.63,-0.08,1000.51,-19.82,5.649143189
3991,Simplex Infra,165.24,24.42,1306.97,0,8.09,170.38,247.71,7.8,-0.05,15.67,1.97,1.97,-0.23,1844.49,207.87,5.649143189
3992,Sundrop Brands,621.65,59.78,2343.42,0,8.06,19.58,407.47,95.62,0.22,21.75,1.7,0.01,3.08,13.49,84.41,5.649143189
3993,Thirumalai Chem.,174.37,,2102.08,0,-46.57,-10.83,415.85,-6.9,0.26,15.36,1.17,1.36,-1.34,2085.62,-65.88,5.649143189
3994,Oricon Enterpris,67.5,35.75,1060.07,0.74,8.83,208.44,17.66,-27.18,0.37,17.05,6.56,0.01,9.8,11.32,-31.55,5.649143189
3995,Nalwa Sons Invst,5365.5,117.81,2757.87,0,7.52,-7.97,11.94,-11.88,0.44,23.22,5.34,0,0.27,0.54,61.71,5.649143189
3996,Texmaco Infrast.,89.08,99.05,1135.12,0.17,1.07,108.91,3.82,-4.02,0.53,19.48,1.69,0.02,-0.44,28.94,184.37,5.649143189
3997,Netwrk.18 Media,30.91,142.79,4766.32,0,-5.29,251.54,539.37,-60.36,0.61,35.24,0.26,0.65,-1.45,3217.06,-1912.05,5.649143189
3998,Ind-Swift Labs.,141.51,24.4,1154.89,0,9.54,371.85,150.85,17.12,0.78,27.18,4.03,0.02,0.12,22.04,-25.47,5.649143189
3999,LKP Finance,169.9,63.66,1304.97,0,5.91,154.52,90.42,793.4,0.81,35.16,19.82,0.1,0.89,35.99,-106.71,5.649143189
4000,Kalpat.,296.25,,6100.2,0,-67.04,-158.7,504.92,-14.13,1.06,25.32,1.58,2.24,0.16,8927.72,488.25,5.649143189
4001,Fischer Medical,35.42,58.05,2297.04,0.01,19.23,6731.03,101.1,760.43,1.08,33.84,3.36,0.08,0.44,30.27,-86.74,5.649143189
4002,Aequs,123.06,,8253.21,0,-42.68,17.87,326.17,50.77,1.11,52.8,1.16,1.1,-3.37,785.05,26.14,5.649143189
4003,Bajaj Hindusthan,16.16,,2064.21,0,14.71,114.57,1380.44,-6.46,1.15,11.9,0.44,0.87,-0.16,3312.72,280.39,5.649143189
4004,Kalyani Invest.,4434,44.92,1937.66,0,1.71,-47.06,6.54,16.37,1.15,23.22,72.26,0,0.79,0,-16.14,5.649143189
4005,Tatva Chintan,1128.5,80.56,2639.79,0.09,15.17,10735.71,131.33,52.89,1.2,25.21,1.95,0.11,0.69,83.01,24.67,5.649143189
4006,Summit Securitie,1496,13.23,1630.91,0,17.02,450.21,21.64,2064,1.21,23.22,0.89,0,0.74,0,74.35,5.649143189
4007,Jaykay Enter.,132.62,50.42,1727.87,0,6.78,81.01,59.97,175.98,1.33,52.8,3.17,0.15,-0.01,73.38,-0.49,5.649143189
4008,Windsor Machines,230.05,,2020.35,0,-3.89,-183.3,135.84,26.19,1.46,27.65,1.18,0.02,-2.83,17.81,-41.32,5.649143189
4009,Rajesh Exports,94.01,16.53,2775.74,0,71.48,101.35,235098.28,143.3,1.47,19.65,1.2,0.05,0.37,879.02,7737.55,5.649143189
4010,Jyoti Structures,10.46,25.06,1248.57,0,17.01,48.17,208.96,52.14,1.61,32.09,7.1,3.85,1.33,1958.21,-177.29,5.649143189
4011,Raymond,372.95,13.09,2482.87,0,7.1,81.34,557.21,19.54,1.64,25.32,2.02,0.32,73.44,1032.4,233.14,5.649143189
4012,City Pulse Multi,2889.2,2147.49,4316.45,0,0.75,29.31,1.48,-8.07,1.66,26.42,2.64,0.04,1.4,3.68,4.54,5.649143189
4013,Pilani Invest.,4738.6,4336.12,5246.7,0.32,-14.39,-207.63,59.6,-2.2,1.75,16.25,0.3,0.13,0.55,2228.3,649.9,5.649143189
4014,Chemplast Sanmar,280.33,,4432.29,0,-119.2,-144.16,835.14,-21.03,1.83,15.36,0.59,0.97,-1.78,1888.87,171.67,5.649143189
4015,Anzen IYEP Trust,120.5,,3081.41,8.01,-3.96,-24.14,103.7,64.13,1.88,17.83,0.51,1.32,-0.84,1910.22,240.01,5.649143189
4016,Elcid Investment,95944.5,14.74,1918.89,0.03,47.38,787.66,61.74,1273.76,1.98,23.22,0.25,0,1.33,0,94.1,5.649143189
4017,Shipping Land,41.65,,1940.05,1.32,11.13,9.87,5.65,-5.04,2.09,23.22,3.65,0,-5.41,0.09,-49.42,5.649143189
4018,Asian Granito,60.44,34.67,1791.9,0,18.54,543.05,423.93,15.8,2.17,40.11,1.8,0.2,1.03,294.81,81.42,5.649143189
4019,Mahindra Life.,341.4,26.84,7283.52,0.82,108.88,487.51,459.16,174.49,2.2,25.32,1.52,0.1,0.73,325.42,-542.09,5.649143189
4020,Prism Johnson,125.03,860.95,6293.51,0,49.93,-140.67,1843.96,1.28,2.22,27.06,0.82,1.16,-1.28,1694.18,737.28,5.649143189
4021,Tsf Investments,366.6,17.36,8142.33,1.83,104.73,-2.53,258.47,693.34,2.27,23.22,2.5,0.05,7.64,273.22,188.28,5.649143189
4022,Dishman Carbogen,158.05,18.78,2477.96,0,-12.97,-381.96,719.8,5.49,2.42,27.18,1.1,0.4,-0.19,2558.8,375.23,5.649143189
4023,Apex Frozen Food,376.25,37.77,1175.78,0.53,10.09,4686.36,264.29,14.55,2.43,18.71,3.38,0.08,0.6,40.59,50.17,5.649143189
4024,Nazara Technolo.,235.35,,8718.89,0,8.84,-67.01,405.97,-24.07,2.5,20.19,2.15,0.06,1.27,196.5,65.5,5.649143189
4025,Max Estates,368.9,173.01,6029.5,0,0,-106.13,49.77,24.3,2.54,25.32,1.67,0.91,0.39,2098.46,225.01,5.649143189
4026,Blue Pearl Agri,30.2,3713.73,1819.73,0,0.28,-24.32,13.58,32.75,2.57,15.36,1534,0,2.06,0,-59.99,5.649143189
4027,Inox Green,150.4,75.31,6038.44,0,24.66,435.7,81.79,33.8,2.6,29.76,4.77,0.05,0.82,95.19,60.37,5.649143189
4028,Bombay Dyeing,103.16,115.11,2130.61,1.16,-9.85,-127.77,324.02,-21.89,2.61,19.84,2.38,0,1.05,3.04,-17.02,5.649143189
4029,PVR Inox,986,172.29,9682.52,0,95.4,260.72,1879.8,9.46,2.72,112.6,0.48,1.05,-1.83,7466.2,1966.8,5.649143189
4030,Sterlite Tech.,188.56,767.02,9204.23,0,-17,53.33,1257,25.95,2.86,48.16,0.9,0.94,-1.84,1921,348,5.649143189
4031,Raymond Lifestyl,869.2,54.46,5295.48,0,42.86,27.91,1848.72,5.39,2.87,19.84,1.5,0.26,0.48,2478.68,404.3,5.649143189
4032,Capillary Tech.,507.4,375.85,4029.13,0,7.99,-30.04,184.04,15.75,2.88,37.97,1.67,0.18,1.66,100.09,-46.2,5.649143189
4033,Rel. Indl. Infra,715,87.28,1079.65,0.49,3.01,9.85,12.36,0,2.92,21.1,7.25,0,2.24,0,-3.03,5.649143189
4034,Hinduja Global,362.25,,1685.2,0,34.35,-1483.33,1075.42,1.07,3.01,21.24,3.41,0.24,0.91,1898.77,457.17,5.649143189
4035,Hathway Cable,9.84,16.42,1741.78,0,21.71,55.44,536.56,4.97,3.03,15.99,3.02,0,1.91,9.39,290.3,5.649143189
4036,Embassy Develop,47.79,,6645.84,0,-233.72,-979.85,212.4,-34.7,3.19,25.32,2.45,0.46,0.62,4713.7,1460.87,5.649143189
4037,Ashiana Housing,303.5,26.02,3050.93,0.82,56.65,289.88,361.86,171.73,3.33,25.32,1.37,0.44,0.71,349.96,233.51,5.649143189
4038,Meghmani Organi.,42.62,26.75,1083.89,0,-3.53,19.59,508.74,-10.51,3.39,21.31,1.08,0.55,-0.4,840.78,66.22,5.649143189
4039,Sheela Foam,516,59.32,5609.48,0,52.57,211.97,1074.43,11.1,3.52,26.9,0.84,0.41,1.12,1257.41,252.33,5.649143189
4040,Ramco Inds.,259.25,8.86,2251.37,0.39,112.07,26.08,388.63,13.08,3.61,11.51,2.62,0.04,3.88,173.67,132.24,5.649143189
4041,Hindware Home In,197.14,85.24,1649,0,3.6,121.62,640.08,7.72,3.62,56.25,1,1.21,-1.78,909.87,192.09,5.649143189
4042,Allcargo Logist.,8.08,86.24,1210.21,13.61,0,-150,516,-0.58,3.84,21.1,0.99,0.77,1.16,674,261.08,5.649143189
4043,Prince Pipes,238.85,60.99,2640.75,0.21,-2.38,98.38,573.27,-0.77,3.85,21.75,2.26,0.15,1.92,237.16,118.94,5.649143189
4044,Sunflag Iron,217.64,17.99,3922.3,0.34,59.94,32.83,942.47,5.66,3.95,18.09,1.47,0.07,1.78,579.82,187.39,5.649143189
4045,HEG,498.15,25.2,9613.18,0.36,206.97,148.17,656.33,37.2,3.96,31.5,2.41,0.14,2.03,644.45,279.71,5.649143189
4046,Jai Corp,102.12,10.35,1792.26,0.49,17.48,48.96,116.11,-7.88,4.18,21.75,35.04,0,3.32,0.93,44.99,5.649143189
4047,Energy InfrTrust,80.5,60.32,5345.2,18.96,24.65,1164.1,923.1,-7.63,4.2,13.66,1.11,7.16,0.06,6476.32,1181.53,5.649143189
4048,Bengal & Assam,5846.85,7.84,6667.69,0.86,155.68,29.1,531.17,8.6,4.22,16.59,2.57,0.05,6.81,559.4,294.36,5.649143189
4049,ESAF Small Fin,23.06,,1189.12,0,7.12,103.38,894.05,-5.68,4.28,18.36,5.7,14.3,-1.96,25006.87,3176.32,5.649143189
4050,Intellig Sup Tru,125,,3810,5.93,-1.41,72.83,344.63,2.39,4.37,10.83,0.86,1.11,-1.77,2435.9,1006.65,5.649143189
4051,India Motor Part,995.6,13.93,1242.51,3.01,17.18,5.4,230.99,9.13,4.38,10.03,5.23,0,3.14,0,17.84,5.649143189
4052,Shadowfax Technologies,112.11,187.12,6517.25,0,34.86,439.63,1159.71,65.52,4.38,21.1,1.14,0.98,0.63,392.71,49.87,5.649143189
4053,Mrugesh Trading,15.58,,1125.58,0,0.26,2500,3.84,146.15,4.43,16.59,156.48,0,3.73,0,-17.85,5.649143189
4054,Rhetan TMT Ltd,25.01,232.82,1992.98,0,4.45,220.14,6.15,-3.61,4.47,18.09,5.8,0.42,2.61,40.67,4.97,5.649143189
4055,Greenpanel Inds.,194.07,,2379.83,0.15,10.24,20.47,416.27,15.81,4.48,29.52,1.5,0.3,3.58,412.63,77.8,5.649143189
4056,Andhra Paper,60.4,64.06,1201.06,1.66,9.85,-15.45,418.69,8.55,4.5,19.83,2.76,0.14,2.33,262.52,-55.39,5.649143189
4057,BF Investment,370.9,8.49,1396.81,0,89.38,1178.83,10.11,9.18,4.62,16.25,72.69,0,3.08,0,21.24,5.649143189
4058,NDR INVIT Trust,129.9,36.53,5144.2,2.86,33.27,-10.82,105.89,33.5,4.74,19.48,2.22,0.38,2.65,1453.11,280.39,5.649143189
4059,Indiqube Spaces,148.05,,3138.62,0,-17.07,-24.33,389.94,45.56,4.76,19.48,0.77,8.67,-3.34,4770.46,611.65,5.649143189
4060,TVS Supply,100.47,28.3,4432.54,0,11.19,153.87,2715.81,11.09,4.83,21.1,1.07,1.14,-0.16,2220.74,671.97,5.649143189
4061,Roadstar Infra,65,,2960.6,13.69,28.5,1.18,286.99,8.17,4.83,13.35,1.99,0.88,0.23,3567.91,756.52,5.649143189
4062,Jain Irrigation,30.17,43.8,2197.75,0,-47.48,-940.8,1597.58,17.4,4.94,21.75,1.26,0.71,0.23,4127.55,842.76,5.649143189
4063,Eureka Forbes,462.5,45.78,8944.92,0,9,32.34,645.45,7.96,5.04,42.9,0.95,0.02,2.55,90.83,225.5,5.649143189
4064,DCX Systems,163.72,137.22,1823.62,0,-2.43,-124.28,121.06,-39.47,5.1,52.8,2.62,0,2.07,3.51,495.9,5.649143189
4065,Greaves Cotton,134.73,28.89,3137.81,1.48,5.92,26.37,875.47,16.64,5.13,35.07,1.86,0.13,-0.25,184.73,-22.52,5.649143189
4066,Bhagiradha Chem.,180.43,176.98,2339.62,0.08,4.62,28.69,113.97,10.94,5.19,21.31,1.89,0.27,1.84,188.83,-52.8,5.649143189
4067,Elpro Internatio,88.03,7.99,1491.92,0.8,93.8,546.03,189.45,2825.9,5.24,25.32,0.6,0.51,2.07,1037.25,218.59,5.649143189
4068,Den Networks,25.95,6.53,1238.4,0,40.38,-5.76,251.01,-3.72,5.28,15.99,6.94,0.01,3.68,21.54,18.3,5.649143189
4069,Yatra Online,107.2,29.46,1682.14,0,8.34,15.88,256.82,9.16,5.34,39.76,2.11,0.07,2.88,55.89,-88.65,5.649143189
4070,Jindal Poly Film,957.25,,4191.45,0.62,-96.92,-453.42,371.66,-68.66,5.36,17.05,2.84,0.84,0.82,3443.71,221.57,5.649143189
4071,TVS Srichakra,3560.3,58.18,2727.19,0.47,11.18,743.96,916.51,14.17,5.36,23.65,0.87,0.69,0.95,794.97,197.33,5.649143189
4072,Rishabh Instrum.,387.65,21.9,1492.35,0,20.51,139,183.62,1.34,5.43,24.23,2.96,0.15,2.55,103.68,64.95,5.649143189
4073,Sindhu Trade,23.28,,3589.61,0,13.87,285.68,119.15,-76.68,5.45,21.1,5.21,0.27,0.7,449.3,-50.98,5.649143189
4074,SIS,273.65,11.24,3865.91,2.56,-138.37,14.38,4185.22,24.47,5.47,11.79,1.54,0.67,0.18,1687.08,742.29,5.649143189
4075,Mahindra Logis.,365.7,,3628.57,0.68,6.01,146.23,1898.03,19.06,5.64,21.1,1.17,0.59,-1.23,675.52,343.17,5.649143189
4076,Divgi Torq,705,58.59,2156.1,0.37,11.77,124.62,90.62,72.58,5.69,24.52,5.68,0,3.73,0.83,35.21,5.649143189
4077,IFGL Refractori.,144.65,34.18,1042.62,2.42,-3.08,34.4,468.64,23.7,5.71,31.5,2.07,0.19,2.76,216.79,28.28,5.649143189
4078,Sapphire Foods,160.13,,5146.3,0,-4.81,-78.14,813.83,7.57,5.76,62.41,0.71,0.99,0.86,1379.73,508,5.649143189
4079,Godavari Bioref.,316.9,30.08,1621.77,0,8.25,126.91,459.85,2.81,5.79,42.2,1.27,0.68,-1.23,492.54,6.15,5.649143189
4080,Globus Spirits,866.2,31.63,2517.87,0.32,31.42,4263.89,716.39,19.1,5.8,31.63,0.94,0.45,1.29,467.16,69.54,5.649143189
4081,Muthoot Microfin,150.85,,2571.87,0,62.44,1543.16,602.81,-11.45,5.8,23.27,14.21,3.2,-1.98,8652.55,1382.03,5.649143189
4082,Jagran Prakashan,61.13,8.1,1330.52,9.82,55.17,-13.53,476.71,-7.7,5.95,9.45,2.61,0.1,3.01,197.64,223.94,5.649143189
4083,Lloyds Enterpris,45.4,26.55,6775.6,0.22,37.93,-138.27,299.18,3.06,5.97,22.34,2.57,0.2,3.22,670.7,144.51,5.649143189
4084,Solara Active,450.2,,1987.68,0,-17.43,-232.01,349,16.21,6.01,27.18,0.92,0.51,0.02,646.08,212.82,5.649143189
4085,Sudarshan Chem.,812.55,1741.33,6387.61,0.55,-116,-489,2103,215.56,6.03,15.71,2.19,0.72,1.27,2528,37.04,5.649143189
4086,Puravankara,180.04,,4269.64,0,58.34,164.34,1069.31,236.08,6.04,25.32,1.03,2.78,-1.42,4497.47,-530.76,5.649143189
4087,GE Power,425.15,17.02,2858.18,0,72.32,431.62,385.62,21.69,6.09,32.09,1.17,0.05,8.84,20.12,319.65,5.649143189
4088,Shalby,140.08,187.72,1513,0,1.28,197.79,272.13,-1.27,6.12,43.04,1.33,0.53,0.11,534.69,-4.34,5.649143189
4089,Reliance Power,22.62,33.09,9355.11,0,25.11,-40.14,1872.84,1.08,6.15,29.76,0.5,0.92,-0.36,15231.51,1937.92,5.649143189
4090,Media Matrix,9.21,246.05,1043.26,0,2.07,101.32,336.42,30.21,6.17,112.6,1.44,1.05,1.05,143.35,-25.89,5.649143189
4091,G S F C,153.95,8.86,6134.56,3.25,158.15,18.09,2941.05,4.51,6.18,17.48,-16.1,0,4.04,1.39,83.48,5.649143189
4092,Precision Camshf,117.45,22.13,1115.61,0.85,9.21,262.73,178.68,-8.16,6.19,24.52,3.52,0.08,2.86,65.38,143.47,5.649143189
4093,Aayush Art,1109.45,880.21,1698.81,0,0.37,54.17,47.72,79.53,6.21,19.84,2.93,0,4.36,0,-40.43,5.649143189
4094,Unichem Labs.,313.35,20.98,2206.16,0,264.29,-69.96,521.17,-2.24,6.24,27.18,1.99,0.21,3.99,501.96,-7.02,5.649143189
4095,Sunteck Realty,307.7,23.6,4507.47,0.49,56.84,36.92,344.12,112.73,6.28,25.32,1.51,0.16,1.85,525.07,189.84,5.649143189
4096,Juniper Hotels,204.63,29.05,4553.07,0,65.42,99.02,295.13,16.88,6.31,27.69,1.27,0.5,1.64,1382.25,309.23,5.649143189
4097,Karnataka Bank,228.93,7.5,8657.71,2.18,290.79,2.54,2220.05,-1.02,6.33,14.25,9.57,8.27,1.07,104125.74,209.52,5.649143189
4098,Capital India,25.63,,1002.28,0.08,-5.19,-5940,147.02,8.9,6.34,16.59,1.42,1.04,-0.54,699.79,12.53,5.649143189
4099,MSP Steel & Pow.,30.04,105.23,1702.66,0,5.49,-26.4,638.92,-10.87,6.43,18.09,1.08,0.31,-1.79,281.37,189.28,5.649143189
4100,Guj Inds. Power,132.82,14.19,2061.58,3.08,-3.2,-108.16,369.94,14.89,6.44,29.76,3.55,0.79,3.31,2802.83,1126.54,5.649143189
4101,Atul Auto,417.05,32.48,1157.37,0,14.58,111.1,230.86,18.4,6.48,34.73,1.58,0.32,2.74,145.18,25.26,5.649143189
4102,South Ind.Bank,36.01,6.78,9425.6,1.11,374.32,9.49,2517.53,6.19,6.5,14.25,4.14,11.3,1.08,124423.04,-2352.95,5.649143189
4103,PC Jeweller,8.3,10.13,6653.9,0,190.1,28.97,875.38,36.9,6.55,19.65,5.05,0.22,7.38,1594.49,-632.72,5.649143189
4104,Sangam India,435.45,32.97,2187.99,0.46,24.1,3691.04,761.61,2.07,6.63,19.84,1.15,1.2,1.09,1225.05,433.42,5.649143189
4105,Fino Payments,150.82,17.54,1255.1,0,12.25,-37.56,62.96,27.58,6.64,18.36,2.78,3.93,2.43,2956.03,76.19,5.649143189
4106,NOCIL,143.96,38.25,2404.49,1.39,9.25,-1.63,315.84,-0.72,6.65,25.21,5.04,0.01,5.05,9.34,25.56,5.649143189
4107,Orient Green,9.35,18.21,1096.78,0,-21.43,16.57,35.97,4.23,6.65,29.76,3.21,0.41,2.36,489.52,168.54,5.649143189
4108,Asian Hotels (N),287.6,,1226.13,0,-56.47,-34.36,90.98,5.22,6.66,27.69,0.04,3.38,-4.26,627.09,436.57,5.649143189
4109,Kirloskar Indus.,2735.8,17.84,2875.15,0.48,49.45,5.99,1623.93,0.64,6.72,22.46,1.91,0.19,2.83,1295.78,598.26,5.649143189
4110,Raj Rayon Inds.,20.76,34.56,1154.43,0,5.87,-27.98,305.39,33.17,6.78,19.84,0.85,1.52,3,207.81,36.82,5.649143189
4111,Indostar Capital,199.1,,3216.21,0,8.3,-27.57,346.39,-7.19,6.79,16.59,1.06,1.43,-0.13,5708.66,-1061.13,5.649143189
4112,PNB Gilts,68.55,5.09,1233.97,1.46,53.91,599.81,424.67,17.2,6.8,23.22,2.28,15.13,0.94,24843.37,-196.88,5.649143189
4113,CIAN Agro,969.9,16.05,2714.35,0,89.52,173.51,645.63,62.92,6.82,21.75,0.94,0.64,1.78,1296.4,281.47,5.649143189
4114,SG Finserve,376.6,20.63,2252.82,0,32.47,37.06,86.28,103.06,6.83,16.59,1.56,1.72,3.86,1846.51,-489.21,5.649143189
4115,Ramkrishna Forg.,499.6,40.46,9044.29,0.4,13.57,2.34,1098.52,2.3,6.84,24.52,1.06,0.89,6.93,2721.85,32.55,5.649143189
4116,Equitas Sma. Fin,57.01,,6504.77,0,90.03,35.79,1691.68,4.95,6.85,18.36,3.83,8.12,0.3,47545.8,1936.82,5.649143189
4117,National Standar,1409.4,232.96,2818.8,0,3.25,51.16,3.17,-79.8,6.88,25.32,43.56,0,4.85,0,-8.26,5.649143189
4118,Alembic,79.9,6.44,2051.69,3,60.13,-8.04,74.34,28.35,6.9,25.32,1.87,0,12.82,12.58,86.37,5.649143189
4119,Smartworks Cowor,393.45,,4495.64,0,1.24,107.74,472.13,34.19,6.97,19.48,0.39,8.6,-1.47,4381.83,928.52,5.649143189
4120,GOCL Corpn.,236.3,4.75,1171.4,4.23,210.27,411.59,1.82,-60.35,7.02,23.75,7.45,0.06,3.72,166.49,15.67,5.649143189
4121,Seshasayee Paper,259,19.55,1633.46,0.97,18.64,12.09,386.88,-10.31,7.04,19.83,3.89,0.04,4.44,76.75,-61.28,5.649143189
4122,Capital Small,240.05,8.04,1090.28,1.67,34.41,1.06,271.92,15.73,7.04,18.36,10.64,7.11,1.36,9894.05,279.49,5.649143189
4123,RHI Magnesita,370.35,44.63,7647.78,0.68,61.56,29.49,1092.01,8.04,7.06,31.5,2.61,0.1,3.97,414.68,373.08,5.649143189
4124,Birla Corpn.,815.1,10.99,6277.09,1.23,52.76,141.58,2158.74,-4.34,7.08,27.06,1.04,0.45,2.27,3196.16,1669.49,5.649143189
4125,Westlife Food,437.55,,6822.99,0.17,1.02,-63.05,670.72,2.6,7.08,62.41,0.11,2.67,0.32,1662.21,344.9,5.649143189
4126,Just Dial,520.4,7.74,4425.72,0,117.93,2.81,305.69,6.39,7.11,19.8,8.88,0.02,5.14,95.02,311.49,5.649143189
4127,Excel Industries,874.45,14.5,1099.24,1.57,8.44,36.13,233.54,18.9,7.11,25.21,2.52,0.01,4.23,11.23,61.82,5.649143189
4128,CSB Bank,361.3,10.08,6268.04,0,152.67,0.69,1154.23,25.54,7.11,14.25,3.19,9.36,1.42,43977.96,-5255.52,5.649143189
4129,Mahamaya Steel,948.65,149.48,1559.05,0,1.91,94.9,224.11,12.15,7.15,18.09,1.45,0.4,3.05,61.6,8.85,5.649143189
4130,Polyplex Corpn,852.55,88.45,2676.36,1.58,29.61,-74.45,1682.43,-2.25,7.16,17.05,2.79,0.24,4.64,967.8,438.03,5.649143189
4131,Utkarsh Small F.,11.88,,2114.07,0,-375.02,-123.16,821.15,-11.93,7.17,18.36,2.98,9.98,0.09,23404.97,875.58,5.649143189
4132,Yasho Industries,1413,94.49,1703.67,0.04,4.5,648.78,201.83,35.18,7.23,25.21,1.26,1.37,0.56,584.4,-41.97,5.649143189
4133,Suryoday Small,123.54,19.18,1313.1,0,36.56,9.79,543.87,11.48,7.28,18.36,4.58,7.11,0.82,14156.1,1319.98,5.649143189
4134,Apollo Pipes,386.95,104.7,1704.45,0.18,-4.75,-152.5,247.18,-19.73,7.32,21.75,1.79,0.09,2.97,71.22,28.67,5.649143189
4135,Indokem,553.6,289.66,1543.89,0,0.4,-44.59,42.02,-3.18,7.38,25.21,1.27,0.36,2.32,23.07,5.01,5.649143189
4136,Renaiss. Global,93.49,10.93,1003.39,0,33.21,32.07,962.94,35.6,7.39,19.65,2.49,0.49,3.39,713.39,-3.4,5.649143189
4137,Sasken Technol.,1174.4,42.07,1783.5,2.13,9.14,34.39,250.13,73.08,7.41,22.1,1.55,0.03,4.96,26.52,-57.16,5.649143189
4138,Greenlam Industr,213.53,299.87,5448.17,0.19,-0.59,-106.94,706.37,17.33,7.41,29.52,1.11,1.03,2.33,1171.06,204.9,5.649143189
4139,Imagica. Enter.,39.98,144.1,2262.31,0,-5.17,-284.85,92.08,0.24,7.44,40.12,0.46,0.15,4.96,193.76,147.22,5.649143189
4140,Honasa Consumer,289.2,60.88,9409.69,0,48.11,109.31,587.44,16.36,7.44,41.57,1.91,0.09,3.79,116.16,78.3,5.649143189
4141,R C F,116.61,20.72,6433.26,1.13,80.95,0.9,4236.44,-6.24,7.49,17.48,1.24,0.56,2.07,2778.06,2363.82,5.649143189
4142,T N Merc. Bank,599,7.55,9485.25,1.84,341.5,13.74,1469.41,10.4,7.49,14.25,1.73,5.91,1.85,57770.95,1898.84,5.649143189
4143,Rico Auto Inds,109.18,25.61,1477.21,0.46,11.11,747.7,629.42,14.09,7.5,24.52,0.89,0.92,1.3,691.94,193.1,5.649143189
4144,Natl.Fertilizer,69.39,17.48,3404.13,2.25,135.2,195.13,6869.75,17.31,7.57,17.48,0.99,1.77,1.66,4537.06,2590.02,5.649143189
4145,Cartrade Tech,1696.9,39.66,8124.42,0,61.53,41.76,209.67,18.98,7.59,39.66,4.03,0.06,5.54,128.46,171.02,5.649143189
4146,Vindhya Telelink,1058.6,5.53,1254.44,1.51,-1.04,-102.66,716.56,-30.91,7.64,16.05,1.54,0.33,2.79,1399.61,-590.31,5.649143189
4147,Delta Corp,53.89,14.75,1443.02,2.32,14.28,-77.61,160.28,-14.23,7.65,40.12,2.91,0.01,3.09,31.85,49.36,5.649143189
4148,DCB Bank,169.82,7.78,5466.54,0.79,184.74,21.99,1860.88,11.36,7.67,14.25,2.05,11.85,0.88,70705.37,-441,5.649143189
4149,MMTC,60.04,79.48,9006,0,46.27,1184.85,0.34,36,7.7,28.5,1.82,0.02,2.72,32.13,-362.72,5.649143189
4150,Uflex,434.7,13.14,3139.03,0.69,36.1,-66.57,3612.01,-3.28,7.75,17.05,1.26,1.21,1.31,9326.31,1134.78,5.649143189
4151,Le Merite Export,446.1,85.64,1116.75,0,2.2,780,73.49,-22.92,7.8,19.84,2,0.64,2.29,82.43,-15.02,5.649143189
4152,Wonderla Holiday,520.25,39.83,3299.57,0.38,14.48,3.55,134.53,10.72,7.82,40.12,7.55,0,6.83,5.35,122.54,5.649143189
4153,Shilpa Medicare,323.25,35.74,6322.18,0.15,44.58,69.92,409.73,28.32,7.82,27.18,1.36,0.24,2.75,593.26,132.18,5.649143189
4154,DCW,40.17,28.58,1185.64,0.25,4.9,-63.49,519.81,9.63,7.93,14.12,1.02,0.36,1.41,380.15,190.75,5.649143189
4155,XPRO India,1005,183.7,2358.77,0.2,6.83,-9.24,106.31,1.68,7.93,17.05,3.62,0.46,4.6,316.62,12.75,5.649143189
4156,Shoppers Stop,288.5,,3176.88,0,16.12,-41.41,1415.82,2.64,7.96,38.46,0.84,11.56,0.19,3323.79,548.52,5.649143189
4157,IZMO,696.1,28.04,1041.54,0,11.7,93.07,59.11,0.75,7.98,22.1,2.31,0.02,5.84,6.91,4.47,5.649143189
4158,Vardhman Hold.,3148.2,4.33,1004.28,0.16,53.71,-18.32,5.76,-12.33,7.98,23.22,2.85,0,7.55,0,-5.5,5.649143189
4159,Landmark Cars,360.4,60.19,1494.4,0.14,14.18,35.48,1345.08,12.56,7.99,34.76,1.09,1.48,1.07,830.88,151.99,5.649143189
4160,Orchid Pharma,532.55,103.97,2701.05,0,-12.61,-126.47,207.27,-4.63,8.07,27.18,3.35,0.22,6.17,281.6,19.22,5.649143189
4161,B.L.Kashyap,49.4,124.99,1113.67,0,11.83,965.77,323.87,33.91,8.08,15.67,1.34,0.59,0.7,308.86,76.43,5.649143189
4162,E2E Networks,2262.2,,4649.95,0,-5.7,-149.18,70.02,68.32,8.08,22.1,16.39,0.1,3.35,160.15,88.47,5.649143189
4163,Hubtown,198.28,21.81,2817.57,0,23.42,6.94,87.59,-5.27,8.13,25.32,1.99,0.41,0.85,1059.11,-579.76,5.649143189
4164,Jana Small Finan,349.25,11.86,3678.46,0,9.69,-91.24,1384.13,17.56,8.15,18.36,2.37,8.49,1.41,36342.32,4073.25,5.649143189
4165,Rossell Techsys,720.1,123.56,2714.52,0.03,5.41,18.27,129.93,71.55,8.18,52.8,1.06,1.87,2.02,264.61,-42.26,5.649143189
4166,Rain Industries,108.91,86.15,3663.19,0.92,37.68,108.37,4300.71,17,8.26,14.12,1.87,1.32,0.68,9824.04,897.24,5.649143189
4167,NGL Fine Chem,2183.8,45.35,1349.59,0.08,14.74,1789.74,126.33,45.49,8.29,27.18,1.9,0.3,4.66,87.27,17.02,5.649143189
4168,Saraswati Commer,9450.1,12.09,1035.66,0,24.75,162.82,32.69,172.89,8.32,16.59,11.85,0.05,5.77,54.05,8.73,5.649143189
4169,AYM Syntex,183.27,,1073.62,0,1.48,-56.47,323.72,-14.28,8.36,19.84,1.13,0.41,1.23,238.2,108.08,5.649143189
4170,Religare Enterp.,215.94,69.93,7188.44,0,-76.54,-5.32,2056.38,23.25,8.39,23.22,0.25,0.11,1.77,318.52,1571.92,5.649143189
4171,Star Cement,216.39,23.47,8746.06,0.92,74.2,772.85,880,22.43,8.39,27.06,1.45,0.21,4.38,643.17,296.47,5.649143189
4172,Viyash Scientific,188.43,64.43,8231.58,0,48.52,6.2,858.41,10.9,8.47,27.18,1.91,0.61,2.05,490.31,83.36,5.649143189
4173,A.K.Capital Serv,1534.3,9.74,1012.64,2.48,26.03,51.7,134.75,17.16,8.48,16.59,12.11,3.22,2.17,3264.27,-477.57,5.649143189
4174,V-Mart Retail,510.2,34.14,4053.96,0,87.99,25.13,1126.38,9.71,8.5,38.46,1.01,0.95,0.91,801.24,349.4,5.649143189
4175,Sakar Healthcare,531,46.85,1181.47,0,10.25,124.29,70.34,62,8.54,27.18,1.08,0.24,4.41,71.87,34.03,5.649143189
4176,Health.Global,544.25,298.63,8125.77,0,-7.9,-116.76,633.07,13.34,8.56,43.04,0.73,1.92,1.58,1767.88,317.11,5.649143189
4177,Laxmi Organic,120.16,41.85,3330.21,0.42,25.41,-13.31,718.68,-8.6,8.56,25.21,1.09,0.17,3.74,333.53,107.96,5.649143189
4178,Universal Cables,675.95,14.89,2345.23,0.59,27.19,71.76,767.92,26.4,8.58,19.02,1.38,0.54,2.66,1013.75,175.62,5.649143189
4179,SEAMEC Ltd,1379.3,18.38,3506.87,0,99.76,3100.6,317.05,112.3,8.6,10.83,1.47,0.38,5.34,404.77,298.52,5.649143189
4180,JK Paper,336.9,21.29,5707.16,1.48,27.53,-45.13,1763,8.03,8.63,19.83,1.65,0.39,3.93,2117.88,613.23,5.649143189
4181,Triven.Engg.Ind.,359.8,25.11,7875.95,0.69,77.78,108.44,1478.14,16.54,8.65,11.9,2.08,0.25,4.22,768.09,-106.36,5.649143189
4182,AvenuesAI,14.2,19.9,4950.66,0,79.84,19.39,2381.19,122.47,8.65,21.16,1.73,0.02,4.59,78.66,72.06,5.649143189
4183,Indo Thai Sec.,252.15,86.71,3243.11,0.04,17,1670.83,27.71,400.18,8.66,17.15,2.95,0.02,4.52,3.82,-21.5,5.649143189
4184,Bannari Amm.Sug.,3602.9,31.93,4517.93,0.35,48.39,67.96,644.11,52.84,8.68,11.9,4.84,0.01,4.49,18.85,429.55,5.649143189
4185,RattanIndia Pow.,8.31,32.92,4462.56,0,54.26,1153.12,727.99,-0.73,8.69,29.76,2.54,0.85,2.29,3853.8,409.95,5.649143189
4186,PSP Projects,651.2,71.53,2581.47,0,16.06,164.14,771.22,23.75,8.7,15.67,1.46,0.3,2.63,363.99,54.52,5.649143189
4187,Entero Healthcar,1120.9,41.91,4877.14,0,33.88,22.94,1706.52,25.57,8.71,44.75,2.25,0.25,4.25,442.59,-76.87,5.649143189
4188,Sigma Advanced System,172.48,21.22,3039.78,0,-1.03,3.15,145.7,667.25,8.74,52.8,8.39,0.01,-8.2,3.89,36.74,5.649143189
4189,Neogen Chemicals,1336.4,132.89,3525.65,0.07,3.69,-63.14,220.02,9.23,8.82,25.21,1.58,1.41,2.7,1131.51,195.98,5.649143189
4190,Orient Cement,132.37,8.3,2719.67,0.38,27.8,208.28,636.1,-1.13,8.83,27.06,1.92,0.04,3.21,72.32,205.29,5.649143189
4191,IOL Chemicals,74.36,17.53,2182.67,1.34,20.58,40.88,580.39,10.91,8.86,27.18,1.99,0.09,4.37,158.98,178.68,5.649143189
4192,Modern Insulator,222.45,16.32,1048.72,0,24.13,161.43,199.46,60.11,8.9,24.23,3.22,0.07,5.57,32.62,39.71,5.649143189
4193,SPML Infra,168.1,22.26,1324.99,0,20.34,104.63,229.76,22.3,8.91,15.67,1.8,0.44,2.48,351.02,-84.4,5.649143189
4194,Centrum Capital,25.94,,1192.15,0,-134.6,-79.12,878.36,0.1,8.93,35.16,0.41,37.49,-0.84,16943.36,2532.43,5.649143189
4195,Baazar Style,242.85,70.7,1812.08,0,18.97,-34.75,466.46,13.33,8.94,26.42,1.02,1.91,1.49,871.64,52.77,5.649143189
4196,Dynamatic Tech.,9701,140.72,6588.38,0.05,5.77,316.15,424.87,34.7,8.96,27.65,1.29,0.78,2.67,594.43,144.33,5.649143189
4197,SpiceJet,12.05,,1838.95,0,-269.27,-1104.04,1384.31,12.45,9.1,16.93,0.39,,0.65,4208.77,-1665.07,5.649143189
4198,Zee Entertainmen,72.78,12.24,6990.66,3.34,154.8,-29.59,2280.1,15.23,9.21,15.99,6.81,0.02,5.53,285.6,1186,5.649143189
4199,IRB InvIT Fund,57.96,13.7,4584.34,13.8,59.67,-32.36,450.39,63.65,9.22,13.35,8.08,1.75,2.71,6567.76,960.6,5.649143189
4200,TTK Healthcare,811.45,16.47,1146.61,1.23,10.53,-5.92,209.3,2.23,9.26,23.24,5.68,0.02,5.72,26.83,-3.98,5.649143189
4201,Indus Inf. Trust,124.27,12.99,5504.4,8.05,96.43,-18.86,179.12,-14.86,9.32,13.35,7.71,0.46,6.92,2240.36,438.96,5.649143189
4202,Confidence Petro,36.28,14.29,1205.37,0.28,21.28,-31.37,1393.88,99.91,9.33,14.29,2.29,0.6,3.82,830.34,9.63,5.649143189
4203,Keystone Realtor,375.05,51.89,4734.38,0.4,5.08,-77.57,266.17,-42.64,9.33,25.32,1.72,0.44,3,1218.85,-11.39,5.649143189
4204,DEE Development,267.45,22,1852.45,0,18.55,262.27,286.67,76.96,9.39,27.65,1.34,0.7,3.13,584.75,-60.16,5.649143189
4205,Samhi Hotels,144.32,20.58,3192.45,0,48.14,74.4,337.75,15.63,9.43,27.69,1.2,0.97,2.96,1726.09,357.04,5.649143189
4206,Oriental Hotels,91.8,29.55,1639.54,0.54,20.94,39.12,139.25,14.23,9.45,27.69,0.5,0.27,4.23,187.64,99.69,5.649143189
4207,Dalmia Bharat,320.6,7.66,2594.91,1.87,69.77,17.64,697.75,-16.7,9.48,11.9,6.29,0.17,7.65,547.25,450.45,5.649143189
4208,Ravindra Energy,132.03,24.9,2357.45,0,14.64,571.56,127.17,139.31,9.53,24.23,3.02,0.98,5.01,385.53,70.9,5.649143189
4209,Nelcast,119.83,22.32,1042.54,0.42,15.9,165.89,329.62,13.11,9.55,24.33,1.28,0.52,3.03,291.58,104.83,5.649143189
4210,G N F C,407.05,9.6,5981.22,4.42,150,-7.98,1996,5.11,9.57,15.36,5.16,0,5.49,13,605.18,5.649143189
4211,Nilkamal Ltd,1217.3,15.38,1816.21,1.64,25.4,63.73,962.03,12.61,9.57,30.25,2.17,0.36,4.46,538.87,247.45,5.649143189
4212,Rane Holdings,1066,75.11,1522.25,3.56,-39.51,-1591.89,1534.62,23.7,9.64,16.25,0.88,0.94,2.78,1051.49,513.03,5.649143189
4213,Bharat Bijlee,2310.5,19.92,2611.59,1.51,24.68,-39.24,568.37,10.63,9.66,24.23,1.66,0.09,5.2,191.14,175.3,5.649143189
4214,Epack Durable,234.7,55.15,2258.48,0,2.59,3.19,427.75,13.51,9.7,42.9,1.15,0.76,2.92,724.03,31.26,5.649143189
4215,Hester Bios,1395,28.98,1186.71,0.5,9.32,-24.79,77.42,22.46,9.71,27.18,1.44,0.63,4.43,213.62,64.51,5.649143189
4216,Abans Financial,201,7.92,1018.24,0,34.31,23.59,6494.61,407.34,9.71,16.25,1.52,0.62,3.64,734.81,-118.76,5.649143189
4217,Mahindra Holiday,256.75,54.7,5187.46,0,1.4,-111.37,752.7,10.95,9.73,27.69,1.33,4.75,1.26,3480.88,621.46,5.649143189
4218,Shriram Properti,68.22,16.62,1164.2,0,-6.88,-153.05,178.9,47.62,9.73,25.32,1.51,0.51,1.99,705.82,153.6,5.649143189
4219,Cosmo First,624.55,11.22,1639.43,0.64,29.5,-0.2,898.98,28.31,9.77,17.05,1.19,1.11,3.42,1709.62,166.37,5.649143189
4220,Welspun Special.,34.45,103.9,2282.7,0,9.51,364.17,226.05,16.49,9.81,18.09,1.61,0.08,-0.68,34,57.77,5.649143189
4221,Technvision Ven.,6004.25,1041.62,3770.67,0,3.71,172.79,74.38,-8.13,9.81,37.97,0.97,0.87,0.07,9.72,16.36,5.649143189
4222,Quess Corp,177.73,11.72,2652.04,5.63,55.09,29.64,3929.71,-2.22,9.82,19.48,1.29,0.11,3.93,118.16,380.48,5.649143189
4223,Fedbank Financi.,134.18,15.95,5021.1,0,87.91,368.6,555.17,4.75,9.82,16.59,4.33,3.83,1.85,10390.9,-977.52,5.649143189
4224,Savita Oil Tech,342.85,13.2,2350.59,1.17,40.88,170.19,1073.62,13.56,9.84,12.26,2.49,0,4.15,0,62.31,5.649143189
4225,Hikal,168.48,83.09,2077.37,0.83,-5.9,86.63,494.3,10.41,9.85,27.18,1.1,0.57,3.61,683.3,280.4,5.649143189
4226,Mangalam Cement,833.8,28.17,2292.72,0.18,11.35,54.93,421.39,-3.88,9.87,27.06,0.8,0.82,2.24,734.11,187.63,5.649143189
4227,M.V.K. Agro,443.5,131.37,2239.85,0,10.19,215.48,111.97,307.61,9.9,11.9,1.78,0.89,3.41,120.33,51.14,5.649143189
4228,Mukand,126.39,30.4,1826.28,1.58,10.26,-31.28,1331.41,5.48,9.91,20.14,1.23,1.89,2.21,1811.11,180.09,5.649143189
4229,PTC India Fin,27.31,5.25,1754.08,0,49.09,-24.11,121.74,-22.98,9.93,16.59,17.32,0.76,3.56,2263.18,1139.22,5.649143189
4230,Ujaas Energy,147.7,646,1970.29,0,0.16,-95.93,3.49,-57.28,9.98,29.76,2.59,0.27,7.57,24,2.78,5.649143189
4231,AAVAS Financiers,1098.1,13.87,8696.06,0,170.05,16.14,674.2,12.98,10.09,13.21,10.4,3.08,3.27,14412.64,-1660.13,5.649143189
4232,Rallis India,238.65,25.25,4641,1.05,2,118.18,623,19.35,10.12,21.31,1.92,0.03,4.15,61,295.11,5.649143189
4233,Balrampur Chini,485.9,21.9,9812.77,0.72,113.43,60.96,1454.12,21.97,10.16,11.9,2.65,0.2,5.97,774.4,425.16,5.649143189
4234,Kitex Garments,159.4,80.54,3180.03,0.31,-17,-122.89,181.99,-34.14,10.16,22.27,1.65,1.14,6.01,1183.66,54.28,5.649143189
4235,Jindal Worldwide,21.32,32.54,2137.55,0,14.33,-22.33,532.12,-14.77,10.24,19.84,1.87,0.71,4.29,582.48,167.15,5.649143189
4236,Medplus Health,820.65,47.59,9852.28,0,57.79,25.98,1806.12,15.67,10.28,44.75,2.9,0.65,4.59,1193.08,540.43,5.649143189
4237,S H Kelkar & Co.,124.84,18.62,1728.05,0.8,32.63,-39.16,583.8,7.47,10.29,25.21,1.35,0.67,3.79,889.03,15.74,5.649143189
4238,Northern ARC,234.25,11.22,3784.82,0,92.17,-9.88,711.56,27.07,10.34,16.59,2.49,2.8,2.73,10259.16,-1053.99,5.649143189
4239,Electronics Mart,92.01,38.46,3540.07,0,29.65,-3.4,1939.65,7.46,10.35,38.46,1.77,1.26,4.75,1963.34,175.79,5.649143189
4240,Senco Gold,295.95,9.99,4847.86,0.34,266.55,701.9,3032.29,49.88,10.39,19.65,1.54,1.13,3.91,2407.77,-206.29,5.649143189
4241,Sanathan Textile,378.35,32.12,3193.43,0,-4.77,-113.96,1078.67,45.15,10.39,19.84,1.28,0.78,5.46,1435.3,284,5.649143189
4242,Ultramarine Pig.,402.3,14.63,1174.72,1.49,27.09,3.76,195.6,9.57,10.42,15.71,2.48,0.08,6.66,89.05,89.9,5.649143189
4243,JK Lakshmi Cem.,592.85,15.39,7359.9,1.1,57.04,-4.77,1588.4,6.12,10.48,27.06,1.2,0.72,3.71,2673.07,782.68,5.649143189
4244,RIR Power Electr,147.65,128.68,1174.89,0.14,4.23,134.27,25.64,36.24,10.51,24.23,3.32,0.1,5.8,13.88,1.29,5.649143189
4245,Kiri Industries,374.85,,2249.95,0,5022.79,-107.76,173.59,-2.82,10.52,15.71,1.45,0.37,6.38,1223.14,-341.93,5.649143189
4246,Gandhar Oil Ref.,132.38,12.18,1295.73,0.57,34.33,67.56,1167.06,16.09,10.59,12.26,2.48,0.26,4.28,331.47,14.71,5.649143189
4247,Mishra Dhatu Nig,315.3,54.11,5906.83,0.27,27.46,8.67,275.66,15.84,10.6,52.8,2.62,0.23,3.78,338.32,216.96,5.649143189
4248,Gokaldas Exports,581.4,36.39,4258.59,0,14.61,-70.98,978.65,-0.92,10.62,22.27,1.74,0.46,4.38,993.13,57.2,5.649143189
4249,Sh.Renuka Sugar,24.87,,5293.55,0,-38.1,81.19,2273.4,-12.67,10.64,11.9,0.37,,-3.08,6266.1,950.43,5.649143189
4250,Gateway Distri,51.07,10.4,2551.68,3.92,67.16,-6.55,560.41,39.23,10.65,21.1,1.22,0.32,8.39,716.34,384.87,5.649143189
4251,Tour. Fin. Corp.,65.45,24.91,3030.19,0.92,31.82,40.61,69.64,21.71,10.67,17.52,3.06,0.82,4.67,1030.77,70.34,5.649143189
4252,Tasty Bite Eat.,6729.5,48.21,1726.79,0.03,17.49,36.76,176.99,-0.95,10.74,47.69,2.51,0.21,5.69,66.1,39.21,5.649143189
4253,Kolte Patil Dev.,324.65,67.95,2879,0,4.23,-82.21,265.33,-24.12,10.87,25.32,1.09,0.86,2.08,1052.06,281.91,5.649143189
4254,I G Petrochems,384.85,,1185.14,2.6,-10.86,-138.05,465.32,-16.62,10.89,15.36,1.31,0.31,4.86,402.3,260.98,5.649143189
4255,Salasar Techno,6.94,58.35,1213.08,0,6.52,-55.06,330.78,-11.83,10.96,27.65,1.4,0.43,1.76,349.58,-5.47,5.649143189
4256,Stove Kraft,498.75,44.16,1651.23,0.6,4.15,-65.82,378.37,-6.36,10.96,42.9,0.89,0.4,3.44,196.49,129.91,5.649143189
4257,Suprajit Engg.,402.55,39.48,5521.82,0.75,12.53,-59.38,978.96,17.72,10.97,24.52,1.38,0.68,3.17,926.99,184.74,5.649143189
4258,Repco Home Fin,351.15,4.77,2196.84,1.28,115.44,2.01,456.93,2.66,10.97,13.21,1.83,3.18,3.24,11494.04,-613.7,5.649143189
4259,Cyient DLM,303.8,29.45,2411.09,0,11.23,2.18,303.35,-31.71,10.99,27.65,2.34,0.21,4.13,211.08,-62.39,5.649143189
4260,Balaji Amines,1067.1,24,3457.51,1.03,30.75,-5.3,331.3,5.94,11,25.21,5.17,0.02,7.21,31.15,255.44,5.649143189
4261,Ganesha Ecosphe.,805.2,55.67,2157.61,0.56,4.75,-84.01,357.22,-10.2,11,19.84,2.5,0.43,5.8,545.37,41.24,5.649143189
4262,Camlin Fine,118.71,960.59,2280.32,0,-37.1,-1607.76,457.2,6.07,11.03,25.21,1.36,0.76,-7.5,671.71,26.72,5.649143189
4263,Ugro Capital,94.3,11.77,1464.37,0,6.38,-82.99,408.88,10.17,11.05,16.59,9.97,3.28,1.86,8088.2,-2474.03,5.649143189
4264,Venus Remedies,868.25,15.21,1160.59,0,25.58,102.53,180.26,2.12,11.06,27.18,3.4,0.02,5.6,14.38,86.44,5.649143189
4265,TIL,187.24,,1543.68,0,-6.85,-85.14,73.23,-7.47,11.08,30.03,1.1,3.79,0.11,316.65,-130.67,5.649143189
4266,Texmaco Rail,89.63,21.9,3646.73,0.84,38.65,-13.95,1040.76,-4.16,11.15,27.65,2.29,0.29,3.86,822.55,63.69,5.649143189
4267,Jubilant Ingrev.,583.3,33.8,9290.87,0.86,46.9,-18.92,1050.99,-0.55,11.15,25.21,1.35,0.27,5.16,806.14,508.1,5.649143189
4268,JTEKT India,127.27,46.03,3530.43,0.55,20.36,41.45,680.12,14.9,11.22,24.52,1.66,0.23,5.37,264.03,194.49,5.649143189
4269,Relaxo Footwear,273.95,40.64,6819.67,1.1,26.54,-19.6,668.03,0.17,11.22,33.39,2.15,0.1,6.22,215.47,406.01,5.649143189
4270,Prakash Industri,121.28,6.57,2171.9,1.24,86.85,3.71,798.55,-13.76,11.24,20.14,1.31,0.1,8.28,341.88,141.9,5.649143189
4271,Venky's (India),1305.2,35.93,1838.68,0.77,48.58,138.37,960.15,8.91,11.25,10.53,2.34,0.13,5.61,181.41,66.33,5.649143189
4272,Shrem InvIT,93.4,6.62,5705.28,9.79,132.29,-43.11,470.51,-18.1,11.25,15.67,2.63,1.27,7.23,8080.17,385.6,5.649143189
4273,Hi-Tech Pipes,75.54,23.81,1534.28,0.03,13.78,-16.99,901.71,42.24,11.26,18.09,1.98,0.14,4.99,173.72,119.59,5.649143189
4274,MAS FINANC SER,302.55,15.51,5489.87,0.56,93.32,20.32,506.75,23.68,11.32,16.59,5.31,3.53,2.89,9910.09,-1133.48,5.649143189
4275,SG Mart,433,53.11,5455.8,0,10.74,-61.7,1644.43,23.21,11.33,22.34,2.31,0.17,5.46,266.41,-391.01,5.649143189
4276,RPSG Ventures,604,,1998.42,0,-136.3,-203.72,2756.4,15.57,11.33,21.24,0.7,2.41,1.08,6393.33,1097.5,5.649143189
4277,Home First Finan,936,19.7,9765.1,0.4,140.2,43.97,482.24,18.79,11.35,13.21,11.73,2.4,3.51,9652.62,-2198.34,5.649143189
4278,Senores Pharma.,751.6,34.07,3461.39,0,33.58,84.28,174.56,69.44,11.4,27.18,2.39,0.3,6.31,241.11,-45.92,5.649143189
4279,Heidelberg Cem.,149.43,23.84,3386.28,4.68,15.6,255.49,574.17,5.78,11.41,27.06,1.03,0.06,4.12,76.85,264.65,5.649143189
4280,Bajaj Healthcare,312.95,20.14,1053.47,0.32,15.67,7.62,161.22,31.3,11.44,27.18,1.66,0.49,4.98,237.99,21.62,5.649143189
4281,Guj. Ambuja Exp,134.51,30.19,6169.58,0.19,65.92,-2.79,1484.17,31.24,11.46,25.04,3.74,0.09,7.18,288.31,340.58,5.649143189
4282,West Coast Paper,434.65,20.11,2870.86,1.15,29.57,-58.16,1049.78,3.34,11.47,19.83,2.84,0.13,6.48,463.16,99.22,5.649143189
4283,The Hi-Tech Gear,603.35,50.25,1135.12,0.83,0.86,-87.48,223.52,9,11.51,24.52,1.9,0.36,4.66,180.68,149.04,5.649143189
4284,PTC India,165.18,7.86,4889.47,7.08,131.24,-23.87,3405.37,-0.45,11.51,7.86,2.02,0.39,5.2,2263.89,2131.55,5.649143189
4285,Somany Ceramics,378.3,23.98,1551.51,0.79,17.01,73.58,682.31,5.81,11.51,40.11,1.01,0.42,2.99,327.3,141.17,5.649143189
4286,Pashupati Cotsp.,981.1,97.09,1548.57,0.05,2.69,236.25,147.69,-10.24,11.51,19.84,1.84,0.51,4.34,81.59,29.45,5.649143189
4287,TTK Prestige,466.4,41.63,6387.39,1.29,31.78,-13.74,801.4,10.2,11.55,42.9,3.21,0.1,5.42,189.45,157.24,5.649143189
4288,SBFC Finance,86.77,22.72,9600.36,0,118.04,34.01,425.57,27.74,11.55,16.59,2.71,1.8,4.41,6175.65,-1415.26,5.649143189
4289,Alicon Cast.,647.35,27.75,1057.57,0.85,3.3,394.87,430.09,9.69,11.56,24.52,1.19,0.57,3.65,351.01,204.15,5.649143189
4290,Bajaj Electrical,353.65,108.42,4080.79,0.85,-34.1,-164.21,1050.91,-18.52,11.61,42.9,1.32,0.13,2.8,215.3,346.8,5.649143189
4291,Bliss GVS Pharma,210.23,20.12,2224,0.24,24.78,3.77,218.25,3.72,11.72,27.18,4.46,0.05,7.19,52.49,105.91,5.649143189
4292,Protean eGov,522.2,22.68,2121.01,1.91,22.5,10.82,228.87,13.13,11.72,22.1,2.61,0.07,7.25,67.01,192.71,5.649143189
4293,Kama Holdings,2474.35,8.47,7940.33,1.68,433.82,85.4,3743.28,6.18,11.75,16.25,1.94,0.6,5.72,4597.64,2533.8,5.649143189
4294,Sanstar,82.4,77.09,1501.69,0,13.67,-4.14,201.76,-8.31,11.76,25.04,6.04,0.03,6.84,22.43,38.74,5.649143189
4295,Everest Kanto,104.09,9.9,1167.97,0.67,35.73,108.99,365.11,-0.52,11.79,27.65,3.41,0.15,6.67,197.16,58.01,5.649143189
4296,HMA Agro Inds.,23.96,7.06,1199.84,1.25,66.58,226.42,2059.45,41.54,11.81,10.53,1.51,0.73,5.55,627.11,124.39,5.649143189
4297,PCBL Chemical,248.05,37.48,9759.84,2.42,2.02,-95.01,1845.62,-8.18,11.82,34.87,0.87,1.36,3.76,5252.39,760.49,5.649143189
4298,TCC Concept,358.65,33.51,1704.59,0,14.01,34.85,46.48,107.69,11.83,28.5,2.49,0.05,8.35,36.81,23.18,5.649143189
4299,KRBL,287.35,10.17,6577.15,1.22,169.97,28.17,1476.93,-12.19,11.84,25.04,8.58,0.01,7.83,70.99,960.75,5.649143189
4300,Rane (Madras),723.85,23.21,2000.51,1.11,32.64,1189.53,1015.15,21.23,11.87,24.52,0.88,1.16,2.61,810.58,339.32,5.649143189
4301,Satin Creditcare,145.16,8.35,1603.6,0,71.91,404.28,747.47,9.27,11.87,23.27,4.89,3.68,1.69,9640.34,-563.4,5.649143189
4302,M M Forgings,428.25,23.88,2067.66,0.93,17.57,-33.82,413.64,10.57,11.88,24.52,1.32,1.31,5.64,1216.41,181.62,5.649143189
4303,Indian Hume Pipe,323.75,16.26,1705.57,0.56,61.51,-14.27,282.06,-25.89,11.91,27.65,1.95,0.36,4.2,500.87,203.8,5.649143189
4304,Moschip Tech.,165.72,78.17,3212.76,0,4.34,-15.37,149.39,18.41,11.93,23.6,2.17,0.13,8.08,48.17,100.29,5.649143189
4305,Marathon Nextgen,418.95,13.26,2824.58,0.24,32.73,-29.34,124.9,1.26,11.95,25.32,4.91,0.03,6.78,59.06,-25.31,5.649143189
4306,Apeejay Surrend.,108.47,27.25,2314.47,0.46,24.67,-21.66,187.61,9.26,11.99,27.69,1.31,0.17,5.49,215.85,151.81,5.649143189
4307,Centum Electron,2987.8,79.17,4404.31,0.2,-61.75,423.59,331.44,21.39,12.03,27.65,1.16,0.52,-1.21,210.86,-29.35,5.649143189
4308,Sportking India,117.27,12.11,1490.17,0.85,24.6,32.97,645.89,5.93,12.04,19.84,2.72,0.48,5.79,511.55,414.62,5.649143189
4309,Deep Industries,409.75,11.31,2622.4,0.74,71.35,56.07,221.5,43.06,12.06,11.31,2.81,0.11,10.37,205.05,209.95,5.649143189
4310,Antony Waste han,438.55,19.22,1244.86,0,14.64,-27.03,262.44,8.12,12.1,18.91,1.23,0.68,5.34,470.93,189.53,5.649143189
4311,Bajel Projects,163,118.68,1885.86,0,-0.42,208.9,562.34,-9.65,12.11,32.09,1.22,0.16,0.9,112.82,69.13,5.649143189
4312,Harsha Engg Intl,340.6,25.07,3100.96,0.29,33.6,25.89,409.25,20.74,12.14,22.46,3.05,0.24,6.53,317.07,206.34,5.649143189
4313,SMS Pharma.,385.05,41.3,3606.07,0.1,23.34,35.93,210.45,21.4,12.19,27.18,1.77,0.43,6.07,324.3,81.71,5.649143189
4314,Azad Engineering,1469.4,77.11,9489.64,0,34.04,40.14,155.8,31.38,12.23,32.09,4.48,0.2,6.68,300.34,62.89,5.649143189
4315,John Cockerill,4682.45,113.56,2312.11,0.15,0.42,880.95,102.07,41.1,12.25,27.65,1.33,0.03,3.22,5.31,158.54,5.649143189
4316,Brightcom Group,8.81,2.03,1777.79,0,310.6,27.53,2231.94,33.33,12.32,22.1,5.86,0,7.65,0,174.57,5.649143189
4317,Sandhar Tech,477.3,16.22,2872.9,0.73,33.45,16.56,1184.64,21.67,12.32,24.52,0.97,0.78,5.28,954.52,246.97,5.649143189
4318,Hind.Oil Explor.,128.43,22.87,1698.4,0,8.28,-80.89,75.38,-48.55,12.33,22.87,1.14,0.06,7.52,76.9,160.7,5.649143189
4319,India Glycols,876.25,21.71,5873.22,0.86,67.57,20.03,1102.4,13.04,12.35,31.63,0.83,0.86,4.04,2054.94,362.11,5.649143189
4320,Uniparts India,456,15.53,2058.53,3.34,33.32,87.2,281,34.9,12.35,24.52,3.53,0.13,7.57,120.57,181.99,5.649143189
4321,Greenply Industr,192.9,32.44,2409.09,0.26,14.34,-31.15,673.4,9.59,12.36,29.52,1.32,0.64,5.06,542.3,218.68,5.649143189
4322,Sai Silks,100.65,12.68,1543.63,0.99,38.14,-17.12,411.25,-8.32,12.37,26.42,3.84,0.25,5.2,300.72,106.78,5.649143189
4323,Mold-Tek Pack.,512.15,25.07,1701.82,0.78,14.35,5.21,198.44,4.06,12.41,17.05,1.49,0.33,6.88,221.87,110.42,5.649143189
4324,Borosil,222.01,33.95,2654.84,0,23.95,-24.04,338.75,0.19,12.48,34.64,2.12,0.09,5.85,80.08,-19.33,5.649143189
4325,VST Till. Tract.,5239,36.03,4528.26,0.38,30.72,1707.06,314.3,43.45,12.52,26.28,4.71,0,7.55,1.82,76.55,5.649143189
4326,Krsnaa Diagnost.,587.65,23.72,1906.26,0.47,16.49,-23.66,159.43,-3.47,12.52,35.31,1.45,0.3,6.46,283.57,89.38,5.649143189
4327,HLE Glascoat,286.3,37.33,1988.49,0.38,4.6,-46.3,326.57,41.35,12.53,27.65,1.17,0.75,4.96,381.51,134.36,5.649143189
4328,RACL Geartech,1250.2,35.39,1473.75,0.12,14.66,91.13,130.81,19.47,12.54,24.52,1.33,0.7,4.31,230.04,63.96,5.649143189
4329,Lux Industries,941.1,24.97,2830.05,0.21,13.32,-46.66,672.53,21.59,12.54,22.27,2.27,0.29,6.92,518.5,-84.88,5.649143189
4330,Jayaswal Neco,74.24,18.9,7208.69,0,74.09,6.08,1727.23,4.25,12.59,18.09,0.68,0.9,1.9,2321,1388.49,5.649143189
4331,Mufin Green,102.99,84.64,1784.11,0,7.01,15.68,55.92,29.81,12.61,16.59,3.6,2.68,2.08,854.45,-142.39,5.649143189
4332,INDIA SHELTE FIN,686.15,15.78,7462.46,0.73,123.94,29.2,389.5,28.14,12.61,13.21,2.67,1.89,5.57,5492.24,-1435.61,5.649143189
4333,Le Travenues,173.54,128.94,7595.7,0,23.95,69.33,317.56,31.35,12.62,39.76,1.99,0.04,6.85,24.92,122.21,5.649143189
4334,Dollar Industrie,260.05,14.34,1474.9,1.15,19.21,-1.23,388.22,2.76,12.63,22.27,2.19,0.34,6.32,310.47,86.42,5.649143189
4335,Kirl. Ferrous,359.9,16.79,5935.53,1.53,57.5,14.14,1589.88,-1.2,12.64,23.81,1.14,0.36,5.25,1290.39,660.35,5.649143189
4336,Ajmera Realty,108.52,17.88,2135.63,0.83,27.87,-24.64,181.75,-5.77,12.66,25.32,6.78,0.52,5.92,652.24,7.55,5.649143189
4337,Team Lease Serv.,1188.5,14.68,1992.98,0,42.48,64.26,3012.95,3.14,12.67,19.48,1.24,0.13,5.17,127.62,104.38,5.649143189
4338,RattanIndia Ent,26.71,,3692.04,0,-162.01,5.19,2006.44,4.42,12.69,39.66,2.79,1.07,3.04,1110.5,306.41,5.649143189
4339,Aye Finance,107.55,13.89,2654.16,0,42.6,87.09,442.78,22.66,12.7,16.59,9.92,2.75,3.05,4554.74,-811.79,5.649143189
4340,Avalon Tech,951.9,66.15,6355.47,0,32.6,35.89,417.54,48.67,12.76,24.23,2.14,0.25,6.12,163.12,25.06,5.649143189
4341,Monte Carlo Fas.,525.35,11.3,1089.16,3.81,106.84,12.06,608.38,10.86,12.77,22.27,1.59,0.9,4.92,749.61,70.4,5.649143189
4342,Honda India,2021.9,24.96,2050.21,5.12,16.67,32.69,270.4,32.43,12.81,27.65,3.77,0,7.73,0.06,22.09,5.649143189
4343,Apcotex Industri,351.05,21.86,1820.02,1.85,22.22,125.61,331.46,-6.7,12.81,18.44,1.61,0.23,5.59,135.01,84.72,5.649143189
4344,Archean Chemical,601.25,50.68,7422.94,0.5,24,-50.72,254.56,5.06,12.81,25.21,3,0.15,7.86,281.38,176.23,5.649143189
4345,Jindal Poly Inve,1165.7,1.38,1225.15,0,702.05,2000.06,961.8,12230.77,12.83,23.22,0.17,0.01,13.79,23.46,1.3,5.649143189
4346,AWFIS Space,263.6,32.15,1885.81,0,21.66,51.68,381.78,20.16,12.9,19.48,0.68,2.91,2.44,1450.97,362.56,5.649143189
4347,Huhtamaki India,162.93,10.48,1230.48,1.23,30.3,157,622.52,0.55,12.95,17.05,2.18,0.12,6.06,149.21,142.34,5.649143189
4348,Lemon Tree Hotel,105.66,34.86,8370.88,0,81.83,32.08,406.05,14.32,12.98,27.69,0.9,1.67,6,2059.39,541.58,5.649143189
4349,K C P,137.5,11.4,1772.67,0.18,17.22,-5.6,614.37,2.28,12.99,27.06,2.37,0.5,9.38,824.67,160.02,5.649143189
4350,Zaggle Prepaid,207.81,21.99,2794.18,0,35.97,77.72,497.63,47.91,12.99,22.1,19.25,0.01,8.73,14.55,19.85,5.649143189
4351,Goodyear India,745.15,30.33,1719.06,3.21,24.63,159.81,606.91,-3.93,13.01,23.65,1.37,0.05,4.55,27.77,131.2,5.649143189
4352,JTL Industries,52.11,25.34,1990.82,0.24,26.01,4.16,422.9,-6.35,13.01,18.09,4.26,0.12,9.05,149.82,-214.79,5.649143189
4353,One Point One,44.52,31.13,1170.52,0,8.64,13.52,77.3,17.69,13.02,21.24,3.13,0.13,7.34,53.22,27.84,5.649143189
4354,Arvind Ltd,359.25,22.38,9416.47,1.04,100.97,9.29,2372.64,13.57,13.04,22.27,1.07,0.4,4.65,1537.25,762.88,5.649143189
4355,India Pesticides,136.99,13.98,1577.62,0.55,23.11,33.12,225.93,31.19,13.04,21.31,2.88,0.03,7.88,31.45,5.96,5.649143189
4356,Aarti Drugs,343.15,15.46,3131.93,0.58,40.55,9.42,601.71,8.1,13.09,27.18,1.68,0.39,6.71,573.49,244.58,5.649143189
4357,GMM Pfaudler,856.9,34.41,3852.38,0.23,-8.89,2.77,883.5,10.23,13.09,27.65,1.66,0.92,1.99,1078.73,378.1,5.649143189
4358,Advanced Enzyme,272.6,21.18,3051.12,1.91,43.18,-8.89,171.95,1.68,13.11,46.62,8.75,0.02,8.54,34.66,142.5,5.649143189
4359,Paisalo Digital,35.07,15.1,3189.69,0.29,66.26,7.06,240.05,17.82,13.13,16.59,1.18,2.26,4.26,3768.85,-841.53,5.649143189
4360,Gufic BioScience,294.35,59,2951.82,0.03,12.42,-35.68,231.41,11.37,13.15,27.18,1.55,0.58,6.15,369.21,122.57,5.649143189
4361,GMR Urban,104.52,,8163.2,0,-160.27,-43.85,1868.96,16,13.18,29.76,1.5,8.23,-1.73,11588.61,2832.74,5.649143189
4362,Nitin Spinners,368.5,12.44,2071.71,0.81,44.41,-0.83,800.68,-4.55,13.19,19.84,1.87,0.67,6.44,915.43,307.43,5.649143189
4363,Sula Vineyards,152.62,41.39,1288.83,2.36,9.1,-63.83,180.39,-9.87,13.25,31.63,1.34,0.71,6.65,400.06,58.38,5.649143189
4364,Edelweiss.Fin.,104.7,16.74,9910.19,1.43,270.36,134.36,4404.43,132.1,13.27,16.25,0.42,4.4,1.28,19459.09,2051.75,5.649143189
4365,Avishkar Infra,614.45,795.71,1376.57,0,0.03,,0,,13.28,25.32,3.62,1.48,9.77,19.95,-28.96,5.649143189
4366,Arman Financial,1511.6,56.05,1589.13,0,22.18,405.51,160.07,-2.85,13.31,16.59,5.96,1.37,2.14,1197.25,492.82,5.649143189
4367,Electrost.Cast.,74.83,13.14,4625.88,1.87,-21.87,-89.7,1471.81,-17.29,13.36,18.09,1.62,0.38,7.62,2222.55,480.45,5.649143189
4368,Bharat Wire,164.25,14.7,1126.5,0,18.25,22.65,142.82,-11.74,13.38,18.09,5.8,0.13,8.08,101.81,74.05,5.649143189
4369,GRM Overseas,154.27,43.57,3196.63,0,19.14,41.36,482.79,30.05,13.5,25.04,2.13,0.44,7.29,211.22,62.34,5.649143189
4370,Indo Count Inds.,233.45,40.67,4623.58,0.86,24.43,-65.48,1062.83,-7.7,13.52,19.84,1.63,0.54,6.3,1243.49,394.14,5.649143189
4371,5paisa Capital,291.6,31.57,1367.09,0,12.3,-23.7,79.28,-7.02,13.55,17.15,1.64,0.46,3.67,290.55,98,5.649143189
4372,Orkla India,569.5,29.95,7801.54,0,56.64,3.74,636.06,3.38,13.55,20.78,2.61,0.02,7.88,64.42,391.67,5.649143189
4373,Ethos,2237,61.55,5985.7,0,30.57,7.47,468.52,26.65,13.75,19.65,5.92,0.22,7.49,313.84,-20.29,5.649143189
4374,AXISCADES Tech.,1426,55.26,6062.98,0,27.66,110.65,343.18,25.01,13.76,52.8,2,0.37,6.96,259.49,88.34,5.649143189
4375,Jindal Photo,1141.4,96.77,1170.89,0,-116.94,-575.17,0.64,33.33,13.8,23.22,2.54,0.06,13.36,62.11,0.06,5.649143189
4376,Bosch Home Comfort,1281.1,107.98,3483.31,2.81,-19.03,-239.82,475.57,10.17,13.83,42.9,1.16,0.38,3.53,180.62,83.25,5.649143189
4377,PNC Infratech,186.21,11.61,4777.02,0.32,76.73,-5.14,1200.68,-18.32,13.89,15.67,3.35,0.77,4.61,5068.78,-56.11,5.649143189
4378,Sambhv Steel,94.48,26.78,2784.06,0,24.13,112.79,589.14,59.64,13.92,18.09,1.24,0.22,4.88,218.28,127.38,5.649143189
4379,G R Infraproject,859.7,7.76,8318.5,1.45,258.75,-4.78,2308.28,36.22,13.95,15.67,3.01,0.63,7.02,5592.25,-2031.59,5.649143189
4380,Arfin India,76.95,152.92,1298.32,0.14,4.82,59.08,196.41,8.89,13.97,16.26,1.59,0.93,2.91,148.73,-21.2,5.649143189
4381,Apollo Micro Sys,198.63,79.47,7096.9,0.13,22.88,40.64,252.22,69.97,13.98,52.8,2.45,0.33,5,361.03,10.24,5.649143189
4382,Yatharth Hospit.,640.25,36.86,6169.09,0,43.08,48.74,320.47,46.23,13.99,43.04,7.16,0.02,9.4,26.24,149.6,5.649143189
4383,A C J K Exports,,36.61,2195.29,,,,,,14.02,18.45,1.24,2.07,4.23,784.06,94.96,5.649143189
4384,Vaibhav Global,204.73,16.36,3420.38,2.93,89.8,40.71,1066.03,9.07,14.03,19.65,2.46,0.16,7.79,227.47,164.78,5.649143189
4385,Filatex India,40.68,9.76,1806.43,0.61,55.34,16.68,1049.7,-1.78,14.08,19.84,1.38,0.1,6.15,140.51,312.22,5.649143189
4386,Shanti Educat.,163.4,592.51,2630.74,0,-0.61,-131.28,5.83,-71.63,14.11,23.6,1.87,0.09,8.77,6.71,-3.11,5.649143189
4387,Nephrocare Health Services,532.9,67.99,5347.16,0,32.24,60.32,259.73,31.67,14.11,35.31,1.74,0.45,7.39,261.45,135.35,5.649143189
4388,KDDL Ltd,2195.4,32.09,2700.18,0.68,38.29,-26.02,596.72,26.42,14.12,19.65,4.39,0.45,7.66,466.82,-4.26,5.649143189
4389,Parag Milk Foods,198.92,18.54,2488.68,0.5,29.57,-3.63,1012.69,14.46,14.13,24.62,1.88,0.45,6.1,542.89,212.04,5.649143189
4390,Brigade Hotel,59.78,48.53,2270.7,0,21.72,140.07,138.76,11.59,14.13,27.69,1.89,0.38,2.59,347.15,148.95,5.649143189
4391,TruAlt Bioenergy,409.25,23.74,3509.42,0,69.19,-7.79,713.24,71.82,14.18,25.04,1.53,1.1,5.38,1545.73,329.23,5.649143189
4392,Rashi Peripheral,342.35,9.29,2256.08,0.58,74.6,131,4030.41,42.6,14.19,23.6,1.59,0.52,5.14,969.62,-299.18,5.649143189
4393,Rajratan Global,370.65,26.9,1881.83,0.54,20.69,122.23,301.53,38.09,14.22,24.52,1.14,0.62,6.56,372.57,56.66,5.649143189
4394,S P Apparels,715.25,15.84,1798.06,0.28,27.01,11.5,382.95,6.58,14.25,22.27,1.37,0.45,7.29,404.94,44.42,5.649143189
4395,GNA Axles,375.35,14.44,1611.41,0.8,31.96,26.03,375.33,0.07,14.31,24.52,2.44,0.22,8.26,203.25,92.07,5.649143189
4396,Bharat Rasayan,1275.8,14.94,2120.52,0.03,33.99,10.74,270.46,5.48,14.33,21.31,4.72,0.08,8.99,90.44,172.02,5.649143189
4397,Hindustan Foods,482.15,42.2,5760.81,0,36.12,35.19,998.24,13.47,14.34,42.2,1.41,0.87,4.87,900.81,113.68,5.649143189
4398,NELCO,587.35,2577.56,1340.33,0.17,-1.19,-76.16,78.3,-3,14.38,23.6,1.1,0.56,3.37,71.92,19.66,5.649143189
4399,Optiemus Infra.,334.2,44.91,2963.98,0,12.23,-18.47,430.01,-8.8,14.4,48.16,1.83,0.35,4.37,247.44,-12.54,5.649143189
4400,HPL Electric,283.55,18.01,1823.24,0.35,19.52,29.29,473.92,20.75,14.48,27.65,1.33,0.78,4.77,742.04,138.21,5.649143189
4401,Motisons Jewel,13.05,19.65,1307.3,0,25.94,69.54,174.56,20.14,14.51,19.65,5.61,0.12,8.78,54.89,-22.61,5.649143189
4402,Divine Power,414.1,110.1,1033.8,0,4.74,5.33,179.59,24.7,14.57,19.02,1.36,0.82,6.72,87.42,-18.53,5.649143189
4403,SMC Global Sec.,64.8,16.03,1356.91,1.85,30.84,-30.03,494.78,8.63,14.6,17.15,1.76,1.59,3.05,1996.54,23.54,5.649143189
4404,Innova Captab,679.6,29.37,3889.01,0.29,42.15,23.25,450.29,42.29,14.63,27.18,1.97,0.33,8.9,336.47,63.84,5.649143189
4405,Metropolis Healt,441.1,52.3,9145.23,0.23,42.09,52.99,405.91,25.76,14.66,35.31,1.16,0.14,8.24,200.83,262.75,5.649143189
4406,Strides Pharma,903.65,15.16,8329.19,0.44,208.13,128.03,1194.65,3.55,14.68,27.18,1.15,0.67,60.15,1843.85,684.37,5.649143189
4407,Dolphin Offshore,384.7,30.38,1538.98,0,13.27,-14.72,30,5.26,14.69,18.1,8.7,0.64,13.4,193.73,10.47,5.649143189
4408,Navneet Educat.,127.07,16.06,2810.96,2.36,188,-1762.46,250,-11.35,14.75,13.23,3.78,0.05,10.17,102,274.43,5.649143189
4409,Dilip Buildcon,411.4,10.23,6682.98,0.24,788.98,349.09,2137.9,-17.45,14.77,15.67,1.52,1.8,3.39,10374.95,131,5.649143189
4410,Balmer Lawrie,162.19,10.38,2773.51,5.24,64.98,3.3,656.99,4.22,14.82,23.24,1.98,0.12,8.73,237.29,156.18,5.649143189
4411,ISGEC Heavy,888.15,19.94,6530.52,0.56,84.44,102.88,1738.56,16.26,14.83,15.67,1.58,0.33,3.3,925.1,116.18,5.649143189
4412,Artemis Medicare,225.85,35.96,3575.35,0.2,22.51,19.59,267.12,17.73,14.88,43.04,2.14,0.31,7.29,273.61,139.08,5.649143189
4413,JNK,237.53,28.6,1329.07,0.13,18.46,534.36,178.95,91.23,14.93,27.65,2.91,0.05,4.63,24.44,-65.52,5.649143189
4414,Datamatics Glob.,686.35,18.62,4056.77,0.73,36.34,31.06,510.1,19.89,15.01,22.1,2,0.13,9.22,185.86,223.72,5.649143189
4415,Genesys Intl.,269.7,26.1,1127.09,0,1.05,-75.27,75.78,-14.94,15.03,22.1,2.86,0.21,7.94,146.69,-52.86,5.649143189
4416,Butterfly Gan Ap,640.85,25.81,1145.84,0,10.77,43.68,244.58,2.66,15.04,42.9,1.97,0.03,6.46,10.96,33.64,5.649143189
4417,Morepen Labs.,36.99,26.55,2026.88,0.54,27.5,3.07,484.16,6.93,15.08,27.18,2.23,0.13,7.68,158.46,32.06,5.649143189
4418,Go Fashion (I),275.4,20.91,1487.41,0,7.17,-70.52,194.89,-9.24,15.09,26.42,3.43,0.72,7.65,534.51,198.76,5.649143189
4419,Goodluck India,1017.1,20.11,3380.69,0.39,43.68,6.52,1037.15,10.1,15.1,18.09,1.42,0.72,7.27,1008.75,158.26,5.649143189
4420,Bata India,663.3,44.4,8525.23,2.86,66.1,9.05,944.68,2.82,15.14,33.39,1.79,0.9,6.74,1378.15,737.82,5.649143189
4421,Latent View,267.35,27.82,5532.14,0,50.77,19.67,278.01,22.02,15.22,20.5,4.83,0.02,10.21,25.07,130.47,5.649143189
4422,Happiest Minds,410.85,30.21,6256.21,1.46,40.3,8.74,587.56,10.69,15.25,20.5,1.65,0.78,6.93,1274.14,236.42,5.649143189
4423,Punjab Chemicals,1022.3,19.57,1253.34,0.29,13.81,152.88,246.57,15.28,15.28,21.31,1.81,0.31,5.8,124.04,25.22,5.649143189
4424,eMudhra,395.45,31.88,3274.79,0.32,29,36.72,188.01,35.41,15.32,22.1,2.6,0.02,10.78,16.48,101.62,5.649143189
4425,Signpost India,235.05,25.16,1256.34,0.21,18.11,214.96,142.34,26.85,15.41,26.97,1.11,0.83,6.59,208.14,31.42,5.649143189
4426,Vintage Coffee,131.84,28.5,1904.28,0.08,19.11,53.37,150.52,70.75,15.42,28.5,8.95,0.17,11.48,89.34,-22.52,5.649143189
4427,La Opala RG,184.05,19.8,2042.96,4.07,24,9.54,84.5,-7.45,15.43,19.8,17.57,0.01,10.02,8.39,112.21,5.649143189
4428,India Nipp.Elec.,735.2,16.91,1663.13,2.11,24.93,56.2,271.76,26.59,15.43,24.52,2.49,0,9.27,1.66,49.56,5.649143189
4429,Patel Engineerin,24.92,6.52,2472.42,0,71.57,-7.93,1239.35,2.81,15.43,15.67,1.45,0.4,3.88,1560.05,363.39,5.649143189
4430,Carysil,781.65,24.57,2223.22,0.31,21.26,75.14,222.57,9.58,15.45,42.9,1.45,0.42,7.06,235.19,60.15,5.649143189
4431,Tejas Networks,435.95,,7745.24,0.57,-196.55,-218.64,306.79,-88.39,15.47,48.16,1.27,1.29,4.79,4296.22,-491.49,5.649143189
4432,WPIL,384.15,31.51,3752.02,0.52,75.56,73.31,538.72,41.17,15.56,27.65,1.75,0.39,4.53,576.2,-149.56,5.649143189
4433,Kalyani Steels,651.65,10.6,2844.65,1.53,61.32,19.68,462.38,-4.47,15.58,18.09,1.5,0.22,9.48,427.61,382.64,5.649143189
4434,Manaksia Coated,106.16,27.65,1123.53,0.05,7.41,45.87,186.9,-8.85,15.6,18.09,1.67,0.31,2.67,103.22,30.4,5.649143189
4435,Paras Defence,627.2,68.82,5054.44,0.04,16.85,21.08,106.35,23.99,15.61,52.8,2.68,0.08,8.11,55.96,44.83,5.649143189
4436,VRL Logistics,241.45,17.68,4223.85,3.11,64.75,8.97,826.96,0.21,15.73,21.1,0.6,1.01,7.38,1107.46,557.8,5.649143189
4437,Technocraf.Inds.,2189.8,18.04,4964.89,0.91,53.83,30.98,662.43,2.81,15.77,18.09,1.94,0.44,8.99,822.69,276.29,5.649143189
4438,TCI Express,498.15,21.33,1913.84,1.61,22.88,10.64,314.05,5.98,15.79,21.1,3.27,0.01,9.94,8.5,117.52,5.649143189
4439,Rossari Biotech,411.35,16.55,2278.19,0.12,32.77,3.38,581.68,13.45,15.8,25.21,1.73,0.28,7.9,352.65,137.44,5.649143189
4440,Responsive Ind,152.12,22.49,4055.65,0.07,22.48,-51.05,311.32,-15.36,15.83,26.9,3.99,0.14,12.11,205.08,75.41,5.649143189
4441,BLS E-Services,144.35,23.44,1311.51,0.69,15.23,-3.21,280.68,119.92,15.83,22.1,3.02,0.01,9.55,7.44,67.29,5.649143189
4442,NRB Bearings,242.6,15.82,2351.34,2.35,29.32,34.05,327.92,17.74,15.88,24.52,2.41,0.14,9.22,132.67,83.68,5.649143189
4443,Pennar Industrie,142.87,14.46,1927.98,0,33.55,10.18,943.06,12.31,15.88,27.65,1.08,0.93,4.21,993.24,255.98,5.649143189
4444,FDC,332.85,23.35,5419.13,1.5,28.3,17.9,464.71,0.13,15.9,27.18,2.98,0.01,10,20.71,317.57,5.649143189
4445,PDS,260.8,35.83,3688.81,1.28,37.04,-29.2,3172.46,1.52,15.92,25.59,1.19,0.72,5.45,1229.26,-36.55,5.649143189
4446,Spectrum Electr.,1440.6,60.95,2263.74,0,10.21,273.43,125.31,76.22,15.96,27.65,1.24,0.76,6.86,163.99,-26.31,5.649143189
4447,Man Industries,371.4,14.83,2785.86,0,55.04,61.31,830.38,13.45,15.98,18.09,1.65,0.29,4.87,561.1,67.99,5.649143189
4448,Powergrid Infra.,90.81,6.1,8263.7,9.91,197.87,1.25,316.73,-0.9,16.05,17.83,37.5,0.14,11.62,1067.67,1215.22,5.649143189
4449,Marine Electric.,170.73,44.33,2361.1,0.18,11.83,126.97,210.23,8.48,16.06,27.65,2.17,0.13,5.59,55.72,55.44,5.649143189
4450,Flair Writing,307.4,24.03,3239.85,0.33,33.14,11.55,317.7,20.09,16.12,26.69,4.62,0.05,10.25,58.93,54.35,5.649143189
4451,Wheels India,1027.2,20.53,2509.76,1.12,32.05,42,1280.33,21.18,16.14,24.52,0.93,0.79,3.61,718.4,400.42,5.649143189
4452,NIBE,956.7,,1429.43,0.13,-18.87,-924.15,59.08,-60.26,16.2,52.8,1.64,0.39,7.24,90.54,25.03,5.649143189
4453,Akums Drugs,483.4,23.45,7608.43,0,67.68,27.04,1159.59,14.76,16.2,27.18,3.95,0.03,8.64,90.28,465.2,5.649143189
4454,Shankara Buildpro,945.65,26.42,2293.14,0,25,47.84,1666.25,29.1,16.21,26.42,1.46,0.19,4.93,89.21,9.72,5.649143189
4455,Galaxy Surfact.,1641,20.03,5818.12,1.34,58.97,6.11,1329.49,27.63,16.22,25.21,2.1,0.11,9.62,267.64,420.51,5.649143189
4456,Vinyas Innovativ,939.15,54.34,1181.89,0,9.34,33.05,211.93,41.76,16.28,27.65,1.96,0.6,6.09,128.62,8.78,5.649143189
4457,Paramount Comm.,34.76,18.31,1060.91,0,7.48,-66.99,460.92,17.69,16.3,19.02,2.89,0.14,9.89,102.21,104.09,5.649143189
4458,Gopal Snacks,273.1,96.14,3403.44,0.37,15.49,190.04,400.76,1.83,16.31,47.69,2.15,0.15,8.45,64.92,68.28,5.649143189
4459,Jindal Drilling,475.25,5.81,1377.27,0.21,-33.39,-150.63,241.58,0.89,16.34,18.1,1.47,0.07,8.82,117.41,864.11,5.649143189
4460,Raymond Realty,416.5,19.01,2772.8,0,66.79,2118.94,757.55,721.1,16.38,25.32,2.81,0.42,1.65,564.06,-236.6,5.649143189
4461,Lumax Industries,5055.5,27.09,4726.89,0.69,46.55,75.36,1052.72,18.67,16.39,24.52,0.72,1.21,5.12,989.33,211.99,5.649143189
4462,Mrs Bectors,182.84,47.69,5613.02,0.66,33.14,21.13,496.65,8.54,16.39,47.69,1.99,0.16,9.68,182.19,136.79,5.649143189
4463,Bansal Wire Inds,247.55,24.98,3875.54,0,43.27,6.67,1029.02,11.29,16.44,18.09,1.78,0.44,8.54,597.56,-150.96,5.649143189
4464,Standard Engineering Technology,116.81,30.93,2330.26,0,20.39,28.02,191.57,36.7,16.48,27.65,2.55,0.18,8.45,137.08,5.25,5.649143189
4465,Sharda Cropchem,978.6,15.6,8828.98,0.92,145.11,365.87,1288.76,38.68,16.5,21.31,1.78,0,6.84,3.96,603.62,5.649143189
4466,Vardhman Special,232.85,20.89,2251.33,1.29,33.59,56.52,430.54,0.88,16.53,18.09,2.98,0.06,8.46,77.47,126.91,5.649143189
4467,Titagarh Rail,626.35,46.17,8435.29,0.16,48.15,-22.84,832.06,-7.77,16.55,46.35,1.85,0.25,7.88,637.22,-97.41,5.649143189
4468,Cyient,825.35,16.41,9171.62,3.15,97.2,-4.14,1848.5,-4.04,16.58,22.1,3.14,0.08,8.87,435.8,789.9,5.649143189
4469,Asian Energy,282.45,27.12,1269.25,0.35,17.53,111.86,235.45,156.79,16.59,11.31,2.74,0.24,8.63,105.72,-33.08,5.649143189
4470,Colab Platforms,169.5,715.9,3457.8,0.01,1.11,20.65,45.53,95.91,16.59,35.16,1.03,0,11.94,0.03,3.76,5.649143189
4471,Mah. Seamless,564.75,9,7567.18,1.77,242.65,30.52,1090.29,-22.57,16.63,18.09,16.2,0,11.43,9.9,609.62,5.649143189
4472,Chamanlal Setia,233,11.46,1158.61,1.07,35.94,23.89,430.99,9.03,16.71,25.04,3.85,0.09,10.46,66.92,72.68,5.649143189
4473,Steel Str. Wheel,185.46,14.62,2915.07,0.67,49.18,-5.13,1320.81,22.9,16.76,24.52,1.01,0.55,6.37,903.19,517.6,5.649143189
4474,Intellect Design,650.55,24.08,9086.7,0.61,27.42,-35.42,731.38,19.97,16.76,20.5,2.19,0.03,9.26,89.81,431.36,5.649143189
4475,H.G. Infra Engg.,489.9,8.36,3192.73,0.41,94.08,-18.15,1421.16,12.36,16.76,15.67,1.45,1.84,7.01,5669.11,-877.67,5.649143189
4476,InfoBeans Tech.,139.73,17.69,1354.81,0.18,19.29,173.23,134.46,39.58,16.81,20.5,9.84,0.04,9.84,15.18,50.03,5.649143189
4477,Ramky Infra,463.55,14.35,3207.66,0,78,39.27,488.92,6.5,16.85,15.67,1.05,0.3,4.97,612.52,372.9,5.649143189
4478,V2 Retail,1912.2,53.67,6972.6,0,102.07,59.39,929.18,57.24,16.87,26.42,1.09,3.39,5.51,1312.5,222.99,5.649143189
4479,Pondy Oxides,1049.4,26.97,3201.85,0.33,37.56,148.08,776.29,54.51,16.88,26.97,6.74,0.05,10.83,34.81,-79.08,5.649143189
4480,Prem. Explosives,438,50.21,2354.74,0.11,6.04,-34.28,81.41,-50.93,16.88,23.75,1.52,0.12,5.86,32.1,118.62,5.649143189
4481,S P I C,61.43,6.21,1250.96,3.26,54.07,40.44,773.89,-5.4,16.9,17.48,0.99,0.35,7.78,448.76,-37.95,5.649143189
4482,Titan Biotech,396.55,60.24,1638.49,0.1,8.53,94.31,56.51,47.62,16.9,25.21,2.78,0.05,12.98,8.85,20.12,5.649143189
4483,ADF Foods,174.43,22.48,1916.35,0.69,22.38,44.88,191.01,29.51,16.91,47.69,5,0.02,11.18,12.08,37.42,5.649143189
4484,Arvind Fashions.,396.7,,5300.83,0.4,36.11,45.47,1376.58,14.45,16.93,26.42,1.26,1.22,0.89,1210.72,529.52,5.649143189
4485,Eveready Inds.,300.7,28.92,2185.71,0.5,7.45,0.53,367.24,10.12,16.96,27.58,1.13,0.75,8.05,356.75,129.68,5.649143189
4486,Windlas Biotech,727.3,23,1535.06,0.8,15,-3.72,233.1,19.53,16.96,27.18,2.06,0.06,8.8,31.21,68.19,5.649143189
4487,Sterling & Wils.,171.65,19.01,4008.57,0,1.55,47.94,2092.21,13.88,16.97,15.67,1.19,2.61,1.71,1225.68,37.88,5.649143189
4488,SBC Exports,31.61,50.09,1505.24,0,11.2,206.01,104.45,44.99,16.98,22.27,1.24,2.82,5.35,198.6,-69.45,5.649143189
4489,Novartis India,934.2,23.72,2306.61,2.68,16.09,-36.78,85.9,-7.63,17,27.18,5.54,0.01,10.77,4.05,74.57,5.649143189
4490,Pitti Engg.,775.9,22.94,2921.54,0.19,28.22,-1.88,477.42,15.05,17.05,27.65,1.3,0.83,7.2,778.26,288.54,5.649143189
4491,Varroc Engineer,498.2,30.62,7611.82,0.2,-11.31,237.27,2287.52,10.23,17.06,24.52,0.88,0.54,2.79,915.04,736.72,5.649143189
4492,Balmer Law. Inv.,69.08,8.89,1533.39,6.22,66.57,2.45,659.35,4.14,17.19,16.59,2.16,0.17,8.51,237.29,163.88,5.649143189
4493,Saregama India,344.1,34.32,6634.57,1.31,51.24,-9.48,260.38,-46.14,17.2,35.24,2.37,0,9.25,3.08,331.2,5.649143189
4494,Lincoln Pharma.,600.4,13.69,1202.58,0.3,28.6,37.7,166.32,13.49,17.28,27.18,4.71,0,10.82,0.07,93.02,5.649143189
4495,Mastek,1449.5,11.67,4493.06,1.59,108.35,17.82,905.68,4.16,17.28,20.5,1.98,0.2,9.79,544.1,395.14,5.649143189
4496,Rategain Travel,481.6,28.7,5688.86,0,26.45,-19.56,540.03,93.76,17.3,20.5,7.42,0.01,11.49,14.95,119.97,5.649143189
4497,Time Technoplast,162.22,17.94,8007.75,0.77,128.52,25.39,1564.77,12.76,17.35,21.75,2.89,0.22,9.25,684.26,430.52,5.649143189
4498,Foseco India,5247,45.53,3954.8,0.48,15.18,7.25,186.94,36.98,17.36,25.21,2.9,0,9.71,2.78,97.62,5.649143189
4499,KMC Speciality,81.04,36.08,1321.76,0,13.73,82.82,82.06,33.74,17.37,43.04,1.36,0.47,7.79,86.18,57.58,5.649143189
4500,Insecticid.India,574.85,11.81,1672.69,0.35,10.49,-39.61,384.92,7.61,17.43,21.31,1.97,0.2,7.84,246.44,93.46,5.649143189
4501,Aarti Pharma,644.6,27.07,5843.8,0.78,47.96,-32.3,432.27,-19.62,17.44,27.18,1.64,0.32,9.93,658.78,331.56,5.649143189
4502,EPL Ltd,190.68,14.79,6106.49,2.62,83.1,-2.8,1148.8,13.26,17.48,17.05,1.51,0.32,9.49,849.8,795.1,5.649143189
4503,KPI Green Energy,378,17.41,7459.49,0.18,125.8,37.22,662.86,44.62,17.5,29.76,2.63,0.96,9.05,2533.47,207.73,5.649143189
4504,Dr Agarwal's Eye,4767.05,32.98,2303.83,0.13,17.28,66.15,116.22,22.2,17.53,43.04,1.33,1.06,9.75,334.87,94.48,5.649143189
4505,Kennametal India,2220.25,43.76,4879.72,1.8,24.4,9.91,334,16.38,17.55,27.65,3.23,0,10.09,2.1,144.8,5.649143189
4506,Route Mobile,468,9.55,2948.54,2.35,102.56,18.45,1107.06,-6.48,17.74,18.17,3.23,0.01,9.55,20.91,602.48,5.649143189
4507,Suraksha Diagno.,260.3,40.71,1355.66,0,7.24,22.28,77.69,30.55,17.84,35.31,1.76,0.51,9.83,117.7,63.36,5.649143189
4508,Orient Electric,166.3,38.38,3548.27,0.9,25.98,16.38,906.45,10.97,17.89,42.9,1.43,0.17,5.56,121.04,87.55,5.649143189
4509,Praj Industries,315.15,78.43,5792.87,1.9,-12.39,-77.06,841.49,-1.35,17.92,27.65,1.42,0.16,6.18,209.74,42.96,5.649143189
4510,Jupiter Life Lin,1268.9,43.04,8319.67,0.08,42.49,-9.37,365.37,9.78,17.95,43.04,3.97,0.28,11.85,403.48,253.3,5.649143189
4511,Som Distilleries,74.66,17.55,1552.19,0,5.49,-75.99,250.55,-16.79,17.98,31.63,1.38,0.24,8.41,199.86,42.22,5.649143189
4512,M B Agro Prod.,453.05,37.92,3969.94,0.11,31.76,77.43,612.39,115.84,18,17.48,1.36,0.68,6.57,312.22,96.21,5.649143189
4513,Capacit'e Infra.,223.88,9.6,1894.12,0,50.48,-3.84,675.42,14.38,18.01,15.67,1.79,0.23,6.15,419.66,51.53,5.649143189
4514,Aurionpro Sol.,815.5,22.12,4506.59,0.49,43.94,0.89,371.03,21.21,18.07,20.5,3.07,0.02,11.26,29.67,157.1,5.649143189
4515,Vishnu Chemicals,513.3,25.07,3455.29,0.06,33.76,-1.86,411.33,10.8,18.07,25.21,1.85,0.42,8.55,418.28,90.23,5.649143189
4516,Wonder Electric.,134,132.33,1795.71,0.22,0.57,-88.8,152.56,-31.13,18.12,42.9,1.34,0.92,4.98,92.29,-21.61,5.649143189
4517,G M Breweries,1006.05,14.08,2298.51,0.75,42.01,91.22,202.14,21.89,18.13,31.63,1.37,0,12.74,0,161.68,5.649143189
4518,Cantabil Retail,237.05,22.27,1982.64,0.42,45.09,31.11,264.44,18.8,18.17,22.27,1.83,1.26,8.66,517.86,150.48,5.649143189
4519,Welspun Enterp,462.35,19.09,6399.56,0.65,30.74,-39.77,786.95,-12.18,18.17,15.67,1.87,0.72,6.45,1941.23,-273.49,5.649143189
4520,Kewal Kir.Cloth.,426.85,18.86,2630.47,0.47,37.91,38.86,301.12,18.01,18.19,22.27,2.78,0.18,10.55,162.72,13.66,5.649143189
4521,Ellen.Indl.Gas,197.99,27.97,2790.38,0,26.09,35.89,81.35,19.6,18.23,28.4,2.6,0.13,10.57,118.6,4.28,5.649143189
4522,Laxmi Goldorna,263.35,139.6,1319.19,0,3.1,-22.02,24.18,9.12,18.38,19.65,5.17,1.29,7.87,96.72,-23.53,5.649143189
4523,Kwality Pharma,1517.8,27.56,1574.9,0,16,94.61,123.44,46.24,18.4,27.18,1.88,0.38,9.46,110.44,52.72,5.649143189
4524,A B Infrabuild,16.97,53.32,1084.03,0.03,6.12,13.33,74.41,-0.84,18.43,15.67,2.21,0.29,8.18,45.84,-23.59,5.649143189
4525,Ahluwalia Contr.,724.95,18.18,4856.26,0.08,54.06,9.19,1060.72,11.42,18.47,15.67,2.09,0.04,5.85,74.68,359.43,5.649143189
4526,Platinum Industr,203.87,25.67,1119.75,0,12.33,7.9,104.67,11.99,18.55,25.21,4.18,0.07,11.67,26.79,-7.96,5.649143189
4527,Syncom Formul.,11.78,16.07,1107.32,0,18.86,47.46,114.59,-9.79,18.59,27.18,4.83,0,12.12,0.3,23.31,5.649143189
4528,Ashapura Minech.,502.85,12.6,4803.53,0.2,75.95,-16.24,960.43,10.98,18.64,16.51,1.3,0.86,7.95,1227.55,188.4,5.649143189
4529,Alkyl Amines,1292,36.58,6607.81,0.77,42.26,-3.43,354,-4.63,18.66,25.21,3.17,0,11.05,1.57,263.11,5.649143189
4530,Safari Inds.,1520.5,44.37,7449.53,0.2,32.89,5.62,512.37,15.73,18.67,30.25,3.11,0.11,11.41,113.15,57.32,5.649143189
4531,Thomas Cook (I),103.34,19.27,4860.91,0.44,45.49,20.1,2145.68,4.11,18.69,39.76,0.88,0.22,3.91,508.48,717.24,5.649143189
4532,Astra Microwave,890.8,52.71,8457.7,0.25,46.81,-1.31,260.25,0.66,18.72,52.8,3.15,0.24,8.96,277.79,-90.15,5.649143189
4533,Medi Assist Ser.,325.15,39.36,2425.93,0,4.14,-66.97,239.68,28.88,18.72,39.36,0.98,0.53,8.87,304.84,138.09,5.649143189
4534,Vidhi Specialty,279.55,29.15,1396.21,1.79,12.44,-1.97,94.45,-4.13,18.73,25.21,2.74,0.19,12.06,60.32,-4.56,5.649143189
4535,MOIL,291.6,20.42,5933.63,1.93,52.92,-16.9,359.91,-1.88,18.76,16.51,3.56,0,12.28,0,434.29,5.649143189
4536,Geojit Fin. Ser.,59.93,16.86,1672.78,2.5,13.98,-49.67,160.11,-6.74,18.84,17.15,1.84,0.11,8.5,131,166.75,5.649143189
4537,Omnitech Engg.,243.99,50.3,3017.33,0,23.05,244.05,138.37,95.71,18.92,27.65,1.27,1.71,8.56,355.34,-71.42,5.649143189
4538,Anantam Highways,102.97,5.45,2239.6,2.43,44.98,,83.84,,18.96,13.35,4.64,8.7,10.69,3598.03,-958.89,5.649143189
4539,Share India Sec.,125.04,11.45,2736.19,1.08,80.66,34.48,305.02,17.6,19.01,17.15,2.22,0.17,8.69,358.93,-15.61,5.649143189
4540,Roto Pumps,56.67,33.47,1067.92,1.41,6.78,71.21,72.7,0.01,19.03,35.07,2.34,0.13,10.77,28.68,36.17,5.649143189
4541,Arvind SmartSp.,534.2,33.44,2450.21,1.12,29.22,-39.76,166.39,-20.83,19.05,25.32,1.14,0.28,4.65,169.94,-83.98,5.649143189
4542,Bajaj Consumer,366.3,30.36,4784.55,0,46.37,83.21,306.09,30.58,19.06,41.57,2.83,0.03,13.15,17.99,65.1,5.649143189
4543,Aditya Vision,457.75,52.63,5911.29,0.24,27.31,17.46,648.86,27.62,19.13,26.42,2.29,0.65,10.33,412.56,-40.82,5.649143189
4544,Genus Power,239.1,13.17,7273.85,1.02,147.62,116.42,1122.36,85.76,19.21,24.23,1.67,0.93,8.43,1745.77,-443.46,5.649143189
4545,All Time Plastic,210.78,35.32,1380.77,0,9.16,3,159.29,7.04,19.23,34.64,2.74,0.22,9.68,132.85,51.68,5.649143189
4546,ASM Technologies,2276.3,54.4,3320.36,0.2,9.31,105.22,116.02,79.21,19.3,20.5,3.28,0.18,9.39,53.18,-23.48,5.649143189
4547,Talbros Auto.,236.55,14.74,1460.18,0.3,27.2,14.19,213.59,6.02,19.31,24.52,1.8,0.13,10.31,86.01,80.02,5.649143189
4548,Ceigall India,270.5,18.17,4712.24,0,72.38,1.24,991.14,19.34,19.38,15.67,1.43,0.69,8.08,1343.13,-519.56,5.649143189
4549,P N Gadgil Jewe.,570.2,20.15,7738.09,0,170.91,101.55,3302.61,35.59,19.41,19.65,1.56,0.76,9.5,1291.13,-675.44,5.649143189
4550,Indigo Paints,743.75,23.78,3545.88,0.47,36.16,10.61,338.85,3.47,19.51,31.62,2.18,0.02,11.15,17.64,204.95,5.649143189
4551,Federal-Mogul Go,382.05,11.19,2125.34,0,30.73,31.48,495.65,14.45,19.6,24.52,3.16,0,10.45,2.05,220.69,5.649143189
4552,Stallion India,114.69,28.83,1331.39,0,11.13,13.8,104.65,22.9,19.67,28.4,9.21,0,12.12,1.16,-13.43,5.649143189
4553,Va Tech Wabag,1236.9,22.32,7707.07,0.32,91.3,35.67,961.3,18.53,19.7,16.27,1.77,0.1,5.86,240.4,355.2,5.649143189
4554,Wendt India,6732,60.24,1346.4,0.74,2.98,-63.75,60.79,13.84,19.81,51.22,4.38,0,12.37,0.21,33.64,5.649143189
4555,GNG Electronics,380.35,41.45,4336.43,0,38.69,102.78,487.22,40.26,19.84,23.6,3.72,0.32,10.58,216.8,24.53,5.649143189
4556,IFB Industries,977.9,30.08,3962.45,0,24.51,-0.12,1375.13,11.99,19.85,42.9,1.28,0.18,5.7,163.95,102.64,5.649143189
4557,L G Balakrishnan,1710,16.93,5453.6,1.17,88.45,24.75,816.56,20.63,19.86,24.52,1.72,0.09,11.85,180.37,288.36,5.649143189
4558,AGI Greenpac,499.1,9.54,3229.05,1.4,71.64,-15.23,633.69,-3.76,19.89,17.05,1.48,0.21,9.27,459.9,428.55,5.649143189
4559,Subros,676.55,26.26,4413.52,0.38,34.75,22.42,947.68,15.43,19.95,22.46,1.56,0.02,8.46,23.95,174.84,5.649143189
4560,J Kumar Infra,488.3,9.2,3694.75,0.82,83.86,-6.59,1305.73,-12.18,19.98,15.67,1.66,0.24,7.57,750.54,375.29,5.649143189
4561,Sirca Paints,429.25,39.64,2437.83,0.35,15.03,31.15,112.79,27.23,19.98,31.62,5.66,0.1,12.27,45.22,54.27,5.649143189
4562,J.G.Chemicals,332,20.65,1300.98,0.3,18.36,3.12,248.47,18.84,20,15.36,16.91,0.01,13.83,5.11,-11.2,5.649143189
4563,Assoc.Alcohols,727.8,16.74,1461.36,0.27,27.3,4.64,260.38,-20.38,20.01,31.63,1.77,0.13,12.19,74.83,73.94,5.649143189
4564,TCPL Packaging,2334.7,17.87,2124.58,1.28,24.95,-14.84,452.92,-1.02,20.03,17.05,1.16,0.97,9.79,654.28,140.12,5.649143189
4565,Marksans Pharma,170.05,21.39,7706.05,0.47,113.69,8.26,754.43,10.64,20.03,27.18,5.18,0.12,12.91,332.09,206.66,5.649143189
4566,Kaveri Seed Co.,814,13.92,4187.14,0.61,12.68,-15.8,210.21,20.78,20.08,25.04,2.55,0,11.11,0,196.91,5.649143189
4567,Campus Activewe.,225,48.77,6875.85,0.44,63.68,37.03,588.61,14.34,20.1,33.39,1.76,0.48,9.92,381.01,235.21,5.649143189
4568,Ram Ratna Wires,307.55,32.38,2870.95,0.41,31.64,106.33,1277.94,43.8,20.17,24.23,1.13,1.24,6.02,627.33,227.33,5.649143189
4569,Ador Welding,917.1,22.46,1596.01,2.18,26.72,101.49,288.12,5.17,20.28,22.46,2.09,0,9.89,1.97,137.11,5.649143189
4570,TajGVK Hotels,301.85,15.1,1892.64,0.66,36.99,-10.17,136.36,7.42,20.29,27.69,1.21,0.12,13.81,82.61,116.17,5.649143189
4571,Park Medi World,199.16,40.63,8602.34,0,52.85,11.38,409.97,17.76,20.36,43.04,1.86,0.64,10.61,682.07,191.15,5.649143189
4572,Panama Petrochem,262.6,8.55,1588.56,1.9,45.81,-5.55,775.05,6.47,20.41,12.26,4.94,0.02,12.75,31.19,162.11,5.649143189
4573,Siyaram Silk,475.35,10.47,2156.67,2.52,41.9,-8.65,622.63,9.2,20.42,19.84,2.18,0.3,11.36,413.28,256.06,5.649143189
4574,Olectra Greentec,1097.4,63,9007.54,0.04,46.68,0.15,663.6,28.76,20.52,28.77,1.6,0.33,7.46,366.28,140.67,5.649143189
4575,Transport Corp.,944.6,16.18,7249.22,0.95,115.8,13.68,1248.8,8.87,20.52,21.1,3.24,0.11,15.72,252.9,359.19,5.649143189
4576,Garware Hi Tech,3650.8,27.55,8481.68,0.33,55.77,-8.29,458.74,-1.64,20.57,21.75,4.32,0.01,13.23,18.41,329.72,5.649143189
4577,ICE Make Refrig.,764,87.42,1205.57,0.29,1.45,-48.78,153.36,38.71,20.64,27.65,1.18,1.39,7.93,168.71,29.97,5.649143189
4578,Hypersoft Tech.,127.34,359.67,1075.41,0,0.18,123.38,1.5,1150,20.65,20.5,1.55,0,7.12,0.02,0.35,5.649143189
4579,Mayur Uniquoters,509.35,12.48,2213.26,0.98,52.94,77.41,236.99,21.58,20.67,25.3,7.37,0.01,13.91,7.48,158.9,5.649143189
4580,GSP Crop Science,,20.31,1648.6,,81.06,,844.29,,20.68,18.45,1.28,0.61,7.35,322.91,37.83,5.649143189
4581,Surya Roshni,209.08,14.33,4550.33,2.03,79.64,-11.38,1927.33,3.19,20.7,18.09,2.97,0.05,11.2,123.58,393.27,5.649143189
4582,Jamna Auto Inds.,119.68,23.67,4783.74,1.75,58.23,51.15,667.79,18.72,20.74,24.52,1.35,0.01,12.7,12.22,288.93,5.649143189
4583,KRN Heat Exchan,896.85,82.01,5574.51,0,22.66,65.04,153.23,37.46,20.75,22.46,2.19,0.06,12.41,30.47,21.44,5.649143189
4584,Sandur Manganese,185.29,14.97,9007.04,0.22,115.83,2.04,1209.31,27.05,20.78,14.97,1.24,0.64,10.8,1854.21,840.55,5.649143189
4585,Servotech Renew,68.71,47.94,1551.78,0.07,14.7,54.74,201.64,11.21,20.81,24.23,1.93,0.63,10.42,152.27,-50.99,5.649143189
4586,VST Industries,213.88,15.89,3632.99,4.68,60.23,11.81,373.45,1.72,20.85,19.91,2.31,0,11.98,0,193.47,5.649143189
4587,Refex Industries,200.53,14.6,2749.86,0.25,52.71,7.09,576.01,-16.04,20.89,28.4,2.61,0.14,12.19,174.24,-264.81,5.649143189
4588,Easy Trip Plann.,6.85,94.81,2491.24,0,3.41,-82.61,151.66,0.72,20.89,39.76,2.46,0.04,10.7,36.21,111.82,5.649143189
4589,Vijaya Diagnost.,904.6,58.01,9308.04,0.22,43.18,22.81,205.21,21.44,20.91,35.31,2,0.42,12.29,365.27,224.47,5.649143189
4590,D B Corp,207.61,11.49,3700.56,5.78,95.51,-19.2,605.27,-5.82,21.06,9.45,3.61,0.13,12.3,290.6,414.32,5.649143189
4591,NESCO,1055.4,18.21,7436.34,0.62,104.64,-4.82,247.92,20.03,21.12,19.48,1.94,0.04,13.76,109.5,348.9,5.649143189
4592,Valiant Commun.,1027.1,58.01,1175.22,0.1,6.05,1241.51,22.14,164.83,21.13,48.16,6.01,0.03,14.04,2.05,0.79,5.649143189
4593,Sky Gold & Diam.,346.65,23.41,5368.7,0,80.54,120.42,1767.68,77.13,21.21,19.65,1.68,0.78,12.16,813.72,-273.19,5.649143189
4594,Elantas Beck,7570.6,40.61,6001.73,0.1,39.37,32.38,215.2,9.26,21.23,25.21,7.47,0,13.55,0,127.11,5.649143189
4595,Anand Rathi Shar,460.4,26.62,2887.87,0,37.87,77.88,248.1,21.89,21.26,17.15,1.49,0.93,3.5,1214.28,673.88,5.649143189
4596,Indian Metals,1235.3,18.09,6664.95,1.62,131.46,40.69,702.83,9.27,21.29,15.29,2.52,0.17,12.46,435.32,585.35,5.649143189
4597,EFC (I),195.85,14.62,2688.69,0,62.42,43.24,269.59,52.1,21.38,19.48,1.06,1.77,10.52,1101.85,133.68,5.649143189
4598,KSH Internationa,434.2,44.04,2941.95,0,23.33,-4.62,817.77,58.52,21.45,19.02,1.41,1.4,11.08,489.15,-9.78,5.649143189
4599,Expleo Solutions,720.3,9.54,1117.89,6.94,22.13,66.38,279.35,8.45,21.47,22.1,3.63,0.03,12.71,20.16,179.42,5.649143189
4600,Hind Rectifiers,1488.6,48.71,2557.98,0.13,13.73,47.85,243.27,44,21.6,27.65,1.2,1.09,9.78,207.68,35.62,5.649143189
4601,Powerica Ltd,,34.5,5398.6,,134.55,,1447.44,,21.65,18.45,1.69,0.48,6.96,585.87,256.44,5.649143189
4602,Redtape,117.2,30.54,6478.91,0.64,104.53,43.05,786.55,18.98,21.67,33.39,1.37,1.08,8.88,929.5,4.24,5.649143189
4603,Kilburn Engg.,498.7,28.51,2616.32,0.4,23.16,52.67,156.78,44.8,21.68,27.65,2.47,0.19,10.26,104.14,-9.82,5.649143189
4604,NCC,140.59,11.84,8826.9,1.56,135.22,-24.86,4868.29,-8.91,21.71,15.67,1.35,0.39,4.32,2922.76,741.7,5.649143189
4605,Kross Ltd,171.69,22.19,1107.56,0,13.98,2.79,177.48,18.28,21.72,24.52,3.2,0.13,10.38,60,-32.06,5.649143189
4606,Midwest,1239.1,41.4,4480.69,0,17.36,29.4,128.86,10.02,21.72,22.54,1.76,0.35,12.5,234.04,87.31,5.649143189
4607,Krishana Phosch.,487.2,22.71,2950.12,0.1,33.32,62.3,659.11,116.79,21.74,17.48,1.39,0.93,9.2,412.75,154.3,5.649143189
4608,Shukra Pharma.,37.5,56.31,1642.05,0.03,20.36,544.3,39.13,269.85,21.8,27.18,3.8,0.06,11.64,3.76,7.92,5.649143189
4609,Rites,191.56,22.29,9206.45,3.94,115.1,1.9,608.59,5.7,21.82,15.67,1.59,0,7.19,7.84,637.06,5.649143189
4610,Railtel Corpn.,271.5,26.78,8713.48,1.05,62.4,2.92,913.45,19,21.84,18.17,1.37,0.03,6.84,70.59,255.34,5.649143189
4611,Carraro India,441.95,21.59,2512.55,1.03,27.87,141.58,564.94,27.02,21.84,24.52,1.49,0.34,7.88,169.55,94.54,5.649143189
4612,GPT Infraproject,103.62,14.6,1309.39,2.9,20.4,-5.93,283.93,2.1,21.87,15.67,1.7,0.33,8.98,179.92,28.88,5.649143189
4613,Silver Touch,123,49.17,1559.76,0.04,11.02,109.32,96.34,29.52,22,20.5,1.8,0.33,10.44,48.22,-2.62,5.649143189
4614,AGI Infra,311.7,46.43,3896.17,0.03,26.11,36.92,87.5,-4.28,22.03,25.32,1.17,0.42,5.86,142.58,-19.91,5.649143189
4615,Thejo Engg.,1555.7,33.43,1687.49,0.32,8.39,-18.39,162.25,19.67,22.1,27.65,2.92,0.12,12.22,39.01,72.7,5.649143189
4616,Pearl Global Ind,1489.5,26.37,6873.45,0.77,51.52,-4.76,1170.18,14.44,22.11,22.27,1.66,0.58,9.63,745.55,176.39,5.649143189
4617,CFF Fluid,566.6,41.08,1188.39,0.18,19.13,36.16,104.13,30.11,22.13,52.8,7.28,0.02,13.24,5.76,-3.22,5.649143189
4618,Unimech Aero.,795.85,60.97,4047.45,0,2.39,-84.65,33.72,-37.44,22.22,52.8,5.62,0.16,15.76,113.52,81.41,5.649143189
4619,Automotive Axles,1666.7,15.27,2518.38,1.83,38.81,19.61,562.29,5.94,22.32,24.52,3.52,0.01,11.91,14.81,128.25,5.649143189
4620,ION Exchange,338.05,25.57,4958.06,0.44,20.56,-33.45,734.44,6.36,22.34,16.27,1.55,0.33,7.68,420.63,32.05,5.649143189
4621,Aeroflex,233.75,62.97,3093.23,0.13,16.49,8.42,120.89,21.13,22.34,18.09,2.65,0.03,13.14,9.3,26.58,5.649143189
4622,Cera Sanitary.,4753.7,27.26,6131.1,1.37,23.67,-23.66,498.97,11.06,22.39,56.25,4.35,0.04,13.44,59.65,115.6,5.649143189
4623,Amrutanjan Healt,515.55,25.78,1490.49,0.89,19.45,5.82,141.04,14.9,22.45,27.18,3.69,0.01,12.9,1.94,50.9,5.649143189
4624,Studds Accessor.,490.65,26.08,1930.87,0,20.72,26.26,163.03,9.42,22.59,24.52,2.01,0.02,13.38,8.71,63.26,5.649143189
4625,Nucleus Soft.,811.6,13.24,2136.56,1.54,20.7,0.31,220.03,6.97,22.6,37.97,1.68,0.01,11.81,7.89,150.94,5.649143189
4626,Piccadily Agro,540.45,40.15,5327.3,0,47.69,92.53,276.32,51.58,22.68,31.63,2.13,0.4,10.87,324.35,-27.07,5.649143189
4627,Antelopus Selan,515.45,27.33,1812.44,0,28.5,59.84,71.11,11.14,22.78,22.87,3.51,0.01,13.99,3.79,125.75,5.649143189
4628,SJS Enterprises,1583.8,32.56,5067.65,0.16,45.04,61.87,243.53,36.39,22.8,24.52,2.61,0.05,14.16,34.02,163.01,5.649143189
4629,Rolex Rings,119.14,16.41,3244.58,0,47.75,57.61,274.84,5.76,22.81,24.52,5.61,0,15.62,0.11,227.24,5.649143189
4630,R Systems Intl.,264.15,15.39,3129.7,4.73,36.41,39.26,555.11,23.64,22.85,22.1,1.9,0.52,12.26,409.79,219.87,5.649143189
4631,NDR Auto Compon.,681.55,26.78,1621.09,0.4,15.19,17.25,208.29,18.89,22.85,24.52,1.15,0.16,12.01,52.22,83.82,5.649143189
4632,Pricol Ltd,533.55,30.6,6502.99,0.37,63.69,53.66,1039.39,63.99,22.87,24.52,1.26,0.15,9.68,169.39,309.29,5.649143189
4633,Mahanagar Gas,967.1,9.88,9552.8,3.1,201.97,-10.38,2058.28,17.11,22.89,14.29,1.08,0.03,12.67,216.4,1368.45,5.649143189
4634,Vesuvius India,478.35,36.76,9708.63,0.31,80.23,33.87,550.77,8.28,22.91,31.5,3.21,0.01,13.22,13.74,177.46,5.649143189
4635,Magellanic Cloud,21.75,11.81,1281.22,0.14,28.63,4.26,163.93,8.26,22.91,20.5,1.66,0.47,12.17,270.59,143.04,5.649143189
4636,Power Mech Proj.,1994,18.61,6304.29,0.06,99.62,14.58,1419.56,6.1,22.93,15.67,1.79,0.42,8.5,960.09,0.74,5.649143189
4637,Jagsonpal Pharma,183.34,28.82,1227.69,1.36,10.95,-8.43,72.95,-1.46,22.95,27.18,6.07,0.03,16.03,8.84,55.3,5.649143189
4638,Fermenta Biotec.,352.15,11.71,1036.41,0.71,12.02,-61.56,137.36,-12.21,22.97,27.18,1.5,0.29,13.87,111.89,40.9,5.649143189
4639,Manorama Indust.,1271.9,35.16,7594.33,0.05,68.24,131.09,362.54,73.3,23.03,20.78,1.79,0.66,13.01,376.3,-58.73,5.649143189
4640,ICRA,5203.5,26.55,5022.02,1.15,39.06,2.72,163.59,35.34,23.13,27.63,5.86,0.01,13.83,12.25,144.89,5.649143189
4641,Kovai Medical,5268.9,24.44,5764.18,0.19,65.02,12.49,407,14.63,23.31,43.04,1.26,0.34,12.94,398.88,352.91,5.649143189
4642,Grauer & Weil,57.19,18.49,2593.06,0.87,32.33,-25.02,290.63,5.76,23.34,15.36,2.98,0.01,12.73,11.89,144.03,5.649143189
4643,Man Infra,91.09,15.67,3677,0.99,51.62,-43.92,153.3,-36.74,23.52,15.67,6.96,0.01,14.42,31.49,132.99,5.649143189
4644,CMS Info Systems,283.95,14.17,4674.88,2.29,57.4,-29.91,618.22,6.32,23.67,19.48,2.54,0.1,12.44,222.67,482.53,5.649143189
4645,EPack PrefabTech,148.67,18.13,1493.42,0,16.85,45.01,325.24,22.12,23.71,27.65,1.82,0.32,7.69,221.68,62.29,5.649143189
4646,Veedol Corporat,1331.3,11.97,2319.66,4.06,43.55,-0.11,537.73,11.47,23.72,12.26,3.03,0.02,14.32,20.95,29.72,5.649143189
4647,Cello World,423.45,29.64,9353.38,0.35,69.41,-20.54,553.66,-0.57,23.72,34.64,8.74,0,15.82,5.61,261.73,5.649143189
4648,Fineotex Chem,21.77,26.1,2535.12,0.37,30.12,-4.63,183.71,45.89,23.76,25.21,4.01,0,16.03,0.03,69.33,5.649143189
4649,Kernex Microsys.,962,30.69,1616.39,0,6.06,-15.88,72.6,97.23,23.76,29.77,1.46,0.51,24.96,88.87,14.55,5.649143189
4650,Sedemac Mechatro,1501.2,141.32,6629.52,0,17.07,,217.36,,24.03,24.52,1.32,0.21,10.5,64.36,90.91,5.649143189
4651,Saksoft,119.57,12.09,1584.92,0.67,29.02,21.13,250.78,10.56,24.04,20.5,1.87,0.07,11.97,51.32,111,5.649143189
4652,Khazanchi Jewell,704.95,22.84,1744.53,0.14,25.13,103.15,589.02,49.6,24.07,19.65,3.39,0.22,15.66,59.56,0.11,5.649143189
4653,C.E. Info System,915.7,37.97,5010.86,0.38,18.76,-42.14,93.68,-18.21,24.13,37.97,4.51,0.01,14.74,9.56,113.15,5.649143189
4654,GHCL,433.45,7.86,3984.89,2.77,106.01,-37.06,756.54,-2.85,24.19,15.36,5.98,0.03,15.1,96.82,637.88,5.649143189
4655,Krishna Defence,898.4,40.33,1341.51,0.11,10.18,163.73,63.66,23.42,24.31,52.8,5.38,0,14.78,0.76,-11.37,5.649143189
4656,Skipper,350.15,21.52,3954.5,0.03,50.17,39.71,1370.59,20.73,24.42,32.09,1.27,0.63,4.51,801.12,153.27,5.649143189
4657,Vidya Wires,54.19,25.01,1152.58,0,15.56,47.77,448.16,29.37,24.49,15.22,1.99,0.79,14.28,150.65,-17.7,5.649143189
4658,CARE Ratings,1537.7,28.7,4620.33,1.17,36.54,29.14,112.12,16.33,24.55,27.63,6.33,0.03,15.56,25.42,122.95,5.649143189
4659,Goldiam Intl.,296.1,21.36,3343.5,1.01,68.39,37.52,319.71,14.33,24.59,19.65,8.29,0.02,14.45,24.19,-12.88,5.649143189
4660,Knowledge Marine,1545.2,59.21,3777.1,0,32.9,90.78,90.01,56.24,24.67,59.21,1.57,0.61,15.07,145.69,57.84,5.649143189
4661,Garware Tech.,611.7,28.59,6072.09,1.31,56.35,17.69,387.25,10.42,24.68,19.84,2.41,0.1,13.13,131.82,195.1,5.649143189
4662,Thyrocare Tech.,351.35,39.37,5592.27,1.99,28.05,74.99,195.53,17.85,24.78,35.31,2.65,0.05,12.86,24.68,191.32,5.649143189
4663,Interarch Build.,1742.4,21.02,2922.33,0.72,37.26,40.67,522.52,43.7,24.81,15.67,1.91,0.01,11.53,11.21,53.56,5.649143189
4664,Epigral,845.7,10.8,3648.46,0.71,39.15,-62.19,597.12,-7.46,24.88,25.21,1.31,0.26,11.84,537.15,440.56,5.649143189
4665,Guj Pipavav Port,151.67,16.64,7332.33,5.41,101.31,11.58,292.25,11.17,24.89,21.24,3.42,0.02,14.85,50.65,446.12,5.649143189
4666,Jash Engineering,368.5,41.68,2318.05,0.54,13.06,-61.75,160.5,-11.17,24.95,27.65,1.88,0.25,12.83,112.31,54.88,5.649143189
4667,Venus Pipes,949.5,19.54,1966.99,0.11,25.61,45.19,296.7,28.27,24.95,18.09,1.4,0.36,10.5,191.54,68.66,5.649143189
4668,Vadilal Inds.,4531.8,26.66,3258.36,0.46,-0.15,-101.34,238.02,16.76,25.11,24.62,3.3,0.26,14.77,204.03,130.02,5.649143189
4669,Hind.Construct.,15.44,24.34,4044.46,0,8.07,91.23,925.32,-8.09,25.15,15.67,1.03,1.47,-0.03,1610.42,133.61,5.649143189
4670,Vimta Labs,427.2,25.16,1908.27,0.23,17.59,6.91,98.63,9.69,25.22,49.83,3.3,0.02,15.64,6.8,94.61,5.649143189
4671,Heritage Foods,309.45,17.57,2871.57,0.81,34.6,-19.63,1119.16,8.24,25.28,24.62,1.73,0.21,12.67,219.67,213.93,5.649143189
4672,Bhansali Engg.,86.53,12.81,2153.37,4.62,42.22,3.38,301.39,-12.85,25.34,25.21,8.62,0,16.66,0,108.75,5.649143189
4673,Shivalik Bimetal,405.55,25.52,2336.14,0.67,22.18,25.38,134.23,8.88,25.57,18.09,3.34,0.11,16.19,48.92,93.59,5.649143189
4674,EIH Assoc.Hotels,301.7,18.65,1838.45,1.16,40.59,7.82,129.47,-2.66,25.7,27.69,3.87,0.01,15.84,4.12,108.75,5.649143189
4675,3B Blackbio,1295.95,19.37,1112.27,0.31,22.44,62.16,50.35,98.31,25.75,35.31,6.25,0,17.53,0.27,43.36,5.649143189
4676,Ivalue Infosolut,235.38,13.76,1285.89,0,14.94,11.69,208.83,-13.04,25.77,22.1,1.46,0.19,7.82,95.63,35.83,5.649143189
4677,Raghav Product.,642.6,59.28,2950.3,0.16,14.12,43.93,64.49,17.17,25.8,31.5,4.96,0.03,17.29,6.25,38.68,5.649143189
4678,Vedant Fashions,355.15,23.81,8629.19,2.25,134.9,-14.61,491.71,-3.83,25.93,26.42,3.6,0.27,14.35,463.76,388.6,5.649143189
4679,String Metaverse,121,17.61,1408.83,0,27.89,171.5,278.35,140.6,26,22.1,21.76,0,25.15,0.14,49.33,5.649143189
4680,M & B Engineer.,271.05,16.31,1549,0,25.49,48.51,351.51,7.13,26.06,15.67,1.76,0.19,10.37,113.8,35.59,5.649143189
4681,Shanti Gold,184.62,10.42,1331.04,0,40.13,127.62,636.93,110.06,26.19,19.65,3.42,0.34,14.99,184.4,-15.3,5.649143189
4682,Dynamic Cables,269.45,15.58,1305.72,0.09,22.42,41.9,298.77,18.8,26.37,19.02,2.6,0.19,11.92,77.35,56.32,5.649143189
4683,V-Marc India,650.85,25.98,1589.42,0,36.44,220.49,691.54,100.32,26.43,19.02,1.27,1.07,6.6,242.76,22.53,5.649143189
4684,Vikram Solar,192.58,15.35,6977.75,0,98.15,436.33,1105.95,7.79,26.45,24.23,2.42,0.09,5.16,262.47,298.68,5.649143189
4685,Orient Tech.,262.95,28.73,1204.47,0.62,-14.96,-66.19,198.23,-4.17,26.52,22.1,2.23,0.05,12.06,19.03,-11.14,5.649143189
4686,Styrenix Perfor.,1969.7,20.3,3464.7,2.74,16.34,-62.47,869.49,25.87,26.53,25.21,2.42,0.26,13.99,327.96,54.34,5.649143189
4687,Dodla Dairy,1014.3,22.58,6119.05,0.49,68.74,17.08,1025.04,13.74,26.55,24.62,2.55,0.04,15.73,55.34,519.79,5.649143189
4688,Quality Power El,834.55,60.4,6463.1,0.12,62.76,169.18,283.99,291.22,26.6,32.09,2.33,0.08,16.5,36.15,62.46,5.649143189
4689,Ceinsys Tech,938.7,16.49,1965.42,0.37,38.87,124.26,169.94,52.02,26.61,20.5,2.3,0.16,13.91,75.4,5.68,5.649143189
4690,Prec. Wires (I),302.35,42.52,5527.2,0.38,37.7,98.94,1347.61,37.19,26.78,15.22,1.5,0.19,7.73,127.68,167.92,5.649143189
4691,Pix Transmission,1453,18.12,1980.44,0.62,35.26,58.47,151.22,7.8,26.87,18.44,7.11,0.05,16.51,29.75,108.04,5.649143189
4692,Advait Energy,1644.6,39.17,1798.76,0.11,17.39,69.63,211.03,114.44,26.87,19.02,1.8,0.27,9.29,62.16,46.47,5.649143189
4693,EMS,297,12.54,1649.26,0.51,19.29,-62.71,200.35,-18.32,26.91,18.91,7.96,0.16,17.21,164.83,33.54,5.649143189
4694,Beta Drugs Ltd,1106.1,26.03,1121.24,0,8.52,-20.45,87.27,-1.16,27.04,27.18,3.09,0.66,13.27,145.76,36.14,5.649143189
4695,SML Mahindra,4050.3,36.98,5860.78,0.44,17.54,3209.43,539.27,62.53,27.12,34.73,1.27,0.57,9.68,253.67,177.48,5.649143189
4696,Vikran Engg.,60.91,21.15,1570.94,0,20.91,-35.48,266.46,0.48,27.15,15.67,2.36,0.27,6.72,317.94,-129.09,5.649143189
4697,Panorama Studios,38.52,27.21,1003.58,0.15,-1.52,-118.78,29.47,-13.02,27.19,112.6,1.64,0.4,7.89,84.3,-25.88,5.649143189
4698,Guj. Themis Bio.,273.5,62.37,2980.2,0.24,12.46,-3.93,43.37,9.74,27.29,27.18,1.47,0.27,18.67,71.49,91.03,5.649143189
4699,Stylam Industrie,2205.7,26.6,3738.23,0,45.99,51.23,270.96,6.46,27.41,29.52,4.02,0,17.56,0,107.46,5.649143189
4700,BN Agrochem,218.45,42.32,2135.85,0,-6.78,-167.2,192.12,125.44,27.44,28.5,1.46,0.2,16.4,86.9,-31.27,5.649143189
4701,Supriya Lifesci.,584.2,25.33,4701.81,0.17,49.68,6.93,206.44,11.2,27.46,27.18,6.09,0,18.48,5.23,164.68,5.649143189
4702,ASK Automotive,409.2,28.47,8067.08,0.37,79.92,21.29,1084.22,18.48,27.58,24.52,0.99,0.53,14.19,611.56,360.2,5.649143189
4703,Cemindia Project,539.6,19.75,9269.66,0.37,110.89,27.4,2315.48,1.98,27.64,15.67,1.18,0.48,5.84,981.78,202.7,5.649143189
4704,Fiem Industries,2026.8,22.18,5334.47,1.48,63.37,34.77,690.07,16.35,27.8,24.52,2.38,0.06,15.29,61.53,233.06,5.649143189
4705,Amic Forging,1327.5,56.56,1426.91,0,12.4,-45.42,66.58,4.57,27.89,24.33,2.12,0.05,16.83,7,6.02,5.649143189
4706,Maithan Alloys,935.3,6.15,2722.8,1.71,92.74,-2.12,490.28,-7.68,27.95,15.29,4.47,0.11,18.24,444.03,49.77,5.649143189
4707,T R I L,285.15,32.09,8559.23,0.07,75.97,34.89,736.76,31.71,27.97,32.09,1.87,0.27,12.75,365.89,156.58,5.649143189
4708,Newgen Software,440.6,19.25,6270.52,1.13,62.82,-3.38,400.28,5.03,27.97,20.5,4.37,0.03,16.52,51.83,214.98,5.649143189
4709,Tinna Rubber,626.6,23.08,1128.87,0.64,12.81,56.99,139.06,13.35,28.05,18.44,1.29,0.38,14.62,104.5,35.88,5.649143189
4710,NIIT Learning,298.95,18.68,4111.17,1,74.34,1.97,499.7,19.29,28.18,23.6,1.84,0.19,11.18,259.88,247.1,5.649143189
4711,Solex Energy,1009.75,23.36,1090.78,0.05,8.23,-40.4,317.99,136.79,28.22,32.09,1.18,1.63,11.66,293.16,-48.85,5.649143189
4712,Kirl.Pneumatic,1050.7,32.5,6824.52,0.95,43.1,53.33,403.5,18.68,28.27,35.07,2.35,0,14.24,0.4,214.84,5.649143189
4713,Dhanuka Agritech,962.1,16.37,4336.99,0.21,40,-27.33,409.92,-7.94,28.29,21.31,3.28,0.02,17.27,31.84,262.66,5.649143189
4714,Gulf Oil Lubric.,919.3,12.34,4541.35,5.22,77.11,-5.6,997.92,10.28,28.3,12.26,2.07,0.29,14.2,481.79,423.26,5.649143189
4715,D-Link India,394.1,13.47,1399.25,5.07,26.69,0.72,395.21,19.25,28.34,23.6,2.5,0.02,13.45,11.11,89.96,5.649143189
4716,Pokarna,828.2,22.54,2567.75,0.07,20.37,-59.66,134.96,-39.64,28.38,22.54,2.31,0.34,14.33,274.9,191.17,5.649143189
4717,Elecon Engg.Co,389.85,21.15,8748.23,0.51,71.99,-33.06,551.74,4.32,28.46,32.09,3.57,0.11,17.05,257.84,432.3,5.649143189
4718,Yash Highvoltage,468,46.01,1336.2,0.21,14.02,119.41,100.14,75.53,28.5,24.23,2.61,0.17,15.63,27.57,9.19,5.649143189
4719,KNR Construct.,118.01,6.1,3318.85,0.21,102.72,-58.65,743.2,-12.37,28.58,15.67,4.38,0.49,17.05,2320.62,-566.58,5.649143189
4720,SKF India,1537.4,21.14,7600.59,0.94,61.99,-14.54,576.64,3.21,28.82,51.22,3.01,0,15.68,1.95,203.09,5.649143189
4721,Sika Interplant,915.25,52.89,1940.41,0.26,9.49,32.73,50.31,32.46,29.04,52.8,2.31,0.03,18.22,3.78,7.62,5.649143189
4722,Sonata Software,236.75,14.39,6639.06,1.86,104.36,18.45,3080.58,8.36,29.1,20.5,1.11,0.42,8.73,738.91,644.33,5.649143189
4723,Volt.Transform.,8604.5,24.57,8705.28,1.16,99.08,34.99,630.32,30.36,29.11,32.09,3.1,0,19.34,1.35,219.21,5.649143189
4724,Aimtron,788.85,46.8,1625.75,0,20.29,81.48,122.58,112.48,29.16,27.65,3.78,0,15.88,0.49,-18.67,5.649143189
4725,Tanla Platforms,423.05,11.4,5610.38,2.84,131.37,10.85,1121.04,12.06,29.19,37.97,2.24,0.03,15.99,58.18,642.1,5.649143189
4726,Disa India,11513.1,27.92,1674.24,1.74,15.42,67.29,128.62,31.8,29.25,27.65,2.16,0,12.93,0.11,34.28,5.649143189
4727,MSTC,415.65,12.89,2926.18,9.74,51.37,13.47,88.43,8.98,29.26,28.5,1.35,0.17,9.98,145,260.3,5.649143189
4728,Clean Science,698.6,27.32,7424.53,0.86,51.9,-29.97,185.49,-19.9,29.26,25.21,4.8,0,19.65,1.06,279.39,5.649143189
4729,Black Box,504.35,32.7,8889.02,0.2,49.68,0.13,1659.58,10.51,29.75,22.1,1.75,1.15,9.34,1038.36,-87.61,5.649143189
4730,BF Utilities,421.8,10.41,1588.5,0,102.76,21.74,234.97,11.98,29.88,13.35,1.48,4.62,13.8,931.77,539.86,5.649143189
4731,KP Green Engg.,352.3,16.79,1761.5,0.11,58.31,112.55,532.07,102.8,30.04,32.09,1.03,0.53,12.8,203.6,19.11,5.649143189
4732,Garuda Cons,159.84,14.01,1487.18,0.02,32.97,156.18,140.05,125.09,30.09,15.67,2.68,0,15.7,0.08,-110.7,5.649143189
4733,Nirlon,491.8,13.47,4432.1,5.29,69.32,18.9,169.93,5.32,30.18,19.48,1.28,2.47,10,1146.58,480.09,5.649143189
4734,Arkade,103.22,12.94,1916.42,0.97,40.3,-19.53,196.73,-12.42,30.3,25.32,6.52,0.18,17.03,175.41,-217.72,5.649143189
4735,I T D C,426.7,45.7,3659.78,0.68,28.01,35.11,184.78,28.74,30.54,27.69,1.84,0,9.12,0.63,52.84,5.649143189
4736,Kingfa Science,4073.3,32.86,5519.88,0,45.17,30.44,489.46,11.15,30.55,21.75,2.94,0.01,14.22,18.61,59.92,5.649143189
4737,Balu Forge,437.75,20.77,5313.93,0.03,71.09,20.47,311.11,21.63,31.26,24.33,2.67,0.07,20.75,81.54,148.24,5.649143189
4738,Alldigi Tech,733.8,14.68,1118.19,8.18,20.84,19.28,152.68,9.48,31.36,21.24,2.86,0.33,17.54,81.81,118.46,5.649143189
4739,Unicommerce,91.64,50.46,1029.84,0,7.39,16.56,56.39,72.24,31.37,37.97,1.4,0.06,10.2,10.48,27.96,5.649143189
4740,Shringar House,190.16,18.96,1833.75,0,30.13,134.29,658.86,68.37,31.55,19.65,3.43,0.3,19.07,185.23,-7.09,5.649143189
4741,Enviro Infra,147.86,12.33,2595.39,0,42.12,10.06,250.02,1.04,31.68,16.27,3.85,0.26,15.67,294.56,-46.6,5.649143189
4742,Banco Products,553.7,16.58,7919.98,2.71,85.83,145.39,789.36,23.52,32.36,24.52,2.39,0.45,16.03,728.66,164.31,5.649143189
4743,Onix Solar,723.7,119.52,1814.33,0,14.37,129.55,16.12,-71.85,32.41,95.24,1.13,0,6.68,0,17.24,5.649143189
4744,Algoquant Fin,54.65,85.63,1536.19,0,5.99,439.64,52.4,5.16,32.78,35.16,1.86,0.24,12.53,26.53,60.13,5.649143189
4745,RPG LifeScience.,1879.7,29.59,3108.84,1.06,22.13,-18.32,180.03,4.24,32.8,27.18,3.4,0,19.75,0,77.86,5.649143189
4746,Steelcast,228.96,25.62,2317.08,0.63,20.59,7.18,97.4,-4.33,32.94,24.33,5.85,0,20.24,0,73.75,5.649143189
4747,Jubilant Agri,1657.5,19.82,2511.53,0,21.52,13.73,450.99,13.45,33.22,25.21,1.52,0.1,11.93,41.41,129.34,5.649143189
4748,IIFL Capital,269.8,14.62,8401.94,1.11,187.85,-5.21,586.28,0.63,33.27,17.15,1.46,0.62,8.57,1741.75,870.89,5.649143189
4749,Monarch Networth,268,13.25,2124.39,0.37,45.41,12.1,91.2,18.98,33.31,17.15,2.13,0.01,14.63,11.07,29.75,5.649143189
4750,Ajax Engineering,471,24.12,5388.56,0,38.24,-40.5,433.55,-20.91,33.58,30.03,5.88,0,19.14,0.54,42.72,5.649143189
4751,BLS Internat.,240.6,15.38,9906.49,0.83,170.22,34.81,736.46,43.6,33.62,39.76,3.1,0.19,24.22,403.57,828.83,5.649143189
4752,D.P. Abhushan,1025.5,12.56,2341,0,73.35,96.44,1222.38,12.75,33.64,19.65,2,0.42,16.4,211.65,-18.93,5.649143189
4753,Shreeji Ship. Gl,357.8,36.07,5829.22,0.28,32.47,135.46,197.93,30.05,33.65,10.83,1.9,0.3,18.25,214.31,138.79,5.649143189
4754,Marsons,133.97,70.4,2305.62,0.04,6.48,2.53,45.94,4.01,33.82,24.23,5.54,0.02,27.38,3.42,-35.03,5.649143189
4755,DDev Plastiks,229.5,11.93,2374.79,0.76,48.04,3.09,732.84,10.91,33.92,25.21,3.19,0.05,17.31,45.81,137.2,5.649143189
4756,Reliance Infra.,77.46,0.64,3165.26,0,317.42,104.49,4296.52,-14.63,34.01,24.33,0.28,0.34,12.93,5736.72,3656.67,5.649143189
4757,Cigniti Tech.,1068.3,9.63,2942.84,0,80.3,31.76,579.4,12.2,34.09,22.1,4.1,0.02,19.67,20.3,159.9,5.649143189
4758,Gokul Agro,181.54,17.91,5357,0,77.7,7.17,6314.25,26.58,34.2,21.75,1.15,0.48,6.74,585.98,467.21,5.649143189
4759,Sharda Motor,786.35,13.96,4514.25,2.07,80.13,11.7,881.55,27.76,34.6,24.52,2.25,0.04,16.32,50.44,270.54,5.649143189
4760,Insolation Ener,101.3,12.6,2232.6,0.1,50.72,173.57,575.34,77.05,34.73,29.76,1.45,0.37,22.76,257.34,113.1,5.649143189
4761,Shanthi Gears,440.4,40.22,3378.57,1.14,16.19,-34.02,116.82,-25.83,34.87,27.65,4.24,0,20.27,0,90.79,5.649143189
4762,Transrail Light,500.4,15.07,6718.17,0.16,109.74,31.22,1795.84,32.28,35.22,32.09,1.33,0.39,6,809.67,287.31,5.649143189
4763,Dolat Algotech,71.32,10.3,1255.23,0.35,38.99,4.04,108.17,-8.88,35.48,17.15,2.08,0.19,20.82,195.82,-26.83,5.649143189
4764,Sudeep Pharma,613.85,44.02,6933.35,0,47.7,65.31,172.34,49.16,35.65,27.18,2.64,0.2,22.55,142.72,48.73,5.649143189
4765,Afcom Holdings,737.65,15.92,1922.91,0,38.47,325.55,152.58,207.81,36.05,21.1,4.03,0.12,22.66,26.05,27.38,5.649143189
4766,Jai Balaji Inds.,64.68,20.14,5900.69,0,26.48,-82.71,1353.35,-13.06,36.08,20.14,1.27,0.21,15.4,458.65,311.28,5.649143189
4767,Seshaasai Tech.,231.4,16.69,3744.19,0,66.61,24.18,374.23,10.53,36.54,21.16,2.44,0.26,20.96,336.5,202.08,5.649143189
4768,Concord Control,2101.75,71.79,2182.33,0,16.02,93.48,81.55,63.92,36.78,27.65,3.95,0.13,23.08,18.47,-6.98,5.649143189
4769,Symphony,771.45,32.39,5297.66,1.69,20,-23.56,179,-26.03,36.8,42.9,1.66,0.01,19.29,5,258.81,5.649143189
4770,Avantel,127.38,207.39,3384.62,0.16,2.74,-86.35,51.72,-26.83,37.06,52.8,3.66,0.09,22.31,30.69,49.89,5.649143189
4771,Sri Lotus,114.58,24.64,5599.8,0,70.23,36.2,224.03,92.75,37.06,25.32,6.2,0.08,23.31,139.22,-19.5,5.649143189
4772,Blue Cloud Soft.,19.08,23.39,1436.88,0,18.58,97.66,265.41,80.9,37.07,37.97,2.05,0.55,16.28,87.43,-12.55,5.649143189
4773,Jyothy Labs,208.55,22.18,7658.26,1.68,81.12,-7.2,739.61,5.1,37.11,27.58,2.79,0.04,19.5,53.74,311.51,5.649143189
4774,Benares Hotels,9505.7,28.06,1235.74,0.26,14.23,5.68,41.63,7.1,37.33,27.69,5.78,0.02,24.61,3.88,41.86,5.649143189
4775,Innovision,,44.34,1300.16,,20,,480,,37.48,18.45,1.51,1.1,15.38,112.64,-21.88,5.649143189
4776,Indo Tech.Trans.,1298.1,15.35,1378.58,0,24.9,29.22,196.3,10.69,37.8,32.09,2.43,0.04,15.5,11.74,55.75,5.649143189
4777,Fujiyama Power,202.01,31.97,6189.81,0,67.31,124.29,588.48,73.8,38.88,24.23,1.12,1.38,19.26,730.3,18.14,5.649143189
4778,Indrapr.Medical,396.25,19.86,3632.54,1.14,41,24.96,371.61,14.37,39.1,43.04,2.67,0.05,20.49,31.34,156.75,5.649143189
4779,Dynacons Sys.,897.6,13.64,1143.28,0.06,23.45,28.07,339.65,9.95,39.17,22.1,1.37,0.64,10.64,174.31,64.11,5.649143189
4780,Bondada Engineer,279.8,16.01,3122.39,0.04,54.2,118.87,712.28,89.41,39.5,16.05,1.52,0.41,13.4,234.33,-158.05,5.649143189
4781,Kesar India,1155.95,176.47,3236.53,0,16.78,629.57,91.6,479.75,39.6,25.32,2.58,0.24,18.33,29.23,-9.99,5.649143189
4782,Ashoka Buildcon,113.73,3.05,3192.67,0,2111.41,-71.23,1827.33,-23.48,39.7,15.67,1.39,0.47,8.69,1988.9,1673.45,5.649143189
4783,Blue Jet Health,357.95,21.15,6209.19,0.34,40.17,-59.42,192.41,-39.57,39.75,27.18,4.11,0.02,24.16,20.63,45.76,5.649143189
4784,Jaro Institute,486.15,21.66,1078.1,0.41,7.03,280.72,60.01,38.62,39.89,18.67,2.03,0.13,21.6,48.4,-23.46,5.649143189
4785,Action Const.Eq.,829.15,23.36,9873.78,0.24,116.41,4.24,854.63,-2.34,40.11,30.03,1.27,0.08,16.7,142.69,411.98,5.649143189
4786,Danish Power,613.5,18.05,1208.08,0,29.31,41.39,211.06,29.18,40.21,32.09,3.71,0.01,20.15,2.92,-20.3,5.649143189
4787,Solarworld Ene.,159.7,17.12,1384.16,0,49.22,15.3,578.23,183.67,40.36,15.67,2.31,0.27,20.43,203.85,53.9,5.649143189
4788,Hawkins Cookers,7523.05,31.64,3979.69,1.73,33.52,58.11,331.95,16.19,40.91,34.64,2.16,0.16,20.66,60.28,101.91,5.649143189
4789,MPS,1506,15.68,2576.14,5.51,35.5,0.22,182.49,-2.08,40.94,18.67,1.84,0.02,20.33,10.1,100.9,5.649143189
4790,Pace Digitek,164.36,14.12,3547.73,0,78.78,8.06,643.97,13.54,41.31,16.05,1.41,0.12,11.41,150.85,-175.89,5.649143189
4791,Frontier Springs,1374.1,28.79,1623.57,0.04,14.28,63.57,81.43,39.75,41.56,24.52,4.59,0.04,23.35,6.54,22.11,5.649143189
4792,K.P. Energy,279.2,12.71,1887.28,0.23,41.35,56.69,344.96,62.84,41.72,29.76,1.25,0.79,12.63,299.72,161.71,5.649143189
4793,Tanfac Inds.,1940.8,51.74,3871.9,0.23,15.57,-55.26,173.3,-2.74,41.76,15.36,2.06,0.09,23.9,31.49,32.84,5.649143189
4794,Oriana Power Ltd,1747.35,15.34,3550.47,0,121.63,149.88,781.18,117.27,42.31,24.23,1.54,0.5,17.88,316.27,290.49,5.649143189
4795,Timex Group,280.15,47.72,2828.11,0,3.2,164.43,150.78,25.71,42.56,19.65,1.87,0.11,13.89,12.58,-3.15,5.649143189
4796,Ganesh Housing,590.5,11.73,4924.01,0.85,53.74,-66.59,91.3,-64.48,44.02,25.32,4.26,0.03,29.12,77.23,409.84,5.649143189
4797,Prudent Corp.,2236.6,43.14,9261.02,0.11,57.63,19.59,343.19,20.4,44.06,43.14,2.09,0.04,23.01,32.49,160.61,5.649143189
4798,R M Drip & Sprin,42.85,30.35,1070.39,0.07,14.06,37.3,74.64,55.6,44.66,21.75,4.33,0.41,21.8,35.52,-22.39,5.649143189
4799,Canara Robeco,237.3,24.19,4732.18,0.63,52.75,10.22,121.32,25.56,47.72,27.26,29.84,0.03,32.03,18.66,157.48,5.649143189
4800,P & G Health Ltd,4860.6,27.49,8068.3,2.57,77.59,-14.64,373.86,20.69,47.75,27.18,2.87,0.01,24.75,6.2,168.69,5.649143189
4801,Crizac,202.47,18.26,3542.87,3.95,50.53,15.36,278.64,28.01,47.98,19.8,3.3,0,20.8,0.08,187.27,5.649143189
4802,Euro Pratik Sale,214.65,29.91,2193.72,0,23.65,15.84,80.38,7,49.53,26.9,7.26,0.08,34.1,22.47,-30.65,5.649143189
4803,Atlanta Electric,1179.2,58.06,9067.65,0,49.42,125.33,471.82,79.71,50.2,32.09,2.01,0.46,16.64,361.73,86.41,5.649143189
4804,Jeena Sikho,611.3,37.21,7598.5,0.18,66.73,405.15,221.66,91.6,50.24,27.18,2.31,0.3,32.16,106.2,68.63,5.649143189
4805,Tata Tele. Mah.,36.17,,7070.97,0,-150.43,53.55,294.31,-11.56,50.32,35.26,0.02,,-98.17,20501.76,505.13,5.649143189
4806,Alpex Solar,770.55,10.62,1968.22,0,54.27,135.04,648.08,245.4,50.48,24.23,1.85,0.37,23.71,174.26,68.84,5.649143189
4807,Saatvik Green,371.9,12.06,4727.04,0,98.72,144.05,1257.02,142.58,52.33,24.23,1.47,0.52,18.54,628.07,42.6,5.649143189
4808,Accelya Solution,1181.8,15.57,1763.99,7.62,13.94,-39.77,132.93,-0.19,53.61,20.5,1.9,0.33,29.61,86.86,144.56,5.649143189
4809,Rajesh Power,871,13.33,1568.44,0.11,58.06,119.76,637.82,103.74,54.71,13.33,1.55,0.26,22.58,82.36,-20.79,5.649143189
4810,Shakti Pumps,496.45,18.59,6126.09,0.2,31.7,-69.53,550.99,-15.07,55.31,35.07,2.1,0.38,23.88,616.61,20.49,5.649143189
4811,Swaraj Engines,3560.6,22.81,4326.08,2.93,42.1,39.5,473.2,36.96,56.21,35.07,1.88,0,26.88,0.65,176.67,5.649143189
4812,One Global Serv,563.65,17.75,1101.54,0,21.66,522.41,141.27,323.34,56.38,35.31,1.65,0,26.38,0.03,14.45,5.649143189
4813,Sanofi India,3386.1,22.51,7798.19,3.46,61.7,-27.68,419.8,-18.47,57.53,27.18,1.63,0.02,24.17,17.8,438.3,5.649143189
4814,Websol Energy,74.85,14.13,3249.71,0,64.98,64,261.02,77.19,59.25,24.23,1.29,0.41,35.66,159.36,167.26,5.649143189
4815,Network People,1105.9,66.68,2305.87,0.18,11.55,124.95,52.62,147.74,69.23,22.1,7.43,0.02,40.09,6.84,29.06,5.649143189
4816,Esab India,5406,42.53,8321.47,1.2,43,29.62,378.83,12.25,70.03,22.46,2.28,0.01,29.15,3.65,200.08,5.649143189
4817,Meghna Infracon,579.7,172.27,1259.33,0.01,1.1,-72.06,8.46,-15.15,70.09,25.32,2.2,0.27,34.74,6.55,18.26,5.649143189
4818,Shilchar Tech.,3977.3,24.58,4550.11,0.31,42.34,21.77,170.26,10.75,71.3,24.23,5.14,0,37.64,0,39.56,5.649143189
4819,GK Energy,103.28,11.29,2094.7,0,58.83,57.72,460.2,43.64,74.29,15.67,2.21,0.53,33.4,413.27,-98.59,5.649143189
4820,Indosolar,385.15,6.55,1602.37,0,41.47,304.98,199.53,93.7,77.05,32.09,1.65,0.02,27.99,3.1,85.05,5.649143189
4821,Oswal Pumps,314.5,10.27,3584.59,0,91.56,15.66,501.07,31.95,77.91,35.07,5.27,0.08,35.49,123.92,-150.59,5.649143189
4822,Waaree Renewab.,850.25,21.13,8872,0.12,120.2,124.67,851.06,136.18,82.31,24.23,1.45,0.12,25.06,80.96,302.7,5.649143189
4823,RRP Defense,813.7,516.81,1116.3,0,-0.13,-161.9,0,-100,82.72,28.5,1.88,0,14.46,0,-0.39,5.649143189
4824,Tips Music,515.55,35,6590.36,2.52,58.66,32.62,94.29,21.4,108.83,35.24,3.3,0.01,47.54,2.74,120.23,5.649143189
4825,PNGS Reva Diamo.,368.3,14.52,1167.45,0,23.11,1162.84,144.18,2064.86,115.07,19.65,1.79,0.91,33.71,90.92,39.01,5.649143189
4826,Wework India,470,27.25,6362.77,0,15.06,151.3,631.93,28.95,137.07,19.48,0.3,22.73,3.57,4793.67,1292.58,5.649143189
4827,Aqylon Nexus,65.3,,1656.86,0,1.48,1245.45,4.95,109.75,143.24,15.99,0.17,13.2,0.76,10.96,5.85,5.649143189
4828,Sanofi Consumer,4252,41.66,9792.62,1.29,66.5,43.47,251,47.04,152.07,27.18,3.85,0.06,68.09,24.8,-0.4,5.649143189
4829,A B Lifestyle,93.23,64.41,11378.81,0,69.01,66.66,2343.17,9.58,,26.42,0.95,2.67,,3496.03,1144.17,5.649143189
4830,Tata Motors,419.65,339.34,154529.04,0,561,31.66,20404,19.74,,34.73,0.64,0.57,,5983,,5.649143189
4831,SKF India Indus.,2178.9,88.8,10772.04,0,-50.09,,860.95,,,51.22,0.02,,,0,0,5.649143189
4832,ICICI AMC,2804,47.12,138590.09,0.53,1617.74,21.9,2949.38,19.98,,27.26,,,,,,5.649143189
4833,Ather Energy,780.6,,29848.28,0,-84.6,59.76,953.6,50.2,-65.71,28.29,2.63,0.16,-40.47,430.3,-720.7,5.649143189
4834,Swiggy,282.8,,78061.67,0,-1065,-31.38,6148,54.01,-29.22,39.66,2.65,0.25,-24.15,2491,-2169.47,5.649143189
4835,Ola Electric,24.66,,10877.11,0,-487,13.65,470,-55.02,-28.09,28.29,1.73,0.72,-23.94,3121,-2391,5.649143189
4836,NMDC Steel,36.7,,10755.32,0,-243.97,67.8,3007.69,41.9,-12.97,20.14,0.57,0.41,-8.21,5309.93,1965.98,5.649143189
4837,One 97,1054.3,124.54,67480.02,0,225,208.17,2194,20.02,-10.14,21.16,2.48,0.01,-7.31,160,-121.3,5.649143189
4838,KIOCL,351.75,,21377.64,0,18.13,137.94,159.65,-11.58,-9.48,53.05,3.51,0.11,-8.58,184.73,343.31,5.649143189
4839,Meesho,144.6,,65471.16,0,-490.68,-678.67,3517.6,31.32,-8.71,39.66,0.32,0.04,-85.2,58.27,539.37,5.649143189
4840,Swan Defence,2057.1,,10837.25,0,-33.11,37.94,5.87,406.03,-5.76,38.95,5.74,10.67,-6.35,2614.52,-96.79,5.649143189
4841,India Cements,359.85,,11151.65,0,-2.67,102.69,1114.26,18.56,-5.49,27.06,1.05,0.13,-5.67,1340.37,-256.22,5.649143189
4842,Physicswallah,89.95,,25722.93,0,102.28,27.66,1082.42,33.68,-2.12,18.67,1.28,0.69,-3.35,970.24,506.9,5.649143189
4843,Vodafone Idea,9.34,,101192.39,0,-5286,3.72,11323,1.85,-1.93,35.26,0.46,,-14.36,233241.8,9290.6,5.649143189
4844,ITI,270.6,,26063.09,0,-25.58,68.71,514.65,-50.25,-1.33,48.16,0.86,0.9,-2.68,1310.89,-153.57,5.649143189
4845,Pine Labs,164.47,,18885.7,0,42.39,311.3,744.27,23.71,-0.49,21.16,1.19,0.23,-1.12,858.21,49.72,5.649143189
4846,Brainbees Solut.,250.87,,13096.47,0,-38.7,-468.42,2423.63,11.57,-0.4,39.66,1.83,0.35,-2.79,1661.23,-83.45,5.649143189
4847,A B Real Estate,1165.4,,13017.01,0.17,-75.31,-183.04,81.17,-60.3,-0.16,19.83,1.66,1.45,-0.68,5489.91,-1293.44,5.649143189
4848,Mah. Scooters,12441,45.78,14218.28,1.29,4.12,24.85,6.44,11.23,0.59,23.22,1.18,0,0.55,0,158.76,5.649143189
4849,JSW Holdings,15142,116.1,16807.62,0,32.12,145.28,32.66,11.77,0.82,23.22,0.47,0,0.61,0,169.03,5.649143189
4850,Tata Inv.Corpn.,602.6,74.81,30488.73,0.45,75.39,284.45,57.92,1461.19,1.21,23.22,2.13,0,0.92,0,206.21,5.649143189
4851,Jio Financial,239.3,96.06,152030.68,0.21,268.98,-8.75,900.9,105.52,1.47,23.22,1.43,0.08,1.16,10506.21,-10083.39,5.649143189
4852,Urban Company,114.12,,16686.41,0,-21.26,-109.17,382.68,32.91,2.37,39.66,4.68,0.06,12.43,136.28,54.56,5.649143189
4853,Delhivery,422.85,175.78,31654.89,0,39.59,167.51,2804.99,17.94,2.47,21.1,2.85,0.17,1.2,1641.51,567.36,5.649143189
4854,Eternal,232.29,970.42,224168,0,102,72.88,16315,201.85,2.66,39.66,3.18,0.11,1.47,3351,308,5.649143189
4855,Info Edg.(India),978.2,46.94,63428.5,0.61,316.75,12.42,819.41,13.43,3,19.8,3.2,0.01,1.31,275.62,875.84,5.649143189
4856,National High,153.55,70.8,29740.34,8.06,112.09,58.27,1001.55,76.71,3.38,13.35,0.52,1.01,0.9,21712.39,2098.67,5.649143189
4857,New India Assura,132.51,18.31,21837.65,1.36,380,8.85,12069.24,12.77,3.59,32.38,0.39,0,0.96,0,-3389.71,5.649143189
4858,Embassy Off.REIT,416.68,100.66,39496.84,0.15,381.22,56.71,1193.48,16.82,3.64,51.28,0.29,0.96,3.37,21072.2,3079.32,5.649143189
4859,Sammaan Capital,137.97,8.93,11433.12,0,314.08,3.85,2157.54,6.99,3.65,13.21,3.47,2.04,-2.52,45539.05,8771.63,5.649143189
4860,Wockhardt,1176.2,175.88,19112.33,0,61,384.3,888,23.16,3.75,27.18,1.62,0.54,-0.73,2456,-22,5.649143189
4861,Cube Highways,146,980.19,19623.42,6.99,41.04,-21.09,1080.83,27.23,3.91,13.35,2.67,1.68,-0.31,17897.51,2916.36,5.649143189
4862,Nuvoco Vistas,286.2,26.61,10221.81,0,49.37,179.93,2701.27,12.12,3.93,27.06,0.41,0.63,0.12,5803.75,1328.52,5.649143189
4863,Tata Chemicals,633.3,59.31,16133.95,1.74,-69,,3550,-1.11,3.96,15.36,1.36,0.34,1.16,7495,1761,5.649143189
4864,C P C L,1064.75,7.37,15855.34,0.47,1001.59,4719.97,15683.17,21.34,4.3,13.15,1.32,0.22,1.21,1933.16,1352.37,5.649143189
4865,M R P L,191.19,15.38,33507.94,2.09,1450.89,369.09,24711.65,12.99,4.38,13.15,1.02,0.81,0.17,10824.04,1877.9,5.649143189
4866,LMW,13702,120.63,14637.85,0.22,14.66,5.54,758.24,-1.07,4.48,27.65,2.47,0,2.07,0,29.04,5.649143189
4867,JSW Cement,116.13,49.24,15832.76,0,130.62,341.24,1621.22,13.16,4.64,27.06,0.88,0.75,-1.44,4560.36,736.68,5.649143189
4868,The Ramco Cement,925.2,116.45,21861.77,0.22,385.63,-32.74,2105.68,6.16,4.77,27.06,0.56,0.62,0.62,4699.15,1398.78,5.649143189
4869,Poonawalla Fin,393.6,91.57,31991.37,0,150.22,702.03,1818.42,72.03,4.77,16.59,0.72,3.64,-0.35,35979.16,-10569.43,5.649143189
4870,B H E L,262.05,112.06,91247.47,0.19,390.4,189.83,8473.1,16.44,4.87,32.09,1.45,0.45,0.81,10969.31,2191.89,5.649143189
4871,NTPC Green Ene.,101.1,152.46,85190.19,0,17.32,-73.36,653.29,29.34,4.89,29.76,0.23,1.16,1.31,21825.6,1998.92,5.649143189
4872,SJVN,70.08,43.54,27540,2.08,224.31,50.56,1081.97,61.25,4.91,29.76,0.65,2.03,1.92,29567.02,2482.95,5.649143189
4873,Nexus Select,154.68,46.35,23434.02,4.4,139.4,17.41,671.16,12.92,5.17,51.28,0.65,0.42,2.07,5840.89,1532.41,5.649143189
4874,Brookfield India,327.24,48.83,25313.95,5.48,201.22,464.38,690.44,14.78,5.38,51.28,1.48,0.62,0.61,9111.52,1847.95,5.649143189
4875,SignatureGlobal,763.65,3231.96,10730.1,0,-45.34,-255.7,284.44,-65.63,5.42,25.32,1.15,3.56,0.93,2589.2,500.66,5.649143189
4876,Central Bank,34.17,6.41,30928.64,1.76,1264.79,31.23,9069.98,6.18,5.48,7.61,5.41,12.26,0.85,484345.89,-2459.64,5.649143189
4877,OneSource Speci.,1456.4,546.07,16693.43,0,-88.7,-417.62,290.34,-26.04,5.53,27.18,1.02,0.22,2.31,1294.73,-67.85,5.649143189
4878,Lenskart Solut.,526.2,241.17,91370.21,0,132.71,7141.21,2307.73,38.28,5.57,26.42,1.61,0.45,2.5,2857.8,1230.63,5.649143189
4879,Dalmia BharatLtd,1841,28.86,34530.89,0.49,128,136.78,3506,10.22,5.58,27.06,1.69,0.4,2.48,7082,2117,5.649143189
4880,Bank of Maha,65.49,7.78,50371.99,2.29,1798.99,27.44,7344.22,16.12,5.72,7.61,2.26,10.54,1.64,351995.89,7627.84,5.649143189
4881,UCO Bank,24.86,11.9,31173.34,1.57,739.51,15.76,6651.84,6.94,5.76,7.61,3.81,10.11,0.71,335610.79,1912.54,5.649143189
4882,I R F C,94.69,17.66,123745.68,2.22,1802.19,10.52,6661.37,-1.51,5.83,17.52,1.11,2.73,1.34,154805.72,8229.57,5.649143189
4883,PB Fintech.,1497.1,119.54,69269.78,0,189.43,164.87,1771.15,37.13,5.9,21.16,4.11,0.05,4.42,329.15,-183.14,5.649143189
4884,I O B,33.72,13.66,64933.22,0,1365.12,56.25,8172.39,14.91,5.95,7.61,2.27,10.93,0.89,396107.32,2963.19,5.649143189
4885,Pun. & Sind Bank,22.96,13.43,16291.46,0.3,336.42,19.31,3041.98,3.78,5.98,7.61,3.64,11.03,0.66,153596.48,-2293.5,5.649143189
4886,RBL Bank,297.25,27.78,18373.36,0.34,213.88,555.47,3666.74,3.69,6.04,14.25,3.97,8.32,0.49,131891.6,-841.82,5.649143189
4887,J & K Bank,118.82,6.11,13084.25,1.81,581.49,10.01,3314.94,3.28,6.15,14.25,6.23,10.21,1.28,158231.94,2723.15,5.649143189
4888,Zydus Wellness,424.65,56.2,13510.69,0.28,-39.9,-643.12,964.9,108.9,6.16,47.69,1.91,0.53,5.27,3042,380,5.649143189
4889,Bank of India,150.49,6.72,68513.1,2.69,2814.27,6.66,19051.83,4.01,6.17,7.61,2.72,11.54,0.94,996990.99,18534.45,5.649143189
4890,IDFC First Bank,62.95,34.37,54144.61,0.4,478.65,40.71,10417,11.5,6.22,14.25,1.49,7.03,0.46,329081.86,14465.09,5.649143189
4891,Biocon,380.95,75.2,61748.48,0.13,-51.8,1469.95,4173,9.2,6.25,27.18,1.16,0.62,2.44,16535.5,4061.2,5.649143189
4892,Bank of Baroda,279.95,7.44,144772.28,2.98,5500.66,4.4,33599.84,3.16,6.29,7.61,2.19,10.45,1.18,1715878.97,34891.58,5.649143189
4893,Aarti Industries,427.35,41.77,15495.47,0.23,133,221.74,2318,25.77,6.32,25.21,0.78,0.7,3.1,3973,1241.94,5.649143189
4894,Punjab Natl.Bank,111.53,7.21,128180.8,2.6,5576.54,15.72,32889.23,3.12,6.32,7.61,6.11,12.01,1.07,1788466.44,22075.28,5.649143189
4895,Yes Bank,18.58,18.37,58303.35,0,956.55,54.44,7552.81,-3.58,6.36,14.25,3.66,7.1,0.59,356366.62,6386.4,5.649143189
4896,Indian Bank,878.65,9.84,118350.99,1.85,3147.5,8.15,17102.21,8.45,6.38,7.61,2.56,10.51,1.35,839819,17396.4,5.649143189
4897,Devyani Intl.,104.17,,12843.53,0,-10.98,2322.76,1440.9,11.32,6.42,62.41,0.4,2.15,-0.2,3343.33,900.22,5.649143189
4898,Sobha,1267.2,95.13,13550.53,0.24,15.43,-28.86,943.11,-22.95,6.44,25.32,1.2,0.23,0.61,1062.45,199.92,5.649143189
4899,Piramal Pharma,138.35,,18390.15,0.1,-136.19,-3241.3,2139.87,-2.92,6.45,27.18,1.43,0.6,0.58,4850.95,892.3,5.649143189
4900,SBI,1058,12.05,976599.34,1.5,22175.72,13.07,130589.72,4.76,6.47,7.61,0.96,10.9,1.15,6452558.39,48486.29,5.649143189
4901,IndusInd Bank,818.6,,63777.62,0,127.98,-90.87,11372.88,-11.15,6.47,14.25,2.73,6.7,0.48,434950.38,18277.79,5.649143189
4902,JSW Energy,507.05,38.49,89103.5,0.39,528.75,173.41,4081.76,67.36,6.49,29.76,0.77,2.37,2.46,69103.86,3838.48,5.649143189
4903,DLF,540.75,31.04,133852.48,1.11,1203.36,56.1,2020.22,32.15,6.51,25.32,1.65,0.04,7.3,1777.42,5235.22,5.649143189
4904,Mindspace Busine,457.02,64.52,36318.32,5.27,191.95,31.59,814.12,25.37,6.53,51.28,0.36,0.83,2.03,11259.21,2017.35,5.649143189
4905,Godrej Propert.,1549.5,29.2,46672.14,0,193.87,29.86,498.36,-48.56,6.57,25.32,1.33,0.89,2.67,16324.41,-2242.38,5.649143189
4906,HDFC Life Insur.,623.65,71.2,134572.42,0.34,418.19,-0.74,29427.61,70.1,6.58,73.97,0.91,0.18,0.51,3099,15597.06,5.649143189
4907,Shree Cement,23535,47.38,84916.04,0.47,267.65,37.9,4800.52,4.98,6.71,27.06,2.11,0.1,3.97,2141.96,4920.33,5.649143189
4908,Union Bank (I),177.63,7.16,135595.74,2.67,5072.69,9.73,26819.18,0.37,6.72,7.61,2.36,9.95,1.24,1304329.31,17479.4,5.649143189
4909,S A I L,155.52,21.21,64237.93,1.03,374.03,189.16,27371.42,11.77,6.76,20.14,0.85,0.58,1.9,33663.18,9914.3,5.649143189
4910,IDBI Bank,73.07,8.46,78567.8,2.87,1959.41,0.31,7080.24,-9.45,6.78,14.25,2.43,4.81,1.97,334696.15,25795.7,5.649143189
4911,Canara Bank,136.44,6.13,123759.97,2.93,5174.37,24.67,30937.71,0.61,6.79,7.61,6.11,14.22,1.08,1668906.87,60668.58,5.649143189
4912,City Union Bank,241.35,14.29,17933.45,0.83,332.16,16.14,1755.68,18.73,6.86,14.25,3.5,7.22,1.51,71668.71,1128.3,5.649143189
4913,GMR Airports,90.56,,95622.09,0,173.96,317.8,3994.03,50.53,6.92,9.5,0.79,,-2.92,41465.23,3442.56,5.649143189
4914,Aegis Vopak Term,178.54,96.73,19782.08,0,61.51,62.72,197.49,22.28,7.01,51.74,1.04,0.42,2.39,2004.38,478.18,5.649143189
4915,Federal Bank,267.1,16.07,65805.95,0.45,1125.39,15.88,7360.47,1.32,7.03,14.25,2.82,8.71,1.25,315792.14,8800.92,5.649143189
4916,Axis Bank,1203.9,14.25,374138.52,0.08,7059.78,3.98,33709.17,4.81,7.11,14.25,2.19,7.4,1.78,1520549.58,44383.68,5.649143189
4917,Anupam Rasayan,1252.5,82.88,14259.5,0.06,60.59,73.96,512.45,31.35,7.33,25.21,1.45,0.38,3.24,1223.05,-30.13,5.649143189
4918,I O C L,144.6,5.71,204193.11,4.84,13502.26,694.54,205157.37,5.74,7.36,13.15,0.69,0.74,2.47,146680.58,34699.28,5.649143189
4919,Karur Vysya Bank,263.9,11.1,25506.14,0.82,689.96,39.1,2794.18,12.28,7.38,14.25,2.23,8.83,1.73,113008.2,4487.08,5.649143189
4920,Clean Max Enviro,889.9,193.55,10418.88,0,21.18,1023.98,422.46,13.04,7.39,29.76,0.76,3.15,0.18,8087.2,1404.2,5.649143189
4921,NHPC Ltd,76.8,24.42,77145.87,2.49,320.6,-5.24,2220.73,-2.89,7.42,29.76,1.22,1.09,3.43,44922.85,5026.19,5.649143189
4922,Niva Bupa Health,70,,12932.2,0,-87.64,-761.93,1611.03,28.06,7.45,32.38,0.32,0.07,2.62,250,1654.16,5.649143189
4923,Grasim Inds,2616.3,38.6,178045.07,0.38,2232.95,34.68,44311.97,25.25,7.5,27.06,0.91,2.06,1.69,205403.39,-17169.65,5.649143189
4924,HDFC Bank,780.45,16.12,1201267.28,1.41,20691.04,12.18,87066.94,2.38,7.51,14.25,1.97,6.2,1.74,3472711.57,127241.84,5.649143189
4925,IndiGrid Trust,165.22,57.7,18803.33,9.91,99.91,76.33,862.24,11.66,7.51,17.83,1.23,4.78,1.36,22035.9,2901.59,5.649143189
4926,HFCL,71.16,210.23,10891.77,0.14,102.37,32.55,1210.79,19.65,7.55,16.05,1.79,0.38,2.47,1579.98,396,5.649143189
4927,Prestige Estates,1248.2,55.4,53763.75,0.14,244.7,1157.63,3872.6,134.06,7.66,25.32,1.21,0.92,1.15,14510.4,130.7,5.649143189
4928,UPL,625.55,27.79,52790.48,0.96,490,-52.47,12269,12.49,7.66,21.31,1.25,0.94,0.95,30022,10151,5.649143189
4929,Piramal Finance.,1845.9,36.04,41842.44,0,401.01,937.79,2917.68,3.3,7.73,13.21,3.89,2.61,0.6,71678.44,-9771.5,5.649143189
4930,PTC Industries,17418,392.04,26114.02,0,18.35,25.86,155.53,132.41,7.74,22.46,4.92,0.13,4.98,179.28,13.59,5.649143189
4931,IRB Infra.Devl.,41.51,31.4,25067.89,0.72,210.79,-24.29,1871.17,-7.62,7.82,15.67,1.35,1.02,2.01,20851.58,1971.21,5.649143189
4932,Bandhan Bank,158.44,25.34,25524.25,0.95,205.59,-51.79,5431.24,-0.87,7.82,14.25,3.43,6.76,1.49,166192.7,2752.33,5.649143189
4933,Godrej Industrie,832.05,27.85,28023.85,0,352.68,22.95,5051.19,4.69,7.83,23.24,1.13,4.48,2.22,46565.9,-5150.78,5.649143189
4934,ICICI Bank,1245.4,16.84,891569.27,0.88,13481.13,-2.68,48363.84,2.82,7.87,14.25,1.7,5.51,2.18,1908507.47,122805.26,5.649143189
4935,Prime Focus,276.65,81.61,21467.78,0,69.2,237.06,1207.24,32.74,7.95,35.24,0.66,3.02,-1.66,5255.27,295.42,5.649143189
4936,IFCI,53.99,36.41,14546.6,0,20.82,61.19,455.86,-0.68,8.08,17.52,1.71,0.4,1.57,3507.36,-983.74,5.649143189
4937,JSW Steel,1169.6,36.59,286020.3,0.24,2410,218.4,45991,11.15,8.11,20.14,1.09,1.22,1.65,101107,20899,5.649143189
4938,Max Financial,1639.3,393.78,56574.66,0,44.76,-34.95,14258.93,59.81,8.13,73.97,0.98,0.34,0.23,1829.45,8351.8,5.649143189
4939,Kotak Mah. Bank,366.75,19.41,364786.31,0.14,4924.29,4.75,17506.8,5.25,8.17,14.25,2,3.62,2.68,607199.72,16915.73,5.649143189
4940,Altius Telecom,157,49.13,47844.18,7.47,290.1,36.59,6033.6,0.33,8.17,16.05,0.82,3.88,1.3,51459.3,7066.2,5.649143189
4941,AU Small Finance,901.5,29.16,67452.44,0.11,667.66,26.34,4727.47,14.93,8.4,18.36,2.3,7.87,1.58,142828.27,5462.41,5.649143189
4942,ACME Solar Hold.,246.37,29.76,14929.33,0.08,113.7,-3.66,496.79,42.34,8.42,29.76,1.36,2.72,1.71,12997.7,1543.02,5.649143189
4943,Ujjivan Small,53.36,20.98,10366.32,0,185.72,70.98,1751.92,10.11,8.53,18.36,3.32,6.77,1.65,42172.58,2028.2,5.649143189
4944,Exide Inds.,302.65,30.9,25725.25,0.66,194.97,28.02,4200.59,4.58,8.65,24.52,1.22,0.11,3.92,1644.67,1272.9,5.649143189
4945,F A C T,791.45,3457.97,51212.51,0.03,-67.9,-948.75,1567.84,65.14,8.65,17.48,0.91,2.79,0.37,3836.52,139.97,5.649143189
4946,Adani Green,863.1,86.22,142167.77,0,5,-106.78,2618,11.88,8.7,29.76,0.64,4.52,2.32,88153,8364,5.649143189
4947,L&T Finance Ltd,261.2,23.1,65393.71,1.05,737.99,21.1,4578.27,11.73,8.71,16.59,3.21,3.72,2.37,97970.33,-16586.5,5.649143189
4948,Canara HSBC,145.66,120.24,13837.7,0,27.65,-5.7,4202.25,177.11,8.73,73.97,1.16,0,0.29,0,1207.81,5.649143189
4949,Finolex Inds.,174.63,22.75,10835.39,1.15,109.99,55,897.66,-10.35,8.77,21.75,5.29,0,5.5,21.22,382.68,5.649143189
4950,M & M Fin. Serv.,308.35,17.33,42859.76,2.11,825.6,0.63,5449.84,13.61,8.77,16.59,2.73,4.9,1.69,121388.98,-15601.88,5.649143189
4951,IIFL Finance,473,15.7,20116.2,0.85,501.35,1040.79,3427.45,40.32,8.81,16.59,3.25,4.53,1.32,58691.47,-4780.83,5.649143189
4952,Tata Steel,196.77,25.11,245638.36,1.83,2730.37,697.08,57002.4,6.25,8.83,20.14,0.74,1.01,1.22,95643.13,23511.81,5.649143189
4953,LIC Housing Fin.,486.15,4.88,26741.31,2.06,1398.27,-2.57,7208.92,1.97,8.93,13.21,0.72,7.08,1.8,272849.47,-16609.17,5.649143189
4954,Laurus Labs,987.2,63.2,53294.64,0.12,251.88,172.65,1778.29,25.67,9.15,27.18,1.32,0.46,3.61,2211.76,601.65,5.649143189
4955,Tata Consumer,1050.2,71.67,103923.78,0.79,384.52,41.52,5112,15.04,9.16,19.61,1.54,0.13,4.26,2576.11,2056.65,5.649143189
4956,Aditya Birla Cap,311.25,22.98,81531.05,0,965.85,40.3,11952.09,27.4,9.33,23.22,0.46,4.86,1.32,156546.33,-27934.63,5.649143189
4957,Can Fin Homes,820.3,11.21,10922.63,1.46,264.78,24.83,1072.84,8.8,9.34,13.21,2.31,6.61,2.2,36106.63,933.37,5.649143189
4958,Indian Renewable,116.37,17.37,32691.02,0,584.91,37.5,2129.87,25.4,9.37,17.52,0.63,5.41,2.39,69939.38,-14461.4,5.649143189
4959,JM Financial,123.16,9.33,11778.58,2.19,318.46,57.35,999.36,-9.65,9.39,16.25,4.85,1.1,2.87,11359.97,5568.68,5.649143189
4960,Adani Enterp.,1927.1,60.3,222422.17,0.07,5726.57,2044.49,24819.59,8.63,9.45,122.28,0.97,2.03,2.76,109464.93,4513.1,5.649143189
4961,PNB Housing,791.9,9.18,20629.67,0.63,520.96,10.51,2109.57,9.72,9.46,13.21,1.31,3.62,2.52,65167.8,-8119.5,5.649143189
4962,Trident,24.25,30.26,12357.69,2.06,44.24,-44.49,1574.46,-5.56,9.48,19.84,1.63,0.35,5.01,1604.7,944.68,5.649143189
4963,Vertis Infra.,106.5,26.52,16081.33,5.63,111.44,6.01,1016.05,102.64,9.51,13.35,1.8,1.6,4.37,11188.14,1237.44,5.649143189
4964,Jubilant Pharmo,831.35,28.69,13243.41,0.6,55.8,-30.84,2122.5,16.51,9.54,27.18,1.63,0.44,4.64,2882.8,1072.1,5.649143189
4965,CreditAcc. Gram.,1156.9,38.18,18527.38,0,252.09,353.31,1490.41,7.97,9.55,23.27,3.65,2.81,1.88,20103.16,1125.16,5.649143189
4966,Bajaj Housing,81.45,27.28,67866.87,0,664.89,23.17,2885.93,17.85,9.55,13.21,0.79,4.44,2.35,94061.28,-17074.87,5.649143189
4967,Sagility,39.06,20.92,18285.27,0.13,267.66,34.58,1971.15,35.65,9.58,22.1,1.84,0.14,5.08,1231.95,1214.07,5.649143189
4968,Tata Capital,317.1,30.4,134604.8,0,1264.74,19.81,7975.44,12.27,9.58,16.59,1.38,5.88,1.72,213294.5,-29872.48,5.649143189
4969,FSN E-Commerce,240.6,454.99,68889.25,0,67.74,178.56,2873.26,26.73,9.59,39.66,1.16,1.01,1.95,1407.02,466.63,5.649143189
4970,H U D C O,172.48,12.42,34528.77,2.41,713,-3,3431.2,24.31,9.62,17.52,0.99,7.03,2.44,126837.58,-31602.67,5.649143189
4971,ITC Hotels,149.01,37.93,31038.43,0,236.83,37.46,1230.68,21.2,9.63,27.69,3.11,0.01,5.67,80.23,803.45,5.649143189
4972,Sundaram Finance,4678,24.65,51974.39,0.75,541.36,30.07,2513.95,14.78,9.64,16.59,2.1,4.35,2.66,65829.64,-8985.25,5.649143189
4973,Reliance Industries,1414.4,24.94,1914032.4,0.39,22290,0.57,264905,10.38,9.69,13.15,1.1,0.43,4.33,374593,178703,5.649143189
4974,Power Fin.Corpn.,412.85,5.4,136244.7,3.83,8211.9,8.14,29094.81,8.57,9.73,17.52,1.35,7.88,2.75,1000961.2,-92269.36,5.649143189
4975,HDB FINANC SER,634.9,22.68,52716,0.32,643.9,36.33,4673.5,12.79,9.79,16.59,0.49,4.68,2.16,90540.7,-13626.33,5.649143189
4976,S C I,233.35,9.59,10869.44,2.82,404.97,436.24,1611.67,22.5,9.81,10.83,1.98,0.33,7.02,2811.37,849.51,5.649143189
4977,Bajaj Holdings,9512,14.39,105859.05,0.98,2018.24,15.32,287.51,127.59,9.82,16.25,0.76,0,9.32,14.6,-1956.76,5.649143189
4978,Gujarat Fluoroch,3183.9,52.44,34975.14,0.09,102,-10.37,1136,-1.05,9.89,25.21,1.66,0.23,5.51,1722,545.24,5.649143189
4979,NTPC,380.95,15.28,369394.5,2.19,5597.05,8.42,45845.68,1.72,9.95,29.76,0.87,1.33,4.26,254876.03,50435.95,5.649143189
4980,REC Ltd,330.5,5.05,87028.05,5.45,4052.44,-0.59,15017.7,5.23,9.96,17.52,1.32,6.18,2.73,516180.08,-39064.08,5.649143189
4981,Dr Agarwal's Hea,424.35,105.49,13443.73,0,43.63,51.03,529.86,23.02,9.99,43.04,1.43,0.51,3.15,982.73,360.33,5.649143189
4982,Graphite India,607.1,34.12,11861.25,1.81,67,533.25,642,22.75,10.11,31.5,3.62,0.05,6.49,269,500.23,5.649143189
4983,Aether Industri.,1155.55,68.53,15331.24,0,64.48,46.19,317.12,44.36,10.18,25.21,2.33,0.09,6.63,215.19,100.09,5.649143189
4984,Adani Energy Sol,1009.9,54.02,121317.53,0,574.06,-1.69,6729.65,15.43,10.23,54.02,1.33,1.95,3.37,45544.99,8695.22,5.649143189
4985,JP Power Ven.,16.36,18.09,11212.26,0,3.77,-97.02,1155.57,1.35,10.26,29.76,2.8,0.28,4.64,3519.18,1714.28,5.649143189
4986,Cholaman.Inv.&Fn,1440.5,25.32,122708.94,0.14,1289.97,18.54,7898.21,17.31,10.34,16.59,4.01,7.23,2.38,187662.96,-32413.15,5.649143189
4987,Century Plyboard,650.9,59.63,14461.24,0.15,65.05,18.53,1350.08,18.38,10.38,29.52,1.06,0.67,4.79,1643.25,-2.73,5.649143189
4988,SBI Cards,688.75,31.34,65541.09,0.36,556.64,45.25,5127.26,11.01,10.4,16.59,0.83,3.33,3.1,49224.51,-2140.46,5.649143189
4989,Ambuja Cements,420.55,27.06,103952.54,0.48,366.97,-90.21,10276.65,9.19,10.5,27.06,1.07,0.02,7.02,1270.72,2237.35,5.649143189
4990,NLC India,266.35,14.15,36933.07,1.35,724.01,-0.31,4443.05,0.72,10.51,29.76,0.81,1.22,4.68,24368.04,8977.12,5.649143189
4991,MTAR Technologie,3525.3,159.75,10843.68,0,35.17,131.84,277.9,59.3,10.51,52.8,1.95,0.25,4.95,186.45,101.79,5.649143189
4992,H P C L,336.3,4.65,71558.67,3.12,4011.4,57.7,115153.2,4.11,10.52,13.15,0.59,1.11,3.57,63094.8,14227.74,5.649143189
4993,Blackbuck,615.8,28.84,11187.38,0,32.49,19.14,168.71,49.95,10.52,29.77,4.84,0.01,35.73,18.75,84.88,5.649143189
4994,Chola Financial,1407.6,11.16,26431.56,0.09,1385.82,28.7,9948.79,17.2,10.57,23.22,0.93,13.68,2.36,186992.83,-34201.3,5.649143189
4995,Jindal Steel,1186.5,42.49,121033.45,0.17,188.58,-78.79,13026.63,10.86,10.67,20.14,0.99,0.39,4.33,19155.98,10823.96,5.649143189
4996,Aster DM Health.,626.95,90.17,32483.6,0.8,58.65,-9.69,1185.76,12.95,10.68,43.04,2.1,0.46,2.44,2089.49,425.05,5.649143189
4997,Phoenix Mills,1543.1,49.93,55186.6,0.16,366.16,13.87,1121.19,14.98,10.75,25.32,1.27,0.46,6.11,4910.17,2083.56,5.649143189
4998,Go Digit General,325.75,58.99,30115.26,0,140.09,18.2,2570.4,5.5,10.8,32.38,0.11,0.08,2.17,350,1604.03,5.649143189
4999,Tata Power Co.,402.4,33.99,128580.46,0.56,1194.33,-25.1,13948.41,-9.37,10.81,24.33,0.72,1.86,3.05,70083.18,12680.19,5.649143189
5000,Vardhman Textile,532.9,19.32,15415.83,0.94,168.5,-21.02,2505.31,1.62,10.83,19.84,5.25,0.15,6.99,1478.71,1643.8,5.649143189
5001,UltraTech Cem.,10934,41.48,322202.21,0.71,1729.44,31.88,21829.68,22.78,10.89,27.06,0.69,0.35,5.19,25214.91,10673.43,5.649143189
5002,Shriram Finance,938.6,19.31,176603.73,1.05,2529.65,18.07,12170.76,13.76,10.95,16.59,4.01,3.87,3.04,234309.38,-43651.9,5.649143189
5003,Bajaj Finserv,1710.3,27.9,273742.06,0.06,4367.57,5.88,39708.06,23.93,11.03,16.25,1.12,5.13,2.96,392201.6,-62113.25,5.649143189
5004,Manappuram Fin.,259.25,53.77,21943.82,1.35,238.56,-14.54,2353.14,-8.07,11.03,16.59,6.64,3.02,2.51,38366.43,-466.57,5.649143189
5005,Chalet Hotels,723.5,26.12,15844.23,0.14,124.07,29.32,581.68,27.06,11.13,27.69,0.62,0.73,2.2,2488.51,950.39,5.649143189
5006,Anant Raj,465.85,31.82,16764.87,0.16,144.23,30.76,641.59,20,11.17,25.32,4.95,0.13,8.44,563.47,96.61,5.649143189
5007,Capri Global,170.08,19.39,16364.31,0.12,255.44,99.44,1220.31,48.67,11.18,16.59,2.35,2.52,2.66,16786,-4311.64,5.649143189
5008,CESC,152.74,13.75,20246.76,3.93,304,7.55,4005,12.47,11.23,24.33,1.08,1.48,3.55,18811,2581.5,5.649143189
5009,Bajaj Finance,830.55,28.38,516808.23,0.53,4066.01,-2.16,21213.89,17.63,11.35,16.59,2.77,3.85,3.99,397400.93,-68154.47,5.649143189
5010,DCM Shriram,1041,23.24,16233.59,0.86,212.64,-5.28,3811.22,13.2,11.37,23.24,1.45,0.3,4.83,2177.31,1127.82,5.649143189
5011,Aadhar Hsg. Fin.,449.85,18.77,19561.12,0,281.21,22.69,942.71,18.19,11.42,13.21,3.99,2.55,4.31,17605.53,-3026.65,5.649143189
5012,Apollo Tyres,420.85,18.29,26728.22,1.19,470.52,43.44,7743.08,11.77,11.44,23.65,1.26,0.29,4.56,4518.42,1823.14,5.649143189
5013,Inox Wind,81.84,28.18,14143.9,0,126.65,-6.15,1207.45,32.5,11.52,32.09,2.34,0.17,5.77,1139.88,137.96,5.649143189
5014,Ircon Intl.,123.68,18.92,11632.3,2.14,99.85,16.25,2119.04,-18.9,11.6,15.67,1.63,0.8,3.74,5137.55,-1109.53,5.649143189
5015,Syrma SGS Tech.,783.9,53.12,15115.98,0.19,110.32,108.8,1264.18,45.36,11.67,27.65,1.8,0.12,4.37,331.55,176.46,5.649143189
5016,Navin Fluo.Intl.,6124,55.87,31388.08,0.2,185.4,140.83,892.37,47.21,11.68,25.21,2.75,0.33,6.27,1176.72,570.81,5.649143189
5017,Ventive Hospital,641.4,45.99,14979.36,0,140.5,390.85,685.5,28.37,11.73,27.69,1.68,0.52,3.1,2577.91,677.46,5.649143189
5018,Craftsman Auto,6912,46.94,16488.98,0.07,107.11,477.1,2057.28,30.53,11.74,24.52,1.13,1.09,3.71,3310.82,283.33,5.649143189
5019,Gland Pharma,1627.1,31.02,26807.52,1.11,261.48,36.05,1695.36,22.49,11.89,27.18,4.13,0.03,6.41,302.25,914.73,5.649143189
5020,ICICI Pru Life,552.1,58.44,80012.26,0.15,387.15,19.16,22834.07,403.35,11.94,73.97,1.04,0.19,0.39,2595,-9412.84,5.649143189
5021,Fortis Health.,822.05,61.58,62061.33,0.12,197.4,0.19,2265.01,17.46,11.96,43.04,0.96,0.34,6.67,3194.65,1423.93,5.649143189
5022,Star Health Insu,452,59.61,26595.63,0,128.22,-40.4,4566.27,10.14,11.98,32.38,0.15,0.06,3.27,470,1378.61,5.649143189
5023,Leela Palaces Hotels,399.3,37.63,13334.94,0,147.88,171.43,457.43,23.48,11.98,27.69,2.48,0.28,0.62,1712.65,552.88,5.649143189
5024,O N G C,265.4,8.79,333880.61,4.62,11946.42,16.36,167422.93,0.13,12.04,22.87,0.87,0.48,5.15,176017.8,90868.19,5.649143189
5025,Shyam Metalics,795.3,22.89,22199.36,0.57,197.51,-0.24,4421.46,17.71,12.05,18.09,1.12,0.1,5.92,1117.48,1964.15,5.649143189
5026,Fractal Analyt.,823.1,67.58,14154.45,0,100.1,44.99,854.4,20.81,12.05,20.5,1.85,0.25,6.9,429.5,397,5.649143189
5027,Bharat Forge,1711.5,70.08,81824.87,0.5,272.8,40.77,4342.93,24.96,12.18,24.52,1.1,0.71,4.72,6658.37,1796.34,5.649143189
5028,ERIS Lifescience,1284.9,40.13,17801.38,0.57,108.83,33.18,807.45,11,12.22,27.18,0.91,0.77,5.54,2388.84,1065.01,5.649143189
5029,SRF,2454.5,39.34,72757.47,0.37,432.66,85.49,3712.53,6.34,12.27,15.36,1.11,0.35,5.95,4604.97,2487.49,5.649143189
5030,Asahi India Glas,810.45,65.88,20660.57,0.25,99.47,32.78,1255.91,11.71,12.45,24.52,1.57,0.77,5.5,2856.32,719.97,5.649143189
5031,Whirlpool India,836.35,30.37,10610.93,0.6,26.92,23.54,1773.84,4.05,12.63,42.9,2.43,0.02,5.58,62.86,571.07,5.649143189
5032,Minda Corp,502.5,41.4,12013.74,0.28,84.27,36.1,1560.29,24.57,12.66,24.52,0.93,0.63,6.09,1536.21,544.4,5.649143189
5033,JK Tyre & Indust,417.25,16.49,12028.88,0.72,207.73,271.28,4222.96,14.95,12.78,23.65,1.2,0.92,3.74,4820.82,715.77,5.649143189
5034,Power Grid Corpn,297.6,17.83,276785.97,3.02,4184.96,8.37,12395.09,10.35,12.78,17.83,0.89,1.37,5.91,135983.72,36223.29,5.649143189
5035,Atul,6245,30.94,18386.38,0.4,163.54,47.82,1573.62,11.07,12.81,25.21,3.41,0.03,7.48,185.95,603.13,5.649143189
5036,Oil India,475.5,13.27,77345.2,2.42,1435.89,-10.74,8330.09,-0.08,12.89,22.87,1.56,0.64,7.08,35854.15,11332.04,5.649143189
5037,Kansai Nerolac,166.77,21.83,13485.99,1.5,117.05,-17.78,1981.99,3.13,13.03,31.62,3.57,0.04,7.57,276.42,672.36,5.649143189
5038,Alembic Pharma,677.3,20.07,13313.22,1.62,131.95,20.99,1876.31,10.84,13.05,27.18,1.59,0.28,7.99,1488.72,87.95,5.649143189
5039,Jubilant Food.,451.55,90.01,29795.31,0.27,72.88,61.15,2437.22,13.32,13.08,62.41,0.52,2.11,2.77,4563.63,1668,5.649143189
5040,Vishal Mega Mart,102.3,60.79,47806,0,312.92,19.11,3670.41,17.04,13.1,38.46,1.41,0.27,6.58,1870.76,1399.07,5.649143189
5041,Hatsun Agro,956.75,55.35,21311.44,0.63,67.14,64,2314.63,15.17,13.12,24.62,0.59,1.08,5.88,2009.95,1443.05,5.649143189
5042,CCL Products,1087.6,38.68,14522.5,0.46,100.27,59.06,1050.56,38.52,13.14,19.61,1.42,0.78,7.98,1627.51,289.69,5.649143189
5043,Knowledge Realty,117.1,28.31,51926.82,2.67,721.28,,0,,13.17,51.28,2.66,0.07,1.29,2992.19,2723.14,5.649143189
5044,Muthoot Finance,3315.9,15.27,133122.93,0.78,2823.48,101.85,8187.6,57.77,13.19,16.59,3.01,3.93,4.67,139911.56,-26524.89,5.649143189
5045,Aegis Logistics,611.7,27.9,21470.67,1.19,232.63,42.32,1725.4,1.08,13.2,27.9,3.02,0.41,8.27,2438.78,558.19,5.649143189
5046,General Insuranc,372.15,6.78,65290,2.69,1725.66,2.92,12588.62,12.97,13.32,32.38,0.49,0,3.38,1.37,1975.99,5.649143189
5047,Brigade Enterpr.,643.9,20.77,15749.37,0.39,205.83,-15.69,1575.11,7.59,13.34,25.32,1.22,0.83,3.39,5374.9,995.31,5.649143189
5048,Sansera Enginee.,2177.9,49.52,13551.82,0.15,69.42,44.51,907.67,24.71,13.38,24.52,2.12,0.15,6.65,439.32,376.56,5.649143189
5049,Bharti Airtel,1846.1,34.36,1052665.66,0.87,8502.8,-18.76,53981.6,19.62,13.48,35.26,0.41,1.77,5.35,208009.7,98332.2,5.649143189
5050,Syngene Intl.,414.75,40.83,16711.91,0.3,15,-44.93,917.1,-2.82,13.52,49.83,1.72,0.12,7.31,581.6,1167.6,5.649143189
5051,Escorts Kubota,3059.4,26.28,34227.88,0.92,358.32,38.46,3280.49,11.28,13.59,26.28,3.68,0.01,9.92,103.51,1003.19,5.649143189
5052,MRF,127535,23.65,54089.42,0.18,691.83,137.49,8050.43,14.99,13.62,23.65,1.58,0.19,6.62,3631.22,1867.8,5.649143189
5053,Samvardh. Mothe.,111.59,33.41,117777.02,0.51,1072.27,20.06,31409.39,13.53,13.66,24.52,1.09,0.53,4.6,19777.47,6286.2,5.649143189
5054,Kirloskar Oil,1376.7,36.82,20011.6,0.47,109.13,79.61,1872.6,28.82,13.68,35.07,1.23,1.64,4.59,5526.04,-738.94,5.649143189
5055,Paradeep Phosph.,110.77,11.13,11499.82,0.9,182.06,2.36,5748.67,15.21,13.72,17.48,1.12,0.87,5.19,5603.41,1386.01,5.649143189
5056,Thangamayil Jew.,3328.8,42.74,10346.58,0.38,104.78,120.98,2405.83,112.44,13.74,19.65,1.5,0.96,5.88,1124.35,-423.99,5.649143189
5057,Adani Ports,1365.4,24.9,314582.58,0.51,3042.93,24.9,9704.59,21.86,13.8,21.24,1.12,0.85,8.59,56850.7,17226.28,5.649143189
5058,GE Shipping Co,1429.7,9.03,20411.42,2.08,812.52,142.21,1454.44,17.59,13.86,10.83,7.6,0.08,10.9,1253.88,2647.36,5.649143189
5059,Container Corpn.,447.3,26.66,34067.17,2.06,334.98,-8.93,2307.51,4.49,13.87,21.1,4.35,0.07,9.18,904.75,1711.54,5.649143189
5060,United Breweries,1568.9,98.75,41482.52,0.64,81.15,76.72,2072.72,3.62,13.88,31.63,1.34,0.18,6.03,776.87,235.05,5.649143189
5061,JSW Infrast,251.15,32.55,52741.54,0.32,364.85,10.69,1349.66,14.2,13.92,21.24,2.93,0.52,9.55,5313.7,2100.44,5.649143189
5062,M & M,3066.1,23.87,381278.37,0.83,5021.47,54.61,52099.75,25.63,13.93,28.77,1.35,1.53,5.51,126709.33,3175.81,5.649143189
5063,J K Cements,5000,36.76,38634.13,0.3,173.61,8.41,3463.07,18.18,13.99,27.06,1.24,1,5.11,6509.83,1939.39,5.649143189
5064,GAIL (India),142.87,10.94,93938.45,5.25,1729.13,-19.9,35173.37,-4.51,14.05,13.66,0.91,0.25,8.23,22433.31,15735.04,5.649143189
5065,Sai Life,1000.05,62.44,21177.87,0,100.38,97.92,556.46,26.53,14.05,27.18,1.92,0.18,6.34,417.56,314.05,5.649143189
5066,G M D C,575.7,28.62,18307.26,1.75,133.06,-9.89,579.15,-11.37,14.06,16.51,5.18,0.04,9,278.24,1059.37,5.649143189
5067,Aurobindo Pharma,1291.4,21.24,75004.72,0.31,909.8,12.87,8645.9,8.36,14.18,27.18,1.85,0.22,7.35,7794.5,3924.62,5.649143189
5068,JBM Auto,567.25,61.89,13415.14,0.15,59.99,15.83,1613.98,15.6,14.2,24.52,1.05,2.24,4.02,3181.23,393.92,5.649143189
5069,Ashok Leyland,168.89,27.51,99203.53,1.85,862.24,34.52,14830.24,23.63,14.26,34.73,1.35,4.33,4.47,54513.09,128.47,5.649143189
5070,Kaynes Tech,3620.6,62.17,24270.57,0,76.64,17.66,804.03,21.61,14.28,27.65,2.09,0.19,7.24,885.37,-82.32,5.649143189
5071,Belrise Industri,189,34.95,16818.72,0.29,121.97,25.79,2340.52,8.02,14.3,24.52,2.08,0.29,5.35,1418.2,704.39,5.649143189
5072,Welspun Living,114.57,47.14,10989.01,1.48,2.57,-99.35,2262.2,-9.13,14.41,19.84,1.61,0.56,6.51,2684.55,687.98,5.649143189
5073,Larsen & Toubro,3434.8,27.69,472495.05,0.99,3824.65,29.35,71449.7,10.49,14.49,15.67,1.25,1.32,4.98,134001.13,9160.71,5.649143189
5074,Amber Enterp.,6654.5,100.75,23418.29,0,-9.34,26.43,2942.82,37.94,14.49,42.9,1.22,0.77,3.37,2793.41,710.89,5.649143189
5075,Ipca Labs.,1544.9,37.11,39194.76,0.26,363.67,26.7,2392.5,6.55,14.72,27.18,2.46,0.17,7.89,1278.92,1321.32,5.649143189
5076,Rail Vikas,264.55,48.1,55159.21,0.65,324.14,3.66,4684.46,2.56,14.72,15.67,2.12,0.52,6.4,4980.69,1878.19,5.649143189
5077,CIE Automotive,461.15,21.26,17494.3,1.52,204.31,12.17,2393,13.42,14.74,24.52,1.5,0.06,8.03,425.88,1257.98,5.649143189
5078,Tata Comm,1416.8,35.26,40378.8,1.76,364.23,55.38,6188.97,6.74,14.79,35.26,0.46,4.68,5.22,13330.99,2910.81,5.649143189
5079,Hindalco Inds.,874.25,11.34,196463.78,0.57,2049,-15.8,66521,13.93,14.8,16.26,1.47,0.56,6.51,74878,24410,5.649143189
5080,Max Healthcare,964.8,64.35,93888.07,0.16,300.92,17.2,2067.52,10.66,14.88,43.04,0.79,0.33,8.32,3275.02,1459.31,5.649143189
5081,Cohance Life,299.25,38.07,11448.32,0,29.02,-73.81,544.55,-19.47,14.89,27.18,2.87,0.12,8.86,450.77,288.16,5.649143189
5082,360 ONE,1040.6,35.91,42262.77,1.15,327.28,18.38,1181.48,51.47,14.91,17.15,2.94,1.47,6.2,13764.67,-2410.87,5.649143189
5083,Krishna Institu.,645.1,87.98,25812.96,0,51.9,-39.8,997.7,29.17,15,43.04,0.72,1.4,8.32,3187,581.8,5.649143189
5084,Kalyan Jewellers,382.7,34.17,39522.97,0.39,416.3,103.14,10343.42,42.12,15.03,19.65,1.29,1,5.13,5334.96,1209.4,5.649143189
5085,Aptus Value Hou.,208.83,11.76,10457.01,2.15,236.19,23.98,553.6,23.01,15.05,13.21,15.27,1.57,7.42,7312.74,-1404.91,5.649143189
5086,Granules India,590.95,26.39,14340.51,0.25,150.21,27.73,1387.94,22,15.14,27.18,1.28,0.45,8.21,1806.94,866.57,5.649143189
5087,Guj.St.Petronet,254.75,13.66,14373.28,1.96,379.05,9.66,3885,-10.9,15.16,13.66,1.5,0.01,8.22,139.71,2740.85,5.649143189
5088,TVS Holdings,13846,17.88,28013.37,0.67,969.39,33.08,15275.63,34.48,15.21,23.22,0.91,6.25,4.78,34480.23,3534.91,5.649143189
5089,Sarda Energy,508.75,17.09,17927.4,0.29,189.88,-7.28,1275.99,-3.27,15.27,20.14,3.98,0.38,8.51,2680.55,885.7,5.649143189
5090,TVS Motor Co.,3462.2,56.4,164484.66,0.29,891.26,55.36,14755.52,33.72,15.35,28.29,1.08,3.89,5.15,31589.29,3502.92,5.649143189
5091,Firstsour.Solu.,216.97,21.83,15340.39,2.53,120.32,26.98,2443.08,16.21,15.37,21.24,0.97,0.54,8.56,2368.94,701.1,5.649143189
5092,CEAT,3537.5,22.97,14309.22,0.85,155.4,101.61,4157.05,25.98,15.4,23.65,0.65,0.68,4.66,3113.72,1091.96,5.649143189
5093,Patanjali Foods,474.6,30.75,51641.43,0.7,593.76,68.21,10483.71,16.53,15.55,21.75,2.1,0.24,9.04,2895.22,197.73,5.649143189
5094,BEML Ltd,1514.6,50.64,12614.95,0.7,-22.38,-191.68,1083.27,23.69,15.56,30.03,2.47,0.24,4.99,665.98,183.12,5.649143189
5095,Lodha Developers,796.9,23.82,79603.55,0.53,957.7,1.32,4672.5,14.44,15.62,25.32,1.83,0.45,5.7,9628.4,1565.6,5.649143189
5096,Deepak Fertilis.,908.55,13.11,11469.34,1.1,141.49,-43.56,2830.07,9.73,15.67,15.36,1.44,0.68,7.47,4440.15,1879.66,5.649143189
5097,Siemens,3129.6,68.15,111451.47,0.38,277.8,-10.62,3830.7,14.01,15.83,32.09,2.54,0.01,7.46,145.3,374.7,5.649143189
5098,Kalpataru Proj.,1071,21.54,18289.74,0.84,149.05,19.7,6665.42,16.27,15.95,15.67,1.25,0.69,2.36,4827.65,913.95,5.649143189
5099,Torrent Power,1450.7,23.15,73101.29,1.31,654.74,35.2,6777.87,4.28,15.95,24.33,1.27,0.55,8.28,10431.18,4804.91,5.649143189
5100,Mankind Pharma,2000,44.46,82565.67,0.05,413.88,29.05,3567.2,11.52,15.98,27.18,1.14,0.55,8.89,8368.65,2413.38,5.649143189
5101,Carborundum Uni.,756.95,59.72,14419.33,0.53,73.16,-9.99,1290.86,2.82,16.12,51.22,2.91,0.08,8.49,308.02,304.24,5.649143189
5102,B P C L,287.8,5,124862.19,6.08,7188.4,89.98,119029.43,5.18,16.22,13.15,0.86,0.56,6.46,52966.83,23677.79,5.649143189
5103,Thermax,3227.4,60.02,38456.5,0.43,205.01,40.63,2634.68,4.19,16.22,32.09,1.33,0.36,5.67,1810.8,1042.79,5.649143189
5104,Radico Khaitan,2660.5,67.15,35623.55,0.15,155.09,69.07,1546.75,19.51,16.24,31.63,1.65,0.21,7.98,623.5,362.11,5.649143189
5105,Deepak Nitrite,1390.3,34.98,18962.72,0.54,99.82,10.89,1974.97,3.76,16.28,25.21,3.16,0.23,9.86,1243.9,624.7,5.649143189
5106,Blue Dart Expres,5101.5,41.64,12105.86,0.49,68.33,30.06,1616.16,6.91,16.33,21.1,1.17,0.66,6.65,1080.6,735.12,5.649143189
5107,Five-Star Bus.Fi,350.65,9.32,10328.96,0.57,277.03,1.16,815.07,12.06,16.34,16.59,10,1.23,8.22,8376,-1044.95,5.649143189
5108,Privi Speci.,2927.3,38.07,11434.83,0.17,74.85,75.5,604.64,23.18,16.42,25.21,1.25,0.86,7.17,1071.93,281.11,5.649143189
5109,Techno Elec.Engg,1089.6,27.03,12672,0.83,119.25,24.23,872.2,37.12,16.54,15.67,4.74,0.02,9.62,61.23,453.01,5.649143189
5110,EID Parry,789.05,13.31,14035.05,0,437,19.13,10315.58,18.29,16.59,20.78,1.4,0.31,6.29,2665.73,1936.39,5.649143189
5111,Godrej Agrovet,588.5,24.54,11318.56,1.87,109.73,23.13,2718.32,10.97,16.59,25.26,0.75,1.19,7.28,2158.57,969.34,5.649143189
5112,Apollo Hospitals,7364.5,58.31,105890.21,0.26,516.3,38.72,6477.4,17.2,16.64,43.04,1.64,0.88,7.77,7987.2,2136.4,5.649143189
5113,Balkrishna Inds,2105.1,31.01,40695.2,0.76,382.15,-14.98,2736.79,6.89,16.67,23.65,1.02,0.35,10.36,3681.97,1764.14,5.649143189
5114,Amara Raja Ener.,759.15,18.4,13894.37,1.38,151.69,-22.07,3350.84,5.9,16.75,24.52,1.59,0.04,9.28,286.38,1375.2,5.649143189
5115,Affle 3i,1285.7,41.28,18097.18,0,119.32,19.06,717.47,19.25,16.82,22.1,3.61,0.01,11.09,38.43,425.99,5.649143189
5116,SBI Life Insuran,1896.9,76.74,190262.26,0.14,576.74,4.71,46132.63,144.58,16.88,73.97,0.97,0,0.56,0,25546.65,5.649143189
5117,Linde India,7014.5,102.51,59819.66,0.06,191.59,68.08,701.03,15.71,16.9,28.4,0.88,0.02,8.99,67.4,583.6,5.649143189
5118,Shaily Engineer.,2399,77.55,11024.63,0.08,35.64,96.47,236.42,26.9,16.97,21.75,1.09,0.34,8.73,189.41,95.61,5.649143189
5119,Cupid,79.6,128.09,10703.5,0,32.87,196.66,104.4,105.67,17.1,41.57,7.15,0.07,11.99,26.76,-11.14,5.649143189
5120,Kajaria Ceramics,951.35,35.05,15152.37,0.95,86.15,37.41,1168.26,1.09,17.13,40.11,2.46,0.1,8.4,290.07,500.99,5.649143189
5121,Sundram Fasten.,813,30.29,17083.44,0.89,130.8,7.6,1541.11,6.94,17.14,24.52,2.05,0.18,10.32,741.18,423.27,5.649143189
5122,Nava,553.5,17.5,15664.12,1.45,325.71,-11.98,991.12,17.64,17.17,29.76,7.76,0.2,13.7,1595.8,2157.05,5.649143189
5123,Indian Hotels Co,615.55,48.51,87619.37,0.37,954.24,20.34,2841.96,12.2,17.21,27.69,2.01,0.28,10.98,3225.99,2194.37,5.649143189
5124,V-Guard Industri,324.85,55.54,14187.97,0.46,42.34,15.89,1325.92,11.87,17.23,42.9,1.71,0.03,8.63,69.72,444.49,5.649143189
5125,Endurance Tech.,2280.3,34.65,32075.35,0.44,221.64,28.19,3608.22,26.2,17.26,24.52,1.46,0.2,9.21,1228.9,1531.69,5.649143189
5126,Interglobe Aviat,4149.1,35.39,160409.6,0.24,612.6,-21.69,23471.9,6.16,17.34,16.93,1.43,8.83,5.89,75105.3,24064.7,5.649143189
5127,ACC,1381.4,10.31,25940.93,0.54,404.25,-65.44,6482.98,8.56,17.44,27.06,2.02,0.02,9.46,485.44,1711.48,5.649143189
5128,Bharti Hexacom,1584.1,44.94,79205,0.63,473.7,48.68,2359.8,4.85,17.44,35.26,0.31,1.06,7.04,6607,4582.6,5.649143189
5129,Adani Total Gas,551.9,94.55,60698.52,0.05,158.65,11.43,1507.35,16.45,17.47,14.29,0.61,0.45,9.19,2007.07,963.87,5.649143189
5130,Voltas,1324.5,84.53,43825.68,0.53,84.46,-22.26,3070.77,-1.11,17.64,42.9,1.47,0.28,6.56,1755,-224.11,5.649143189
5131,Finolex Cables,878.15,19.72,13430.37,0.91,164.03,11.4,1598.62,35.23,17.67,19.02,7.67,0,11.78,21.52,207.25,5.649143189
5132,Oberoi Realty,1445.8,23.31,52569.61,0.55,622.64,3.55,1492.64,5.78,17.73,25.32,4.29,0.18,10.23,3027.08,2162.58,5.649143189
5133,Tega Inds.,1725,64.19,12959.53,0.12,19.71,-63.67,403.71,-1.36,17.8,27.65,2.54,0.21,10.07,305.4,195.03,5.649143189
5134,Sona BLW Precis.,506.25,48.26,31481,0.63,150.16,16.27,1199.76,38.24,17.82,24.52,4.16,0.04,11.22,211.39,775.19,5.649143189
5135,Avenue Super.,3770.8,85.65,245378.43,0,855.78,18.27,18100.88,13.32,17.95,38.46,2.49,0.07,11.86,1609.19,2462.97,5.649143189
5136,KEC International,546.1,19.97,14537.18,1.01,127.46,34.54,6001.35,12.19,17.98,15.67,1.19,0.94,2.75,5308.03,419.07,5.649143189
5137,BASF India,3312.2,37.12,14337.07,0.6,105.14,0.12,3876.54,6.64,18.02,25.21,1.75,0.04,6.07,144.24,389.06,5.649143189
5138,Jindal Stain.,721.95,20.14,59518.97,0.42,827.78,30.02,10517.55,6.16,18.16,20.14,1.15,0.38,7.5,6861.97,4718.36,5.649143189
5139,Bikaji Foods,629.7,63.26,15788.87,0.16,62.17,117.64,790.01,10.51,18.16,47.69,2.22,0.21,11.27,309.73,193.46,5.649143189
5140,Honeywell Auto,28330,48.84,25043.72,0.37,121.2,-2.51,1168.7,7.14,18.4,27.65,3.69,0.02,9.98,92.8,426.3,5.649143189
5141,Tech Mahindra,1384.8,28.22,135688.42,3.25,1118.6,32.95,14393.2,8.34,18.56,20.5,1.83,0.07,9.04,1954.4,5785.7,5.649143189
5142,Neuland Labs.,11995,85.91,15389.45,0.1,40.57,-29.12,439.71,10.47,18.66,27.18,1.96,0.16,10.38,264.53,317.38,5.649143189
5143,Motil.Oswal.Fin.,662.6,19.69,39879.25,0.91,566.17,0.26,2111.66,5.93,18.67,17.15,1.63,1.22,7.64,15695.79,1214.6,5.649143189
5144,Rainbow Child.,1114.3,43.93,11316.74,0.27,73.9,5.59,445.45,11.9,18.69,43.04,3.49,0.54,10.48,816.12,395.66,5.649143189
5145,Usha Martin,400.85,27.3,12215.57,0.75,107.67,27.44,917.05,6.57,18.75,18.09,3.06,0.09,11.5,264.21,421.76,5.649143189
5146,Uno Minda,1067,53.22,61610.91,0.21,300.48,27.58,5018.06,19.93,18.83,24.52,1.33,0.46,9.36,2851.71,1071.47,5.649143189
5147,Redington,217.35,12.12,16991.87,3.13,413.39,8.87,30921.73,15.74,18.9,28.5,1.42,0.29,5.11,2608.67,292.62,5.649143189
5148,AIA Engineering,3409.6,27.32,31818.51,0.47,292.95,14.56,1066.89,0.06,18.92,24.33,5.33,0.14,13.66,1021.86,1162.31,5.649143189
5149,Crompton Gr. Con,243.15,32,15656.79,1.23,101,2.31,1898.3,7.3,19.01,42.9,1.41,0.05,9.09,186.38,737.41,5.649143189
5150,Lumax Auto Tech.,1568,41.6,10687.13,0.35,108.06,101.39,1270.66,40.31,19.02,24.52,1.01,1.05,7.73,1110.53,290.49,5.649143189
5151,Titan Company,4106.6,74.71,364578.26,0.27,1684,71.73,25416,43.27,19.14,19.65,1.26,0.97,9.24,12465,-541,5.649143189
5152,Happy Forgings,1265.4,41.77,11939.11,0.24,78.95,22.37,391.31,10.44,19.17,24.33,3.15,0.1,13.05,192.63,292.36,5.649143189
5153,L T Foods,378.45,20.21,13141.79,0.79,157.35,9.84,2809.2,23.49,19.18,25.04,2.01,0.43,9.06,1804.46,462.5,5.649143189
5154,Gallantt Ispat L,555.95,27.98,13414.01,0.22,100.41,-11.67,1073.58,-4,19.2,18.09,2.54,0.21,11.96,656.8,578.8,5.649143189
5155,Godrej Consumer,1017.6,53.6,104125.37,1.97,497.91,11.97,4099.12,8.78,19.21,41.57,0.99,0.34,9.93,4113.49,2576.75,5.649143189
5156,PG Electroplast,512.75,52.83,14630.94,0.05,61.96,56.7,1412.13,45.93,19.36,35.15,2.06,0.2,7.75,590.46,-76.59,5.649143189
5157,Jindal Saw,194.13,11.03,12414.77,1.03,247.62,-49.06,4943.41,-6.22,19.37,18.09,1.53,0.43,7.13,5194.12,2335.16,5.649143189
5158,Glenmark Pharma.,2180.1,22.73,61522.6,0.11,403.23,55.23,3900.62,15.15,19.4,27.18,1.65,0.13,8.69,1224.17,-827.6,5.649143189
5159,Metro Brands,930.7,65.16,25365.92,0.59,130.37,35.71,811.27,15.39,19.42,33.39,2.57,0.79,10.27,1438.63,697.53,5.649143189
5160,Hitachi Energy,25025,126.46,111542.34,0.02,261.42,119.97,2082.21,28.51,19.44,32.09,1.71,0.02,5.77,84.48,1493.77,5.649143189
5161,Aditya Infotech,1719.3,79.8,20253.02,0,95.98,138.82,1139.11,37.32,19.49,27.65,1.47,0.08,6.24,127.57,27.21,5.649143189
5162,Gujarat Gas,354.6,21,24410.31,1.64,266.84,20.75,3658.41,-11.91,19.5,14.29,1.05,0.02,9.49,151.25,1805.86,5.649143189
5163,Wipro,190.9,15.09,200218.3,5.76,3145,-7,23555.8,5.54,19.51,20.5,2.26,0.19,10.82,16163.7,16942.6,5.649143189
5164,Bharat Dynamics,1249.9,79.01,45816.65,0.37,72.92,-50.44,566.63,-31.91,19.66,52.8,2.3,0,4.94,1.24,167.39,5.649143189
5165,Astral,1631.8,85.09,43838.33,0.23,107.7,5.18,1541.5,10.34,19.71,21.75,1.8,0.07,10.52,255.6,629.6,5.649143189
5166,Varun Beverages,401.45,46.28,135774.18,0.25,260.01,35.99,4204.42,13.98,19.71,46.28,1.94,0.13,12.16,2508.18,3509.31,5.649143189
5167,Global Health,1005.7,47.73,27032.25,0.05,95.03,-13.19,1121.05,18.83,19.74,43.04,2.4,0.25,11.46,944.9,623.76,5.649143189
5168,R R Kabel,1391.4,33.66,15736.88,0.43,118.25,93.1,2535.86,42.29,19.77,19.02,1.85,0.17,9.49,392.62,494.4,5.649143189
5169,K P R Mill Ltd,823.1,33.34,28134.71,0.61,208.6,3.14,1467.42,-4.04,19.84,19.84,6.26,0.06,13.49,345.46,1401.32,5.649143189
5170,Acutaas Chemical,2399.8,68.47,19647.43,0.06,106.22,140.18,393.18,42.98,19.92,27.18,3.6,0.01,12.13,8.35,118.34,5.649143189
5171,Choice Intl.,614.9,65.51,13698.53,0,65.62,94.46,303.36,44.91,19.95,16.25,1.72,0.4,7.36,488.37,-294.46,5.649143189
5172,Tata Motors PVeh,314.1,19.25,115663.48,1.91,-3483,-150.54,70108,-25.79,19.97,28.77,0.9,0.61,7.65,67258,63102,5.649143189
5173,Poly Medicure,1240.9,35.67,12577.7,0.28,70.81,-10.98,493.66,16.37,20.08,33.84,3.89,0.08,13.23,239.55,240.42,5.649143189
5174,ZF Commercial,13801,52.72,26166.7,0.14,138.68,15.71,1057.65,10.65,20.15,24.52,6.08,0.02,12.69,61.6,273.65,5.649143189
5175,Sun Pharma.Inds.,1777.1,35.13,426385.82,0.9,3381.17,18.73,15520.54,13.49,20.21,27.18,2.57,0.07,12.97,5215.1,14072.09,5.649143189
5176,Dabur India,430.7,41.11,76392.84,1.86,553.61,9.44,3558.65,6.06,20.24,41.57,1.83,0.12,11.06,1301.43,1986.75,5.649143189
5177,Coforge,1089.3,29.09,36576.79,1.4,296.7,55.54,4188.1,28.54,20.34,20.5,1.57,0.14,10.05,971.5,1237.1,5.649143189
5178,Cochin Shipyard,1341.5,49.61,35292.29,0.73,137.69,-25.29,1165.37,8.93,20.35,38.95,1.32,0.18,6.76,1047.71,-269.05,5.649143189
5179,Alkem Lab,5257.5,26.19,62861.3,0.86,653.03,7.98,3736.82,10.74,20.38,27.18,2.49,0.18,13.3,2355.6,1912.84,5.649143189
5180,Sun TV Network,592.95,14.39,23367.25,2.53,324.33,-9.79,862.16,4.02,20.4,15.99,8.51,0.01,14.47,146.26,1663.08,5.649143189
5181,Nuvama Wealth,1147.5,20.33,20889.26,2.52,253.62,0.67,1104.19,6.75,20.4,17.15,1.51,2.37,4.04,8974.85,-371.11,5.649143189
5182,Divi's Lab.,6100,63.92,161935.83,0.49,583,8.2,2604,12.29,20.44,27.18,5.7,0.01,13.53,90,1653,5.649143189
5183,Vinati Organics,1386.2,30.07,14370.13,0.54,108.47,13.52,529.14,1.43,20.61,25.21,5.02,0,13.64,0,494.44,5.649143189
5184,Emcure Pharma,1478.2,30.99,28025.13,0.2,231.37,66.63,2363.48,20.42,20.72,27.18,1.52,0.35,8.98,1659.22,851.71,5.649143189
5185,Narayana Hrudaya,1652.2,40.9,33764.49,0.27,126.79,-12.82,2151.17,61.19,20.75,43.04,2.15,0.58,12.22,2340.22,985.78,5.649143189
5186,Indraprastha Gas,156.63,13.18,21928.23,2.71,392.01,20.58,4067.5,8.21,20.85,14.29,1.18,0.01,11.1,101.59,2198.8,5.649143189
5187,AWL Agri Busine.,192.1,26.04,24966.83,0,269.03,-30,18602.67,10.47,20.89,21.75,1.2,0.11,5.83,1095.97,2149.69,5.649143189
5188,Grindwell Norton,1402.2,39.91,15525.16,1.21,95.58,9.62,752.79,7.14,20.9,51.22,2.63,0.04,11.96,79.94,458.49,5.649143189
5189,Timken India,3163.3,55.29,23793.94,1.14,49.85,-32.92,764.38,13.84,20.93,51.22,3.41,0.01,13.91,15.22,387.3,5.649143189
5190,Birlasoft Ltd,358.05,20.5,10007.72,1.82,119.89,22.7,1347.53,-1.11,20.95,20.5,4.03,0.04,12.12,151.35,587.52,5.649143189
5191,Data Pattern,3230.8,72.52,18087.3,0.24,58.3,35.76,173.13,47.92,21,52.8,8.23,0,12.18,5.81,-89.88,5.649143189
5192,Allied Blenders,408.45,42.6,11424.76,0.88,63.74,19.51,1002.98,2.98,21.08,31.63,1.36,0.68,6.29,1055.67,-678.42,5.649143189
5193,Bosch,30390,38.79,89631.17,1.68,532.1,7.9,4885.6,9.4,21.11,24.52,1.78,0.01,10.7,109.1,2373.4,5.649143189
5194,Welspun Corp,803.85,13.66,21204.81,0.62,456.36,-32.91,4532.48,25.43,21.24,18.09,1.31,0.19,8.93,1545.32,1503.67,5.649143189
5195,Zensar Tech.,564.9,16.91,12847.54,2.3,199.8,37.02,1430.7,7.93,21.28,20.5,3.71,0.03,12.77,117.3,565,5.649143189
5196,KEI Industries,4188,46.52,40037.53,0.11,234.86,42.5,2954.7,19.51,21.29,19.02,3.48,0.04,11.7,235.06,-32.21,5.649143189
5197,Lupin,2322.5,21.34,106148.29,0.52,1180.51,75.99,7167.52,24.27,21.3,27.18,1.87,0.32,12.41,6217,2999.94,5.649143189
5198,Jupiter Wagons,262.6,46.52,11222.75,0.38,58.33,-40.39,775.93,-22.41,21.49,46.35,2.04,0.21,11.13,590.01,200.26,5.649143189
5199,Gravita India,1405.2,27.15,10371.56,0.45,97.49,25.33,1017.07,2.07,21.5,16.51,5.27,0.2,14.97,445.12,282.18,5.649143189
5200,Ratnamani Metals,2310.8,27.17,16196.86,0.61,135.38,-7.83,1065.83,-19.03,21.51,18.09,3.66,0.06,12.11,241.12,536.22,5.649143189
5201,Pfizer,4773.5,28.68,21837.68,0.73,141.84,42.99,645.03,19.9,21.62,27.18,5.38,0.01,14.02,42.98,659.75,5.649143189
5202,Maruti Suzuki,12601,26.53,396178.68,1.07,3879.1,4.08,49904.1,28.74,21.7,28.77,0.92,0,11.69,99.9,16136.2,5.649143189
5203,Tube Investments,2537.3,79.45,49108.16,0.14,278.97,-4.48,5800.99,20.55,21.83,24.52,1.79,0.09,7.34,704.97,1213.41,5.649143189
5204,Elgi Equipments,480.05,36.67,15213.22,0.46,95.2,31.4,1003.4,18.38,21.91,35.07,2.12,0.26,11.93,527.6,390.9,5.649143189
5205,Himadri Special,451.4,32.25,22775.01,0.13,192.04,35.29,1183.62,3.77,22.01,34.87,2.36,0.21,12.19,863.99,446.86,5.649143189
5206,Supreme Inds.,3834.4,59.81,48707.18,0.89,153.37,-17.97,2686.94,7.05,22.04,21.75,1.9,0.06,13.45,322.05,1003.72,5.649143189
5207,APL Apollo Tubes,1973.1,47.97,54780.36,0.29,310.04,42.9,5815.13,7.04,22.36,18.09,1.28,0.16,10.02,715.47,1213.28,5.649143189
5208,Afcons Infrastr.,278.75,17.39,10252,0.9,105.18,-0.17,2973.74,-7.22,22.53,15.67,1.3,0.73,3.65,3582.44,-116.73,5.649143189
5209,Adani Power,151.54,25.51,292240.26,0,2488.09,-18.89,12451.44,-8.92,22.54,24.33,1.58,0.83,12.46,48463.69,21501.11,5.649143189
5210,Dr Reddy's Labs,1298.9,19.47,108413.12,0.62,1189.6,-14.42,8753.4,4.44,22.69,27.18,1.85,0.16,12.95,5854,4642.8,5.649143189
5211,Mphasis,2091.1,21.86,39902.13,2.73,442.19,9.38,4002.58,12.39,22.71,20.5,1.21,0.21,11.68,1979.03,1905.2,5.649143189
5212,Cipla,1256.4,21.34,101489.81,1.03,674.25,-43.7,7074.48,0.02,22.72,27.18,3.96,0.01,14.72,467.37,5004.98,5.649143189
5213,Supreme Petroch.,653.95,45.29,12296.96,1.53,30.15,-50.25,1264.69,-10.01,22.76,14.12,1.91,0.06,11.33,140.29,341.61,5.649143189
5214,P I Industries,2909.5,32.34,44142.39,0.55,311.3,-39.61,1375.7,-27.63,22.86,21.31,4.05,0.02,14.46,242.2,1413,5.649143189
5215,Coromandel Inter,1911,26.58,56377.3,0.63,488.47,-1.15,8779.45,26.59,23.2,17.48,1.53,0.12,9.9,1471.19,2463.61,5.649143189
5216,Godawari Power,262.65,23.76,17628.23,0.38,143.45,-1.06,1139.45,-12.19,23.25,18.09,3.25,0.04,13.86,191.96,895.46,5.649143189
5217,EIH,309.5,25.49,19355.02,0.48,254.75,-1,872.89,9.09,23.43,27.69,3,0.05,14.7,250.08,825.08,5.649143189
5218,N S D L,871.4,46.73,17428,0.23,89.67,4.44,359.63,-0.81,23.57,44.65,1.19,0.01,12.51,19.28,557.85,5.649143189
5219,UTI AMC,939,16.92,12068.03,2.77,123.68,45.33,423.12,28.56,23.72,27.26,0.72,0,16.02,0,498.96,5.649143189
5220,Hindustan Copper,489.45,70.95,47330.99,0.3,156.31,148.51,687.34,109.7,23.75,95.24,1.37,0.05,12.88,142.41,544.31,5.649143189
5221,Avanti Feeds,1206,25.98,16431.22,0.75,163.47,10.4,1383.52,1.31,23.99,25.26,4.61,0,15.68,15.02,584.36,5.649143189
5222,Zydus Lifesci.,890.5,17.54,89605.14,1.24,1022.9,7.7,6864.5,30.28,24.31,27.18,1.94,0.38,14.64,9636.1,6776.7,5.649143189
5223,Jyoti CNC Auto.,739.95,47.48,16828.17,0,88.51,10.31,575.9,28.12,24.35,27.65,2.34,0.4,12.99,724.25,-105.43,5.649143189
5224,KSB,782.3,47.13,13615.09,0.51,81,33.43,784,7.93,24.52,35.07,2.03,0,11.24,5.2,92.6,5.649143189
5225,Bayer Crop Sci.,4717.5,31.63,21201.43,2.65,95.7,179.82,1106.2,4.62,24.8,21.31,2.29,0.03,11.56,102,262,5.649143189
5226,Indegene,440.65,24.14,10596.75,0.45,102.9,-6.2,942.1,30.77,24.8,49.83,4.96,0.04,14.19,122,441.9,5.649143189
5227,ICICI Lombard,1777.2,32.38,88568.97,0.7,658.76,-9.06,6904.74,12.07,24.86,32.38,0.28,0,3.79,0,1147.3,5.649143189
5228,Berger Paints,416.7,43.36,48587.34,0.91,271.35,5.1,2983.97,0.3,24.9,31.62,1.97,0.11,13.39,697.33,1269.05,5.649143189
5229,Alivus Life,949.8,20.73,11657.5,0.53,150.26,23.35,672.89,4.84,24.92,27.18,5.06,0.02,15.37,60.45,391.52,5.649143189
5230,Engineers India,191.64,13.88,10770.98,2.09,347.17,219.3,1210.24,58.29,25.01,15.67,1.17,0.01,11.39,19.78,109.23,5.649143189
5231,Sumitomo Chemi.,387,35.62,19316.94,0.31,74.83,2.27,551.76,-11.35,25.14,21.31,3.14,0.02,13.91,48.6,458.92,5.649143189
5232,Vedanta,672.2,23.92,262856.29,6.47,7807,95.59,23369,36.96,25.26,26.97,0.73,2.12,9.77,85065,39562,5.649143189
5233,Havells India,1281.2,52.92,80364.15,0.78,300.05,19.99,5587.89,14.3,25.32,35.15,1.75,0.03,11.29,285.98,1515.29,5.649143189
5234,Petronet LNG,257.65,10.63,38647.5,3.88,869.61,-3.56,11163.83,-8.69,25.39,14.29,4.01,0.12,14.92,2504.66,4397.92,5.649143189
5235,Shriram Pistons,3125,24.52,13765.57,0.32,125.7,17.91,1023.2,20.67,25.7,24.52,2.52,0.2,14.87,536.6,434.38,5.649143189
5236,Asian Paints,2195.4,51.61,210582.28,1.13,1073.92,5.54,8867.02,3.71,25.72,31.62,2.18,0.18,13.18,3557.09,4423.96,5.649143189
5237,J B Chemicals &,2138.6,45.55,34337.08,0.72,197.89,21.79,1064.72,10.51,25.79,27.18,3.79,0.01,15.5,19.23,902.45,5.649143189
5238,Angel One,231.32,27.33,21028.26,2.08,268.66,-4.55,1334.9,5.76,25.8,17.15,1.47,0.77,7.78,4454.3,-1859.84,5.649143189
5239,Tata Technolog.,539.65,33.36,21908.67,1.55,6.64,-21.7,1365.73,3.67,25.8,22.1,1.58,0.07,11.06,246.73,699.25,5.649143189
5240,Caplin Point Lab,1604.1,19.87,12193.04,0.37,165.86,17.93,542.77,10.1,25.85,27.18,8.17,0,18.32,5.31,432.37,5.649143189
5241,Rubicon Research,782.95,76.58,12899.13,0,72.8,91.23,475.53,51.73,26.05,27.18,1.37,0.88,10.44,567.53,159.18,5.649143189
5242,Gabriel India,862.95,50.29,12395.75,0.54,65.64,41,1071.57,15.95,26.14,24.52,1.82,0.02,12.33,29.13,146.46,5.649143189
5243,DOMS Industries,2278.8,62.33,13829.66,0.14,61.41,14.13,592.19,18.18,26.18,26.69,2.4,0.15,15.83,161.43,183.33,5.649143189
5244,Blue Star,1708.6,65.73,35131.34,0.53,80.55,-2,2925.31,4.2,26.2,42.9,1.28,0.33,7.88,1030.19,688.07,5.649143189
5245,Godfrey Phillips,1991.5,23.93,31063.77,1.59,343.29,8.2,1828.61,15.09,26.32,19.91,2.23,0.03,14.75,175.26,107.25,5.649143189
5246,Fine Organic,4256.1,33.33,13049.19,0.26,73.93,-10.59,554.8,7.34,26.39,25.21,11.87,0.01,17.78,16.36,204,5.649143189
5247,United Spirits,1300.1,53.75,94562.88,0.92,418,11.77,3694,7.6,26.5,31.63,1.97,0.05,12.34,412,1947,5.649143189
5248,TBO Tek,1068.1,49.64,11598.26,0,53.69,24.17,784.33,85.78,26.68,39.76,1.31,0.52,3.87,718.71,288.8,5.649143189
5249,Chambal Fert.,428.55,8.97,17169.95,2.33,586.39,9.73,5898.26,19.93,26.76,17.48,2.27,0.01,13.81,100.37,1393.9,5.649143189
5250,Torrent Pharma.,4270.2,62.69,144522.97,0.75,635,27.63,3303,17.59,27.05,27.18,1.4,0.33,13.26,2822,2585.11,5.649143189
5251,Inventurus Knowl,1332.8,34.49,22879.27,0,183.33,41.37,814.95,24.01,27.2,22.1,1.38,0.34,16.71,766.06,317.89,5.649143189
5252,Jain Resource,441.2,44.64,15225.19,0,126.9,204.1,2676.21,55.22,27.2,26.97,1.46,0.9,13.29,1219.51,27.96,5.649143189
5253,HBL Engineering,659.5,22.36,18281.01,0.3,220.1,242.37,874.04,93.99,27.33,22.46,3.06,0.04,15.29,87.24,239.14,5.649143189
5254,Kirl. Brothers,1561.4,29.97,12398.91,0.45,125.4,14.5,1116.2,-2.45,27.59,35.07,1.88,0.1,11.89,218.9,385.52,5.649143189
5255,LTIMindtree,4298.8,24.61,127456.55,1.51,959.6,28.57,10781,11.59,27.63,20.5,3.48,0.1,15.83,2382.6,4545.8,5.649143189
5256,Hind. Unilever,2082.7,44.83,489349.37,2.06,6603,9.62,16441,5.69,27.85,42.2,1.09,0.04,13.19,1775,11886,5.649143189
5257,eClerx Services,1469,20.65,13816.05,0.03,191.81,40.06,1070.33,25.36,27.97,21.24,4.79,0.15,17.14,395.07,654.62,5.649143189
5258,Emmvee Photovol.,228.57,29.67,15824.93,0,263.64,165.77,1152.25,118.11,28.01,24.23,1.38,2.15,12.12,2055.95,613.75,5.649143189
5259,Bajaj Auto,9051,28.29,252973.49,2.32,2749.82,27.83,16204.45,23.05,28.06,28.29,0.94,0.58,15.63,19693.24,-1405.57,5.649143189
5260,Tilaknagar Inds.,434.4,38,10737.1,0.23,-105.41,18.69,663.74,94.97,28.19,31.63,6.32,0.02,20.26,48.68,178.42,5.649143189
5261,L&T Technology,3229.1,26.66,34227.86,1.7,303.1,1.81,2923.5,10.2,28.29,22.1,2.3,0.1,13.92,630,1481.1,5.649143189
5262,Concord Biotech,1092.3,35.97,11427.23,0.98,67.78,-5.2,278.13,13.89,28.35,27.18,6.98,0,19.09,1.61,244.52,5.649143189
5263,Anthem Bioscienc,644.85,72.06,36222.12,0,92.82,-10.85,423.15,-15,28.5,46.62,4.71,0.04,17.35,107.81,418.34,5.649143189
5264,Dr Lal Pathlabs,1308.2,39.95,21919.55,0.92,91.4,14.61,659.8,10.57,28.88,35.31,3.51,0.07,19.11,156,568.89,5.649143189
5265,Bharat Coking,33.9,20.01,15787.23,0,-22.88,-105.38,2782.8,-24.55,28.92,14.97,1.24,0.04,7.56,233.17,796.49,5.649143189
5266,Indus Towers,434.55,16.08,114641.36,0,1775.9,-55.64,8146.3,7.94,28.99,16.05,1.46,0.58,16.26,20947.6,19645,5.649143189
5267,NMDC,79.78,10.16,70141.12,4.14,1757.29,-6.67,7610.79,15.88,29.59,16.51,2.87,0.11,17.01,3639.57,1894.28,5.649143189
5268,Polycab India,7171,41.11,107959.77,0.49,630.17,35.87,7636.13,46.12,29.72,19.02,1.94,0.02,15.15,223.12,1808.53,5.649143189
5269,Schaeffler India,4186.5,54.7,65436.53,0.84,327.96,31.54,2643.06,26.93,29.79,24.52,2.56,0.01,17.34,39.41,1342.52,5.649143189
5270,Eicher Motors,6909,35.09,189523.68,1.01,1420.61,25.12,6114.04,22.94,29.81,28.29,1.59,0.02,18.85,445.78,3979.92,5.649143189
5271,Pidilite Inds.,1341.3,58.98,136512.99,0.75,623.84,12.64,3709.91,10.12,29.84,25.21,2.15,0.05,16.22,442.77,2286.63,5.649143189
5272,A B B,6297,79.93,133438.7,0.63,432.85,-18.35,3557.01,5.71,29.9,32.09,2.05,0.01,12.83,84.82,1219.52,5.649143189
5273,Force Motors,21585,29.65,28440.96,0.19,406.15,120.68,2128.56,12.65,29.99,28.77,1.82,0,11.53,0,971.47,5.649143189
5274,Hexaware Tech.,439.45,18.5,26851.1,2.62,291.6,14.35,3478.2,10.27,30,20.5,1.44,0.11,14.58,680.7,1739.1,5.649143189
5275,Hero Motocorp,5275.5,19.08,105557.36,3.13,1275.15,22.49,12486.82,21.71,30.34,28.29,1.89,0.03,15.62,718.07,4297.39,5.649143189
5276,TD Power Systems,863.25,61.41,13485.25,0.14,56.32,25.35,442.68,26.36,30.35,32.09,2.33,0.04,14.54,35.74,39.52,5.649143189
5277,Persistent Systems,4716.7,41.37,74405.94,0.74,439.45,35.75,3778.21,23.38,30.44,20.5,2.45,0.06,16.84,403.94,1156.92,5.649143189
5278,Trent,3559.6,76.37,126539.32,0.14,510.11,7.05,5345.06,14.79,30.71,26.42,1.24,0.38,17.32,2348.57,1660.9,5.649143189
5279,Authum Invest,492.2,11.48,41798.88,0.04,168.02,-69.18,446.21,-27.76,30.85,16.59,1.95,0.17,31.3,2808.06,1688.96,5.649143189
5280,Corona Remedies,1650.5,63.39,10094.47,0,41.25,21.58,342.42,15.03,31.47,27.18,1.43,0.1,17,62.71,190.49,5.649143189
5281,HCL Technologies,1333.7,21.08,361921.51,4.05,4082,4.19,33872,13.32,31.61,20.5,2.29,0.1,16.95,6780,22261,5.649143189
5282,Ajanta Pharma,2904.7,35.77,36290.05,0.96,273.77,17.56,1374.84,19.95,32.37,27.18,2.93,0.06,19.43,245.89,1157.23,5.649143189
5283,Emami,402.75,21.88,17580.04,2.48,319.48,17.79,1151.81,9.75,32.42,41.57,2.74,0.02,22.73,71.96,895.86,5.649143189
5284,Netweb Technol.,3284.4,105.17,18701.6,0.08,73.31,146.67,804.93,141,32.45,22.1,2.13,0.03,15.15,17.98,-13.21,5.649143189
5285,Suzlon Energy,41.95,17.66,57070.59,0,445.28,15.08,4236.09,42.4,32.52,32.09,1.61,0.05,20.63,397,1091.96,5.649143189
5286,Apar Inds.,9673,39.18,38854.81,0.53,208.93,29.8,5479.73,16.18,32.7,24.23,1.5,0.14,7.83,703.56,1290.57,5.649143189
5287,KFin Technolog.,914.55,44.65,15778.19,0.82,91.99,8.39,370.87,27.88,32.75,44.65,4.38,0.03,20.08,47.4,398.9,5.649143189
5288,Natco Pharma,959.2,11.03,17180.22,0.63,151.3,13.91,647.3,36.33,32.78,27.18,4.1,0.03,24.23,260.7,1696.8,5.649143189
5289,NBCC,83.91,34.12,22655.7,0.8,197.22,-2.79,3022.39,7.59,33.17,15.67,1.2,0,4.68,0.32,657.19,5.649143189
5290,Astrazeneca Phar,8321,100,20802.5,0.38,32.59,-42.3,611.57,38.9,33.4,27.18,1.87,0.04,13.49,34.79,65.36,5.649143189
5291,Hind.Aeronautics,3782.4,28.43,252957.46,1.06,1866.66,29.65,7698.8,10.66,33.88,52.8,2.19,0,8.82,11.4,13643.46,5.649143189
5292,Indiamart Inter.,1994.4,19.8,11983.78,1.5,188.3,55.62,401.6,13.35,34.24,19.8,2.3,0.01,13.93,28.3,623.21,5.649143189
5293,CRISIL,4000.4,38.19,29254.93,0.9,241.5,7.48,1081.57,18.47,34.6,35.16,1.88,0.1,17.87,296.81,765.06,5.649143189
5294,Waaree Energies,3165.9,26.16,91064.23,0.06,1106.79,158.06,7565.05,118.81,34.94,24.23,1.49,0.26,12.4,2940.64,3158.21,5.649143189
5295,Aditya AMC,944.65,26.8,27282.08,2.54,269.52,21.01,478.08,7.41,35.51,27.26,0.98,0.02,24.44,68.75,708.48,5.649143189
5296,The Bombay Burmah,1504.6,9.69,10497.88,1.13,654.82,-9.43,5065.89,8.13,35.52,47.69,1.05,0.39,17.9,2463.63,2277.51,5.649143189
5297,Tata Elxsi,4237.7,41.85,26399.47,1.77,108.89,-19.99,953.47,1.52,36.26,20.5,4.38,0.06,23.19,169.1,811.98,5.649143189
5298,Cummins India,4615.3,54.93,127936.12,1.12,486.06,4.41,3054.92,-1.33,36.32,35.07,3.16,0,20.85,24.35,1684.86,5.649143189
5299,Garden Reach Sh.,2280.8,37.92,26127.02,0.61,170.77,73.92,1895.69,49.15,36.64,52.8,1.19,0.01,5.02,31.98,15.59,5.649143189
5300,ITC,299.95,18.22,375821.4,4.78,5018.45,9.62,20047.3,6.69,36.79,42.2,3.04,0.01,22.16,362.97,17627.04,5.649143189
5301,Zen Technologies,1413.9,48.67,12766.15,0.14,55.71,37.89,177.82,16.83,37.22,52.8,7.82,0.01,21.38,17.95,-146.27,5.649143189
5302,CG Power & Ind,681.6,96.47,107346.38,0.19,283.91,18.42,3175.35,26.22,37.48,32.09,1.72,0.02,14.53,116.82,944.42,5.649143189
5303,Infosys,1255.9,17.65,509316.57,3.42,6666,10.79,45479,8.9,37.5,20.5,1.81,0.11,18.62,8796,35694,5.649143189
5304,Inox India,1180.7,42.38,10716.45,0.17,60.7,26.34,428.56,28.45,37.98,22.46,1.66,0.1,15.35,99.39,121.97,5.649143189
5305,Solar Industries,12934,80.6,117039.84,0.08,466.54,41.73,2548.32,29.15,38.13,23.75,1.88,0.17,19.54,875.59,2467.56,5.649143189
5306,3M India,32270,111,36368.29,0.5,-62.05,-199.12,1228.05,12.67,38.17,23.24,2.28,0.06,15.2,103.32,355.1,5.649143189
5307,Lloyds Metals,1245.8,28.46,70111.77,0.08,1089.56,169.05,5058.08,201.94,38.28,16.51,1.03,1.06,21.7,8163.46,1205.34,5.649143189
5308,Bharat Electron,426.1,52.23,311469.68,0.56,1579.7,20.45,7153.85,23.97,38.88,52.8,1.82,0,13.21,58.89,586.62,5.649143189
5309,Siemens Ener.Ind,2791.2,81.49,99400.36,0.14,312.9,51.67,1910.9,25.97,38.99,32.09,1.97,0.03,13.33,147.6,3670.1,5.649143189
5310,Dixon Technolog.,10342,44.63,62881.32,0.08,320.56,67.8,10671.59,2.08,39.95,35.15,1.01,0.34,7.32,1389.12,1149.75,5.649143189
5311,KPIT Technologi.,660.95,23.81,18119.53,1.29,133.41,-6.28,1617.46,9.44,40.03,20.5,0.93,0.16,18.14,529.15,1389.53,5.649143189
5312,Oracle Fin.Serv.,6580,23.46,57269.12,4.03,609.6,12.62,1965.9,14.62,40.6,37.97,5.61,0,24.01,34,2198.9,5.649143189
5313,Nippon Life Ind.,838.9,37.05,53467.74,2.15,403.9,36.75,705.28,19.97,40.69,27.26,2.05,0.02,28.44,84.93,1199.53,5.649143189
5314,Schneider Elect.,890,81.32,21279.9,0,97.03,16.65,1029.17,20.06,40.9,32.09,1.77,0.8,14.5,527.14,307.89,5.649143189
5315,Premier Energies,864.75,29.44,39172.69,0.12,391.62,53.48,1936.46,13.02,41.12,24.23,1.79,0.47,17.9,1622.16,1348.05,5.649143189
5316,Triveni Turbine,456.15,41.13,14500.64,0.88,91.7,11.43,624,23.96,41.36,32.09,2.11,0.03,18.02,38.4,186.73,5.649143189
5317,Akzo Nobel,2885.1,34.9,13138.84,3.47,74.1,-12.92,907.7,-13.59,41.66,31.62,1.42,0.03,14.76,71.2,310.8,5.649143189
5318,Travel Food,1118.3,34.81,14725.72,0,136.85,35.75,456.17,11.03,41.69,62.41,1.71,0.24,21.49,285.5,514.79,5.649143189
5319,C D S L,1190.8,52.26,24887.72,1.05,132.95,2.48,304.36,9.43,41.96,44.65,2.26,0,26.71,2.48,542.68,5.649143189
5320,Motherson Wiring,36.98,39.38,24523.89,1.53,149.44,6.76,2887.07,25.51,42.53,24.52,1.57,0.14,17.64,252.73,364.8,5.649143189
5321,Multi Comm. Exc.,2414.5,65.69,61567.78,0.25,401.12,150.64,665.62,120.86,42.86,52.39,1.23,0,14.48,0.74,950.13,5.649143189
5322,Mazagon Dock,2324.1,38.95,93749.55,0.74,879.78,9.01,3601.09,14.55,43.19,38.95,1.4,0,8.28,1.84,2078.05,5.649143189
5323,HDFC AMC,2385.9,35.55,102212,1.89,770.09,20.05,1074.25,14.97,43.33,27.26,0.68,0,30.18,0,2076.7,5.649143189
5324,Natl. Aluminium,368.5,11.02,67679.88,2.85,1595.15,1.84,4730.95,1.47,43.96,16.26,2.95,0,25.01,55.88,5806.11,5.649143189
5325,Marico,744.3,56.37,96620.94,1.41,460,12.03,3537,26.59,45.16,21.75,1.9,0.14,21.01,575,1363,5.649143189
5326,Abbott India,26715,37.25,56769.38,1.78,375.96,4.21,1724.04,6.8,46.25,27.18,2.75,0.05,25.47,182.45,1011.84,5.649143189
5327,BSE,2806.1,52.39,114292.19,0.21,596.59,175.79,1244.1,61.97,46.57,52.39,1.68,0,14.03,0.02,414.17,5.649143189
5328,Coal India,468.15,9.66,288508.13,5.66,7165.98,-15.85,34924.19,-5.25,48.04,14.97,1.77,0.13,14.25,13786.17,29199.66,5.649143189
5329,Central Mine Pla,,18.41,12280.8,,,,,,48.53,18.45,4.34,0,27.47,1.15,671.14,5.649143189
5330,I R C T C,522.85,30.25,41828,1.63,394.49,13.29,1449.47,18.36,49.03,39.76,2.11,0.02,19.87,78.23,833.73,5.649143189
5331,Britannia Inds.,5618.5,56.04,135331.85,1.33,682.14,16.89,4969.82,8.21,52.99,47.69,0.94,0.59,24.52,2196.3,2480.65,5.649143189
5332,Life Insurance,776.75,9.27,491294.2,1.54,12907.9,17.46,235954.23,15.81,53.13,73.97,4.03,0,0.87,1.03,-9144.77,5.649143189
5333,Indian Energy Ex,120.53,23.28,10747.57,2.49,115.09,11.58,143.9,9.59,53.61,52.39,2.46,0,21.23,3.74,429.6,5.649143189
5334,International Ge,338.45,27.51,14626.44,0.74,134.55,18.25,319.67,20.63,53.62,19.48,5.16,0.1,32.62,142.61,501.9,5.649143189
5335,Hyundai Motor I,1951,27.89,158526.77,1.08,1194.92,6.3,17452.7,7.46,54.25,28.77,1.33,0.05,19.97,856.56,4251.32,5.649143189
5336,GE Vernova T&D,3678.9,84.29,94198.23,0.14,290.8,138.53,1700.64,58.4,54.74,32.09,1.28,0.01,14.76,30.47,903.58,5.649143189
5337,Cams Services,640.7,35.76,15882.2,1.94,121.98,3.53,366.97,5.59,54.75,44.65,2.81,0.06,30.6,65.32,442.31,5.649143189
5338,Gillette India,8001.5,42.03,26076.89,1.5,172.46,36.91,790,15.24,56.06,41.57,1.77,0,21.84,0.05,327.85,5.649143189
5339,Anand Rathi Wea.,3003.4,68.11,24934.42,0.35,100.19,29.66,289.62,22.18,56.26,43.14,3.16,0.1,32.68,81.57,244.05,5.649143189
5340,LG Electronics,1559.7,51.46,105868.13,0,89.67,-61.59,4114.39,-6.4,56.83,42.9,2.04,0.07,21.99,472.59,1653.89,5.649143189
5341,Tenneco Clean,546.5,39.04,22056.98,0,118.81,10.26,1285.26,14.23,57.3,24.52,1.25,0.02,22.27,22.52,562.39,5.649143189
5342,Page Industries,32005,46.07,35697.97,2.81,189.54,5.2,1386.76,5.61,59.4,22.27,1.63,0.19,27.38,268.13,1203.59,5.649143189
5343,Ingersoll-Rand,3647.5,41.59,11514.43,2.19,71.89,15.75,455.48,19.39,60.02,35.07,2.27,0.02,30.02,9.81,265.07,5.649143189
5344,Castrol India,187.34,19.34,18530.22,4.67,244.67,-3.87,1439.92,6.35,60.27,12.26,1.66,0.03,27.26,62.81,1090.14,5.649143189
5345,Hindustan Zinc,514.75,18.63,217498.3,5.63,3879,45.84,10922,27.65,60.73,48.18,0.86,0.82,30.23,11169,14127,5.649143189
5346,Billionbrains,161.46,62.75,101293.49,0,546.93,-27.76,1216.07,24.78,62.57,17.15,1.09,0.05,20.17,366.77,-962.16,5.649143189
5347,Glaxosmi. Pharma,2384.8,40.17,40399.95,1.76,295.62,22.82,1041.26,9.67,63.25,27.18,1.78,0.02,22.8,35.71,1289.9,5.649143189
5348,TCS,2390.6,16.92,864940,2.51,10720,6.69,67087,4.87,64.63,20.5,2.43,0.1,32.07,10932,48908,5.649143189
5349,RRPSemiconductor,9934,,13534.08,0,-0.14,-102.13,0,-100,80.21,35.16,7.25,1.56,41.52,14.57,-18.78,5.649143189
5350,Nestle India,1193.6,72.4,230163.6,1.13,1018.06,26.6,5667.04,18.56,95.66,47.69,0.85,0.1,27.1,476.85,2936.35,5.649143189
5351,P & G Hygiene,9707,36.66,31509.64,1.75,301.46,12.24,1261.9,1.14,103.79,41.57,1.37,0,32.72,2.06,593.21,5.649143189
5352,Colgate-Palmoliv,1896.1,38.68,51571.2,2.69,323.86,2.25,1486.13,1.66,105.34,41.57,1.29,0.04,46.23,59.99,1394.46,5.649143189
